target,smiles,score,synthesis,num_steps,scf_sim,pharm2d_sim,rdkit_sim
CN(CCNC(=O)CC1CCC2(CC1)CCC2O)C(=O)c1cccc2ncnn12,CN(CCNC(=O)CC1CCC2(CC1)CCC2O)Cc1cccc2ncnn12,0.746,ClCc1cccc2ncnn12;CNCCN;R9;O=C(O)CC1CCC2(CC1)CCC2O;R8,2,0.746,0.856,0.843
CN(CCNC(=O)CC1CCC2(CC1)CCC2O)C(=O)c1cccc2ncnn12,CN(CCNC(=O)CC1CCN(C(=O)CC2CCC3(CC2)CCC3O)CC1)Cc1cccc2ncnn12,0.667,ClCc1cccc2ncnn12;CNCCN;R9;O=C(O)CC1CCNCC1;R8;O=C(O)CC1CCC2(CC1)CCC2O;R8,3,0.657,0.578,0.814
CN(CCNC(=O)CC1CCC2(CC1)CCC2O)C(=O)c1cccc2ncnn12,CN(CCNCc1cccc2ncnn12)C(=O)CC1CCC2(CC1)CCC2O,0.648,ClCc1cccc2ncnn12;CNCCN;R9;O=C(O)CC1CCC2(CC1)CCC2O;R8,2,0.746,0.675,0.796
CN(CCNC(=O)CC1CCC2(CC1)CCC2O)C(=O)c1cccc2ncnn12,CN(CCNC(=O)CC1CCC2(CC1)CCC2O)C(=O)c1cccc(C(=O)O)n1,0.632,O=C(O)c1cccc(C(=O)O)n1;CNCCN;R8;O=C(O)CC1CCC2(CC1)CCC2O;R8,2,0.593,0.671,0.594
CN(CCNC(=O)CC1CCC2(CC1)CCC2O)C(=O)c1cccc2ncnn12,CN(CCNC(=O)CC1CCC(C)(O)CC1)Cc1cccc2ncnn12,0.597,ClCc1cccc2ncnn12;CNCCN;R9;CC1(O)CCC(CC(=O)O)CC1;R8,2,0.581,0.689,0.793
CN(CCNC(=O)CC1CCC2(CC1)CCC2O)C(=O)c1cccc2ncnn12,CN(CCNC(=O)CC1CCC2(CC1)CC2)Cc1cccc2ncnn12,0.592,ClCc1cccc2ncnn12;CNCCN;R9;O=C(O)CC1CCC2(CC1)CC2;R8,2,0.683,0.707,0.782
CN(CCNC(=O)CC1CCC2(CC1)CCC2O)C(=O)c1cccc2ncnn12,CN(CCNC(=O)CC1CCC(C)(C)CC1)Cc1cccc2ncnn12,0.592,ClCc1cccc2ncnn12;CNCCN;R9;CC1(C)CCC(CC(=O)O)CC1;R8,2,0.581,0.707,0.783
CN(CCNC(=O)CC1CCC2(CC1)CCC2O)C(=O)c1cccc2ncnn12,CCNC(=O)CC1CCC2(CC1)CCC2O.CNC(=O)CC1CCN(C(=O)NCCN(C)Cc2cccc3ncnn23)CC1,0.590,ClCc1cccc2ncnn12;CNCCN;R9;O=C(O)CC1CCNCC1;R36;O=C(O)CC1CCC2(CC1)CCC2O;CN1CC2(CCCNC2)OC1=O;R69,3,0.478,0.701,0.797
CN(CCNC(=O)CC1CCC2(CC1)CCC2O)C(=O)c1cccc2ncnn12,CCNC(=O)CC1CCN(C(=O)NCCN(C)Cc2cccc3ncnn23)CC1.CNC(=O)CC1CCC2(CC1)CCC2O,0.590,ClCc1cccc2ncnn12;CNCCN;R9;O=C(O)CC1CCNCC1;R36;O=C(O)CC1CCC2(CC1)CCC2O;CN1CC2(CCCNC2)OC1=O;R69,3,0.478,0.701,0.797
CN(CCNC(=O)CC1CCC2(CC1)CCC2O)C(=O)c1cccc2ncnn12,CN(CCNC(=O)CC1CCC(F)(F)CC1)Cc1cccc2ncnn12,0.583,ClCc1cccc2ncnn12;CNCCN;R9;O=C(O)CC1CCC(F)(F)CC1;R8,2,0.581,0.647,0.750
CN(CCNC(=O)CC1CCC2(CC1)CCC2O)C(=O)c1cccc2ncnn12,CN(CCNCc1cccc2ncnn12)C(=O)CC1CCN(C(=O)CC2CCC3(CC2)CCC3O)CC1,0.582,ClCc1cccc2ncnn12;CNCCN;R9;O=C(O)CC1CCNCC1;R8;O=C(O)CC1CCC2(CC1)CCC2O;R8,3,,,
CN(CCNC(=O)CC1CCC2(CC1)CCC2O)C(=O)c1cccc2ncnn12,CNCCN(Cc1cccc2ncnn12)C(=O)CC1CCC2(CC1)CCC2O,0.581,ClCc1cccc2ncnn12;CNCCN;R9;O=C(O)CC1CCC2(CC1)CCC2O;R8,2,,,
CN(CCNC(=O)CC1CCC2(CC1)CCC2O)C(=O)c1cccc2ncnn12,CN(CCNC(=O)CC1CCC2(CCCC2)CC1)Cc1cccc2ncnn12,0.575,ClCc1cccc2ncnn12;CNCCN;R9;O=C(O)CC1CCC2(CCCC2)CC1;R8,2,,,
CN(CCNC(=O)CC1CCC2(CC1)CCC2O)C(=O)c1cccc2ncnn12,CN(CCNC(=O)CC1CC1)Cc1cccc2ncnn12,0.574,ClCc1cccc2ncnn12;CNCCN;R9;O=C(O)CC1CC1;R8,2,,,
CN(CCNC(=O)CC1CCC2(CC1)CCC2O)C(=O)c1cccc2ncnn12,CN(CCNC(=O)N1CCC(CC(N)=O)CC1)Cc1cccc2ncnn12.CNC(=O)CC1CCC2(CC1)CCC2O,0.571,ClCc1cccc2ncnn12;CNCCN;R9;O=C(O)CC1CCNCC1;R36;O=C(O)CC1CCC2(CC1)CCC2O;CN1CC2(CNC2)OC1=O;R69,3,,,
CN(CCNC(=O)CC1CCC2(CC1)CCC2O)C(=O)c1cccc2ncnn12,CNC(=O)CC1CCN(C(=O)NCCN(C)Cc2cccc3ncnn23)CC1.NC(=O)CC1CCC2(CC1)CCC2O,0.571,ClCc1cccc2ncnn12;CNCCN;R9;O=C(O)CC1CCNCC1;R36;O=C(O)CC1CCC2(CC1)CCC2O;CN1CC2(CNC2)OC1=O;R69,3,,,
CN(CCNC(=O)CC1CCC2(CC1)CCC2O)C(=O)c1cccc2ncnn12,CN(C)C(=O)CC1CCC2(CC1)CCC2O.CNC(=O)CC1CCN(C(=O)NCCN(C)Cc2cccc3ncnn23)CC1,0.571,ClCc1cccc2ncnn12;CNCCN;R9;O=C(O)CC1CCNCC1;R36;O=C(O)CC1CCC2(CC1)CCC2O;CN1CC2(CCNCC2)OC1=O;R69,3,,,
CN(CCNC(=O)CC1CCC2(CC1)CCC2O)C(=O)c1cccc2ncnn12,CN(CCNC(=O)N1CCC(CC(=O)N(C)C)CC1)Cc1cccc2ncnn12.CNC(=O)CC1CCC2(CC1)CCC2O,0.571,ClCc1cccc2ncnn12;CNCCN;R9;O=C(O)CC1CCNCC1;R36;O=C(O)CC1CCC2(CC1)CCC2O;CN1CC2(CCNCC2)OC1=O;R69,3,,,
CN(CCNC(=O)CC1CCC2(CC1)CCC2O)C(=O)c1cccc2ncnn12,CN(CCNC(=O)CC1CCC2(CC1)COC2)Cc1cccc2ncnn12,0.560,ClCc1cccc2ncnn12;CNCCN;R9;O=C(O)CC1CCC2(CC1)COC2;R8,2,,,
CN(CCNC(=O)CC1CCC2(CC1)CCC2O)C(=O)c1cccc2ncnn12,CN(CCNC(=O)CC1CCC2(CC1)OCCO2)Cc1cccc2ncnn12,0.560,ClCc1cccc2ncnn12;CNCCN;R9;O=C(O)CC1CCC2(CC1)OCCO2;R8,2,,,
CN(CCNC(=O)CC1CCC2(CC1)CCC2O)C(=O)c1cccc2ncnn12,CN(CCN(Cc1cccc2ncnn12)C(=O)CC1CCC2(CC1)CCC2O)C(=O)CC1CCCCCC1,0.558,ClCc1cccc2ncnn12;CNCCN;R9;O=C(O)CC1CCCCCC1;R8;O=C(O)CC1CCC2(CC1)CCC2O;R8,3,,,
CN(CCNC(=O)CC1CCC2(CC1)CCC2O)C(=O)c1cccc2ncnn12,CN(CCN(Cc1cccc2ncnn12)C(=O)CC1CCCCCC1)C(=O)CC1CCC2(CC1)CCC2O,0.558,ClCc1cccc2ncnn12;CNCCN;R9;O=C(O)CC1CCCCCC1;R8;O=C(O)CC1CCC2(CC1)CCC2O;R8,3,,,
CN(CCNC(=O)CC1CCC2(CC1)CCC2O)C(=O)c1cccc2ncnn12,CN(CCNC(=O)C(=O)N1CCC(CC(N)=O)CC1)Cc1cccc2ncnn12.CNC(=O)CC1CCC2(CC1)CCC2O,0.558,ClCc1cccc2ncnn12;CNCCN;R9;O=C(O)CC1CCNCC1;R38;O=C(O)CC1CCC2(CC1)CCC2O;CN1CC2(CNC2)OC1=O;R69,3,,,
CN(CCNC(=O)CC1CCC2(CC1)CCC2O)C(=O)c1cccc2ncnn12,CN(CCNCc1cccc2ncnn12)C(=O)C(=O)N1CCC(CC(N)=O)CC1.CNC(=O)CC1CCC2(CC1)CCC2O,0.558,ClCc1cccc2ncnn12;CNCCN;R9;O=C(O)CC1CCNCC1;R38;O=C(O)CC1CCC2(CC1)CCC2O;CN1CC2(CNC2)OC1=O;R69,3,,,
CN(CCNC(=O)CC1CCC2(CC1)CCC2O)C(=O)c1cccc2ncnn12,CNC(=O)CC1CCN(C(=O)C(=O)N(C)CCNCc2cccc3ncnn23)CC1.NC(=O)CC1CCC2(CC1)CCC2O,0.558,ClCc1cccc2ncnn12;CNCCN;R9;O=C(O)CC1CCNCC1;R38;O=C(O)CC1CCC2(CC1)CCC2O;CN1CC2(CNC2)OC1=O;R69,3,,,
CN(CCNC(=O)CC1CCC2(CC1)CCC2O)C(=O)c1cccc2ncnn12,CNC(=O)CC1CCN(C(=O)C(=O)NCCN(C)Cc2cccc3ncnn23)CC1.NC(=O)CC1CCC2(CC1)CCC2O,0.558,ClCc1cccc2ncnn12;CNCCN;R9;O=C(O)CC1CCNCC1;R38;O=C(O)CC1CCC2(CC1)CCC2O;CN1CC2(CNC2)OC1=O;R69,3,,,
CN(CCNC(=O)CC1CCC2(CC1)CCC2O)C(=O)c1cccc2ncnn12,CN(CCNC(=O)CC1CCC2(CCNCC2)CC1)Cc1cccc2ncnn12,0.553,ClCc1cccc2ncnn12;CNCCN;R9;O=C(O)CC1CCC2(CCNCC2)CC1;R8,2,,,
CN(CCNC(=O)CC1CCC2(CC1)CCC2O)C(=O)c1cccc2ncnn12,CN(CCNCc1cccc2ncnn12)C(=O)C1CC2(CCC2O)C1,0.547,ClCc1cccc2ncnn12;CNCCN;R9;O=C(O)C1CC2(CCC2O)C1;R8,2,,,
CN(CCNC(=O)CC1CCC2(CC1)CCC2O)C(=O)c1cccc2ncnn12,CN(CCNC(=O)C1CC2(CCC2O)C1)Cc1cccc2ncnn12,0.547,ClCc1cccc2ncnn12;CNCCN;R9;O=C(O)C1CC2(CCC2O)C1;R8,2,,,
CN(CCNC(=O)CC1CCC2(CC1)CCC2O)C(=O)c1cccc2ncnn12,CN(CCNC(=O)CC1CCC(F)(F)C1)Cc1cccc2ncnn12,0.547,ClCc1cccc2ncnn12;CNCCN;R9;O=C(O)CC1CCC(F)(F)C1;R8,2,,,
CN(CCNC(=O)CC1CCC2(CC1)CCC2O)C(=O)c1cccc2ncnn12,CN(CCN(Cc1cccc2ncnn12)C(=O)CC1CCC2(CC1)CCC2O)C(=O)CC1CCNCC1,0.544,ClCc1cccc2ncnn12;CNCCN;R9;O=C(O)CC1CCNCC1;R8;O=C(O)CC1CCC2(CC1)CCC2O;R8,3,,,
CN(CCNC(=O)CC1CCC2(CC1)CCC2O)C(=O)c1cccc2ncnn12,CN(CCN(Cc1cccc2ncnn12)C(=O)CC1CCNCC1)C(=O)CC1CCC2(CC1)CCC2O,0.544,ClCc1cccc2ncnn12;CNCCN;R9;O=C(O)CC1CCNCC1;R8;O=C(O)CC1CCC2(CC1)CCC2O;R8,3,,,
CN(CCNC(=O)CC1CCC2(CC1)CCC2O)C(=O)c1cccc2ncnn12,O=C(CC1CCC2(CC1)CCC2O)OCc1cccc2ncnn12,0.543,O=C(O)c1cccc2ncnn12;CN(CCN)C(=O)OC(C)(C)C;R8;O=C(O)CC1CCC2(CC1)CCC2O;OCc1cccc2ncnn12;R72,2,,,
CN(CCNC(=O)CC1CCC2(CC1)CCC2O)C(=O)c1cccc2ncnn12,CC1CCC(CC(=O)NCCN(C)Cc2cccc3ncnn23)CC1,0.542,ClCc1cccc2ncnn12;CNCCN;R9;CC1CCC(CC(=O)O)CC1;R8,2,,,
CN(CCNC(=O)CC1CCC2(CC1)CCC2O)C(=O)c1cccc2ncnn12,CN(CCNC(=O)CC1CCC=CCC1)Cc1cccc2ncnn12,0.542,ClCc1cccc2ncnn12;CNCCN;R9;O=C(O)CC1CCC=CCC1;R8,2,,,
CN(CCNC(=O)CC1CCC2(CC1)CCC2O)C(=O)c1cccc2ncnn12,CN(CCNC(=O)CC1CCSCC1)Cc1cccc2ncnn12,0.534,ClCc1cccc2ncnn12;CNCCN;R9;O=C(O)CC1CCSCC1;R8,2,,,
CN(CCNC(=O)CC1CCC2(CC1)CCC2O)C(=O)c1cccc2ncnn12,CN(CCN(C)C(=O)C(C)(CCN(C)C(=O)OC(C)(C)C)OC(=O)c1cccc2ncnn12)C(=O)CC1CCC2(CC1)CCC2O,0.529,O=C(O)c1cccc2ncnn12;CC(=O)CCN(C)C(=O)OC(C)(C)C;R71;O=C(O)CC1CCC2(CC1)CCC2O;CNCCN(C)C(=O)OC(C)(C)C;R69,2,,,
CN(CCNC(=O)CC1CCC2(CC1)CCC2O)C(=O)c1cccc2ncnn12,CN(CCN(C)C(=O)c1cnc2ccccn12)C(=O)CC1CCC2(CC1)CCC2O,0.527,O=C(O)c1cnc2ccccn12;CNCCNC;R8;O=C(O)CC1CCC2(CC1)CCC2O;R8,2,,,
CN(CCNC(=O)CC1CCC2(CC1)CCC2O)C(=O)c1cccc2ncnn12,CNCCN(Cc1cccc2ncnn12)C(=O)CC1CCN(C(=O)CC2CCC3(CC2)CCC3O)CC1,0.524,ClCc1cccc2ncnn12;CNCCN;R9;O=C(O)CC1CCNCC1;R8;O=C(O)CC1CCC2(CC1)CCC2O;R8,3,,,
CN(CCNC(=O)CC1CCC2(CC1)CCC2O)C(=O)c1cccc2ncnn12,CN(CCN(C)C(=O)c1cccc(=O)n1O)C(=O)CC1CCC2(CC1)CCC2O,0.521,O=C(O)c1cccc(=O)n1O;O=C(O)CC1CCC2(CC1)CCC2O;CNCCN(C)C(=O)OC(C)(C)C;R69,1,,,
CN(CCNC(=O)CC1CCC2(CC1)CCC2O)C(=O)c1cccc2ncnn12,CN(CCN(Cc1cccc2ncnn12)C(=O)C(=O)N1CCC2(CCC2O)CC1)C(=O)CC1CCC1,0.518,ClCc1cccc2ncnn12;CNCCN;R9;O=C(O)CC1CCC1;R8;OC1CCC12CCNCC2;R38,3,,,
CN(CCNC(=O)CC1CCC2(CC1)CCC2O)C(=O)c1cccc2ncnn12,CN(CCN(Cc1cccc2ncnn12)C(=O)C(=O)N1CCC2(CCC2O)CC1)C(=O)CC1CCCC1,0.518,ClCc1cccc2ncnn12;CNCCN;R9;O=C(O)CC1CCCC1;R8;OC1CCC12CCNCC2;R38,3,,,
CN(CCNC(=O)CC1CCC2(CC1)CCC2O)C(=O)c1cccc2ncnn12,CN(CCCN(C)C(=O)C(C)(CCN(C)C(=O)OC(C)(C)C)OC(=O)c1cccc2ncnn12)C(=O)CC1CCC2(CC1)CCC2O,0.517,O=C(O)c1cccc2ncnn12;CC(=O)CCN(C)C(=O)OC(C)(C)C;R71;O=C(O)CC1CCC2(CC1)CCC2O;CNCCCN(C)C(=O)OC(C)(C)C;R69,2,,,
CN(CCNC(=O)CC1CCC2(CC1)CCC2O)C(=O)c1cccc2ncnn12,CN(CCCCN(C)C(=O)C(C)(CCN(C)C(=O)OC(C)(C)C)OC(=O)c1cccc2ncnn12)C(=O)CC1CCC2(CC1)CCC2O,0.517,O=C(O)c1cccc2ncnn12;CC(=O)CCN(C)C(=O)OC(C)(C)C;R71;O=C(O)CC1CCC2(CC1)CCC2O;CNCCCCN(C)C(=O)OC(C)(C)C;R69,2,,,
CN(CCNC(=O)CC1CCC2(CC1)CCC2O)C(=O)c1cccc2ncnn12,CNC(=O)CC1CCC2(CC1)CCC2O.CNCCN(Cc1cccc2ncnn12)C(=O)C(=O)N1CCC(CC(N)=O)CC1,0.517,ClCc1cccc2ncnn12;CNCCN;R9;O=C(O)CC1CCNCC1;R38;O=C(O)CC1CCC2(CC1)CCC2O;CN1CC2(CNC2)OC1=O;R69,3,,,
CN(CCNC(=O)CC1CCC2(CC1)CCC2O)C(=O)c1cccc2ncnn12,CNCCN(Cc1cccc2ncnn12)C(=O)C(=O)N1CCC(CC(=O)NC)CC1.NC(=O)CC1CCC2(CC1)CCC2O,0.517,ClCc1cccc2ncnn12;CNCCN;R9;O=C(O)CC1CCNCC1;R38;O=C(O)CC1CCC2(CC1)CCC2O;CN1CC2(CNC2)OC1=O;R69,3,,,
CN(CCNC(=O)CC1CCC2(CC1)CCC2O)C(=O)c1cccc2ncnn12,CN(CCNCc1cccc2ncnn12)C(=O)CC1CCC(C)(O)CC1,0.513,ClCc1cccc2ncnn12;CNCCN;R9;CC1(O)CCC(CC(=O)O)CC1;R8,2,,,
CN(CCNC(=O)CC1CCC2(CC1)CCC2O)C(=O)c1cccc2ncnn12,CN(CCCN(C)C(=O)c1cccc(=O)n1O)C(=O)CC1CCC2(CC1)CCC2O,0.507,O=C(O)c1cccc(=O)n1O;O=C(O)CC1CCC2(CC1)CCC2O;CNCCCN(C)C(=O)OC(C)(C)C;R69,1,,,
CN(CCNC(=O)CC1CCC2(CC1)CCC2O)C(=O)c1cccc2ncnn12,CN(CCCCN(C)C(=O)c1cccc(=O)n1O)C(=O)CC1CCC2(CC1)CCC2O,0.507,O=C(O)c1cccc(=O)n1O;O=C(O)CC1CCC2(CC1)CCC2O;CNCCCCN(C)C(=O)OC(C)(C)C;R69,1,,,
CN(CCNC(=O)CC1CCC2(CC1)CCC2O)C(=O)c1cccc2ncnn12,CN(CCNCc1cccc2ncnn12)C(=O)CC1CCC2(CC1)CC2,0.507,ClCc1cccc2ncnn12;CNCCN;R9;O=C(O)CC1CCC2(CC1)CC2;R8,2,,,
CN(CCNC(=O)CC1CCC2(CC1)CCC2O)C(=O)c1cccc2ncnn12,CN(CCNCc1cccc2ncnn12)C(=O)CC1CCC(C)(C)CC1,0.507,ClCc1cccc2ncnn12;CNCCN;R9;CC1(C)CCC(CC(=O)O)CC1;R8,2,,,
CN(CCNC(=O)CC1CCC2(CC1)CCC2O)C(=O)c1cccc2ncnn12,CN(CCN(Cc1cccc2ncnn12)C(=O)C(=O)N1CC2(CCC2O)C1)C(=O)CC1CCCC1,0.506,ClCc1cccc2ncnn12;CNCCN;R9;O=C(O)CC1CCCC1;R8;OC1CCC12CNC2;R38,3,,,
CN(CCNC(=O)CC1CCC2(CC1)CCC2O)C(=O)c1cccc2ncnn12,CN(CCOCCN(C)C(=O)C(C)(CCN(C)C(=O)OC(C)(C)C)OC(=O)c1cccc2ncnn12)C(=O)CC1CCC2(CC1)CCC2O,0.506,O=C(O)c1cccc2ncnn12;CC(=O)CCN(C)C(=O)OC(C)(C)C;R71;O=C(O)CC1CCC2(CC1)CCC2O;CNCCOCCN(C)C(=O)OC(C)(C)C;R69,2,,,
CN(CCNC(=O)CC1CCC2(CC1)CCC2O)C(=O)c1cccc2ncnn12,CN(CCNC(=O)c1cccc(C(=O)O)n1)C(=O)CC1CCC2(CC1)CCC2O,0.500,O=C(O)c1cccc(C(=O)O)n1;CNCCN;R8;O=C(O)CC1CCC2(CC1)CCC2O;R8,2,,,
CN(CCNC(=O)CC1CCC2(CC1)CCC2O)C(=O)c1cccc2ncnn12,CN(CCNCc1cccc2ncnn12)C(=O)CC1CCC(F)(F)CC1,0.500,ClCc1cccc2ncnn12;CNCCN;R9;O=C(O)CC1CCC(F)(F)CC1;R8,2,,,
CN(CCNC(=O)CC1CCC2(CC1)CCC2O)C(=O)c1cccc2ncnn12,CN(CCN(Cc1cccc2ncnn12)C(=O)CC1CCC1)C(=O)C(=O)N1CCC2(CCC2O)CC1,0.500,ClCc1cccc2ncnn12;CNCCN;R9;O=C(O)CC1CCC1;R8;OC1CCC12CCNCC2;R38,3,,,
CN(CCNC(=O)CC1CCC2(CC1)CCC2O)C(=O)c1cccc2ncnn12,CN(CCN(Cc1cccc2ncnn12)C(=O)CC1CCCC1)C(=O)C(=O)N1CCC2(CCC2O)CC1,0.500,ClCc1cccc2ncnn12;CNCCN;R9;O=C(O)CC1CCCC1;R8;OC1CCC12CCNCC2;R38,3,,,
CN(CCNC(=O)CC1CCC2(CC1)CCC2O)C(=O)c1cccc2ncnn12,CN(CCNCc1cccc2ncnn12)C(=O)CC1CCC2(CCCC2)CC1,0.494,ClCc1cccc2ncnn12;CNCCN;R9;O=C(O)CC1CCC2(CCCC2)CC1;R8,2,,,
CN(CCNC(=O)CC1CCC2(CC1)CCC2O)C(=O)c1cccc2ncnn12,CN(CCN(Cc1cccc2ncnn12)C(=O)C(=O)N1CCC2(CCC2O)C1)C(=O)CC1CCC1,0.488,ClCc1cccc2ncnn12;CNCCN;R9;O=C(O)CC1CCC1;R8;OC1CCC12CCNC2;R38,3,,,
CN(CCNC(=O)CC1CCC2(CC1)CCC2O)C(=O)c1cccc2ncnn12,CN(CCN(Cc1cccc2ncnn12)C(=O)CC1CCCC1)C(=O)C(=O)N1CC2(CCC2O)C1,0.488,ClCc1cccc2ncnn12;CNCCN;R9;O=C(O)CC1CCCC1;R8;OC1CCC12CNC2;R38,3,,,
CN(CCNC(=O)CC1CCC2(CC1)CCC2O)C(=O)c1cccc2ncnn12,CNCCN(Cc1cccc2ncnn12)C(=O)C1CC2(CCC2O)C1,0.487,ClCc1cccc2ncnn12;CNCCN;R9;O=C(O)C1CC2(CCC2O)C1;R8,2,,,
CN(CCNC(=O)CC1CCC2(CC1)CCC2O)C(=O)c1cccc2ncnn12,CN(CCNCc1cccc2ncnn12)C(=O)CC1CC1,0.486,ClCc1cccc2ncnn12;CNCCN;R9;O=C(O)CC1CC1;R8,2,,,
CN(CCNC(=O)CC1CCC2(CC1)CCC2O)C(=O)c1cccc2ncnn12,O=C(O)CC1CCC2(CC1)CCC2OC(=O)c1cccc2ncnn12,0.486,O=C(O)c1cccc2ncnn12;CN(CCN)C(=O)OC(C)(C)C;R8;O=C(O)CC1CCC2(CC1)CCC2O;O=C(O)c1cccc2ncnn12;R72,2,,,
CN(CCNC(=O)CC1CCC2(CC1)CCC2O)C(=O)c1cccc2ncnn12,CN(CCNCc1cccc2ncnn12)C(=O)CC1CCC2(CC1)COC2,0.481,ClCc1cccc2ncnn12;CNCCN;R9;O=C(O)CC1CCC2(CC1)COC2;R8,2,,,
CN(CCNC(=O)CC1CCC2(CC1)CCC2O)C(=O)c1cccc2ncnn12,CN(CCNCc1cccc2ncnn12)C(=O)CC1CCC2(CC1)OCCO2,0.481,ClCc1cccc2ncnn12;CNCCN;R9;O=C(O)CC1CCC2(CC1)OCCO2;R8,2,,,
CN(CCNC(=O)CC1CCC2(CC1)CCC2O)C(=O)c1cccc2ncnn12,CC(C)N(CCN(C)C(=O)c1cccc(=O)n1O)C(=O)CC1CCC2(CC1)CCC2O,0.481,O=C(O)c1cccc(=O)n1O;O=C(O)CC1CCC2(CC1)CCC2O;CC(C)NCCN(C)C(=O)OC(C)(C)C;R69,1,,,
CN(CCNC(=O)CC1CCC2(CC1)CCC2O)C(=O)c1cccc2ncnn12,CN(CCNC(=O)N1CCC2(CCC(CC(=O)O)CC2)CC1)Cc1cccc2ncnn12,0.476,ClCc1cccc2ncnn12;CNCCN;R9;O=C(O)CC1CCC2(CCNCC2)CC1;R36,2,,,
CN(CCNC(=O)CC1CCC2(CC1)CCC2O)C(=O)c1cccc2ncnn12,CN(CCNCc1cccc2ncnn12)C(=O)CC1CCC2(CCNCC2)CC1,0.475,ClCc1cccc2ncnn12;CNCCN;R9;O=C(O)CC1CCC2(CCNCC2)CC1;R8,2,,,
CN(CCNC(=O)CC1CCC2(CC1)CCC2O)C(=O)c1cccc2ncnn12,CN(CCN(CCN)C(=O)CC1CCC2(CC1)CCC2O)C(=O)c1cccc(=O)n1O,0.474,O=C(O)c1cccc(=O)n1O;O=C(O)CC1CCC2(CC1)CCC2O;CN(CCNCCN)C(=O)OC(C)(C)C;R69,1,,,
CN(CCNC(=O)CC1CCC2(CC1)CCC2O)C(=O)c1cccc2ncnn12,CN(CCN(Cc1cccc2ncnn12)C(=O)CC1CCC1)C(=O)C(=O)N1CCC2(CCC2O)C1,0.471,ClCc1cccc2ncnn12;CNCCN;R9;O=C(O)CC1CCC1;R8;OC1CCC12CCNC2;R38,3,,,
CN(CCNC(=O)CC1CCC2(CC1)CCC2O)C(=O)c1cccc2ncnn12,CN(CCNCc1cccc2ncnn12)C(=O)CC1CCC(F)(F)C1,0.468,ClCc1cccc2ncnn12;CNCCN;R9;O=C(O)CC1CCC(F)(F)C1;R8,2,,,
CN(CCNC(=O)CC1CCC2(CC1)CCC2O)C(=O)c1cccc2ncnn12,CN(CCNCCNC(=O)CC1CCC2(CC1)CCC2O)C(=O)OC(C)(C)C,0.466,O=C(O)c1cccc(=O)n1O;O=C(O)CC1CCC2(CC1)CCC2O;CN(CCNCCN)C(=O)OC(C)(C)C;R8,1,,,
CN(CCNC(=O)CC1CCC2(CC1)CCC2O)C(=O)c1cccc2ncnn12,CN(CCNC(=O)C(=O)N1CCC2(CCC(CC(=O)O)CC2)CC1)Cc1cccc2ncnn12,0.464,ClCc1cccc2ncnn12;CNCCN;R9;O=C(O)CC1CCC2(CCNCC2)CC1;R38,2,,,
CN(CCNC(=O)CC1CCC2(CC1)CCC2O)C(=O)c1cccc2ncnn12,CN(CCNCc1cccc2ncnn12)C(=O)C(=O)N1CCC2(CCC(CC(=O)O)CC2)CC1,0.464,ClCc1cccc2ncnn12;CNCCN;R9;O=C(O)CC1CCC2(CCNCC2)CC1;R38,2,,,
CN(CCNC(=O)CC1CCC2(CC1)CCC2O)C(=O)c1cccc2ncnn12,CN(CCN(CC(F)(F)F)C(=O)CC1CCC2(CC1)CCC2O)C(=O)c1cccc(=O)n1O,0.463,O=C(O)c1cccc(=O)n1O;O=C(O)CC1CCC2(CC1)CCC2O;CN(CCNCC(F)(F)F)C(=O)OC(C)(C)C;R69,1,,,
CN(CCNC(=O)CC1CCC2(CC1)CCC2O)C(=O)c1cccc2ncnn12,CC1CCC(CC(=O)N(C)CCNCc2cccc3ncnn23)CC1,0.461,ClCc1cccc2ncnn12;CNCCN;R9;CC1CCC(CC(=O)O)CC1;R8,2,,,
CN(CCNC(=O)CC1CCC2(CC1)CCC2O)C(=O)c1cccc2ncnn12,CN(CCNCc1cccc2ncnn12)C(=O)CC1CCC=CCC1,0.461,ClCc1cccc2ncnn12;CNCCN;R9;O=C(O)CC1CCC=CCC1;R8,2,,,
CN(CCNC(=O)CC1CCC2(CC1)CCC2O)C(=O)c1cccc2ncnn12,CNCCN(Cc1cccc2ncnn12)C(=O)CC1CCC(C)(O)CC1,0.456,ClCc1cccc2ncnn12;CNCCN;R9;CC1(O)CCC(CC(=O)O)CC1;R8,2,,,
CN(CCNC(=O)CC1CCC2(CC1)CCC2O)C(=O)c1cccc2ncnn12,CN(CCNCc1cccc2ncnn12)C(=O)CC1CCSCC1,0.455,ClCc1cccc2ncnn12;CNCCN;R9;O=C(O)CC1CCSCC1;R8,2,,,
CN(CCNC(=O)CC1CCC2(CC1)CCC2O)C(=O)c1cccc2ncnn12,O=C(O)CC1CCC2(CC1)CCC2Oc1cccc2ncnn12,0.452,O=C(O)c1cccc2ncnn12;CN(CCN)C(=O)OC(C)(C)C;R8;O=C(O)CC1CCC2(CC1)CCC2O;Clc1cccc2ncnn12;R56,2,,,
CN(CCNC(=O)CC1CCC2(CC1)CCC2O)C(=O)c1cccc2ncnn12,O=C(O)C(=Cc1cccc2ncnn12)C1CCC2(CC1)CCC2O,0.452,ClCc1cccc2ncnn12;CNCCN;R9;O=C(O)CC1CCCCCCC1;R8;COC(=O)[C@@H](CN)NC(=O)OC(C)(C)C;R49;O=C(O)CC1CCC2(CC1)CCC2O;O=Cc1cccc2ncnn12;R3,4,,,
CN(CCNC(=O)CC1CCC2(CC1)CCC2O)C(=O)c1cccc2ncnn12,CC(C)N(CCN(C)C(=O)CC1CCC2(CC1)CCC2O)C(=O)c1cccc(=O)n1O,0.449,O=C(O)c1cccc(=O)n1O;O=C(O)CC1CCC2(CC1)CCC2O;CC(C)NCCN(C)C(=O)OC(C)(C)C;R69,1,,,
CN(CCNC(=O)CC1CCC2(CC1)CCC2O)C(=O)c1cccc2ncnn12,CNCCN(Cc1cccc2ncnn12)C(=O)CC1CCC2(CC1)CC2,0.449,ClCc1cccc2ncnn12;CNCCN;R9;O=C(O)CC1CCC2(CC1)CC2;R8,2,,,
CN(CCNC(=O)CC1CCC2(CC1)CCC2O)C(=O)c1cccc2ncnn12,CNCCN(Cc1cccc2ncnn12)C(=O)CC1CCC(C)(C)CC1,0.449,ClCc1cccc2ncnn12;CNCCN;R9;CC1(C)CCC(CC(=O)O)CC1;R8,2,,,
CN(CCNC(=O)CC1CCC2(CC1)CCC2O)C(=O)c1cccc2ncnn12,CNCCN(Cc1cccc2ncnn12)C(=O)CC1CCC(F)(F)CC1,0.443,ClCc1cccc2ncnn12;CNCCN;R9;O=C(O)CC1CCC(F)(F)CC1;R8,2,,,
CN(CCNC(=O)CC1CCC2(CC1)CCC2O)C(=O)c1cccc2ncnn12,O=C(O)CC1CCC2(CC1)CCC2OCc1cccc2ncnn12,0.440,ClCc1cccc2ncnn12;CNCCN;R9;O=C(O)CC1CCCCCCC1;R8;COC(=O)[C@@H](CN)NC(=O)OC(C)(C)C;R49;O=C(O)CC1CCC2(CC1)CCC2O;ClCc1cccc2ncnn12;R56,4,,,
CN(CCNC(=O)CC1CCC2(CC1)CCC2O)C(=O)c1cccc2ncnn12,CN(CCN(CCN)C(=O)c1cccc(=O)n1O)C(=O)CC1CCC2(CC1)CCC2O,0.438,O=C(O)c1cccc(=O)n1O;O=C(O)CC1CCC2(CC1)CCC2O;CN(CCNCCN)C(=O)OC(C)(C)C;R69,1,,,
CN(CCNC(=O)CC1CCC2(CC1)CCC2O)C(=O)c1cccc2ncnn12,CNCCN(Cc1cccc2ncnn12)C(=O)CC1CCC2(CCCC2)CC1,0.438,ClCc1cccc2ncnn12;CNCCN;R9;O=C(O)CC1CCC2(CCCC2)CC1;R8,2,,,
CN(CCNC(=O)CC1CCC2(CC1)CCC2O)C(=O)c1cccc2ncnn12,CN(CCN(CC(F)(F)F)C(=O)c1cccc(=O)n1O)C(=O)CC1CCC2(CC1)CCC2O,0.427,O=C(O)c1cccc(=O)n1O;O=C(O)CC1CCC2(CC1)CCC2O;CN(CCNCC(F)(F)F)C(=O)OC(C)(C)C;R69,1,,,
CN(CCNC(=O)CC1CCC2(CC1)CCC2O)C(=O)c1cccc2ncnn12,CNCCN(Cc1cccc2ncnn12)C(=O)CC1CCC2(CC1)COC2,0.427,ClCc1cccc2ncnn12;CNCCN;R9;O=C(O)CC1CCC2(CC1)COC2;R8,2,,,
CN(CCNC(=O)CC1CCC2(CC1)CCC2O)C(=O)c1cccc2ncnn12,CNCCN(Cc1cccc2ncnn12)C(=O)CC1CCC2(CC1)OCCO2,0.427,ClCc1cccc2ncnn12;CNCCN;R9;O=C(O)CC1CCC2(CC1)OCCO2;R8,2,,,
CN(CCNC(=O)CC1CCC2(CC1)CCC2O)C(=O)c1cccc2ncnn12,CNCCN(Cc1cccc2ncnn12)C(=O)CC1CC1,0.427,ClCc1cccc2ncnn12;CNCCN;R9;O=C(O)CC1CC1;R8,2,,,
CN(CCNC(=O)CC1CCC2(CC1)CCC2O)C(=O)c1cccc2ncnn12,CNCCN(Cc1cccc2ncnn12)C(=O)CC1CCC2(CCNCC2)CC1,0.422,ClCc1cccc2ncnn12;CNCCN;R9;O=C(O)CC1CCC2(CCNCC2)CC1;R8,2,,,
CN(CCNC(=O)CC1CCC2(CC1)CCC2O)C(=O)c1cccc2ncnn12,CNCCN(Cc1cccc2ncnn12)C(=O)C(=O)N1CCC2(CCC(CC(=O)O)CC2)CC1,0.419,ClCc1cccc2ncnn12;CNCCN;R9;O=C(O)CC1CCC2(CCNCC2)CC1;R38,2,,,
CN(CCNC(=O)CC1CCC2(CC1)CCC2O)C(=O)c1cccc2ncnn12,CNCCN(Cc1cccc2ncnn12)C(=O)CC1CCC(F)(F)C1,0.415,ClCc1cccc2ncnn12;CNCCN;R9;O=C(O)CC1CCC(F)(F)C1;R8,2,,,
CN(CCNC(=O)CC1CCC2(CC1)CCC2O)C(=O)c1cccc2ncnn12,CNCCN(Cc1cccc2ncnn12)C(=O)CC1CCC(C)CC1,0.405,ClCc1cccc2ncnn12;CNCCN;R9;CC1CCC(CC(=O)O)CC1;R8,2,,,
CN(CCNC(=O)CC1CCC2(CC1)CCC2O)C(=O)c1cccc2ncnn12,CNCCN(Cc1cccc2ncnn12)C(=O)CC1CCC=CCC1,0.405,ClCc1cccc2ncnn12;CNCCN;R9;O=C(O)CC1CCC=CCC1;R8,2,,,
CN(CCNC(=O)CC1CCC2(CC1)CCC2O)C(=O)c1cccc2ncnn12,CNCCN(Cc1cccc2ncnn12)C(=O)CC1CCSCC1,0.400,ClCc1cccc2ncnn12;CNCCN;R9;O=C(O)CC1CCSCC1;R8,2,,,
CN(CCNC(=O)CC1CCC2(CC1)CCC2O)C(=O)c1cccc2ncnn12,CN(CCC(N)=O)C(=O)OC(C)(C)C.CNC(=O)CC1CCC2(CC1)CCC2O,0.367,O=C(O)c1ccnc2ncnn12;O=C(O)CC1CCC2(CC1)CCC2O;CN(CCC(=O)O)C(=O)OC(C)(C)C;CN1CC2(CNC2)OC1=O;R69,1,,,
CN(CCNC(=O)CC1CCC2(CC1)CCC2O)C(=O)c1cccc2ncnn12,O=C(O)CC1CCC2(CC1)CCC2OC(=O)c1cnc2cccnn12,0.367,O=C(O)c1cccc2ncnn12;CN(CCN)C(=O)OC(C)(C)C;R8;O=C(O)CC1CCC2(CC1)CCC2O;O=C(O)c1cnc2cccnn12;R72,2,,,
Fc1cscc1CN1CCC(C2CCCOC2)CC1,Fc1cscc1CN1CCC(C2CCCOC2)CC1,1.000,Fc1cscc1CBr;C1COCC(C2CCNCC2)C1;R9,1,1.000,1.000,1.000
Fc1cscc1CN1CCC(C2CCCOC2)CC1,Fc1cscc1CN1CCC(C2CCOC2)CC1,0.854,Fc1cscc1CBr;C1CC(C2CCOC2)CCN1;R9,1,0.850,0.874,0.933
Fc1cscc1CN1CCC(C2CCCOC2)CC1,Fc1cscc1CN1CCC(C2COC2)CC1,0.780,Fc1cscc1CBr;C1CC(C2COC2)CCN1;R9,1,0.775,0.753,0.860
Fc1cscc1CN1CCC(C2CCCOC2)CC1,Fc1cscc1CN1CCC(C2CCCC2)CC1,0.750,Fc1cscc1CBr;C1CCC(C2CCNCC2)C1;R9,1,0.744,0.783,0.831
Fc1cscc1CN1CCC(C2CCCOC2)CC1,Fc1cscc1CN1CCC(C2CCC2)CC1,0.750,Fc1cscc1CBr;C1CC(C2CCNCC2)C1;R9,1,0.744,0.793,0.828
Fc1cscc1CN1CCC(C2CCCOC2)CC1,Fc1cscc1CN1CCC2CCCCC2CC1,0.750,Fc1cscc1CBr;C1CCC2CCNCCC2C1;R9,1,0.744,0.578,0.819
Fc1cscc1CN1CCC(C2CCCOC2)CC1,Fc1cscc1CN1CCC2CCCC2CC1,0.750,Fc1cscc1CBr;C1CC2CCNCCC2C1;R9,1,0.744,0.570,0.801
Fc1cscc1CN1CCC(C2CCCOC2)CC1,Fc1cscc1CN1CCC(C2CCOCC2)CC1,0.738,Fc1cscc1CBr;C1CC(C2CCOCC2)CCN1;R9,1,0.732,0.782,0.896
Fc1cscc1CN1CCC(C2CCCOC2)CC1,Brc1cscc1CN1CCC(C2CCCOC2)CC1,0.733,BrCc1cscc1Br;C1COCC(C2CCNCC2)C1;R9,1,1.000,0.983,0.699
Fc1cscc1CN1CCC(C2CCCOC2)CC1,Fc1cscc1CN1CCC(C2CCOC2)C1,0.733,Fc1cscc1CBr;C1CC(C2CCOC2)CN1;R9,1,0.727,0.567,0.812
Fc1cscc1CN1CCC(C2CCCOC2)CC1,Fc1cscc1CN1CCC2CCOCC2C1,0.733,Fc1cscc1CBr;C1CC2CCOCC2CN1;R9,1,,,
Fc1cscc1CN1CCC(C2CCCOC2)CC1,Fc1cscc1CN1CCC(C2CCCCC2)CC1,0.732,Fc1cscc1CBr;C1CCC(C2CCNCC2)CC1;R9,1,,,
Fc1cscc1CN1CCC(C2CCCOC2)CC1,Fc1cscc1CN1CCOCC(C2CCC2)C1,0.717,Fc1cscc1CBr;C1CC(C2CNCCOC2)C1;R9,1,,,
Fc1cscc1CN1CCC(C2CCCOC2)CC1,Fc1cscc1CN1CCCC(C2CCC2)CC1,0.714,Fc1cscc1CBr;C1CC(C2CCCNCC2)C1;R9,1,,,
Fc1cscc1CN1CCC(C2CCCOC2)CC1,Fc1cscc1CN1CCCC(C2CC2)CC1,0.714,Fc1cscc1CBr;C1CNCCC(C2CC2)C1;R9,1,,,
Fc1cscc1CN1CCC(C2CCCOC2)CC1,Fc1cscc1CN1CCC2COCC2C1,0.705,Fc1cscc1CBr;C1CC2COCC2CN1;R9,1,,,
Fc1cscc1CN1CCC(C2CCCOC2)CC1,Fc1cscc1CN1CCCC(C2CCOC2)C1,0.702,Fc1cscc1CBr;C1CNCC(C2CCOC2)C1;R9,1,,,
Fc1cscc1CN1CCC(C2CCCOC2)CC1,Fc1cscc1CN1CCC(C2CC2)CC1,0.700,Fc1cscc1CBr;C1CC(C2CC2)CCN1;R9,1,,,
Fc1cscc1CN1CCC(C2CCCOC2)CC1,Fc1cc(F)c(CN2CCC(C3CCCOC3)CC2)cc1F,0.689,Fc1cc(F)c(CBr)cc1F;C1COCC(C2CCNCC2)C1;R9,1,,,
Fc1cscc1CN1CCC(C2CCCOC2)CC1,Fc1cscc1CN1CCC1C1CCCOC1,0.681,Fc1cscc1CBr;C1COCC(C2CCN2)C1;R9,1,,,
Fc1cscc1CN1CCC(C2CCCOC2)CC1,Fc1cscc1CN1CCCC1C1CCCOC1,0.681,Fc1cscc1CBr;C1COCC(C2CCCN2)C1;R9,1,,,
Fc1cscc1CN1CCC(C2CCCOC2)CC1,Fc1ccccc1CN1CCC(C2CCCOC2)CC1,0.674,Fc1ccccc1CBr;C1COCC(C2CCNCC2)C1;R9,1,,,
Fc1cscc1CN1CCC(C2CCCOC2)CC1,Fc1cscc1CN1CC(C2CCOC2)C1,0.667,Fc1cscc1CBr;C1CC(C2CNC2)CO1;R9,1,,,
Fc1cscc1CN1CCC(C2CCCOC2)CC1,Fc1cscc1CN1CCOCC1C1CCCOC1,0.667,Fc1cscc1CBr;C1COCC(C2COCCN2)C1;R9,1,,,
Fc1cscc1CN1CCC(C2CCCOC2)CC1,Fc1ccc(CN2CCC(C3CCCOC3)CC2)c(F)c1F,0.660,Fc1ccc(CBr)c(F)c1F;C1COCC(C2CCNCC2)C1;R9,1,,,
Fc1cscc1CN1CCC(C2CCCOC2)CC1,Fc1cc(CN2CCC(C3CCCOC3)CC2)c(F)c(F)c1F,0.660,Fc1cc(CBr)c(F)c(F)c1F;C1COCC(C2CCNCC2)C1;R9,1,,,
Fc1cscc1CN1CCC(C2CCCOC2)CC1,Fc1cscc1CN1CCC2CCCCC2C1,0.659,Fc1cscc1CBr;C1CCC2CNCCC2C1;R9,1,,,
Fc1cscc1CN1CCC(C2CCCOC2)CC1,Fc1ccc(F)c(CN2CCC(C3CCCOC3)CC2)c1,0.646,Fc1ccc(F)c(CBr)c1;C1COCC(C2CCNCC2)C1;R9,1,,,
Fc1cscc1CN1CCC(C2CCCOC2)CC1,Fc1cccc(CN2CCC(C3CCCOC3)CC2)c1F,0.646,Fc1cccc(CBr)c1F;C1COCC(C2CCNCC2)C1;R9,1,,,
Fc1cscc1CN1CCC(C2CCCOC2)CC1,Fc1cc(Br)c(CN2CCC(C3CCCOC3)CC2)cc1F,0.646,Fc1cc(Br)c(CBr)cc1F;C1COCC(C2CCNCC2)C1;R9,1,,,
Fc1cscc1CN1CCC(C2CCCOC2)CC1,Fc1ccc(CN2CCC(C3CCCOC3)CC2)c(F)c1,0.646,Fc1ccc(CBr)c(F)c1;C1COCC(C2CCNCC2)C1;R9,1,,,
Fc1cscc1CN1CCC(C2CCCOC2)CC1,Fc1cc(CN2CCC(C3CCCOC3)CC2)c(F)cc1Br,0.633,Fc1cc(CBr)c(F)cc1Br;C1COCC(C2CCNCC2)C1;R9,1,,,
Fc1cscc1CN1CCC(C2CCCOC2)CC1,Fc1ccc(CN2CCC(C3CCCOC3)CC2)c(Br)c1F,0.633,Fc1ccc(CBr)c(Br)c1F;C1COCC(C2CCNCC2)C1;R9,1,,,
Fc1cscc1CN1CCC(C2CCCOC2)CC1,Fc1cc(F)c(CN2CCC(C3CCCOC3)CC2)cc1Br,0.633,Fc1cc(F)c(CBr)cc1Br;C1COCC(C2CCNCC2)C1;R9,1,,,
Fc1cscc1CN1CCC(C2CCCOC2)CC1,Fc1cc(Br)ccc1CN1CCC(C2CCCOC2)CC1,0.620,Fc1cc(Br)ccc1CBr;C1COCC(C2CCNCC2)C1;R9,1,,,
Fc1cscc1CN1CCC(C2CCCOC2)CC1,Brc1cscc1CN1CCC(C2CCOC2)CC1,0.617,BrCc1cscc1Br;C1CC(C2CCOC2)CCN1;R9,1,,,
Fc1cscc1CN1CCC(C2CCCOC2)CC1,BrCc1ccccc1CN1CCC(C2CCCOC2)CC1,0.571,BrCc1ccccc1CBr;C1COCC(C2CCNCC2)C1;R9,1,,,
Fc1cscc1CN1CCC(C2CCCOC2)CC1,Fc1ccccc1CN1CCC(C2CCOC2)CC1,0.562,Fc1ccccc1CBr;C1CC(C2CCOC2)CCN1;R9,1,,,
Fc1cscc1CN1CCC(C2CCCOC2)CC1,BrCc1cscc1N1CCC(C2CCCOC2)CC1,0.560,BrCc1cscc1Br;C1COCC(C2CCNCC2)C1;R9,1,,,
Fc1cscc1CN1CCC(C2CCCOC2)CC1,Fc1ccc(CN2CCC(C3CCOC3)CC2)c(F)c1F,0.551,Fc1ccc(CBr)c(F)c1F;C1CC(C2CCOC2)CCN1;R9,1,,,
Fc1cscc1CN1CCC(C2CCCOC2)CC1,Fc1cc(CN2CCC(C3CCOC3)CC2)c(F)c(F)c1F,0.551,Fc1cc(CBr)c(F)c(F)c1F;C1CC(C2CCOC2)CCN1;R9,1,,,
Fc1cscc1CN1CCC(C2CCCOC2)CC1,Fc1ccc(F)c(CN2CCC(C3CCOC3)CC2)c1,0.540,Fc1ccc(F)c(CBr)c1;C1CC(C2CCOC2)CCN1;R9,1,,,
Fc1cscc1CN1CCC(C2CCCOC2)CC1,Fc1cccc(CN2CCC(C3CCOC3)CC2)c1F,0.540,Fc1cccc(CBr)c1F;C1CC(C2CCOC2)CCN1;R9,1,,,
Fc1cscc1CN1CCC(C2CCCOC2)CC1,Fc1cc(Br)c(CN2CCC(C3CCOC3)CC2)cc1F,0.540,Fc1cc(Br)c(CBr)cc1F;C1CC(C2CCOC2)CCN1;R9,1,,,
Fc1cscc1CN1CCC(C2CCCOC2)CC1,Fc1cc(CN2CCC(C3CCOC3)CC2)c(F)cc1Br,0.529,Fc1cc(CBr)c(F)cc1Br;C1CC(C2CCOC2)CCN1;R9,1,,,
Fc1cscc1CN1CCC(C2CCCOC2)CC1,Fc1cscc1COC1CCCOC1,0.510,Fc1cscc1CBr;OC1CCCOC1;R56,1,,,
Fc1cscc1CN1CCC(C2CCCOC2)CC1,Brc1cscc1N1CCC(C2CCCOC2)CC1,0.500,Brc1cscc1Br;C1COCC(C2CCNCC2)C1;R9,1,,,
Fc1cscc1CN1CCC(C2CCCOC2)CC1,Fc1cc(CBr)c(N2CCC(C3CCCOC3)CC2)cc1F,0.491,Fc1cc(Br)c(CBr)cc1F;C1COCC(C2CCNCC2)C1;R9,1,,,
Fc1cscc1CN1CCC(C2CCCOC2)CC1,Fc1cc(N2CCC(C3CCCOC3)CC2)c(F)cc1CBr,0.481,Fc1cc(CBr)c(F)cc1Br;C1COCC(C2CCNCC2)C1;R9,1,,,
Fc1cscc1CN1CCC(C2CCCOC2)CC1,Fc1cc(F)c(N2CCC(C3CCCOC3)CC2)cc1CBr,0.481,Fc1cc(F)c(CBr)cc1Br;C1COCC(C2CCNCC2)C1;R9,1,,,
Fc1cscc1CN1CCC(C2CCCOC2)CC1,Fc1ccc(CBr)c(N2CCC(C3CCCOC3)CC2)c1F,0.473,Fc1ccc(CBr)c(Br)c1F;C1COCC(C2CCNCC2)C1;R9,1,,,
Fc1cscc1CN1CCC(C2CCCOC2)CC1,Fc1cc(N2CCC(C3CCCOC3)CC2)ccc1CBr,0.473,Fc1cc(Br)ccc1CBr;C1COCC(C2CCNCC2)C1;R9,1,,,
Fc1cscc1CN1CCC(C2CCCOC2)CC1,BrCc1cscc1N1CCC(C2CCOC2)CC1,0.462,BrCc1cscc1Br;C1CC(C2CCOC2)CCN1;R9,1,,,
Fc1cscc1CN1CCC(C2CCCOC2)CC1,Brc1cscc1N1CCC(C2CCOC2)CC1,0.404,Brc1cscc1Br;C1CC(C2CCOC2)CCN1;R9,1,,,
Fc1cscc1CN1CCC(C2CCCOC2)CC1,Fc1cc(CBr)c(N2CCC(C3CCOC3)CC2)cc1F,0.400,Fc1cc(Br)c(CBr)cc1F;C1CC(C2CCOC2)CCN1;R9,1,,,
Fc1cscc1CN1CCC(C2CCCOC2)CC1,Fc1cc(N2CCC(C3CCOC3)CC2)c(F)cc1CBr,0.393,Fc1cc(CBr)c(F)cc1Br;C1CC(C2CCOC2)CCN1;R9,1,,,
CN(CCN1CC2(CCOCC2)C1)C(=O)c1cccc2c1n(C)c(=O)n2C,CN(CCN1CC2(CCOCC2)C1)C(=O)c1cccc2c1n(C)c(=O)n2C,1.000,CNCCN1CC2(CCOCC2)C1;Cn1c(=O)n(C)c2c(C(=O)O)cccc21;R8,1,1.000,1.000,1.000
CN(CCN1CC2(CCOCC2)C1)C(=O)c1cccc2c1n(C)c(=O)n2C,CN(CCN1CCOCC1)C(=O)c1cccc2c1n(C)c(=O)n2C,0.759,CNCCN1CCOCC1;Cn1c(=O)n(C)c2c(C(=O)O)cccc21;R8,1,0.755,0.759,0.896
CN(CCN1CC2(CCOCC2)C1)C(=O)c1cccc2c1n(C)c(=O)n2C,CN(CCN1CC2(CCOCC2)C1)C(=O)c1cccc2c1oc(=O)n2C,0.712,CNCCN1CC2(CCOCC2)C1;Cn1c(=O)oc2c(C(=O)O)cccc21;R8,1,0.707,0.972,0.554
CN(CCN1CC2(CCOCC2)C1)C(=O)c1cccc2c1n(C)c(=O)n2C,CN(CCN1CC2(CCOCC2)C1)C(=O)c1cccc2[nH]c(=O)n(C)c12,0.700,CNCCN1CC2(CCOCC2)C1;Cn1c(=O)[nH]c2cccc(C(=O)O)c21;R8,1,1.000,0.814,0.943
CN(CCN1CC2(CCOCC2)C1)C(=O)c1cccc2c1n(C)c(=O)n2C,CN(CCN1CC2(CCOCC2)C1)C(=O)c1cccc2c1[nH]c(=O)n2C,0.700,CNCCN1CC2(CCOCC2)C1;Cn1c(=O)[nH]c2c(C(=O)O)cccc21;R8,1,1.000,0.878,0.912
CN(CCN1CC2(CCOCC2)C1)C(=O)c1cccc2c1n(C)c(=O)n2C,CN(CCN1CC2(CCOCC2)C1)C(=O)NCc1cccc2c1n(C)c(=O)n2C,0.694,CNCCN1CC2(CCOCC2)C1;Cn1c(=O)n(C)c2c(CN)cccc21;R36,1,0.737,0.577,0.800
CN(CCN1CC2(CCOCC2)C1)C(=O)c1cccc2c1n(C)c(=O)n2C,Cc1nc2c(C(=O)N(C)CCN3CC4(CCOCC4)C3)cccc2n1C,0.683,CNCCN1CC2(CCOCC2)C1;Cc1nc2c(C(=O)O)cccc2n1C;R8,1,0.650,0.816,0.770
CN(CCN1CC2(CCOCC2)C1)C(=O)c1cccc2c1n(C)c(=O)n2C,CN(CCN1CC2(CCOCC2)C1)C(=O)c1cc2c(cc1Br)n(C)c(=O)n2C,0.678,CNCCN1CC2(CCOCC2)C1;Cn1c(=O)n(C)c2cc(C(=O)O)c(Br)cc21;R8,1,0.655,0.769,0.709
CN(CCN1CC2(CCOCC2)C1)C(=O)c1cccc2c1n(C)c(=O)n2C,CN(CCN1CC2(CCOCC2)C1)C(=O)c1cccc2ccn(C)c12,0.678,CNCCN1CC2(CCOCC2)C1;Cn1ccc2cccc(C(=O)O)c21;R8,1,0.702,0.730,0.620
CN(CCN1CC2(CCOCC2)C1)C(=O)c1cccc2c1n(C)c(=O)n2C,CN(CCN1CC2(CCOCC2)C1)C(=O)c1cccc2c1ccn2C,0.678,CNCCN1CC2(CCOCC2)C1;Cn1ccc2c(C(=O)O)cccc21;R8,1,0.702,0.778,0.548
CN(CCN1CC2(CCOCC2)C1)C(=O)c1cccc2c1n(C)c(=O)n2C,CN(CCN1CCC2(CCCCC2)CC1)C(=O)c1cccc2c1n(C)c(=O)n2C,0.678,CNCCN1CCC2(CCCCC2)CC1;Cn1c(=O)n(C)c2c(C(=O)O)cccc21;R8,1,,,
CN(CCN1CC2(CCOCC2)C1)C(=O)c1cccc2c1n(C)c(=O)n2C,CN(CCN1CCCC1)C(=O)c1cccc2c1n(C)c(=O)n2C,0.673,CNCCN1CCCC1;Cn1c(=O)n(C)c2c(C(=O)O)cccc21;R8,1,,,
CN(CCN1CC2(CCOCC2)C1)C(=O)c1cccc2c1n(C)c(=O)n2C,CN(CC1(O)CCOCC1)C(=O)c1cccc2c1n(C)c(=O)n2C,0.672,CNCC1(O)CCOCC1;Cn1c(=O)n(C)c2c(C(=O)O)cccc21;R8,1,,,
CN(CCN1CC2(CCOCC2)C1)C(=O)c1cccc2c1n(C)c(=O)n2C,CN(CCCN1CCOCC1)C(=O)c1cccc2c1n(C)c(=O)n2C,0.672,CNCCCN1CCOCC1;Cn1c(=O)n(C)c2c(C(=O)O)cccc21;R8,1,,,
CN(CCN1CC2(CCOCC2)C1)C(=O)c1cccc2c1n(C)c(=O)n2C,CN(CCN1CC2(CCOCC2)C1)C(=O)C(=O)NCc1cccc2c1n(C)c(=O)n2C,0.672,CNCCN1CC2(CCOCC2)C1;Cn1c(=O)n(C)c2c(CN)cccc21;R38,1,,,
CN(CCN1CC2(CCOCC2)C1)C(=O)c1cccc2c1n(C)c(=O)n2C,Cc1cccc(C(=O)N(C)CCN2CC3(CCOCC3)C2)c1C,0.667,CNCCN1CC2(CCOCC2)C1;Cc1cccc(C(=O)O)c1C;R8,1,,,
CN(CCN1CC2(CCOCC2)C1)C(=O)c1cccc2c1n(C)c(=O)n2C,CN(CCN1CC2(CCOCC2)C1)Cc1cccc2c1n(C)c(=O)n2C,0.661,CNCCN1CC2(CCOCC2)C1;Cn1c(=O)n(C)c2c(C=O)cccc21;R43,1,,,
CN(CCN1CC2(CCOCC2)C1)C(=O)c1cccc2c1n(C)c(=O)n2C,CN(CCN1CC2(CCOCC2)C1)C(=O)c1ccc2c(c1)n(C)c(=O)n2C,0.661,CNCCN1CC2(CCOCC2)C1;Cn1c(=O)n(C)c2cc(C(=O)O)ccc21;R8,1,,,
CN(CCN1CC2(CCOCC2)C1)C(=O)c1cccc2c1n(C)c(=O)n2C,CN1CCN(CCN(C)C(=O)c2cccc3c2n(C)c(=O)n3C)CC1,0.661,CNCCN1CCN(C)CC1;Cn1c(=O)n(C)c2c(C(=O)O)cccc21;R8,1,,,
CN(CCN1CC2(CCOCC2)C1)C(=O)c1cccc2c1n(C)c(=O)n2C,CN(CCN1CCCCCC1)C(=O)c1cccc2c1n(C)c(=O)n2C,0.661,CNCCN1CCCCCC1;Cn1c(=O)n(C)c2c(C(=O)O)cccc21;R8,1,,,
CN(CCN1CC2(CCOCC2)C1)C(=O)c1cccc2c1n(C)c(=O)n2C,CN(CCN1CCCCC1)C(=O)c1cccc2c1n(C)c(=O)n2C,0.661,CNCCN1CCCCC1;Cn1c(=O)n(C)c2c(C(=O)O)cccc21;R8,1,,,
CN(CCN1CC2(CCOCC2)C1)C(=O)c1cccc2c1n(C)c(=O)n2C,CN(CCN1CC2(CCOCC2)C1)C(=O)c1cc(=O)n(C)c2ccccc12,0.656,CNCCN1CC2(CCOCC2)C1;Cn1c(=O)cc(C(=O)O)c2ccccc21;R8,1,,,
CN(CCN1CC2(CCOCC2)C1)C(=O)c1cccc2c1n(C)c(=O)n2C,CN(CCN1CC2(CCOCC2)C1)C(=O)c1cccn(C)c1=O,0.655,CNCCN1CC2(CCOCC2)C1;Cn1cccc(C(=O)O)c1=O;R8,1,,,
CN(CCN1CC2(CCOCC2)C1)C(=O)c1cccc2c1n(C)c(=O)n2C,CN(C(=O)c1cccc2c1n(C)c(=O)n2C)C1(C)CCOCC1,0.655,CNC1(C)CCOCC1;Cn1c(=O)n(C)c2c(C(=O)O)cccc21;R8,1,,,
CN(CCN1CC2(CCOCC2)C1)C(=O)c1cccc2c1n(C)c(=O)n2C,CN(CCN1CC2(CCOCC2)C1)C(=O)c1ccccc1C(=O)O,0.649,CNCCN1CC2(CCOCC2)C1;O=C(O)c1ccccc1C(=O)O;R8,1,,,
CN(CCN1CC2(CCOCC2)C1)C(=O)c1cccc2c1n(C)c(=O)n2C,CN(CCN1CC2(CCOCC2)C1)C(=O)c1cccc(C(=O)O)c1C(=O)O,0.644,CNCCN1CC2(CCOCC2)C1;O=C(O)c1cccc(C(=O)O)c1C(=O)O;R8,1,,,
CN(CCN1CC2(CCOCC2)C1)C(=O)c1cccc2c1n(C)c(=O)n2C,CN(CCN1CC2(CCOCC2)C1)C(=O)c1cccc(C(=O)O)c1O,0.644,CNCCN1CC2(CCOCC2)C1;O=C(O)c1cccc(C(=O)O)c1O;R8,1,,,
CN(CCN1CC2(CCOCC2)C1)C(=O)c1cccc2c1n(C)c(=O)n2C,CN(CCN1CC2(CCOCC2)C1)C(=O)c1cccc2c(C(=O)O)cccc12,0.644,CNCCN1CC2(CCOCC2)C1;O=C(O)c1cccc2c(C(=O)O)cccc12;R8,1,,,
CN(CCN1CC2(CCOCC2)C1)C(=O)c1cccc2c1n(C)c(=O)n2C,C[C@@H]1CN(CCN(C)C(=O)c2cccc3c2n(C)c(=O)n3C)C[C@H](C)O1,0.644,CNCCN1C[C@@H](C)O[C@@H](C)C1;Cn1c(=O)n(C)c2c(C(=O)O)cccc21;R8,1,,,
CN(CCN1CC2(CCOCC2)C1)C(=O)c1cccc2c1n(C)c(=O)n2C,CN(CCC1CCOCC1)C(=O)c1cccc2c1n(C)c(=O)n2C,0.644,CNCCC1CCOCC1;Cn1c(=O)n(C)c2c(C(=O)O)cccc21;R8,1,,,
CN(CCN1CC2(CCOCC2)C1)C(=O)c1cccc2c1n(C)c(=O)n2C,CN(CCN1CC2(CCOCC2)C1)C(=O)c1c(C(=O)O)cccc1C(=O)O,0.638,CNCCN1CC2(CCOCC2)C1;O=C(O)c1cccc(C(=O)O)c1C(=O)O;R8,1,,,
CN(CCN1CC2(CCOCC2)C1)C(=O)c1cccc2c1n(C)c(=O)n2C,CN(CCN1CC2(CCOCC2)C1)C(=O)c1cccc(=O)n1C,0.638,CNCCN1CC2(CCOCC2)C1;Cn1c(C(=O)O)cccc1=O;R8,1,,,
CN(CCN1CC2(CCOCC2)C1)C(=O)c1cccc2c1n(C)c(=O)n2C,CN(C(=O)c1cccc2c1n(C)c(=O)n2C)C1CCC2(CCOCC2)CC1,0.633,CNC1CCC2(CCOCC2)CC1;Cn1c(=O)n(C)c2c(C(=O)O)cccc21;R8,1,,,
CN(CCN1CC2(CCOCC2)C1)C(=O)c1cccc2c1n(C)c(=O)n2C,CCC1(N(C)C(=O)c2cccc3c2n(C)c(=O)n3C)CCOCC1,0.627,CCC1(NC)CCOCC1;Cn1c(=O)n(C)c2c(C(=O)O)cccc21;R8,1,,,
CN(CCN1CC2(CCOCC2)C1)C(=O)c1cccc2c1n(C)c(=O)n2C,CN(CCN1CC2(CCOCC2)C1)C(=O)c1ccccc1-c1ccccc1C(=O)O,0.617,CNCCN1CC2(CCOCC2)C1;O=C(O)c1ccccc1-c1ccccc1C(=O)O;R8,1,,,
CN(CCN1CC2(CCOCC2)C1)C(=O)c1cccc2c1n(C)c(=O)n2C,CCN(CCN1CCOCC1)C(=O)c1cccc2c1n(C)c(=O)n2C,0.590,CCNCCN1CCOCC1;Cn1c(=O)n(C)c2c(C(=O)O)cccc21;R8,1,,,
CN(CCN1CC2(CCOCC2)C1)C(=O)c1cccc2c1n(C)c(=O)n2C,CN(CCN1CC2(CCOCC2)C1)c1cc2c(cc1C(=O)O)n(C)c(=O)n2C,0.547,CNCCN1CC2(CCOCC2)C1;Cn1c(=O)n(C)c2cc(C(=O)O)c(Br)cc21;R9,1,,,
COc1ccc(CN(C)C)cc1NC(=O)Nc1cc(C)c2nc(C)cn2n1,COc1ccc(CN(C)C)cc1NC(=O)Nc1cc(C)c2nc(C)cn2n1,1.000,COc1ccc(CN(C)C)cc1N;Cc1cn2nc(N)cc(C)c2n1;R36,1,1.000,1.000,1.000
COc1ccc(CN(C)C)cc1NC(=O)Nc1cc(C)c2nc(C)cn2n1,COc1cc(CN(C)C)ccc1NC(=O)Nc1cc(C)c2nc(C)cn2n1,0.862,COc1cc(CN(C)C)ccc1N;Cc1cn2nc(N)cc(C)c2n1;R36,1,1.000,0.779,0.910
COc1ccc(CN(C)C)cc1NC(=O)Nc1cc(C)c2nc(C)cn2n1,COc1ccc(CN(C)C)cc1NC(=O)C(=O)Nc1cc(C)c2nc(C)cn2n1,0.862,COc1ccc(CN(C)C)cc1N;Cc1cn2nc(N)cc(C)c2n1;R38,1,0.800,0.659,0.805
COc1ccc(CN(C)C)cc1NC(=O)Nc1cc(C)c2nc(C)cn2n1,CCN(CC)Cc1ccc(OC)c(NC(=O)Nc2cc(C)c3nc(C)cn3n2)c1,0.833,CCN(CC)Cc1ccc(OC)c(N)c1;Cc1cn2nc(N)cc(C)c2n1;R36,1,1.000,1.000,0.979
COc1ccc(CN(C)C)cc1NC(=O)Nc1cc(C)c2nc(C)cn2n1,CCc1ccc(OC)c(NC(=O)Nc2cc(C)c3nc(C)cn3n2)c1,0.810,CCc1ccc(OC)c(N)c1;Cc1cn2nc(N)cc(C)c2n1;R36,1,1.000,0.870,0.927
COc1ccc(CN(C)C)cc1NC(=O)Nc1cc(C)c2nc(C)cn2n1,Cc1cn2nc(NC(=O)Nc3cc(CN(C)C)ccc3C)cc(C)c2n1,0.807,Cc1ccc(CN(C)C)cc1N;Cc1cn2nc(N)cc(C)c2n1;R36,1,1.000,0.949,0.839
COc1ccc(CN(C)C)cc1NC(=O)Nc1cc(C)c2nc(C)cn2n1,Cc1cn2nc(NC(=O)Nc3ccc(CN(C)C)cc3C)cc(C)c2n1,0.776,Cc1cc(CN(C)C)ccc1N;Cc1cn2nc(N)cc(C)c2n1;R36,1,1.000,0.741,0.807
COc1ccc(CN(C)C)cc1NC(=O)Nc1cc(C)c2nc(C)cn2n1,COc1ccc(CN(C)C)cc1Nc1cc(C)c2nc(C)cn2n1,0.759,COc1ccc(CN(C)C)cc1N;Cc1cn2nc(Cl)cc(C)c2n1;R9,1,0.650,0.574,0.714
COc1ccc(CN(C)C)cc1NC(=O)Nc1cc(C)c2nc(C)cn2n1,COc1ccc(CS(C)(=O)=O)cc1NC(=O)Nc1cc(C)c2nc(C)cn2n1,0.758,COc1ccc(CS(C)(=O)=O)cc1N;Cc1cn2nc(N)cc(C)c2n1;R36,1,1.000,0.835,0.879
COc1ccc(CN(C)C)cc1NC(=O)Nc1cc(C)c2nc(C)cn2n1,COc1ccc(CN(C)C)cc1NC(=O)Nc1ccc2nc(C)cn2n1,0.754,COc1ccc(CN(C)C)cc1N;Cc1cn2nc(N)ccc2n1;R36,1,1.000,0.967,0.912
COc1ccc(CN(C)C)cc1NC(=O)Nc1cc(C)c2nc(C)cn2n1,COc1ccc(CN(C)C)cc1NC(=O)c1cc(C)c2nc(C)cn2n1,0.754,COc1ccc(CN(C)C)cc1N;Cc1cn2nc(C(=O)O)cc(C)c2n1;R8,1,,,
COc1ccc(CN(C)C)cc1NC(=O)Nc1cc(C)c2nc(C)cn2n1,COc1cc(CN(C)C)ccc1NC(=O)C(=O)Nc1cc(C)c2nc(C)cn2n1,0.742,COc1cc(CN(C)C)ccc1N;Cc1cn2nc(N)cc(C)c2n1;R38,1,,,
COc1ccc(CN(C)C)cc1NC(=O)Nc1cc(C)c2nc(C)cn2n1,COc1ccc(C)cc1NC(=O)Nc1cc(C)c2nc(C)cn2n1,0.741,COc1ccc(C)cc1N;Cc1cn2nc(N)cc(C)c2n1;R36,1,,,
COc1ccc(CN(C)C)cc1NC(=O)Nc1cc(C)c2nc(C)cn2n1,COc1ccc(CN2CCN(C)CC2)cc1NC(=O)Nc1cc(C)c2nc(C)cn2n1,0.738,COc1ccc(CN2CCN(C)CC2)cc1N;Cc1cn2nc(N)cc(C)c2n1;R36,1,,,
COc1ccc(CN(C)C)cc1NC(=O)Nc1cc(C)c2nc(C)cn2n1,Cc1cn2nc(NC(=O)Nc3ccc(CN(C)C)cc3F)cc(C)c2n1,0.738,CN(C)Cc1ccc(N)c(F)c1;Cc1cn2nc(N)cc(C)c2n1;R36,1,,,
COc1ccc(CN(C)C)cc1NC(=O)Nc1cc(C)c2nc(C)cn2n1,COc1ccc(OC)c(NC(=O)Nc2cc(C)c3nc(C)cn3n2)c1,0.729,COc1ccc(OC)c(N)c1;Cc1cn2nc(N)cc(C)c2n1;R36,1,,,
COc1ccc(CN(C)C)cc1NC(=O)Nc1cc(C)c2nc(C)cn2n1,CCN(CC)Cc1ccc(OC)c(NC(=O)C(=O)Nc2cc(C)c3nc(C)cn3n2)c1,0.719,CCN(CC)Cc1ccc(OC)c(N)c1;Cc1cn2nc(N)cc(C)c2n1;R38,1,,,
COc1ccc(CN(C)C)cc1NC(=O)Nc1cc(C)c2nc(C)cn2n1,Cc1cn2nc(NC(=O)Nc3ccc(CN(C)C)cc3)cc(C)c2n1,0.712,CN(C)Cc1ccc(N)cc1;Cc1cn2nc(N)cc(C)c2n1;R36,1,,,
COc1ccc(CN(C)C)cc1NC(=O)Nc1cc(C)c2nc(C)cn2n1,COc1ccc(CN(C)C)cc1NC(=O)Nc1nn2cc(C)nc2c2ccccc12,0.708,COc1ccc(CN(C)C)cc1N;Cc1cn2nc(N)c3ccccc3c2n1;R36,1,,,
COc1ccc(CN(C)C)cc1NC(=O)Nc1cc(C)c2nc(C)cn2n1,CCc1ccc(OC)c(NC(=O)C(=O)Nc2cc(C)c3nc(C)cn3n2)c1,0.694,CCc1ccc(OC)c(N)c1;Cc1cn2nc(N)cc(C)c2n1;R38,1,,,
COc1ccc(CN(C)C)cc1NC(=O)Nc1cc(C)c2nc(C)cn2n1,Cc1cn2nc(NC(=O)C(=O)Nc3cc(CN(C)C)ccc3C)cc(C)c2n1,0.689,Cc1ccc(CN(C)C)cc1N;Cc1cn2nc(N)cc(C)c2n1;R38,1,,,
COc1ccc(CN(C)C)cc1NC(=O)Nc1cc(C)c2nc(C)cn2n1,Cc1cn2nc(NC(=O)Nc3cccc(CN(C)C)c3)cc(C)c2n1,0.677,CN(C)Cc1cccc(N)c1;Cc1cn2nc(N)cc(C)c2n1;R36,1,,,
COc1ccc(CN(C)C)cc1NC(=O)Nc1cc(C)c2nc(C)cn2n1,Cc1cn2nc(NC(=O)NCc3ccc(CN(C)C)cc3)cc(C)c2n1,0.672,CN(C)Cc1ccc(CN)cc1;Cc1cn2nc(N)cc(C)c2n1;R36,1,,,
COc1ccc(CN(C)C)cc1NC(=O)Nc1cc(C)c2nc(C)cn2n1,Cc1cn2nc(NC(=O)C(=O)Nc3ccc(CN(C)C)cc3C)cc(C)c2n1,0.661,Cc1cc(CN(C)C)ccc1N;Cc1cn2nc(N)cc(C)c2n1;R38,1,,,
COc1ccc(CN(C)C)cc1NC(=O)Nc1cc(C)c2nc(C)cn2n1,COc1ccc(CS(C)(=O)=O)cc1NC(=O)C(=O)Nc1cc(C)c2nc(C)cn2n1,0.652,COc1ccc(CS(C)(=O)=O)cc1N;Cc1cn2nc(N)cc(C)c2n1;R38,1,,,
COc1ccc(CN(C)C)cc1NC(=O)Nc1cc(C)c2nc(C)cn2n1,COc1ccc(CNC(=O)Nc2cc(C)c3nc(C)cn3n2)cc1OC,0.651,COc1ccc(CN)cc1OC;Cc1cn2nc(N)cc(C)c2n1;R36,1,,,
COc1ccc(CN(C)C)cc1NC(=O)Nc1cc(C)c2nc(C)cn2n1,COc1ccc(CN(C)C)cc1NC(=O)C(=O)Nc1ccc2nc(C)cn2n1,0.646,COc1ccc(CN(C)C)cc1N;Cc1cn2nc(N)ccc2n1;R38,1,,,
COc1ccc(CN(C)C)cc1NC(=O)Nc1cc(C)c2nc(C)cn2n1,COc1ccc(CN2CCN(C)CC2)cc1NC(=O)C(=O)Nc1cc(C)c2nc(C)cn2n1,0.638,COc1ccc(CN2CCN(C)CC2)cc1N;Cc1cn2nc(N)cc(C)c2n1;R38,1,,,
COc1ccc(CN(C)C)cc1NC(=O)Nc1cc(C)c2nc(C)cn2n1,COc1ccc(CN(C)C)cc1NC(=O)C(=O)Nc1nn2cc(C)nc2c2ccccc12,0.632,COc1ccc(CN(C)C)cc1N;Cc1cn2nc(N)c3ccccc3c2n1;R38,1,,,
COc1ccc(CN(C)C)cc1NC(=O)Nc1cc(C)c2nc(C)cn2n1,Cc1cn2nc(NC(=O)C(=O)Nc3ccc(CN(C)C)cc3F)cc(C)c2n1,0.631,CN(C)Cc1ccc(N)c(F)c1;Cc1cn2nc(N)cc(C)c2n1;R38,1,,,
COc1ccc(CN(C)C)cc1NC(=O)Nc1cc(C)c2nc(C)cn2n1,Cc1cn2nc(NC(=O)C(=O)Nc3ccc(CN(C)C)cc3)cc(C)c2n1,0.629,CN(C)Cc1ccc(N)cc1;Cc1cn2nc(N)cc(C)c2n1;R38,1,,,
COc1ccc(CN(C)C)cc1NC(=O)Nc1cc(C)c2nc(C)cn2n1,COc1ccc(C)cc1NC(=O)C(=O)Nc1cc(C)c2nc(C)cn2n1,0.629,COc1ccc(C)cc1N;Cc1cn2nc(N)cc(C)c2n1;R38,1,,,
COc1ccc(CN(C)C)cc1NC(=O)Nc1cc(C)c2nc(C)cn2n1,COc1ccc(OC)c(NC(=O)C(=O)Nc2cc(C)c3nc(C)cn3n2)c1,0.619,COc1ccc(OC)c(N)c1;Cc1cn2nc(N)cc(C)c2n1;R38,1,,,
COc1ccc(CN(C)C)cc1NC(=O)Nc1cc(C)c2nc(C)cn2n1,Cc1cn2nc(NC(=O)C(=O)NCc3ccc(CN(C)C)cc3)cc(C)c2n1,0.609,CN(C)Cc1ccc(CN)cc1;Cc1cn2nc(N)cc(C)c2n1;R38,1,,,
COc1ccc(CN(C)C)cc1NC(=O)Nc1cc(C)c2nc(C)cn2n1,Cc1cn2nc(NC(=O)C(=O)Nc3cccc(CN(C)C)c3)cc(C)c2n1,0.600,CN(C)Cc1cccc(N)c1;Cc1cn2nc(N)cc(C)c2n1;R38,1,,,
COc1ccc(CN(C)C)cc1NC(=O)Nc1cc(C)c2nc(C)cn2n1,COc1ccc(CNC(=O)C(=O)Nc2cc(C)c3nc(C)cn3n2)cc1OC,0.591,COc1ccc(CN)cc1OC;Cc1cn2nc(N)cc(C)c2n1;R38,1,,,
COc1ccc(CN(C)C)cc1NC(=O)Nc1cc(C)c2nc(C)cn2n1,COc1ccc(CN(C)C)cc1Nc1ncnc2c1ncn2-c1cc(C)c2nc(C)cn2n1,0.554,COc1ccc(CN(C)C)cc1N;Cc1cn2nc(N)cc(C)c2n1;R66,1,,,
COc1ccc(CN(C)C)cc1NC(=O)Nc1cc(C)c2nc(C)cn2n1,COc1ccc(CN(C)C)cc1-n1cnc2c(Nc3cc(C)c4nc(C)cn4n3)ncnc21,0.547,COc1ccc(CN(C)C)cc1N;Cc1cn2nc(N)cc(C)c2n1;R66,1,,,
COc1ccc(CN(C)C)cc1NC(=O)Nc1cc(C)c2nc(C)cn2n1,COc1cc(CN(C)C)ccc1-n1cnc2c(Nc3cc(C)c4nc(C)cn4n3)ncnc21,0.526,COc1cc(CN(C)C)ccc1N;Cc1cn2nc(N)cc(C)c2n1;R66,1,,,
COc1ccc(CN(C)C)cc1NC(=O)Nc1cc(C)c2nc(C)cn2n1,COc1cc(CN(C)C)ccc1Nc1ncnc2c1ncn2-c1cc(C)c2nc(C)cn2n1,0.487,COc1cc(CN(C)C)ccc1N;Cc1cn2nc(N)cc(C)c2n1;R66,1,,,
COc1ccc(CN(C)C)cc1NC(=O)Nc1cc(C)c2nc(C)cn2n1,CCN(CC)Cc1ccc(OC)c(Nc2ncnc3c2ncn3-c2cc(C)c3nc(C)cn3n2)c1,0.468,CCN(CC)Cc1ccc(OC)c(N)c1;Cc1cn2nc(N)cc(C)c2n1;R66,1,,,
COc1ccc(CN(C)C)cc1NC(=O)Nc1cc(C)c2nc(C)cn2n1,CCN(CC)Cc1ccc(OC)c(-n2cnc3c(Nc4cc(C)c5nc(C)cn5n4)ncnc32)c1,0.463,CCN(CC)Cc1ccc(OC)c(N)c1;Cc1cn2nc(N)cc(C)c2n1;R66,1,,,
COc1ccc(CN(C)C)cc1NC(=O)Nc1cc(C)c2nc(C)cn2n1,Cc1cn2nc(Nc3ncnc4c3ncn4-c3cc(CN(C)C)ccc3C)cc(C)c2n1,0.461,Cc1ccc(CN(C)C)cc1N;Cc1cn2nc(N)cc(C)c2n1;R66,1,,,
COc1ccc(CN(C)C)cc1NC(=O)Nc1cc(C)c2nc(C)cn2n1,Cc1cn2nc(Nc3ncnc4c3ncn4-c3ccc(CN(C)C)cc3C)cc(C)c2n1,0.461,Cc1cc(CN(C)C)ccc1N;Cc1cn2nc(N)cc(C)c2n1;R66,1,,,
COc1ccc(CN(C)C)cc1NC(=O)Nc1cc(C)c2nc(C)cn2n1,Cc1cn2nc(Nc3ncnc4c3ncn4-c3ccc(CN(C)C)cc3)cc(C)c2n1,0.453,CN(C)Cc1ccc(N)cc1;Cc1cn2nc(N)cc(C)c2n1;R66,1,,,
COc1ccc(CN(C)C)cc1NC(=O)Nc1cc(C)c2nc(C)cn2n1,Cc1cn2nc(-n3cnc4c(Nc5cc(CN(C)C)ccc5C)ncnc43)cc(C)c2n1,0.447,Cc1ccc(CN(C)C)cc1N;Cc1cn2nc(N)cc(C)c2n1;R66,1,,,
COc1ccc(CN(C)C)cc1NC(=O)Nc1cc(C)c2nc(C)cn2n1,Cc1cn2nc(Nc3ncnc4c3ncn4-c3ccc(CN(C)C)cc3F)cc(C)c2n1,0.443,CN(C)Cc1ccc(N)c(F)c1;Cc1cn2nc(N)cc(C)c2n1;R66,1,,,
COc1ccc(CN(C)C)cc1NC(=O)Nc1cc(C)c2nc(C)cn2n1,COc1ccc(Cn2cnc3c(Nc4cc(C)c5nc(C)cn5n4)ncnc32)cc1OC,0.442,COc1ccc(CN)cc1OC;Cc1cn2nc(N)cc(C)c2n1;R66,1,,,
COc1ccc(CN(C)C)cc1NC(=O)Nc1cc(C)c2nc(C)cn2n1,CCc1ccc(OC)c(Nc2ncnc3c2ncn3-c2cc(C)c3nc(C)cn3n2)c1,0.436,CCc1ccc(OC)c(N)c1;Cc1cn2nc(N)cc(C)c2n1;R66,1,,,
COc1ccc(CN(C)C)cc1NC(=O)Nc1cc(C)c2nc(C)cn2n1,Cc1cn2nc(Nc3ncnc4c3ncn4-c3cccc(CN(C)C)c3)cc(C)c2n1,0.436,CN(C)Cc1cccc(N)c1;Cc1cn2nc(N)cc(C)c2n1;R66,1,,,
COc1ccc(CN(C)C)cc1NC(=O)Nc1cc(C)c2nc(C)cn2n1,CCc1ccc(OC)c(-n2cnc3c(Nc4cc(C)c5nc(C)cn5n4)ncnc32)c1,0.430,CCc1ccc(OC)c(N)c1;Cc1cn2nc(N)cc(C)c2n1;R66,1,,,
COc1ccc(CN(C)C)cc1NC(=O)Nc1cc(C)c2nc(C)cn2n1,COc1ccc(CS(C)(=O)=O)cc1Nc1ncnc2c1ncn2-c1cc(C)c2nc(C)cn2n1,0.427,COc1ccc(CS(C)(=O)=O)cc1N;Cc1cn2nc(N)cc(C)c2n1;R66,1,,,
COc1ccc(CN(C)C)cc1NC(=O)Nc1cc(C)c2nc(C)cn2n1,Cc1cn2nc(-n3cnc4c(Nc5ccc(CN(C)C)cc5C)ncnc43)cc(C)c2n1,0.423,Cc1cc(CN(C)C)ccc1N;Cc1cn2nc(N)cc(C)c2n1;R66,1,,,
COc1ccc(CN(C)C)cc1NC(=O)Nc1cc(C)c2nc(C)cn2n1,COc1ccc(CS(C)(=O)=O)cc1-n1cnc2c(Nc3cc(C)c4nc(C)cn4n3)ncnc21,0.422,COc1ccc(CS(C)(=O)=O)cc1N;Cc1cn2nc(N)cc(C)c2n1;R66,1,,,
COc1ccc(CN(C)C)cc1NC(=O)Nc1cc(C)c2nc(C)cn2n1,COc1ccc(CN2CCN(C)CC2)cc1Nc1ncnc2c1ncn2-c1cc(C)c2nc(C)cn2n1,0.412,COc1ccc(CN2CCN(C)CC2)cc1N;Cc1cn2nc(N)cc(C)c2n1;R66,1,,,
COc1ccc(CN(C)C)cc1NC(=O)Nc1cc(C)c2nc(C)cn2n1,Cc1cn2nc(-n3cnc4c(Nc5ccc(CN(C)C)cc5F)ncnc43)cc(C)c2n1,0.407,CN(C)Cc1ccc(N)c(F)c1;Cc1cn2nc(N)cc(C)c2n1;R66,1,,,
COc1ccc(CN(C)C)cc1NC(=O)Nc1cc(C)c2nc(C)cn2n1,COc1ccc(CN2CCN(C)CC2)cc1-n1cnc2c(Nc3cc(C)c4nc(C)cn4n3)ncnc21,0.407,COc1ccc(CN2CCN(C)CC2)cc1N;Cc1cn2nc(N)cc(C)c2n1;R66,1,,,
COc1ccc(CN(C)C)cc1NC(=O)Nc1cc(C)c2nc(C)cn2n1,Cc1cn2nc(-n3cnc4c(Nc5ccc(CN(C)C)cc5)ncnc43)cc(C)c2n1,0.397,CN(C)Cc1ccc(N)cc1;Cc1cn2nc(N)cc(C)c2n1;R66,1,,,
COc1ccc(CN(C)C)cc1NC(=O)Nc1cc(C)c2nc(C)cn2n1,COc1ccc(OC)c(-n2cnc3c(Nc4cc(C)c5nc(C)cn5n4)ncnc32)c1,0.392,COc1ccc(OC)c(N)c1;Cc1cn2nc(N)cc(C)c2n1;R66,1,,,
COc1ccc(CN(C)C)cc1NC(=O)Nc1cc(C)c2nc(C)cn2n1,COc1ccc(CNc2ncnc3c2ncn3-c2cc(C)c3nc(C)cn3n2)cc1OC,0.388,COc1ccc(CN)cc1OC;Cc1cn2nc(N)cc(C)c2n1;R66,1,,,
COc1ccc(CN(C)C)cc1NC(=O)Nc1cc(C)c2nc(C)cn2n1,Cc1cn2nc(-n3cnc4c(Nc5cccc(CN(C)C)c5)ncnc43)cc(C)c2n1,0.383,CN(C)Cc1cccc(N)c1;Cc1cn2nc(N)cc(C)c2n1;R66,1,,,
COc1ccc(CN(C)C)cc1NC(=O)Nc1cc(C)c2nc(C)cn2n1,COc1ccc(OC)c(Nc2ncnc3c2ncn3-c2cc(C)c3nc(C)cn3n2)c1,0.380,COc1ccc(OC)c(N)c1;Cc1cn2nc(N)cc(C)c2n1;R66,1,,,
CSCCC(C)(C)C(=O)N1CC2(CC(NC(=O)c3ncnc4nc[nH]c34)C2)C1,CSCCC(C)(C)C(=O)NC1CC2(CC(NC(=O)c3ncnc4nc[nH]c34)C2)C1,0.778,NC1CC2(C1)CC(N)C2;CSCCC(C)(C)C(=O)O;R8;O=C(O)c1ncnc2nc[nH]c12;R8,2,0.783,0.714,0.864
CSCCC(C)(C)C(=O)N1CC2(CC(NC(=O)c3ncnc4nc[nH]c34)C2)C1,CSCCC(C)(C)C(=O)NC1CC(NC(=O)c2ncnc3nc[nH]c23)C1,0.677,NC1CC(N)C1;O=C(O)c1ncnc2nc[nH]c12;R8;CSCCC(C)(C)C(=O)O;R8,2,0.674,0.564,0.836
CSCCC(C)(C)C(=O)N1CC2(CC(NC(=O)c3ncnc4nc[nH]c34)C2)C1,CC(C)(C)OC(=O)N1CC2(CC(NC(=O)c3ncnc4nc[nH]c34)C2)C1,0.667,NC1CC(Cl)(Cl)C1;CSCCC(C)(C)C(=O)O;R8;O=C(O)c1ncnc2nc[nH]c12;CC(C)(C)OC(=O)N1CC2(CC(N)C2)C1;R8,2,1.000,0.870,0.797
CSCCC(C)(C)C(=O)N1CC2(CC(NC(=O)c3ncnc4nc[nH]c34)C2)C1,CSCCC(C)(C)C(=O)OC1CC2(C1)CN(C(=O)c1ncnc3nc[nH]c13)C2,0.634,ClC1CC2(CNC2)C1;O=C(O)c1ncnc2nc[nH]c12;R8;CSCCC(C)(C)C(=O)O;R31,2,0.463,0.544,0.711
CSCCC(C)(C)C(=O)N1CC2(CC(NC(=O)c3ncnc4nc[nH]c34)C2)C1,CSCCC(C)(C)n1cnc2c(NC3CC4(CC(NC(=O)c5ncnc6nc[nH]c56)C4)C3)ncnc21,0.615,NC1CC2(C1)CC(N)C2;CSCCC(C)(C)N;R66;O=C(O)c1ncnc2nc[nH]c12;R8,2,0.655,0.492,0.569
CSCCC(C)(C)C(=O)N1CC2(CC(NC(=O)c3ncnc4nc[nH]c34)C2)C1,CC(C)(C)OC(=O)N1CCC2(CC(NC(=O)c3ncnc4nc[nH]c34)C2)C1,0.614,NC1CC(Cl)(Cl)C1;CSCCC(C)(C)C(=O)O;R8;O=C(O)c1ncnc2nc[nH]c12;CC(C)(C)OC(=O)N1CCC2(CC(N)C2)C1;R8,2,0.830,0.870,0.761
CSCCC(C)(C)C(=O)N1CC2(CC(NC(=O)c3ncnc4nc[nH]c34)C2)C1,CSCCC(C)(C)C(=O)N1CC2(CC(c3noc(-c4ncnc5nc[nH]c45)n3)C2)C1,0.605,N#CC1CC2(CNC2)C1;O=C(O)c1ncnc2nc[nH]c12;R46;CSCCC(C)(C)C(=O)O;R8,2,0.441,0.489,0.450
CSCCC(C)(C)C(=O)N1CC2(CC(NC(=O)c3ncnc4nc[nH]c34)C2)C1,CSCCC(C)(C)Nc1ncnc2c1ncn2C1CC2(CC(NC(=O)c3ncnc4nc[nH]c34)C2)C1,0.600,NC1CC2(C1)CC(N)C2;CSCCC(C)(C)N;R66;O=C(O)c1ncnc2nc[nH]c12;R8,2,0.590,0.500,0.566
CSCCC(C)(C)C(=O)N1CC2(CC(NC(=O)c3ncnc4nc[nH]c34)C2)C1,CC(C)(C)OC(=O)N1CCCC2(CC(NC(=O)c3ncnc4nc[nH]c34)C2)C1,0.589,NC1CC(Cl)(Cl)C1;CSCCC(C)(C)C(=O)O;R8;O=C(O)c1ncnc2nc[nH]c12;CC(C)(C)OC(=O)N1CCCC2(CC(N)C2)C1;R8,2,0.796,0.870,0.760
CSCCC(C)(C)C(=O)N1CC2(CC(NC(=O)c3ncnc4nc[nH]c34)C2)C1,CC(C)(C)OC(=O)N1CCC2(CC1)CC(NC(=O)c1ncnc3nc[nH]c13)C2,0.586,NC1CC(Cl)(Cl)C1;CSCCC(C)(C)C(=O)O;R8;O=C(O)c1ncnc2nc[nH]c12;CC(C)(C)OC(=O)N1CCC2(CC1)CC(N)C2;R8,2,0.787,0.658,0.728
CSCCC(C)(C)C(=O)N1CC2(CC(NC(=O)c3ncnc4nc[nH]c34)C2)C1,CC(C)(C)OC(=O)N1CC2(CCC(NC(=O)c3ncnc4nc[nH]c34)C2)C1,0.583,NC1CC(Cl)(Cl)C1;CSCCC(C)(C)C(=O)O;R8;O=C(O)c1ncnc2nc[nH]c12;CC(C)(C)OC(=O)N1CC2(CCC(N)C2)C1;R8,2,,,
CSCCC(C)(C)C(=O)N1CC2(CC(NC(=O)c3ncnc4nc[nH]c34)C2)C1,CC(C)(C)OC(=O)N1CC(NC(=O)c2ncnc3nc[nH]c23)CC2(CC2)C1,0.583,NC1CC(Cl)(Cl)C1;CSCCC(C)(C)C(=O)O;R8;O=C(O)c1ncnc2nc[nH]c12;CC(C)(C)OC(=O)N1CC(N)CC2(CC2)C1;R8,2,,,
CSCCC(C)(C)C(=O)N1CC2(CC(NC(=O)c3ncnc4nc[nH]c34)C2)C1,CC(C)(C)OC(=O)N1CC(NC(=O)c2ncnc3nc[nH]c23)CC2(CCC2)C1,0.568,NC1CC(Cl)(Cl)C1;CSCCC(C)(C)C(=O)O;R8;O=C(O)c1ncnc2nc[nH]c12;CC(C)(C)OC(=O)N1CC(N)CC2(CCC2)C1;R8,2,,,
CSCCC(C)(C)C(=O)N1CC2(CC(NC(=O)c3ncnc4nc[nH]c34)C2)C1,CC(C)(C)OC(=O)N1CC2(CCC(NC(=O)c3ncnc4nc[nH]c34)CC2)C1,0.556,NC1CC(Cl)(Cl)C1;CSCCC(C)(C)C(=O)O;R8;O=C(O)c1ncnc2nc[nH]c12;CC(C)(C)OC(=O)N1CC2(CCC(N)CC2)C1;R8,2,,,
CSCCC(C)(C)C(=O)N1CC2(CC(NC(=O)c3ncnc4nc[nH]c34)C2)C1,CSCCC(C)(C)C(=O)NC1CC(Cl)(Sc2ncnc3nc[nH]c23)C1,0.548,NC1CC(Cl)(Cl)C1;CSCCC(C)(C)C(=O)O;R8;Clc1ncnc2nc[nH]c12;R21,2,,,
CSCCC(C)(C)C(=O)N1CC2(CC(NC(=O)c3ncnc4nc[nH]c34)C2)C1,CSCCC(C)(C)c1nc(C2CC3(C2)CN(C(=O)c2ncnc4nc[nH]c24)C3)no1,0.544,N#CC1CC2(CNC2)C1;O=C(O)c1ncnc2nc[nH]c12;R8;CSCCC(C)(C)C(=O)O;R46,2,,,
CSCCC(C)(C)C(=O)N1CC2(CC(NC(=O)c3ncnc4nc[nH]c34)C2)C1,CSCCC(C)(C)C(=O)NC1CC(Cl)(S(=O)(=O)c2ncnc3nc[nH]c23)C1,0.533,NC1CC(Cl)(Cl)C1;CSCCC(C)(C)C(=O)O;R8;Clc1ncnc2nc[nH]c12;R33,2,,,
CSCCC(C)(C)C(=O)N1CC2(CC(NC(=O)c3ncnc4nc[nH]c34)C2)C1,CC(C)(C)OC(=O)N1CC2(CC(CNC(=O)c3ncnc4nc[nH]c34)C2)C1,0.527,NC1CC(Cl)(Cl)C1;CSCCC(C)(C)C(=O)O;R8;O=C(O)c1ncnc2nc[nH]c12;CC(C)(C)OC(=O)N1CC2(CC(CN)C2)C1;R8,2,,,
CSCCC(C)(C)C(=O)N1CC2(CC(NC(=O)c3ncnc4nc[nH]c34)C2)C1,CCN(C)C(CC(C)(C)C(=O)OC1CCC2(CC1)CN(C(=O)C(C)(C)CCSC)C2)(C(=O)O)C1CC2(C1)CN(C(=O)c1ncnc3nc[nH]c13)C2,0.527,N#CC1CC2(CNC2)C1;O=C(O)c1ncnc2nc[nH]c12;R8;CC(C)(CCl)C(=O)O;R97;CCNC;R71;OC1CCC2(CC1)CNC2;R72;CSCCC(C)(C)C(=O)O;R8,5,,,
CSCCC(C)(C)C(=O)N1CC2(CC(NC(=O)c3ncnc4nc[nH]c34)C2)C1,CCN(C)C(CC(C)(C)C(=O)O)(C(=O)OC1CCC2(CC1)CN(C(=O)C(C)(C)CCSC)C2)C1CC2(C1)CN(C(=O)c1ncnc3nc[nH]c13)C2,0.527,N#CC1CC2(CNC2)C1;O=C(O)c1ncnc2nc[nH]c12;R8;CC(C)(CCl)C(=O)O;R97;CCNC;R71;OC1CCC2(CC1)CNC2;R72;CSCCC(C)(C)C(=O)O;R8,5,,,
CSCCC(C)(C)C(=O)N1CC2(CC(NC(=O)c3ncnc4nc[nH]c34)C2)C1,CC(C)(C)OC(=O)N1CC(NC(=O)c2ncnc3nc[nH]c23)C1,0.522,NC1CC(Cl)(Cl)C1;CSCCC(C)(C)C(=O)O;R8;O=C(O)c1ncnc2nc[nH]c12;CC(C)(C)OC(=O)N1CC(N)C1;R8,2,,,
CSCCC(C)(C)C(=O)N1CC2(CC(NC(=O)c3ncnc4nc[nH]c34)C2)C1,CC(C)(C)OC(=O)N1CC2(CC2NC(=O)c2ncnc3nc[nH]c23)C1,0.507,NC1CC(Cl)(Cl)C1;CSCCC(C)(C)C(=O)O;R8;O=C(O)c1ncnc2nc[nH]c12;CC(C)(C)OC(=O)N1CC2(CC2N)C1;R8,2,,,
CSCCC(C)(C)C(=O)N1CC2(CC(NC(=O)c3ncnc4nc[nH]c34)C2)C1,CC(C)(CCC(=O)C1CC2(C1)CN(C(=O)c1ncnc3nc[nH]c13)C2)C(=O)O,0.507,N#CC1CC2(CNC2)C1;O=C(O)c1ncnc2nc[nH]c12;R8;CC(C)(CCCl)C(=O)O;R97,2,,,
CSCCC(C)(C)C(=O)N1CC2(CC(NC(=O)c3ncnc4nc[nH]c34)C2)C1,CSCCC(C)(C)C(=O)N1CC2(CC(OC(=O)C(C)(CCC(C)(C)C(=O)Nc3ccc(C)nc3C)N(C(=O)c3ncnc4nc[nH]c34)C3CC4(CSC4)C3)C2)C1,0.495,NC1CC2(CSC2)C1;O=C(O)c1ncnc2nc[nH]c12;R8;CC(=O)CCC(C)(C)C(=O)O;R71;Cc1ccc(N)c(C)n1;R8;OC1CC2(CNC2)C1;R72;CSCCC(C)(C)C(=O)O;R8,5,,,
CSCCC(C)(C)C(=O)N1CC2(CC(NC(=O)c3ncnc4nc[nH]c34)C2)C1,CSCCC(C)(C)C(=O)N1CC2(CC(OC(=O)C(C)(C)CCC(C)(C(=O)Nc3ccc(C)nc3C)N(C(=O)c3ncnc4nc[nH]c34)C3CC4(CSC4)C3)C2)C1,0.495,NC1CC2(CSC2)C1;O=C(O)c1ncnc2nc[nH]c12;R8;CC(=O)CCC(C)(C)C(=O)O;R71;Cc1ccc(N)c(C)n1;R8;OC1CC2(CNC2)C1;R72;CSCCC(C)(C)C(=O)O;R8,5,,,
CSCCC(C)(C)C(=O)N1CC2(CC(NC(=O)c3ncnc4nc[nH]c34)C2)C1,CC(C)(C)OC(=O)N1CC(C)(C)C(NC(=O)c2ncnc3nc[nH]c23)C(C)(C)C1,0.493,NC1CC(Cl)(Cl)C1;CSCCC(C)(C)C(=O)O;R8;O=C(O)c1ncnc2nc[nH]c12;CC(C)(C)OC(=O)N1CC(C)(C)C(N)C(C)(C)C1;R8,2,,,
CSCCC(C)(C)C(=O)N1CC2(CC(NC(=O)c3ncnc4nc[nH]c34)C2)C1,CSCCSCC(C)(C)c1nc(C2CC3(C2)CN(C(=O)c2ncnc4nc[nH]c24)C3)no1,0.488,N#CC1CC2(CNC2)C1;O=C(O)c1ncnc2nc[nH]c12;R8;CC(C)(CCl)C(=O)O;R46;CSCCBr;R21,3,,,
CSCCC(C)(C)C(=O)N1CC2(CC(NC(=O)c3ncnc4nc[nH]c34)C2)C1,CCCSCCC(C)(C)c1nc(C2CC3(C2)CN(C(=O)c2ncnc4nc[nH]c24)C3)no1,0.488,N#CC1CC2(CNC2)C1;O=C(O)c1ncnc2nc[nH]c12;R8;CC(C)(CCCl)C(=O)O;R46;CCCI;R21,3,,,
CSCCC(C)(C)C(=O)N1CC2(CC(NC(=O)c3ncnc4nc[nH]c34)C2)C1,CSCCC(C)(C)C(=O)N1CC2(CC(OC(=O)C(C)(C)CCC(C)(C(=O)Nc3ccc(C)nc3C)n3cnc4ncnc(C(=O)NC5CC6(CSC6)C5)c43)C2)C1,0.485,NC1CC2(CSC2)C1;O=C(O)c1ncnc2nc[nH]c12;R8;CC(=O)CCC(C)(C)C(=O)O;R71;Cc1ccc(N)c(C)n1;R8;OC1CC2(CNC2)C1;R72;CSCCC(C)(C)C(=O)O;R8,5,,,
CSCCC(C)(C)C(=O)N1CC2(CC(NC(=O)c3ncnc4nc[nH]c34)C2)C1,CSCCC(C)(C)C(=O)N1CC2(CC(OC(=O)C(C)(CCC(C)(C)C(=O)Nc3ccc(C)nc3C)n3cnc4ncnc(C(=O)NC5CC6(CSC6)C5)c43)C2)C1,0.485,NC1CC2(CSC2)C1;O=C(O)c1ncnc2nc[nH]c12;R8;CC(=O)CCC(C)(C)C(=O)O;R71;Cc1ccc(N)c(C)n1;R8;OC1CC2(CNC2)C1;R72;CSCCC(C)(C)C(=O)O;R8,5,,,
CSCCC(C)(C)C(=O)N1CC2(CC(NC(=O)c3ncnc4nc[nH]c34)C2)C1,CSCC(C)(C)c1nc(C2CC3(C2)CN(C(=O)c2ncnc4nc[nH]c24)C3)no1,0.481,N#CC1CC2(CNC2)C1;O=C(O)c1ncnc2nc[nH]c12;R8;CSCC(C)(C)C(=O)O;R46,2,,,
CSCCC(C)(C)C(=O)N1CC2(CC(NC(=O)c3ncnc4nc[nH]c34)C2)C1,CCCNC(=O)C(C)(C)CC(=O)C1CC2(C1)CN(C(=O)c1ncnc3nc[nH]c13)C2,0.481,N#CC1CC2(CNC2)C1;O=C(O)c1ncnc2nc[nH]c12;R8;CC(C)(CCl)C(=O)O;R97;CCCN;R8,3,,,
CSCCC(C)(C)C(=O)N1CC2(CC(NC(=O)c3ncnc4nc[nH]c34)C2)C1,CCCC(O)(CC(C)(C)C(=O)O)C1CC2(C1)CN(C(=O)c1ncnc3nc[nH]c13)C2,0.481,N#CC1CC2(CNC2)C1;O=C(O)c1ncnc2nc[nH]c12;R8;CC(C)(CCl)C(=O)O;R97;CCCI;R98,3,,,
CSCCC(C)(C)C(=O)N1CC2(CC(NC(=O)c3ncnc4nc[nH]c34)C2)C1,CCc1nc(C)ccc1NC(=O)C(C)(C)CCC(C)(C(=O)OC1CC2(C1)CN(C(=O)C(C)(C)CCSC)C2)N(C(=O)c1ncnc2nc[nH]c12)C1CC2(CSC2)C1,0.481,NC1CC2(CSC2)C1;O=C(O)c1ncnc2nc[nH]c12;R8;CC(=O)CCC(C)(C)C(=O)O;R71;CCc1nc(C)ccc1N;R8;OC1CC2(CNC2)C1;R72;CSCCC(C)(C)C(=O)O;R8,5,,,
CSCCC(C)(C)C(=O)N1CC2(CC(NC(=O)c3ncnc4nc[nH]c34)C2)C1,CCc1nc(C)ccc1NC(=O)C(C)(CCC(C)(C)C(=O)OC1CC2(C1)CN(C(=O)C(C)(C)CCSC)C2)N(C(=O)c1ncnc2nc[nH]c12)C1CC2(CSC2)C1,0.481,NC1CC2(CSC2)C1;O=C(O)c1ncnc2nc[nH]c12;R8;CC(=O)CCC(C)(C)C(=O)O;R71;CCc1nc(C)ccc1N;R8;OC1CC2(CNC2)C1;R72;CSCCC(C)(C)C(=O)O;R8,5,,,
CSCCC(C)(C)C(=O)N1CC2(CC(NC(=O)c3ncnc4nc[nH]c34)C2)C1,CN(C)C1CC2(C1)CN(C(=O)c1ncnc3nc[nH]c13)C2,0.478,CN(C)C1CC2(CNC2)C1;O=C(O)c1ncnc2nc[nH]c12;R8,1,,,
CSCCC(C)(C)C(=O)N1CC2(CC(NC(=O)c3ncnc4nc[nH]c34)C2)C1,O=C(c1ncnc2nc[nH]c12)N1CC2(CC(C(F)(F)F)C2)C1,0.478,FC(F)(F)C1CC2(CNC2)C1;O=C(O)c1ncnc2nc[nH]c12;R8,1,,,
CSCCC(C)(C)C(=O)N1CC2(CC(NC(=O)c3ncnc4nc[nH]c34)C2)C1,CCN(C)C(CC(C)(C)C(=O)N1CC2(CC2)C1)(C(=O)O)C1CC2(C1)CN(C(=O)c1ncnc3nc[nH]c13)C2,0.476,N#CC1CC2(CNC2)C1;O=C(O)c1ncnc2nc[nH]c12;R8;CC(C)(CCl)C(=O)O;R97;CCNC;R71;C1CC12CNC2;R8,4,,,
CSCCC(C)(C)C(=O)N1CC2(CC(NC(=O)c3ncnc4nc[nH]c34)C2)C1,CC(C)(CC(O)(CCI)C1CC2(C1)CN(C(=O)c1ncnc3nc[nH]c13)C2)C(=O)O,0.475,N#CC1CC2(CNC2)C1;O=C(O)c1ncnc2nc[nH]c12;R8;CC(C)(CCl)C(=O)O;R97;ICCI;R98,3,,,
CSCCC(C)(C)C(=O)N1CC2(CC(NC(=O)c3ncnc4nc[nH]c34)C2)C1,CSC(C)(C)c1nc(C2CC3(C2)CN(C(=O)c2ncnc4nc[nH]c24)C3)no1,0.474,N#CC1CC2(CNC2)C1;O=C(O)c1ncnc2nc[nH]c12;R8;CSC(C)(C)C(=O)O;R46,2,,,
CSCCC(C)(C)C(=O)N1CC2(CC(NC(=O)c3ncnc4nc[nH]c34)C2)C1,CCC(O)(CC(C)(C)C(=O)O)C1CC2(C1)CN(C(=O)c1ncnc3nc[nH]c13)C2,0.474,N#CC1CC2(CNC2)C1;O=C(O)c1ncnc2nc[nH]c12;R8;CC(C)(CCl)C(=O)O;R97;CCI;R98,3,,,
CSCCC(C)(C)C(=O)N1CC2(CC(NC(=O)c3ncnc4nc[nH]c34)C2)C1,CCOC(=O)C(C)(C)CC(=O)C1CC2(C1)CN(C(=O)c1ncnc3nc[nH]c13)C2,0.474,N#CC1CC2(CNC2)C1;O=C(O)c1ncnc2nc[nH]c12;R8;CC(C)(CCl)C(=O)O;R97;CCI;R31,3,,,
CSCCC(C)(C)C(=O)N1CC2(CC(NC(=O)c3ncnc4nc[nH]c34)C2)C1,CC=C(CC(C)(C)C(=O)O)C1CC2(C1)CN(C(=O)c1ncnc3nc[nH]c13)C2,0.474,N#CC1CC2(CNC2)C1;O=C(O)c1ncnc2nc[nH]c12;R8;CC(C)(CCl)C(=O)O;R97;CCI;R102,3,,,
CSCCC(C)(C)C(=O)N1CC2(CC(NC(=O)c3ncnc4nc[nH]c34)C2)C1,CCN(CC)C(=O)C(C)(C)CC(=O)C1CC2(C1)CN(C(=O)c1ncnc3nc[nH]c13)C2,0.474,N#CC1CC2(CNC2)C1;O=C(O)c1ncnc2nc[nH]c12;R8;CC(C)(CCl)C(=O)O;R97;CCNCC;R8,3,,,
CSCCC(C)(C)C(=O)N1CC2(CC(NC(=O)c3ncnc4nc[nH]c34)C2)C1,CC(C)(CC(=O)C1CC2(C1)CN(C(=O)c1ncnc3nc[nH]c13)C2)C(=O)OCI,0.474,N#CC1CC2(CNC2)C1;O=C(O)c1ncnc2nc[nH]c12;R8;CC(C)(CCl)C(=O)O;R97;BrCI;R31,3,,,
CSCCC(C)(C)C(=O)N1CC2(CC(NC(=O)c3ncnc4nc[nH]c34)C2)C1,CC(C)(CC(=O)C1CC2(C1)CN(C(=O)c1ncnc3nc[nH]c13)C2)C(=O)OCBr,0.474,N#CC1CC2(CNC2)C1;O=C(O)c1ncnc2nc[nH]c12;R8;CC(C)(CCl)C(=O)O;R97;BrCI;R31,3,,,
CSCCC(C)(C)C(=O)N1CC2(CC(NC(=O)c3ncnc4nc[nH]c34)C2)C1,CC(C)(C)OC(=O)N1CC2(CC(OC(=O)c3ncnc4nc[nH]c34)C2)C1,0.473,NC1CC(Cl)(Cl)C1;CSCCC(C)(C)C(=O)O;R8;O=C(O)c1ncnc2nc[nH]c12;CC(C)(C)OC(=O)N1CC2(CC(O)C2)C1;R72,2,,,
CSCCC(C)(C)C(=O)N1CC2(CC(NC(=O)c3ncnc4nc[nH]c34)C2)C1,CCN(C)C(CC(C)(C)C(=O)N1CC(F)(F)C1)(C(=O)O)C1CC2(C1)CN(C(=O)c1ncnc3nc[nH]c13)C2,0.471,N#CC1CC2(CNC2)C1;O=C(O)c1ncnc2nc[nH]c12;R8;CC(C)(CCl)C(=O)O;R97;CCNC;R71;FC1(F)CNC1;R8,4,,,
CSCCC(C)(C)C(=O)N1CC2(CC(NC(=O)c3ncnc4nc[nH]c34)C2)C1,CCN(C)C(=O)C(C)(C)CC(=O)C1CC2(C1)CN(C(=O)c1ncnc3nc[nH]c13)C2,0.468,N#CC1CC2(CNC2)C1;O=C(O)c1ncnc2nc[nH]c12;R8;CC(C)(CCl)C(=O)O;R97;CCNC;R8,3,,,
CSCCC(C)(C)C(=O)N1CC2(CC(NC(=O)c3ncnc4nc[nH]c34)C2)C1,CC(C)C(O)(CC(C)(C)C(=O)O)C1CC2(C1)CN(C(=O)c1ncnc3nc[nH]c13)C2,0.468,N#CC1CC2(CNC2)C1;O=C(O)c1ncnc2nc[nH]c12;R8;CC(C)(CCl)C(=O)O;R97;CC(C)I;R98,3,,,
CSCCC(C)(C)C(=O)N1CC2(CC(NC(=O)c3ncnc4nc[nH]c34)C2)C1,CC(C)(CC(=O)C1CC2(C1)CN(C(=O)c1ncnc3nc[nH]c13)C2)C(=O)OCCl,0.468,N#CC1CC2(CNC2)C1;O=C(O)c1ncnc2nc[nH]c12;R8;CC(C)(CCl)C(=O)O;R97;ClCI;R31,3,,,
CSCCC(C)(C)C(=O)N1CC2(CC(NC(=O)c3ncnc4nc[nH]c34)C2)C1,CC(C)(CC(=O)C1CC2(C1)CN(C(=O)c1ncnc3nc[nH]c13)C2)C(=O)OCF,0.468,N#CC1CC2(CNC2)C1;O=C(O)c1ncnc2nc[nH]c12;R8;CC(C)(CCl)C(=O)O;R97;FCI;R31,3,,,
CSCCC(C)(C)C(=O)N1CC2(CC(NC(=O)c3ncnc4nc[nH]c34)C2)C1,CC(C)OC(=O)C(C)(C)CC(=O)C1CC2(C1)CN(C(=O)c1ncnc3nc[nH]c13)C2,0.468,N#CC1CC2(CNC2)C1;O=C(O)c1ncnc2nc[nH]c12;R8;CC(C)(CCl)C(=O)O;R97;CC(C)I;R31,3,,,
CSCCC(C)(C)C(=O)N1CC2(CC(NC(=O)c3ncnc4nc[nH]c34)C2)C1,CCN(C)C(CC(C)(C)C(=O)N1CC2(CCC2)C1)(C(=O)O)C1CC2(C1)CN(C(=O)c1ncnc3nc[nH]c13)C2,0.465,N#CC1CC2(CNC2)C1;O=C(O)c1ncnc2nc[nH]c12;R8;CC(C)(CCl)C(=O)O;R97;CCNC;R71;C1CC2(C1)CNC2;R8,4,,,
CSCCC(C)(C)C(=O)N1CC2(CC(NC(=O)c3ncnc4nc[nH]c34)C2)C1,CCN(C)C(CC(C)(C)C(=O)N1CC2(CCCC2)C1)(C(=O)O)C1CC2(C1)CN(C(=O)c1ncnc3nc[nH]c13)C2,0.465,N#CC1CC2(CNC2)C1;O=C(O)c1ncnc2nc[nH]c12;R8;CC(C)(CCl)C(=O)O;R97;CCNC;R71;C1CCC2(C1)CNC2;R8,4,,,
CSCCC(C)(C)C(=O)N1CC2(CC(NC(=O)c3ncnc4nc[nH]c34)C2)C1,CCN(C)C(CC(C)(C)C(=O)N1CC2(CC=CC2)C1)(C(=O)O)C1CC2(C1)CN(C(=O)c1ncnc3nc[nH]c13)C2,0.465,N#CC1CC2(CNC2)C1;O=C(O)c1ncnc2nc[nH]c12;R8;CC(C)(CCl)C(=O)O;R97;CCNC;R71;C1=CCC2(C1)CNC2;R8,4,,,
CSCCC(C)(C)C(=O)N1CC2(CC(NC(=O)c3ncnc4nc[nH]c34)C2)C1,CCN(C)C(CC(C)(C)C(=O)O)(C(=O)N1CC2(CC2)C1)C1CC2(C1)CN(C(=O)c1ncnc3nc[nH]c13)C2,0.464,N#CC1CC2(CNC2)C1;O=C(O)c1ncnc2nc[nH]c12;R8;CC(C)(CCl)C(=O)O;R97;CCNC;R71;C1CC12CNC2;R8,4,,,
CSCCC(C)(C)C(=O)N1CC2(CC(NC(=O)c3ncnc4nc[nH]c34)C2)C1,CCCNC(CC(C)(C)C(=O)O)C1CC2(C1)CN(C(=O)c1ncnc3nc[nH]c13)C2,0.463,N#CC1CC2(CNC2)C1;O=C(O)c1ncnc2nc[nH]c12;R8;CC(C)(CCl)C(=O)O;R97;CCCN;R43,3,,,
CSCCC(C)(C)C(=O)N1CC2(CC(NC(=O)c3ncnc4nc[nH]c34)C2)C1,CCCOC(=O)C(C)(C)CC(=O)C1CC2(C1)CN(C(=O)c1ncnc3nc[nH]c13)C2,0.463,N#CC1CC2(CNC2)C1;O=C(O)c1ncnc2nc[nH]c12;R8;CC(C)(CCl)C(=O)O;R97;CCCI;R31,3,,,
CSCCC(C)(C)C(=O)N1CC2(CC(NC(=O)c3ncnc4nc[nH]c34)C2)C1,CCC=C(CC(C)(C)C(=O)O)C1CC2(C1)CN(C(=O)c1ncnc3nc[nH]c13)C2,0.463,N#CC1CC2(CNC2)C1;O=C(O)c1ncnc2nc[nH]c12;R8;CC(C)(CCl)C(=O)O;R97;CCCI;R102,3,,,
CSCCC(C)(C)C(=O)N1CC2(CC(NC(=O)c3ncnc4nc[nH]c34)C2)C1,CCC(CC)C(O)(CC(C)(C)C(=O)O)C1CC2(C1)CN(C(=O)c1ncnc3nc[nH]c13)C2,0.463,N#CC1CC2(CNC2)C1;O=C(O)c1ncnc2nc[nH]c12;R8;CC(C)(CCl)C(=O)O;R97;CCC(I)CC;R98,3,,,
CSCCC(C)(C)C(=O)N1CC2(CC(NC(=O)c3ncnc4nc[nH]c34)C2)C1,CCC(C)(C)C(O)(CC(C)(C)C(=O)O)C1CC2(C1)CN(C(=O)c1ncnc3nc[nH]c13)C2,0.463,N#CC1CC2(CNC2)C1;O=C(O)c1ncnc2nc[nH]c12;R8;CC(C)(CCl)C(=O)O;R97;CCC(C)(C)I;R98,3,,,
CSCCC(C)(C)C(=O)N1CC2(CC(NC(=O)c3ncnc4nc[nH]c34)C2)C1,CCC(C)(C)OC(=O)C(C)(C)CC(=O)C1CC2(C1)CN(C(=O)c1ncnc3nc[nH]c13)C2,0.463,N#CC1CC2(CNC2)C1;O=C(O)c1ncnc2nc[nH]c12;R8;CC(C)(CCl)C(=O)O;R97;CCC(C)(C)I;R31,3,,,
CSCCC(C)(C)C(=O)N1CC2(CC(NC(=O)c3ncnc4nc[nH]c34)C2)C1,CCc1nc(C)ccc1NC(=O)C(C)(C)CCC(C)(C(=O)OC1CC2(C1)CN(C(=O)C(C)(C)CCSC)C2)n1cnc2ncnc(C(=O)NC3CC4(CSC4)C3)c21,0.462,NC1CC2(CSC2)C1;O=C(O)c1ncnc2nc[nH]c12;R8;CC(=O)CCC(C)(C)C(=O)O;R71;CCc1nc(C)ccc1N;R8;OC1CC2(CNC2)C1;R72;CSCCC(C)(C)C(=O)O;R8,5,,,
CSCCC(C)(C)C(=O)N1CC2(CC(NC(=O)c3ncnc4nc[nH]c34)C2)C1,CCc1nc(C)ccc1NC(=O)C(C)(CCC(C)(C)C(=O)OC1CC2(C1)CN(C(=O)C(C)(C)CCSC)C2)n1cnc2ncnc(C(=O)NC3CC4(CSC4)C3)c21,0.462,NC1CC2(CSC2)C1;O=C(O)c1ncnc2nc[nH]c12;R8;CC(=O)CCC(C)(C)C(=O)O;R71;CCc1nc(C)ccc1N;R8;OC1CC2(CNC2)C1;R72;CSCCC(C)(C)C(=O)O;R8,5,,,
CSCCC(C)(C)C(=O)N1CC2(CC(NC(=O)c3ncnc4nc[nH]c34)C2)C1,CCN(C)C(CC(C)(C)C(=O)N1CC2(CCCCCC2)C1)(C(=O)O)C1CC2(C1)CN(C(=O)c1ncnc3nc[nH]c13)C2,0.460,N#CC1CC2(CNC2)C1;O=C(O)c1ncnc2nc[nH]c12;R8;CC(C)(CCl)C(=O)O;R97;CCNC;R71;C1CCCC2(CC1)CNC2;R8,4,,,
CSCCC(C)(C)C(=O)N1CC2(CC(NC(=O)c3ncnc4nc[nH]c34)C2)C1,CCN(C)C(CC(C)(C)C(=O)N1CC2(CCC(C)(C)CC2)C1)(C(=O)O)C1CC2(C1)CN(C(=O)c1ncnc3nc[nH]c13)C2,0.460,N#CC1CC2(CNC2)C1;O=C(O)c1ncnc2nc[nH]c12;R8;CC(C)(CCl)C(=O)O;R97;CCNC;R71;CC1(C)CCC2(CC1)CNC2;R8,4,,,
CSCCC(C)(C)C(=O)N1CC2(CC(NC(=O)c3ncnc4nc[nH]c34)C2)C1,CCN(C)C(CC(C)(C)C(=O)N1CC2(CCCCC2)C1)(C(=O)O)C1CC2(C1)CN(C(=O)c1ncnc3nc[nH]c13)C2,0.460,N#CC1CC2(CNC2)C1;O=C(O)c1ncnc2nc[nH]c12;R8;CC(C)(CCl)C(=O)O;R97;CCNC;R71;C1CCC2(CC1)CNC2;R8,4,,,
CSCCC(C)(C)C(=O)N1CC2(CC(NC(=O)c3ncnc4nc[nH]c34)C2)C1,CCN(C)C(CC(C)(C)C(=O)N1CC2(CSC2)C1)(C(=O)O)C1CC2(C1)CN(C(=O)c1ncnc3nc[nH]c13)C2,0.460,N#CC1CC2(CNC2)C1;O=C(O)c1ncnc2nc[nH]c12;R8;CC(C)(CCl)C(=O)O;R97;CCNC;R71;C1NCC12CSC2;R8,4,,,
CSCCC(C)(C)C(=O)N1CC2(CC(NC(=O)c3ncnc4nc[nH]c34)C2)C1,CCN(C)C(CC(C)(C)C(=O)N1C[C@]2(C)CC[C@]2(C)C1)(C(=O)O)C1CC2(C1)CN(C(=O)c1ncnc3nc[nH]c13)C2,0.460,N#CC1CC2(CNC2)C1;O=C(O)c1ncnc2nc[nH]c12;R8;CC(C)(CCl)C(=O)O;R97;CCNC;R71;C[C@@]12CC[C@]1(C)CNC2;R8,4,,,
CSCCC(C)(C)C(=O)N1CC2(CC(NC(=O)c3ncnc4nc[nH]c34)C2)C1,CSCCC(C)(C)C(=O)NC1CC2(C1)CC(NC(=O)C(C)(C)CCC(C)(c1nc3nc(C)ccc3[nH]1)N(C(=O)c1ncnc3nc[nH]c13)C1CC3(CSC3)C1)C2,0.459,NC1CC2(CSC2)C1;O=C(O)c1ncnc2nc[nH]c12;R8;CC(=O)CCC(C)(C)C(=O)O;R71;Cc1ccc(N)c(N)n1;R19;NC1CC2(C1)CC(N)C2;R8;CSCCC(C)(C)C(=O)O;R8,5,,,
CSCCC(C)(C)C(=O)N1CC2(CC(NC(=O)c3ncnc4nc[nH]c34)C2)C1,CCN(C)C(CC(C)(C)C(=O)O)(C(=O)N1CC(F)(F)C1)C1CC2(C1)CN(C(=O)c1ncnc3nc[nH]c13)C2,0.459,N#CC1CC2(CNC2)C1;O=C(O)c1ncnc2nc[nH]c12;R8;CC(C)(CCl)C(=O)O;R97;CCNC;R71;FC1(F)CNC1;R8,4,,,
CSCCC(C)(C)C(=O)N1CC2(CC(NC(=O)c3ncnc4nc[nH]c34)C2)C1,CCN(CC)C(CC(C)(C)C(=O)O)C1CC2(C1)CN(C(=O)c1ncnc3nc[nH]c13)C2,0.457,N#CC1CC2(CNC2)C1;O=C(O)c1ncnc2nc[nH]c12;R8;CC(C)(CCl)C(=O)O;R97;CCNCC;R43,3,,,
CSCCC(C)(C)C(=O)N1CC2(CC(NC(=O)c3ncnc4nc[nH]c34)C2)C1,CC(C)(CC(=O)C1CC2(C1)CN(C(=O)c1ncnc3nc[nH]c13)C2)C(=O)OCCI,0.457,N#CC1CC2(CNC2)C1;O=C(O)c1ncnc2nc[nH]c12;R8;CC(C)(CCl)C(=O)O;R97;ICCI;R31,3,,,
CSCCC(C)(C)C(=O)N1CC2(CC(NC(=O)c3ncnc4nc[nH]c34)C2)C1,CCC(CC)OC(=O)C(C)(C)CC(=O)C1CC2(C1)CN(C(=O)c1ncnc3nc[nH]c13)C2,0.457,N#CC1CC2(CNC2)C1;O=C(O)c1ncnc2nc[nH]c12;R8;CC(C)(CCl)C(=O)O;R97;CCC(I)CC;R31,3,,,
CSCCC(C)(C)C(=O)N1CC2(CC(NC(=O)c3ncnc4nc[nH]c34)C2)C1,CCN(C)C(CC(C)(C)C(=O)N1CC2(CCN(C)CC2)C1)(C(=O)O)C1CC2(C1)CN(C(=O)c1ncnc3nc[nH]c13)C2,0.455,N#CC1CC2(CNC2)C1;O=C(O)c1ncnc2nc[nH]c12;R8;CC(C)(CCl)C(=O)O;R97;CCNC;R71;CN1CCC2(CC1)CNC2;R8,4,,,
CSCCC(C)(C)C(=O)N1CC2(CC(NC(=O)c3ncnc4nc[nH]c34)C2)C1,CCN(C)C(CC(C)(C)C(=O)N1CC23CNCC2(CNC3)C1)(C(=O)O)C1CC2(C1)CN(C(=O)c1ncnc3nc[nH]c13)C2,0.455,N#CC1CC2(CNC2)C1;O=C(O)c1ncnc2nc[nH]c12;R8;CC(C)(CCl)C(=O)O;R97;CCNC;R71;C1NCC23CNCC12CNC3;R8,4,,,
CSCCC(C)(C)C(=O)N1CC2(CC(NC(=O)c3ncnc4nc[nH]c34)C2)C1,CCN(C)C(CC(C)(C)C(=O)N1CC2(CCC(O)CC2)C1)(C(=O)O)C1CC2(C1)CN(C(=O)c1ncnc3nc[nH]c13)C2,0.455,N#CC1CC2(CNC2)C1;O=C(O)c1ncnc2nc[nH]c12;R8;CC(C)(CCl)C(=O)O;R97;CCNC;R71;OC1CCC2(CC1)CNC2;R8,4,,,
CSCCC(C)(C)C(=O)N1CC2(CC(NC(=O)c3ncnc4nc[nH]c34)C2)C1,CCN(C)C(CC(C)(C)C(=O)N1CC2(C1)CS(=O)(=O)C2)(C(=O)O)C1CC2(C1)CN(C(=O)c1ncnc3nc[nH]c13)C2,0.455,N#CC1CC2(CNC2)C1;O=C(O)c1ncnc2nc[nH]c12;R8;CC(C)(CCl)C(=O)O;R97;CCNC;R71;O=S1(=O)CC2(CNC2)C1;R8,4,,,
CSCCC(C)(C)C(=O)N1CC2(CC(NC(=O)c3ncnc4nc[nH]c34)C2)C1,CSCCC(C)(C)C(=O)NC1CC2(C1)CC(NC(=O)C(C)(C)CCC(C)(c1nc3ccc(C)nc3[nH]1)N(C(=O)c1ncnc3nc[nH]c13)C1CC3(CSC3)C1)C2,0.455,NC1CC2(CSC2)C1;O=C(O)c1ncnc2nc[nH]c12;R8;CC(=O)CCC(C)(C)C(=O)O;R71;Cc1ccc(N)c(N)n1;R19;NC1CC2(C1)CC(N)C2;R8;CSCCC(C)(C)C(=O)O;R8,5,,,
CSCCC(C)(C)C(=O)N1CC2(CC(NC(=O)c3ncnc4nc[nH]c34)C2)C1,CCN(C)C(CC(C)(C)C(=O)O)(C(=O)N1CC2(CCC2)C1)C1CC2(C1)CN(C(=O)c1ncnc3nc[nH]c13)C2,0.453,N#CC1CC2(CNC2)C1;O=C(O)c1ncnc2nc[nH]c12;R8;CC(C)(CCl)C(=O)O;R97;CCNC;R71;C1CC2(C1)CNC2;R8,4,,,
CSCCC(C)(C)C(=O)N1CC2(CC(NC(=O)c3ncnc4nc[nH]c34)C2)C1,CCN(C)C(CC(C)(C)C(=O)O)(C(=O)N1CC2(CCCC2)C1)C1CC2(C1)CN(C(=O)c1ncnc3nc[nH]c13)C2,0.453,N#CC1CC2(CNC2)C1;O=C(O)c1ncnc2nc[nH]c12;R8;CC(C)(CCl)C(=O)O;R97;CCNC;R71;C1CCC2(C1)CNC2;R8,4,,,
CSCCC(C)(C)C(=O)N1CC2(CC(NC(=O)c3ncnc4nc[nH]c34)C2)C1,CCN(C)C(CC(C)(C)C(=O)O)(C(=O)N1CC2(CC=CC2)C1)C1CC2(C1)CN(C(=O)c1ncnc3nc[nH]c13)C2,0.453,N#CC1CC2(CNC2)C1;O=C(O)c1ncnc2nc[nH]c12;R8;CC(C)(CCl)C(=O)O;R97;CCNC;R71;C1=CCC2(C1)CNC2;R8,4,,,
CSCCC(C)(C)C(=O)N1CC2(CC(NC(=O)c3ncnc4nc[nH]c34)C2)C1,CC(C)(CCc1nc(C2CC3(C2)CN(C(=O)c2ncnc4nc[nH]c24)C3)no1)C(=O)O,0.452,N#CC1CC2(CNC2)C1;O=C(O)c1ncnc2nc[nH]c12;R8;CC(C)(CCC(=O)O)C(=O)O;R46,2,,,
CSCCC(C)(C)C(=O)N1CC2(CC(NC(=O)c3ncnc4nc[nH]c34)C2)C1,CC(C)(CCCN)c1nc(C2CC3(C2)CN(C(=O)c2ncnc4nc[nH]c24)C3)no1,0.452,N#CC1CC2(CNC2)C1;O=C(O)c1ncnc2nc[nH]c12;R8;CC(C)(CCCN)C(=O)O;R46,2,,,
CSCCC(C)(C)C(=O)N1CC2(CC(NC(=O)c3ncnc4nc[nH]c34)C2)C1,CCCC(C)(C)c1nc(C2CC3(C2)CN(C(=O)c2ncnc4nc[nH]c24)C3)no1,0.451,N#CC1CC2(CNC2)C1;O=C(O)c1ncnc2nc[nH]c12;R8;CCCC(C)(C)C(=O)O;R46,2,,,
CSCCC(C)(C)C(=O)N1CC2(CC(NC(=O)c3ncnc4nc[nH]c34)C2)C1,CCN(C)C(CC(C)(C)C(=O)O)C1CC2(C1)CN(C(=O)c1ncnc3nc[nH]c13)C2,0.451,N#CC1CC2(CNC2)C1;O=C(O)c1ncnc2nc[nH]c12;R8;CC(C)(CCl)C(=O)O;R97;CCNC;R43,3,,,
CSCCC(C)(C)C(=O)N1CC2(CC(NC(=O)c3ncnc4nc[nH]c34)C2)C1,CCC(C)C(O)(CC(C)(C)C(=O)O)C1CC2(C1)CN(C(=O)c1ncnc3nc[nH]c13)C2,0.451,N#CC1CC2(CNC2)C1;O=C(O)c1ncnc2nc[nH]c12;R8;CC(C)(CCl)C(=O)O;R97;CCC(C)I;R98,3,,,
CSCCC(C)(C)C(=O)N1CC2(CC(NC(=O)c3ncnc4nc[nH]c34)C2)C1,CCC(C)OC(=O)C(C)(C)CC(=O)C1CC2(C1)CN(C(=O)c1ncnc3nc[nH]c13)C2,0.451,N#CC1CC2(CNC2)C1;O=C(O)c1ncnc2nc[nH]c12;R8;CC(C)(CCl)C(=O)O;R97;CCC(C)I;R31,3,,,
CSCCC(C)(C)C(=O)N1CC2(CC(NC(=O)c3ncnc4nc[nH]c34)C2)C1,CC(C)(C)OC(=O)N1CC2(C1)CN(C(=O)c1ncnc3nc[nH]c13)C2,0.451,NC1CC(Cl)(Cl)C1;CSCCC(C)(C)C(=O)O;R8;O=C(O)c1ncnc2nc[nH]c12;CC(C)(C)OC(=O)N1CC2(CNC2)C1;R8,2,,,
CSCCC(C)(C)C(=O)N1CC2(CC(NC(=O)c3ncnc4nc[nH]c34)C2)C1,CSCC(C)(C)C(=O)OCC(C)(C)c1nc(C2CC3(C2)CN(C(=O)c2ncnc4nc[nH]c24)C3)no1,0.449,N#CC1CC2(CNC2)C1;O=C(O)c1ncnc2nc[nH]c12;R8;CC(C)(CO)C(=O)O;R46;CSCC(C)(C)C(=O)O;R72,3,,,
CSCCC(C)(C)C(=O)N1CC2(CC(NC(=O)c3ncnc4nc[nH]c34)C2)C1,CCN(C)C(CC(C)(C)C(=O)N1CC2(CCC(F)(F)CC2)C1)(C(=O)O)C1CC2(C1)CN(C(=O)c1ncnc3nc[nH]c13)C2,0.449,N#CC1CC2(CNC2)C1;O=C(O)c1ncnc2nc[nH]c12;R8;CC(C)(CCl)C(=O)O;R97;CCNC;R71;FC1(F)CCC2(CC1)CNC2;R8,4,,,
CSCCC(C)(C)C(=O)N1CC2(CC(NC(=O)c3ncnc4nc[nH]c34)C2)C1,CCN(C)C(CC(C)(C)C(=O)N1CC2(CCOCC2)C1)(C(=O)O)C1CC2(C1)CN(C(=O)c1ncnc3nc[nH]c13)C2,0.449,N#CC1CC2(CNC2)C1;O=C(O)c1ncnc2nc[nH]c12;R8;CC(C)(CCl)C(=O)O;R97;CCNC;R71;C1CC2(CCO1)CNC2;R8,4,,,
CSCCC(C)(C)C(=O)N1CC2(CC(NC(=O)c3ncnc4nc[nH]c34)C2)C1,CCN(C)C(CC(C)(C)C(=O)N1CC2(C1)CC1(CCC1)C2)(C(=O)O)C1CC2(C1)CN(C(=O)c1ncnc3nc[nH]c13)C2,0.449,N#CC1CC2(CNC2)C1;O=C(O)c1ncnc2nc[nH]c12;R8;CC(C)(CCl)C(=O)O;R97;CCNC;R71;C1CC2(C1)CC1(CNC1)C2;R8,4,,,
CSCCC(C)(C)C(=O)N1CC2(CC(NC(=O)c3ncnc4nc[nH]c34)C2)C1,CC(C)(C)c1nc(C2CC3(C2)CN(C(=O)c2ncnc4nc[nH]c24)C3)no1,0.449,N#CC1CC2(CNC2)C1;O=C(O)c1ncnc2nc[nH]c12;R8;CC(C)(C)C(=O)O;R46,2,,,
CSCCC(C)(C)C(=O)N1CC2(CC(NC(=O)c3ncnc4nc[nH]c34)C2)C1,CCN(C)C(CC(C)(C)C(=O)O)(C(=O)N1CC2(CCCCCC2)C1)C1CC2(C1)CN(C(=O)c1ncnc3nc[nH]c13)C2,0.448,N#CC1CC2(CNC2)C1;O=C(O)c1ncnc2nc[nH]c12;R8;CC(C)(CCl)C(=O)O;R97;CCNC;R71;C1CCCC2(CC1)CNC2;R8,4,,,
CSCCC(C)(C)C(=O)N1CC2(CC(NC(=O)c3ncnc4nc[nH]c34)C2)C1,CCN(C)C(CC(C)(C)C(=O)O)(C(=O)N1CC2(CCC(C)(C)CC2)C1)C1CC2(C1)CN(C(=O)c1ncnc3nc[nH]c13)C2,0.448,N#CC1CC2(CNC2)C1;O=C(O)c1ncnc2nc[nH]c12;R8;CC(C)(CCl)C(=O)O;R97;CCNC;R71;CC1(C)CCC2(CC1)CNC2;R8,4,,,
CSCCC(C)(C)C(=O)N1CC2(CC(NC(=O)c3ncnc4nc[nH]c34)C2)C1,CCN(C)C(CC(C)(C)C(=O)O)(C(=O)N1CC2(CCCCC2)C1)C1CC2(C1)CN(C(=O)c1ncnc3nc[nH]c13)C2,0.448,N#CC1CC2(CNC2)C1;O=C(O)c1ncnc2nc[nH]c12;R8;CC(C)(CCl)C(=O)O;R97;CCNC;R71;C1CCC2(CC1)CNC2;R8,4,,,
CSCCC(C)(C)C(=O)N1CC2(CC(NC(=O)c3ncnc4nc[nH]c34)C2)C1,CCN(C)C(CC(C)(C)C(=O)N1CCC2(CC2)C1)(C(=O)O)C1CC2(C1)CN(C(=O)c1ncnc3nc[nH]c13)C2,0.448,N#CC1CC2(CNC2)C1;O=C(O)c1ncnc2nc[nH]c12;R8;CC(C)(CCl)C(=O)O;R97;CCNC;R71;C1CC2(CC2)CN1;R8,4,,,
CSCCC(C)(C)C(=O)N1CC2(CC(NC(=O)c3ncnc4nc[nH]c34)C2)C1,CCN(C)C(CC(C)(C)C(=O)O)(C(=O)N1CC2(CSC2)C1)C1CC2(C1)CN(C(=O)c1ncnc3nc[nH]c13)C2,0.448,N#CC1CC2(CNC2)C1;O=C(O)c1ncnc2nc[nH]c12;R8;CC(C)(CCl)C(=O)O;R97;CCNC;R71;C1NCC12CSC2;R8,4,,,
Cc1cc(NC(=O)CN(C)Cc2ccccc2Cl)nn1CC(F)(F)F,Cc1cc(NC(=O)CN(C)Cc2ccccc2Cl)nn1CC(F)(F)F,1.000,Cc1cc(N)nn1CC(F)(F)F;CN(CC(=O)O)Cc1ccccc1Cl;R8,1,1.000,1.000,1.000
Cc1cc(NC(=O)CN(C)Cc2ccccc2Cl)nn1CC(F)(F)F,Cc1cc(NC(=O)CN(C)Cc2ccccc2F)nn1CC(F)(F)F,0.804,Cc1cc(N)nn1CC(F)(F)F;CN(CC(=O)O)Cc1ccccc1F;R8,1,1.000,0.920,0.840
Cc1cc(NC(=O)CN(C)Cc2ccccc2Cl)nn1CC(F)(F)F,CCN(CC(=O)Nc1cc(C)n(CC(F)(F)F)n1)Cc1ccccc1Cl,0.793,Cc1cc(N)nn1CC(F)(F)F;CCN(CC(=O)O)Cc1ccccc1Cl;R8,1,1.000,1.000,0.968
Cc1cc(NC(=O)CN(C)Cc2ccccc2Cl)nn1CC(F)(F)F,CNC(=O)Cn1nc(NC(=O)CN(C)Cc2ccccc2Cl)cc1C,0.754,CNC(=O)Cn1nc(N)cc1C;CN(CC(=O)O)Cc1ccccc1Cl;R8,1,1.000,0.854,0.799
Cc1cc(NC(=O)CN(C)Cc2ccccc2Cl)nn1CC(F)(F)F,Cc1cc(NC(=O)CN(C)Cc2ccccc2Cl)nn1CC(N)=O,0.754,Cc1cc(N)nn1CC(N)=O;CN(CC(=O)O)Cc1ccccc1Cl;R8,1,1.000,0.834,0.826
Cc1cc(NC(=O)CN(C)Cc2ccccc2Cl)nn1CC(F)(F)F,Cc1cc(NC(=O)CN(C)Cc2ccccc2Cl)nn1CC(=O)O,0.754,Cc1cc(N)nn1CC(=O)O;CN(CC(=O)O)Cc1ccccc1Cl;R8,1,1.000,0.729,0.815
Cc1cc(NC(=O)CN(C)Cc2ccccc2Cl)nn1CC(F)(F)F,Cc1cc(NC(=O)CN(C)Cc2ccccc2)nn1CC(F)(F)F,0.750,Cc1cc(N)nn1CC(F)(F)F;CN(CC(=O)O)Cc1ccccc1;R8,1,1.000,0.891,0.911
Cc1cc(NC(=O)CN(C)Cc2ccccc2Cl)nn1CC(F)(F)F,Cc1cc(NC(=O)CN(C)Cc2ccccc2Cl)nn1Cc1ccccc1F,0.746,Cc1cc(N)nn1Cc1ccccc1F;CN(CC(=O)O)Cc1ccccc1Cl;R8,1,0.553,0.656,0.650
Cc1cc(NC(=O)CN(C)Cc2ccccc2Cl)nn1CC(F)(F)F,Cc1cc(NC(=O)Cc2ccccc2Cl)nn1CC(F)(F)F,0.745,Cc1cc(N)nn1CC(F)(F)F;O=C(O)Cc1ccccc1Cl;R8,1,0.692,0.467,0.669
Cc1cc(NC(=O)CN(C)Cc2ccccc2Cl)nn1CC(F)(F)F,Cc1cc(NC(=O)CN(C)Cc2ccccc2Cl)nn1CCO,0.741,Cc1cc(N)nn1CCO;CN(CC(=O)O)Cc1ccccc1Cl;R8,1,1.000,0.849,0.877
Cc1cc(NC(=O)CN(C)Cc2ccccc2Cl)nn1CC(F)(F)F,Cc1cc(NC(=O)CCc2ccccc2Cl)nn1CC(F)(F)F,0.719,Cc1cc(N)nn1CC(F)(F)F;O=C(O)CCc1ccccc1Cl;R8,1,,,
Cc1cc(NC(=O)CN(C)Cc2ccccc2Cl)nn1CC(F)(F)F,Cc1cc(NC(=O)CN(C)Cc2cccc(Cl)c2)nn1CC(F)(F)F,0.717,Cc1cc(N)nn1CC(F)(F)F;CN(CC(=O)O)Cc1cccc(Cl)c1;R8,1,,,
Cc1cc(NC(=O)CN(C)Cc2ccccc2Cl)nn1CC(F)(F)F,Cc1cc(NC(=O)CN(C)Cc2ccccc2Cl)nn1CCC(=O)O,0.717,Cc1cc(N)nn1CCC(=O)O;CN(CC(=O)O)Cc1ccccc1Cl;R8,1,,,
Cc1cc(NC(=O)CN(C)Cc2ccccc2Cl)nn1CC(F)(F)F,Cc1cc(NC(=O)CN(C)Cc2ccccc2Cl)nn1C,0.714,Cc1cc(N)nn1C;CN(CC(=O)O)Cc1ccccc1Cl;R8,1,,,
Cc1cc(NC(=O)CN(C)Cc2ccccc2Cl)nn1CC(F)(F)F,Cc1cc(NC(=O)CN(C)Cc2ccccc2Cl)nn1C(C)(C)C,0.707,Cc1cc(N)nn1C(C)(C)C;CN(CC(=O)O)Cc1ccccc1Cl;R8,1,,,
Cc1cc(NC(=O)CN(C)Cc2ccccc2Cl)nn1CC(F)(F)F,CCn1nc(NC(=O)CN(C)Cc2ccccc2Cl)cc1C(F)(F)F,0.700,CCn1nc(N)cc1C(F)(F)F;CN(CC(=O)O)Cc1ccccc1Cl;R8,1,,,
Cc1cc(NC(=O)CN(C)Cc2ccccc2Cl)nn1CC(F)(F)F,Cc1cc(NC(=O)CCCc2ccccc2Cl)nn1CC(F)(F)F,0.695,Cc1cc(N)nn1CC(F)(F)F;O=C(O)CCCc1ccccc1Cl;R8,1,,,
Cc1cc(NC(=O)CN(C)Cc2ccccc2Cl)nn1CC(F)(F)F,Cc1ccc(CN(C)CC(=O)Nc2cc(C)n(CC(F)(F)F)n2)cc1,0.690,Cc1cc(N)nn1CC(F)(F)F;Cc1ccc(CN(C)CC(=O)O)cc1;R8,1,,,
Cc1cc(NC(=O)CN(C)Cc2ccccc2Cl)nn1CC(F)(F)F,Cc1cc(NC(=O)CN(C)Cc2ccc(Cl)s2)nn1CC(F)(F)F,0.689,Cc1cc(N)nn1CC(F)(F)F;CN(CC(=O)O)Cc1ccc(Cl)s1;R8,1,,,
Cc1cc(NC(=O)CN(C)Cc2ccccc2Cl)nn1CC(F)(F)F,Cc1cc(NC(=O)CSCc2ccccc2Cl)nn1CC(F)(F)F,0.683,Cc1cc(N)nn1CC(F)(F)F;O=C(O)CSCc1ccccc1Cl;R8,1,,,
Cc1cc(NC(=O)CN(C)Cc2ccccc2Cl)nn1CC(F)(F)F,CN(CC(=O)Nc1cnn(CC(F)(F)F)n1)Cc1ccccc1Cl,0.683,Nc1cnn(CC(F)(F)F)n1;CN(CC(=O)O)Cc1ccccc1Cl;R8,1,,,
Cc1cc(NC(=O)CN(C)Cc2ccccc2Cl)nn1CC(F)(F)F,CN(CC(=O)Nc1ccnn1CC(F)(F)F)Cc1ccccc1Cl,0.678,Nc1ccnn1CC(F)(F)F;CN(CC(=O)O)Cc1ccccc1Cl;R8,1,,,
Cc1cc(NC(=O)CN(C)Cc2ccccc2Cl)nn1CC(F)(F)F,Cc1cc(NC(=O)CN(C)CCc2ccccc2)nn1CC(F)(F)F,0.667,Cc1cc(N)nn1CC(F)(F)F;CN(CCc1ccccc1)CC(=O)O;R8,1,,,
Cc1cc(NC(=O)CN(C)Cc2ccccc2Cl)nn1CC(F)(F)F,CN(CC(=O)Nc1cc(C(F)(F)F)n(C)n1)Cc1ccccc1Cl,0.667,Cn1nc(N)cc1C(F)(F)F;CN(CC(=O)O)Cc1ccccc1Cl;R8,1,,,
Cc1cc(NC(=O)CN(C)Cc2ccccc2Cl)nn1CC(F)(F)F,Cc1cc(NC(=O)CN(C)CC(=O)O)nn1CC(F)(F)F,0.661,Cc1cc(N)nn1CC(F)(F)F;CN(CC(=O)O)CC(=O)O;R8,1,,,
Cc1cc(NC(=O)CN(C)Cc2ccccc2Cl)nn1CC(F)(F)F,CCC(CC)n1nc(NC(=O)CN(C)Cc2ccccc2Cl)cc1C,0.656,CCC(CC)n1nc(N)cc1C;CN(CC(=O)O)Cc1ccccc1Cl;R8,1,,,
Cc1cc(NC(=O)CN(C)Cc2ccccc2Cl)nn1CC(F)(F)F,Cc1cc(NC(=O)CN(C)c2ccccc2)nn1CC(F)(F)F,0.655,Cc1cc(N)nn1CC(F)(F)F;CN(CC(=O)O)c1ccccc1;R8,1,,,
Cc1cc(NC(=O)CN(C)Cc2ccccc2Cl)nn1CC(F)(F)F,Cc1cn(CC(F)(F)F)nc1NC(=O)CN(C)Cc1ccccc1Cl,0.645,Cc1cn(CC(F)(F)F)nc1N;CN(CC(=O)O)Cc1ccccc1Cl;R8,1,,,
Cc1cc(NC(=O)CN(C)Cc2ccccc2Cl)nn1CC(F)(F)F,Cc1cc(NC(=O)C(C)Cc2ccccc2Cl)nn1CC(F)(F)F,0.639,Cc1cc(N)nn1CC(F)(F)F;CC(Cc1ccccc1Cl)C(=O)O;R8,1,,,
Cc1cc(NC(=O)CN(C)Cc2ccccc2Cl)nn1CC(F)(F)F,Cc1cc(NC(C)CC(=O)N(C)Cc2ccccc2Cl)nn1CC(F)(F)F,0.631,Cc1cc(N)nn1CC(F)(F)F;CC(=O)CC(=O)N(C)Cc1ccccc1Cl;R43,1,,,
Cc1cc(NC(=O)CN(C)Cc2ccccc2Cl)nn1CC(F)(F)F,Cc1cc(Nc2ccccc2CN(C)CC(=O)O)nn1CC(F)(F)F,0.629,Cc1cc(N)nn1CC(F)(F)F;CN(CC(=O)O)Cc1ccccc1Cl;R9,1,,,
Cc1cc(NC(=O)CN(C)Cc2ccccc2Cl)nn1CC(F)(F)F,Cc1cc(NC(=O)Cc2ccccc2CC(=O)O)nn1CC(F)(F)F,0.600,Cc1cc(N)nn1CC(F)(F)F;O=C(O)Cc1ccccc1CC(=O)O;R8,1,,,
Cc1cc(NC(=O)CN(C)Cc2ccccc2Cl)nn1CC(F)(F)F,Cc1cc(NCc2ccccc2Cl)nn1CC(F)(F)F,0.596,Cc1cc(N)nn1CC(F)(F)F;ClCc1ccccc1Cl;R9,1,,,
Cc1cc(NC(=O)CN(C)Cc2ccccc2Cl)nn1CC(F)(F)F,Cc1cc(NC(=O)CN(CC(=O)O)Cc2ccccc2)nn1CC(F)(F)F,0.594,Cc1cc(N)nn1CC(F)(F)F;O=C(O)CN(CC(=O)O)Cc1ccccc1;R8,1,,,
Cc1cc(NC(=O)CN(C)Cc2ccccc2Cl)nn1CC(F)(F)F,Cc1cc(NC(c2ccccc2)C(C)N(C)Cc2ccccc2Cl)nn1CC(F)(F)F,0.567,Cc1cc(N)nn1CC(F)(F)F;CC(C(=O)c1ccccc1)N(C)Cc1ccccc1Cl;R43,1,,,
Cc1cc(NC(=O)CN(C)Cc2ccccc2Cl)nn1CC(F)(F)F,Cc1cc(NC(C)Cc2ccccc2Cl)nn1CC(F)(F)F,0.557,Cc1cc(N)nn1CC(F)(F)F;CC(=O)Cc1ccccc1Cl;R43,1,,,
Cc1cc(NC(=O)CN(C)Cc2ccccc2Cl)nn1CC(F)(F)F,Cc1cc(Nc2ccccc2CN(C)C)nn1CC(F)(F)F,0.525,Cc1cc(N)nn1CC(F)(F)F;CN(C)Cc1ccccc1Cl;R9,1,,,
Cc1cc(NC(=O)CN(C)Cc2ccccc2Cl)nn1CC(F)(F)F,Cc1cc(Nc2cccc(CN(C)CC(=O)O)c2)nn1CC(F)(F)F,0.522,Cc1cc(N)nn1CC(F)(F)F;CN(CC(=O)O)Cc1cccc(Cl)c1;R9,1,,,
Cc1cc(NC(=O)CN(C)Cc2ccccc2Cl)nn1CC(F)(F)F,CC(=O)CC(=O)N(C)Cc1ccccc1Nc1cc(C)n(CC(F)(F)F)n1,0.515,Cc1cc(N)nn1CC(F)(F)F;CC(=O)CC(=O)N(C)Cc1ccccc1Cl;R9,1,,,
Cc1cc(NC(=O)CN(C)Cc2ccccc2Cl)nn1CC(F)(F)F,CCN(CC(=O)O)Cc1ccccc1Nc1cc(C)n(CC(F)(F)F)n1,0.507,Cc1cc(N)nn1CC(F)(F)F;CCN(CC(=O)O)Cc1ccccc1Cl;R9,1,,,
Cc1cc(NC(=O)CN(C)Cc2ccccc2Cl)nn1CC(F)(F)F,Cc1cc(Nc2ccccc2CC(=O)O)nn1CC(F)(F)F,0.500,Cc1cc(N)nn1CC(F)(F)F;O=C(O)Cc1ccccc1Cl;R9,1,,,
Cc1cc(NC(=O)CN(C)Cc2ccccc2Cl)nn1CC(F)(F)F,Cc1cc(Nc2ccccc2CC(N)=O)nn1CC(F)(F)F,0.500,Cc1cc(N)nn1CC(F)(F)F;NC(=O)Cc1ccccc1Cl;R9,1,,,
Cc1cc(NC(=O)CN(C)Cc2ccccc2Cl)nn1CC(F)(F)F,Cc1cc(Nc2ccccc2CN(C)C(C)C(=O)c2ccccc2)nn1CC(F)(F)F,0.493,Cc1cc(N)nn1CC(F)(F)F;CC(C(=O)c1ccccc1)N(C)Cc1ccccc1Cl;R9,1,,,
Cc1cc(NC(=O)CN(C)Cc2ccccc2Cl)nn1CC(F)(F)F,Cc1cc(Nc2ccccc2CCl)nn1CC(F)(F)F,0.492,Cc1cc(N)nn1CC(F)(F)F;ClCc1ccccc1Cl;R9,1,,,
Cc1cc(NC(=O)CN(C)Cc2ccccc2Cl)nn1CC(F)(F)F,CNC(=O)Cn1nc(Nc2ccccc2CN(C)CC(=O)O)cc1C,0.485,CNC(=O)Cn1nc(N)cc1C;CN(CC(=O)O)Cc1ccccc1Cl;R9,1,,,
Cc1cc(NC(=O)CN(C)Cc2ccccc2Cl)nn1CC(F)(F)F,Cc1cc(Nc2ccccc2CCC(=O)O)nn1CC(F)(F)F,0.485,Cc1cc(N)nn1CC(F)(F)F;O=C(O)CCc1ccccc1Cl;R9,1,,,
Cc1cc(NC(=O)CN(C)Cc2ccccc2Cl)nn1CC(F)(F)F,Cc1cc(Nc2ccccc2CN(C)CC(=O)O)nn1Cc1ccccc1F,0.471,Cc1cc(N)nn1Cc1ccccc1F;CN(CC(=O)O)Cc1ccccc1Cl;R9,1,,,
Cc1cc(NC(=O)CN(C)Cc2ccccc2Cl)nn1CC(F)(F)F,Cc1cc(Nc2ccccc2CCCC(=O)O)nn1CC(F)(F)F,0.471,Cc1cc(N)nn1CC(F)(F)F;O=C(O)CCCc1ccccc1Cl;R9,1,,,
Cc1cc(NC(=O)CN(C)Cc2ccccc2Cl)nn1CC(F)(F)F,Cc1cc(Nc2ccccc2CC(C)C(=O)O)nn1CC(F)(F)F,0.471,Cc1cc(N)nn1CC(F)(F)F;CC(Cc1ccccc1Cl)C(=O)O;R9,1,,,
Cc1cc(NC(=O)CN(C)Cc2ccccc2Cl)nn1CC(F)(F)F,Cc1cc(Nc2ccccc2CSCC(=O)O)nn1CC(F)(F)F,0.471,Cc1cc(N)nn1CC(F)(F)F;O=C(O)CSCc1ccccc1Cl;R9,1,,,
Cc1cc(NC(=O)CN(C)Cc2ccccc2Cl)nn1CC(F)(F)F,CN(CC(=O)O)Cc1ccccc1Nc1ccnn1CC(F)(F)F,0.456,Nc1ccnn1CC(F)(F)F;CN(CC(=O)O)Cc1ccccc1Cl;R9,1,,,
Cc1cc(NC(=O)CN(C)Cc2ccccc2Cl)nn1CC(F)(F)F,CN(CC(=O)Cl)Cc1ccccc1Cl,0.455,Cc1cc(C(=O)O)nn1CC(F)(F)F;CN(CC(=O)O)Cc1ccccc1Cl;R107,1,,,
Cc1cc(NC(=O)CN(C)Cc2ccccc2Cl)nn1CC(F)(F)F,CCn1nc(Nc2ccccc2CN(C)CC(=O)O)cc1C(F)(F)F,0.423,CCn1nc(N)cc1C(F)(F)F;CN(CC(=O)O)Cc1ccccc1Cl;R9,1,,,
Cc1cc(NC(=O)CN(C)Cc2ccccc2Cl)nn1CC(F)(F)F,Cc1cn(CC(F)(F)F)nc1Nc1ccccc1CN(C)CC(=O)O,0.423,Cc1cn(CC(F)(F)F)nc1N;CN(CC(=O)O)Cc1ccccc1Cl;R9,1,,,
Cc1cc(NC(=O)CN(C)Cc2ccccc2Cl)nn1CC(F)(F)F,CN(CC(=O)O)Cc1ccccc1Nc1cc(C(F)(F)F)n(C)n1,0.394,Cn1nc(N)cc1C(F)(F)F;CN(CC(=O)O)Cc1ccccc1Cl;R9,1,,,
O=C1CCc2cc(C(=O)N3CC4CCCC3C4CO)cnc2N1,O=C1CCc2cc(C(=O)N3CC4CCCC3C4CO)cnc2N1,1.000,O=C1CCc2cc(C(=O)O)cnc2N1;OCC1C2CCCC1NC2;R8,1,1.000,1.000,1.000
O=C1CCc2cc(C(=O)N3CC4CCCC3C4CO)cnc2N1,O=C1CCc2cc(C(=O)N3CC4CCCC43)cnc2N1,0.792,O=C1CCc2cc(C(=O)O)cnc2N1;C1CC2CNC2C1;R8,1,0.685,0.694,0.853
O=C1CCc2cc(C(=O)N3CC4CCCC3C4CO)cnc2N1,O=C1CCc2cc(C(=O)N3C[C@H]4CCCC[C@H]43)cnc2N1,0.759,O=C1CCc2cc(C(=O)O)cnc2N1;C1CC[C@H]2NC[C@H]2C1;R8,1,0.655,0.664,0.876
O=C1CCc2cc(C(=O)N3CC4CCCC3C4CO)cnc2N1,O=C(c1cnc2c(c1)CCN2)N1CC2CCCC1C2CO,0.754,O=C(O)c1cnc2c(c1)CCN2;OCC1C2CCCC1NC2;R8,1,0.736,0.900,0.846
O=C1CCc2cc(C(=O)N3CC4CCCC3C4CO)cnc2N1,O=C1NCc2cc(C(=O)N3CC4CCCC3C4CO)cnc2N1,0.746,O=C1NCc2cc(C(=O)O)cnc2N1;OCC1C2CCCC1NC2;R8,1,0.727,0.954,0.763
O=C1CCc2cc(C(=O)N3CC4CCCC3C4CO)cnc2N1,O=C1COc2cc(C(=O)N3CC4CCCC3C4CO)cnc2N1,0.746,O=C1COc2cc(C(=O)O)cnc2N1;OCC1C2CCCC1NC2;R8,1,0.727,0.945,0.686
O=C1CCc2cc(C(=O)N3CC4CCCC3C4CO)cnc2N1,O=C1CCc2cc(C(=O)N3CC4CCCCCCC43)cnc2N1,0.745,O=C1CCc2cc(C(=O)O)cnc2N1;C1CCCC2NCC2CC1;R8,1,0.643,0.639,0.874
O=C1CCc2cc(C(=O)N3CC4CCCC3C4CO)cnc2N1,O=C1CCc2cc(C(=O)N3CC4CCCCCC43)cnc2N1,0.745,O=C1CCc2cc(C(=O)O)cnc2N1;C1CCC2CNC2CC1;R8,1,0.643,0.670,0.873
O=C1CCc2cc(C(=O)N3CC4CCCC3C4CO)cnc2N1,O=C(c1cnc2c(c1)CCCN2)N1CC2CCCC1C2CO,0.741,O=C(O)c1cnc2c(c1)CCCN2;OCC1C2CCCC1NC2;R8,1,0.722,0.900,0.943
O=C1CCc2cc(C(=O)N3CC4CCCC3C4CO)cnc2N1,O=C1CNc2cc(C(=O)N3CC4CCCC3C4CO)cnc2N1,0.717,O=C1CNc2cc(C(=O)O)cnc2N1;OCC1C2CCCC1NC2;R8,1,0.696,0.839,0.706
O=C1CCc2cc(C(=O)N3CC4CCCC3C4CO)cnc2N1,O=C1CCc2cc(C(=O)N3CC(O)CC3C3CCC3)cnc2N1,0.712,O=C1CCc2cc(C(=O)O)cnc2N1;OC1CNC(C2CCC2)C1;R8,1,,,
O=C1CCc2cc(C(=O)N3CC4CCCC3C4CO)cnc2N1,O=C1CCc2cc(C(=O)N3C[C@@H]4C[C@@H](CO)C[C@@H]43)cnc2N1,0.712,O=C1CCc2cc(C(=O)O)cnc2N1;OC[C@@H]1C[C@H]2CN[C@H]2C1;R8,1,,,
O=C1CCc2cc(C(=O)N3CC4CCCC3C4CO)cnc2N1,O=C1CCc2cc(C(=O)N3CC4CCCC3C4CO)ccc2N1,0.695,O=C1CCc2cc(C(=O)O)ccc2N1;OCC1C2CCCC1NC2;R8,1,,,
O=C1CCc2cc(C(=O)N3CC4CCCC3C4CO)cnc2N1,O=C1CNc2ncc(C(=O)N3CC4CCCC3C4CO)cc2N1,0.689,O=C1CNc2ncc(C(=O)O)cc2N1;OCC1C2CCCC1NC2;R8,1,,,
O=C1CCc2cc(C(=O)N3CC4CCCC3C4CO)cnc2N1,O=C1CCc2cc(C(=O)N3CC[C@H]4CCC[C@H]43)cnc2N1,0.684,O=C1CCc2cc(C(=O)O)cnc2N1;C1C[C@@H]2CCN[C@@H]2C1;R8,1,,,
O=C1CCc2cc(C(=O)N3CC4CCCC3C4CO)cnc2N1,O=C1CCc2cc(C(=O)N3CCCC3C3CCC3)cnc2N1,0.684,O=C1CCc2cc(C(=O)O)cnc2N1;C1CC(C2CCCN2)C1;R8,1,,,
O=C1CCc2cc(C(=O)N3CC4CCCC3C4CO)cnc2N1,O=C1CCc2cc(C(=O)N3CCCC4CCCC43)cnc2N1,0.684,O=C1CCc2cc(C(=O)O)cnc2N1;C1CNC2CCCC2C1;R8,1,,,
O=C1CCc2cc(C(=O)N3CC4CCCC3C4CO)cnc2N1,O=C1CCc2cc(C(=O)N3CCC3C3CCC3)cnc2N1,0.684,O=C1CCc2cc(C(=O)O)cnc2N1;C1CC(C2CCN2)C1;R8,1,,,
O=C1CCc2cc(C(=O)N3CC4CCCC3C4CO)cnc2N1,O=C1CCc2cc(C(=O)N3CCCCC3C3CCC3)cnc2N1,0.672,O=C1CCc2cc(C(=O)O)cnc2N1;C1CCC(C2CCC2)NC1;R8,1,,,
O=C1CCc2cc(C(=O)N3CC4CCCC3C4CO)cnc2N1,O=C(c1cnc2c(c1)CCC2)N1CC2CCCC1C2CO,0.672,O=C(O)c1cnc2c(c1)CCC2;OCC1C2CCCC1NC2;R8,1,,,
O=C1CCc2cc(C(=O)N3CC4CCCC3C4CO)cnc2N1,O=C(c1cnc2c(c1)CCCC2)N1CC2CCCC1C2CO,0.672,O=C(O)c1cnc2c(c1)CCCC2;OCC1C2CCCC1NC2;R8,1,,,
O=C1CCc2cc(C(=O)N3CC4CCCC3C4CO)cnc2N1,O=C1CCc2cc(C(=O)N3[C@H](CO)C[C@@H]4CCC[C@@H]43)cnc2N1,0.672,O=C1CCc2cc(C(=O)O)cnc2N1;OC[C@@H]1C[C@@H]2CCC[C@@H]2N1;R8,1,,,
O=C1CCc2cc(C(=O)N3CC4CCCC3C4CO)cnc2N1,O=C1CCc2cc(C(=O)N3C[C@H]4CCC[C@H]4C3)cnc2N1,0.661,O=C1CCc2cc(C(=O)O)cnc2N1;C1C[C@@H]2CNC[C@@H]2C1;R8,1,,,
O=C1CCc2cc(C(=O)N3CC4CCCC3C4CO)cnc2N1,O=C1CCc2ccc(C(=O)N3CC4CCCC3C4CO)nc2N1,0.656,O=C1CCc2ccc(C(=O)O)nc2N1;OCC1C2CCCC1NC2;R8,1,,,
O=C1CCc2cc(C(=O)N3CC4CCCC3C4CO)cnc2N1,O=C1CCc2cc(C(=O)N3C[C@@H]4[C@@H](CO)[C@@H]4C3)cnc2N1,0.655,O=C1CCc2cc(C(=O)O)cnc2N1;OC[C@@H]1[C@H]2CNC[C@@H]12;R8,1,,,
O=C1CCc2cc(C(=O)N3CC4CCCC3C4CO)cnc2N1,O=C1CCc2cc(CN3CC4CCCC3C4CO)cnc2N1,0.650,O=Cc1cnc2c(c1)CCC(=O)N2;OCC1C2CCCC1NC2;R43,1,,,
O=C1CCc2cc(C(=O)N3CC4CCCC3C4CO)cnc2N1,O=C(c1cnc2c(c1)CNC2)N1CC2CCCC1C2CO,0.650,O=C(O)c1cnc2c(c1)CNC2;OCC1C2CCCC1NC2;R8,1,,,
O=C1CCc2cc(C(=O)N3CC4CCCC3C4CO)cnc2N1,O=C1CCc2cc(C(=O)N3CC(C4CCC4)C3)cnc2N1,0.649,O=C1CCc2cc(C(=O)O)cnc2N1;C1CC(C2CNC2)C1;R8,1,,,
O=C1CCc2cc(C(=O)N3CC4CCCC3C4CO)cnc2N1,O=C(c1cnc2c(c1)CCNC2)N1CC2CCCC1C2CO,0.645,O=C(O)c1cnc2c(c1)CCNC2;OCC1C2CCCC1NC2;R8,1,,,
O=C1CCc2cc(C(=O)N3CC4CCCC3C4CO)cnc2N1,O=C1CCc2cc(C(=O)N3C4CCCC43)cnc2N1,0.636,O=C1CCc2cc(C(=O)O)cnc2N1;C1CC2NC2C1;R8,1,,,
O=C1CCc2cc(C(=O)N3CC4CCCC3C4CO)cnc2N1,O=C(c1ccc2c(c1)CC2)N1CC2CCCC1C2CO,0.625,O=C(O)c1ccc2c(c1)CC2;OCC1C2CCCC1NC2;R8,1,,,
O=C1CCc2cc(C(=O)N3CC4CCCC3C4CO)cnc2N1,O=C1CCc2cc(C(=O)N3CCC(C4CCC4)CC3)cnc2N1,0.621,O=C1CCc2cc(C(=O)O)cnc2N1;C1CC(C2CCNCC2)C1;R8,1,,,
O=C1CCc2cc(C(=O)N3CC4CCCC3C4CO)cnc2N1,O=C1CCc2cc(C(=O)N3CCN[C@H]4CCC[C@H]43)cnc2N1,0.597,O=C1CCc2cc(C(=O)O)cnc2N1;C1C[C@@H]2NCCN[C@@H]2C1;R8,1,,,
O=C1CCc2cc(C(=O)N3CC4CCCC3C4CO)cnc2N1,O=C1CCc2cc(C(=O)N3CCN[C@@H]4CCC[C@@H]43)cnc2N1,0.597,O=C1CCc2cc(C(=O)O)cnc2N1;C1C[C@@H]2NCCN[C@@H]2C1;R8,1,,,
O=C1CCc2cc(C(=O)N3CC4CCCC3C4CO)cnc2N1,O=C1CN(C(=O)C(=O)N2CC3CCCC2C3CO)c2cc(C(=O)O)cnc2N1,0.574,O=C1CNc2cc(C(=O)O)cnc2N1;OCC1C2CCCC1NC2;R38,1,,,
O=C1CCc2cc(C(=O)N3CC4CCCC3C4CO)cnc2N1,O=C(c1cnc2c(c1)CCCN2)N1CC2CCCC21,0.567,O=C(O)c1cnc2c(c1)CCCN2;C1CC2CNC2C1;R8,1,,,
O=C1CCc2cc(C(=O)N3CC4CCCC3C4CO)cnc2N1,O=C1CCc2cc(C(=O)OC[C@H]3CCC[C@H]3CO)cnc2N1,0.556,O=C1CCc2cc(C(=O)O)cnc2N1;OC[C@@H]1CCC[C@@H]1CO;R72,1,,,
O=C1CCc2cc(C(=O)N3CC4CCCC3C4CO)cnc2N1,O=C1CCc2cc(C(=O)OC[C@@H]3CCC[C@@H]3CO)cnc2N1,0.556,O=C1CCc2cc(C(=O)O)cnc2N1;OC[C@@H]1CCC[C@@H]1CO;R72,1,,,
O=C1CCc2cc(C(=O)N3CC4CCCC3C4CO)cnc2N1,O=C1CCc2cc(C(=O)OCC3C4CCCC43)cnc2N1,0.524,O=C1CCc2cc(C(=O)O)cnc2N1;OCC1C2CCCC12;R72,1,,,
O=C1CCc2cc(C(=O)N3CC4CCCC3C4CO)cnc2N1,O=C1CCc2cc(CN3CC4CCCC43)cnc2N1,0.516,O=Cc1cnc2c(c1)CCC(=O)N2;C1CC2CNC2C1;R43,1,,,
O=C1CCc2cc(C(=O)N3CC4CCCC3C4CO)cnc2N1,O=C1CCc2cc(C(=O)OCC3C4CCCC3NC4)cnc2N1,0.515,O=C1CCc2cc(C(=O)O)cnc2N1;OCC1C2CCCC1NC2;R72,1,,,
O=C1CCc2cc(C(=O)N3CC4CCCC3C4CO)cnc2N1,O=C(O)c1cnc2c(c1)CCCN2C(=O)C(=O)N1CC2CCCC1C2CO,0.515,O=C(O)c1cnc2c(c1)CCCN2;OCC1C2CCCC1NC2;R38,1,,,
O=C1CCc2cc(C(=O)N3CC4CCCC3C4CO)cnc2N1,O=C(O)c1cnc2c(c1)CCN2C(=O)C(=O)N1CC2CCCC1C2CO,0.515,O=C(O)c1cnc2c(c1)CCN2;OCC1C2CCCC1NC2;R38,1,,,
O=C1CCc2cc(C(=O)N3CC4CCCC3C4CO)cnc2N1,O=C1CN(C(=O)C(=O)N2CC3CCCC2C3CO)c2ncc(C(=O)O)cc2N1,0.507,O=C1CNc2ncc(C(=O)O)cc2N1;OCC1C2CCCC1NC2;R38,1,,,
O=C1CCc2cc(C(=O)N3CC4CCCC3C4CO)cnc2N1,O=C(O)c1cnc2c(c1)CN(C(=O)C(=O)N1CC3CCCC1C3CO)C2,0.500,O=C(O)c1cnc2c(c1)CNC2;OCC1C2CCCC1NC2;R38,1,,,
O=C1CCc2cc(C(=O)N3CC4CCCC3C4CO)cnc2N1,O=C1CCc2cc(C(=O)OCC3C4CCCCC43)cnc2N1,0.500,O=C1CCc2cc(C(=O)O)cnc2N1;OCC1C2CCCCC12;R72,1,,,
O=C1CCc2cc(C(=O)N3CC4CCCC3C4CO)cnc2N1,O=C1CCc2cc(C(=O)OC[C@@H]3C[C@@H]4CCC[C@@H]4N3)cnc2N1,0.493,O=C1CCc2cc(C(=O)O)cnc2N1;OC[C@@H]1C[C@@H]2CCC[C@@H]2N1;R72,1,,,
O=C1CCc2cc(C(=O)N3CC4CCCC3C4CO)cnc2N1,O=C1CCc2cc(C(=O)OCC3C4CCC43)cnc2N1,0.492,O=C1CCc2cc(C(=O)O)cnc2N1;OCC1C2CCC12;R72,1,,,
O=C1CCc2cc(C(=O)N3CC4CCCC3C4CO)cnc2N1,O=C1CCc2cc(C(=O)OC3CNC(C4CCC4)C3)cnc2N1,0.485,O=C1CCc2cc(C(=O)O)cnc2N1;OC1CNC(C2CCC2)C1;R72,1,,,
O=C1CCc2cc(C(=O)N3CC4CCCC3C4CO)cnc2N1,O=C1CCc2cc(C(=O)OC[C@H]3[C@@H]4CNC[C@@H]43)cnc2N1,0.455,O=C1CCc2cc(C(=O)O)cnc2N1;OC[C@@H]1[C@H]2CNC[C@@H]12;R72,1,,,
O=C1CCc2cc(C(=O)N3CC4CCCC3C4CO)cnc2N1,O=C1CCc2cc(OCC3C4CCCC3NC4)cnc2N1,0.441,O=C1CCc2cc(Br)cnc2N1;OCC1C2CCCC1NC2;R56,1,,,
O=C1CCc2cc(C(=O)N3CC4CCCC3C4CO)cnc2N1,O=C1CCc2cc(C(=O)OC[C@@H]3C[C@H]4CN[C@H]4C3)cnc2N1,0.423,O=C1CCc2cc(C(=O)O)cnc2N1;OC[C@@H]1C[C@H]2CN[C@H]2C1;R72,1,,,
O=C1CCc2cc(C(=O)N3CC4CCCC3C4CO)cnc2N1,O=C1NCc2cc(C(=O)OCC3C4CCCC3NC4)cnc2N1,0.368,O=C1NCc2cc(C(=O)O)cnc2N1;OCC1C2CCCC1NC2;R72,1,,,
O=C1CCc2cc(C(=O)N3CC4CCCC3C4CO)cnc2N1,O=C1CNc2cc(C(=O)OCC3C4CCCC3NC4)cnc2N1,0.351,O=C1CNc2cc(C(=O)O)cnc2N1;OCC1C2CCCC1NC2;R72,1,,,
O=C1CCc2cc(C(=O)N3CC4CCCC3C4CO)cnc2N1,O=C1CCc2ccc(C(=O)OCC3C4CCCC3NC4)nc2N1,0.342,O=C1CCc2ccc(C(=O)O)nc2N1;OCC1C2CCCC1NC2;R72,1,,,
O=C1CCc2cc(C(=O)N3CC4CCCC3C4CO)cnc2N1,O=C1CNc2ncc(C(=O)OCC3C4CCCC3NC4)cc2N1,0.333,O=C1CNc2ncc(C(=O)O)cc2N1;OCC1C2CCCC1NC2;R72,1,,,
CCc1cc(C(=O)N[C@@H]2C[C@H]3[C@@H]2CCN3C(=O)c2ccc(C(C)C)cc2O)on1,CCc1cc(C(=O)N2CCN(C(=O)c3ccc(C(C)C)cc3O)[C@H]3CC[C@@H]32)on1,0.697,CCc1cc(C(=O)O)on1;C1CN[C@H]2CC[C@@H]2N1;R8;CC(C)c1ccc(C(=O)O)c(O)c1;R8,2,0.615,0.548,0.770
CCc1cc(C(=O)N[C@@H]2C[C@H]3[C@@H]2CCN3C(=O)c2ccc(C(C)C)cc2O)on1,CCc1cc(C(=O)OC2CCN(C(=O)c3ccc(C(C)C)cc3O)C3CC23)on1,0.694,CCc1cc(C(=O)O)on1;OC1CCNC2CC12;R72;CC(C)c1ccc(C(=O)O)c(O)c1;R8,2,0.621,0.837,0.645
CCc1cc(C(=O)N[C@@H]2C[C@H]3[C@@H]2CCN3C(=O)c2ccc(C(C)C)cc2O)on1,CCc1cc(C(=O)N[C@@H]2C[C@@H]2NC(=O)c2ccc(C(C)C)cc2O)on1,0.692,CCc1cc(C(=O)O)on1;N[C@@H]1C[C@@H]1N;R8;CC(C)c1ccc(C(=O)O)c(O)c1;R8,2,0.608,0.361,0.710
CCc1cc(C(=O)N[C@@H]2C[C@H]3[C@@H]2CCN3C(=O)c2ccc(C(C)C)cc2O)on1,CCc1cc(C(=O)N[C@H]2C[C@H]2NC(=O)c2ccc(C(C)C)cc2O)on1,0.692,CCc1cc(C(=O)O)on1;N[C@@H]1C[C@@H]1N;R8;CC(C)c1ccc(C(=O)O)c(O)c1;R8,2,0.608,0.361,0.710
CCc1cc(C(=O)N[C@@H]2C[C@H]3[C@@H]2CCN3C(=O)c2ccc(C(C)C)cc2O)on1,CCc1cc(C(=O)N2CCCC3C2CCCN3C(=O)c2ccc(C(C)C)cc2O)on1,0.687,CCc1cc(C(=O)O)on1;C1CNC2CCCNC2C1;R8;CC(C)c1ccc(C(=O)O)c(O)c1;R8,2,0.604,0.626,0.782
CCc1cc(C(=O)N[C@@H]2C[C@H]3[C@@H]2CCN3C(=O)c2ccc(C(C)C)cc2O)on1,CCc1cc(C(=O)N2CCN(C(=O)c3ccc(C(C)C)cc3O)[C@H]3CCCC[C@@H]32)on1,0.687,CCc1cc(C(=O)O)on1;C1CC[C@@H]2NCCN[C@H]2C1;R8;CC(C)c1ccc(C(=O)O)c(O)c1;R8,2,0.604,0.626,0.777
CCc1cc(C(=O)N[C@@H]2C[C@H]3[C@@H]2CCN3C(=O)c2ccc(C(C)C)cc2O)on1,CCc1cc(C(=O)N2CCN(C(=O)c3ccc(C(C)C)cc3O)[C@@H]3CCC[C@@H]32)on1,0.687,CCc1cc(C(=O)O)on1;C1C[C@@H]2NCCN[C@@H]2C1;R8;CC(C)c1ccc(C(=O)O)c(O)c1;R8,2,0.604,0.628,0.770
CCc1cc(C(=O)N[C@@H]2C[C@H]3[C@@H]2CCN3C(=O)c2ccc(C(C)C)cc2O)on1,CCc1cc(C(=O)N2CCN(C(=O)c3ccc(C(C)C)cc3O)[C@H]3CCC[C@H]32)on1,0.687,CCc1cc(C(=O)O)on1;C1C[C@@H]2NCCN[C@@H]2C1;R8;CC(C)c1ccc(C(=O)O)c(O)c1;R8,2,0.604,0.628,0.770
CCc1cc(C(=O)N[C@@H]2C[C@H]3[C@@H]2CCN3C(=O)c2ccc(C(C)C)cc2O)on1,CCc1cc(C(=O)N2CC[C@@H]3[C@H]2C[C@H]3OC(=O)c2ccc(C(C)C)cc2O)on1,0.671,CCc1cc(C(=O)O)on1;O[C@@H]1C[C@H]2NCC[C@@H]12;R8;CC(C)c1ccc(C(=O)O)c(O)c1;R72,2,0.593,0.778,0.691
CCc1cc(C(=O)N[C@@H]2C[C@H]3[C@@H]2CCN3C(=O)c2ccc(C(C)C)cc2O)on1,CCc1cc(CN(C(=O)c2cc(CC)no2)[C@@H]2C[C@H]3[C@@H]2CCN3C(=O)c2ccc(C(C)C)cc2O)on1,0.662,CCc1cc(C=O)on1;CC(C)(C)OC(=O)N1CC[C@@H]2[C@H](N)C[C@@H]21;R43;CC(C)c1ccc(C(=O)O)c(O)c1;CCc1cc(C(=O)O)on1;R69,2,0.578,0.792,0.909
CCc1cc(C(=O)N[C@@H]2C[C@H]3[C@@H]2CCN3C(=O)c2ccc(C(C)C)cc2O)on1,CCc1cc(C(=O)O[C@@H]2C[C@@H]3[C@H]2CCCN3C(=O)c2ccc(C(C)C)cc2O)on1,0.653,CCc1cc(C(=O)O)on1;O[C@@H]1C[C@H]2NCCC[C@@H]12;R72;CC(C)c1ccc(C(=O)O)c(O)c1;R8,2,,,
CCc1cc(C(=O)N[C@@H]2C[C@H]3[C@@H]2CCN3C(=O)c2ccc(C(C)C)cc2O)on1,CCc1cc(C(=O)N2CCC(OC(=O)c3ccc(C(C)C)cc3O)C3CC32)on1,0.649,CCc1cc(C(=O)O)on1;OC1CCNC2CC12;R8;CC(C)c1ccc(C(=O)O)c(O)c1;R72,2,,,
CCc1cc(C(=O)N[C@@H]2C[C@H]3[C@@H]2CCN3C(=O)c2ccc(C(C)C)cc2O)on1,CCc1cc(CN(C(=O)c2ccc(C(C)C)cc2O)[C@@H]2C[C@H]3[C@@H]2CCN3C(=O)c2cc(CC)no2)on1,0.620,CCc1cc(C=O)on1;CC(C)(C)OC(=O)N1CC[C@@H]2[C@H](N)C[C@@H]21;R43;CC(C)c1ccc(C(=O)O)c(O)c1;CCc1cc(C(=O)O)on1;R69,2,,,
CCc1cc(C(=O)N[C@@H]2C[C@H]3[C@@H]2CCN3C(=O)c2ccc(C(C)C)cc2O)on1,CCc1cc(C(=O)N2CCC[C@@H]3[C@H]2C[C@H]3OC(=O)c2ccc(C(C)C)cc2O)on1,0.610,CCc1cc(C(=O)O)on1;O[C@@H]1C[C@H]2NCCC[C@@H]12;R8;CC(C)c1ccc(C(=O)O)c(O)c1;R72,2,,,
CCc1cc(C(=O)N[C@@H]2C[C@H]3[C@@H]2CCN3C(=O)c2ccc(C(C)C)cc2O)on1,CCc1cc(C(=O)N2CCC(OC(=O)c3ccc(C(C)C)cc3O)[C@H]3CC[C@H]32)on1,0.605,CCc1cc(C(=O)O)on1;OC1CCN[C@@H]2CC[C@H]12;R8;CC(C)c1ccc(C(=O)O)c(O)c1;R72,2,,,
CCc1cc(C(=O)N[C@@H]2C[C@H]3[C@@H]2CCN3C(=O)c2ccc(C(C)C)cc2O)on1,CCc1cc(-c2nc(C3CCN(C(=O)c4ccc(C(C)C)cc4O)C4CC34)no2)on1,0.603,CCc1cc(C(=O)O)on1;N#CC1CCNC2CC12;R46;CC(C)c1ccc(C(=O)O)c(O)c1;R8,2,,,
CCc1cc(C(=O)N[C@@H]2C[C@H]3[C@@H]2CCN3C(=O)c2ccc(C(C)C)cc2O)on1,CCc1cc(C(=O)N(c2cc(CC)no2)c2ncnc3c2ncn3[C@@H]2C[C@H]3[C@@H]2CCN3C(=O)c2ccc(C(C)C)cc2O)on1,0.580,CCc1cc(N)on1;CC(C)(C)OC(=O)N1CC[C@@H]2[C@H](N)C[C@@H]21;R66;CC(C)c1ccc(C(=O)O)c(O)c1;CCc1cc(C(=O)O)on1;R69,2,,,
CCc1cc(C(=O)N[C@@H]2C[C@H]3[C@@H]2CCN3C(=O)c2ccc(C(C)C)cc2O)on1,CCc1cc(C(=O)N2CCC(c3noc(-c4ccc(C(C)C)cc4O)n3)C3CC32)on1,0.570,CCc1cc(C(=O)O)on1;N#CC1CCNC2CC12;R8;CC(C)c1ccc(C(=O)O)c(O)c1;R46,2,,,
CCc1cc(C(=O)N[C@@H]2C[C@H]3[C@@H]2CCN3C(=O)c2ccc(C(C)C)cc2O)on1,CCc1cc(C(=O)N(c2ncnc3c2ncn3-c2cc(CC)no2)[C@@H]2C[C@H]3[C@@H]2CCN3C(=O)c2ccc(C(C)C)cc2O)on1,0.560,CCc1cc(N)on1;CC(C)(C)OC(=O)N1CC[C@@H]2[C@H](N)C[C@@H]21;R66;CC(C)c1ccc(C(=O)O)c(O)c1;CCc1cc(C(=O)O)on1;R69,2,,,
CCc1cc(C(=O)N[C@@H]2C[C@H]3[C@@H]2CCN3C(=O)c2ccc(C(C)C)cc2O)on1,CCc1cc(C(=O)N2CC[C@@H]3[C@H](n4cnc5c(N(C(=O)c6ccc(C(C)C)cc6O)c6cc(CC)no6)ncnc54)C[C@@H]32)on1,0.544,CCc1cc(N)on1;CC(C)(C)OC(=O)N1CC[C@@H]2[C@H](N)C[C@@H]21;R66;CC(C)c1ccc(C(=O)O)c(O)c1;CCc1cc(C(=O)O)on1;R69,2,,,
CCc1cc(C(=O)N[C@@H]2C[C@H]3[C@@H]2CCN3C(=O)c2ccc(C(C)C)cc2O)on1,CCc1cc(C(=O)N2CC[C@@H]3[C@H](N(C(=O)c4ccc(C(C)C)cc4O)c4ncnc5c4ncn5-c4cc(CC)no4)C[C@@H]32)on1,0.533,CCc1cc(N)on1;CC(C)(C)OC(=O)N1CC[C@@H]2[C@H](N)C[C@@H]21;R66;CC(C)c1ccc(C(=O)O)c(O)c1;CCc1cc(C(=O)O)on1;R69,2,,,
CCc1cc(C(=O)N[C@@H]2C[C@H]3[C@@H]2CCN3C(=O)c2ccc(C(C)C)cc2O)on1,CCc1cc(NC(=O)c2ccc(C(C)C)cc2O)on1,0.515,CC(C)(C)c1cc(C(=O)O)on1;CC(C)(C)OC(=O)N1CC[C@@H]2[C@H](N)C[C@@H]21;R8;CC(C)c1ccc(C(=O)O)c(O)c1;CCc1cc(N)on1;R8,2,,,
CCc1cc(C(=O)N[C@@H]2C[C@H]3[C@@H]2CCN3C(=O)c2ccc(C(C)C)cc2O)on1,CCc1cc(COC(=O)c2ccc(C(C)C)cc2O)on1,0.452,CC(C)(C)c1cc(C(=O)O)on1;CC(C)(C)OC(=O)N1CC[C@@H]2[C@H](N)C[C@@H]21;R8;CC(C)c1ccc(C(=O)O)c(O)c1;CCc1cc(CO)on1;R72,2,,,
CCc1cc(C(=O)N[C@@H]2C[C@H]3[C@@H]2CCN3C(=O)c2ccc(C(C)C)cc2O)on1,CC(C)c1ccc(C(=O)OCc2cc(C(=O)O)on2)c(O)c1,0.432,CC(C)(C)c1cc(C(=O)O)on1;CC(C)(C)OC(=O)N1CC[C@@H]2[C@H](N)C[C@@H]21;R8;CC(C)c1ccc(C(=O)O)c(O)c1;O=C(O)c1cc(CCl)no1;R31,2,,,
CCc1cc(C(=O)N[C@@H]2C[C@H]3[C@@H]2CCN3C(=O)c2ccc(C(C)C)cc2O)on1,CCc1cc(Oc2cc(C(C)C)ccc2C(=O)O)on1,0.387,CC(C)(C)c1cc(C(=O)O)on1;CC(C)(C)OC(=O)N1CC[C@@H]2[C@H](N)C[C@@H]21;R8;CC(C)c1ccc(C(=O)O)c(O)c1;CCc1cc(Cl)on1;R56,2,,,
CCc1cc(C(=O)N[C@@H]2C[C@H]3[C@@H]2CCN3C(=O)c2ccc(C(C)C)cc2O)on1,CC(C)c1ccc(C(=O)O)c(OCc2cc(C(=O)O)on2)c1,0.368,CC(C)(C)c1cc(C(=O)O)on1;CC(C)(C)OC(=O)N1CC[C@@H]2[C@H](N)C[C@@H]21;R8;CC(C)c1ccc(C(=O)O)c(O)c1;O=C(O)c1cc(CCl)no1;R56,2,,,
CCc1cc(C(=O)N[C@@H]2C[C@H]3[C@@H]2CCN3C(=O)c2ccc(C(C)C)cc2O)on1,CC(C)c1ccc(C(=O)O)c(Oc2cc(C(=O)O)on2)c1,0.312,CC(C)(C)c1cc(C(=O)O)on1;CC(C)(C)OC(=O)N1CC[C@@H]2[C@H](N)C[C@@H]21;R8;CC(C)c1ccc(C(=O)O)c(O)c1;O=C(O)c1cc(Br)no1;R56,2,,,
CN1CCC[C@@H]1C(=O)N[C@H]1[C@@H]2CC[C@H]1C[C@H](C(=O)O)C2,CN1CCC[C@@H]1C(=O)N[C@@H]1[C@@H]2CC[C@H]1C[C@H](C(=O)O)C2,1.000,N[C@@H]1[C@@H]2CC[C@H]1C[C@H](C(=O)O)C2;CN1CCC[C@@H]1C(=O)O;R8,1,1.000,1.000,1.000
CN1CCC[C@@H]1C(=O)N[C@H]1[C@@H]2CC[C@H]1C[C@H](C(=O)O)C2,CN1CCCC1C(=O)N[C@@H]1[C@@H]2CC[C@H]1C[C@H](C(=O)O)C2,1.000,N[C@@H]1[C@@H]2CC[C@H]1C[C@H](C(=O)O)C2;COC(=O)C1CCCN1C;R49,1,1.000,1.000,1.000
CN1CCC[C@@H]1C(=O)N[C@H]1[C@@H]2CC[C@H]1C[C@H](C(=O)O)C2,CN1CCCC[C@H]1C(=O)N[C@@H]1[C@@H]2CC[C@H]1C[C@H](C(=O)O)C2,0.921,N[C@@H]1[C@@H]2CC[C@H]1C[C@H](C(=O)O)C2;CN1CCCC[C@H]1C(=O)O;R8,1,0.900,0.892,0.927
CN1CCC[C@@H]1C(=O)N[C@H]1[C@@H]2CC[C@H]1C[C@H](C(=O)O)C2,CN1CCCCCC1C(=O)N[C@@H]1[C@@H]2CC[C@H]1C[C@H](C(=O)O)C2,0.897,N[C@@H]1[C@@H]2CC[C@H]1C[C@H](C(=O)O)C2;CN1CCCCCC1C(=O)O;R8,1,0.871,0.861,0.930
CN1CCC[C@@H]1C(=O)N[C@H]1[C@@H]2CC[C@H]1C[C@H](C(=O)O)C2,CN1CC[C@H]1C(=O)N[C@@H]1[C@@H]2CC[C@H]1C[C@H](C(=O)O)C2,0.842,N[C@@H]1[C@@H]2CC[C@H]1C[C@H](C(=O)O)C2;CN1CC[C@H]1C(=O)O;R8,1,0.862,0.874,0.850
CN1CCC[C@@H]1C(=O)N[C@H]1[C@@H]2CC[C@H]1C[C@H](C(=O)O)C2,CN1CCC[C@@H]1C(=O)N[C@H]1[C@@H]2CC[C@@H](C2)[C@H]1C(=O)O,0.738,N[C@H]1[C@@H]2CC[C@@H](C2)[C@H]1C(=O)O;CN1CCC[C@@H]1C(=O)O;R8,1,0.579,0.476,0.760
CN1CCC[C@@H]1C(=O)N[C@H]1[C@@H]2CC[C@H]1C[C@H](C(=O)O)C2,CN1CCCC1C(=O)NC1C2CCC1CC2,0.730,NC1C2CCC1CC2;COC(=O)C1CCCN1C;R49,1,0.929,0.479,0.801
CN1CCC[C@@H]1C(=O)N[C@H]1[C@@H]2CC[C@H]1C[C@H](C(=O)O)C2,CN1CCCC1C(=O)N[C@H]1C[C@@H](C(=O)O)C1,0.725,N[C@H]1C[C@@H](C(=O)O)C1;COC(=O)C1CCCN1C;R49,1,0.656,0.333,0.635
CN1CCC[C@@H]1C(=O)N[C@H]1[C@@H]2CC[C@H]1C[C@H](C(=O)O)C2,CC(=O)N1CCC[C@@H]1C(=O)N[C@@H]1[C@@H]2CC[C@H]1C[C@H](C(=O)O)C2,0.721,N[C@@H]1[C@@H]2CC[C@H]1C[C@H](C(=O)O)C2;CC(=O)N1CCC[C@@H]1C(=O)O;R8,1,1.000,0.857,0.878
CN1CCC[C@@H]1C(=O)N[C@H]1[C@@H]2CC[C@H]1C[C@H](C(=O)O)C2,CN1CCN(C)[C@@H](C(=O)N[C@@H]2[C@@H]3CC[C@H]2C[C@H](C(=O)O)C3)C1,0.721,N[C@@H]1[C@@H]2CC[C@H]1C[C@H](C(=O)O)C2;CN1CCN(C)[C@@H](C(=O)O)C1;R8,1,0.686,0.710,0.766
CN1CCC[C@@H]1C(=O)N[C@H]1[C@@H]2CC[C@H]1C[C@H](C(=O)O)C2,NN1CCC[C@H]1C(=O)N[C@@H]1[C@@H]2CC[C@H]1C[C@H](C(=O)O)C2,0.714,N[C@@H]1[C@@H]2CC[C@H]1C[C@H](C(=O)O)C2;NN1CCC[C@H]1C(=O)O;R8,1,,,
CN1CCC[C@@H]1C(=O)N[C@H]1[C@@H]2CC[C@H]1C[C@H](C(=O)O)C2,CCCN1CCCC1C(=O)N[C@@H]1[C@@H]2CC[C@H]1C[C@H](C(=O)O)C2,0.711,N[C@@H]1[C@@H]2CC[C@H]1C[C@H](C(=O)O)C2;CCCN1CCCC1C(=O)O;R8,1,,,
CN1CCC[C@@H]1C(=O)N[C@H]1[C@@H]2CC[C@H]1C[C@H](C(=O)O)C2,CN1CCCC1C(=O)NC1CC2CC(C(=O)O)CC21,0.705,NC1CC2CC(C(=O)O)CC12;COC(=O)C1CCCN1C;R49,1,,,
CN1CCC[C@@H]1C(=O)N[C@H]1[C@@H]2CC[C@H]1C[C@H](C(=O)O)C2,CCN1CCCC1C(=O)N[C@@H]1[C@@H]2CC[C@H]1C[C@H](C(=O)O)C2,0.705,N[C@@H]1[C@@H]2CC[C@H]1C[C@H](C(=O)O)C2;CCN1CCCC1C(=O)O;R8,1,,,
CN1CCC[C@@H]1C(=O)N[C@H]1[C@@H]2CC[C@H]1C[C@H](C(=O)O)C2,CC(C)N1CCC[C@H]1C(=O)N[C@@H]1[C@@H]2CC[C@H]1C[C@H](C(=O)O)C2,0.705,N[C@@H]1[C@@H]2CC[C@H]1C[C@H](C(=O)O)C2;CC(C)N1CCC[C@H]1C(=O)O;R8,1,,,
CN1CCC[C@@H]1C(=O)N[C@H]1[C@@H]2CC[C@H]1C[C@H](C(=O)O)C2,CS(=O)(=O)N1CCC[C@H]1C(=O)N[C@@H]1[C@@H]2CC[C@H]1C[C@H](C(=O)O)C2,0.705,N[C@@H]1[C@@H]2CC[C@H]1C[C@H](C(=O)O)C2;CS(=O)(=O)N1CCC[C@H]1C(=O)O;R8,1,,,
CN1CCC[C@@H]1C(=O)N[C@H]1[C@@H]2CC[C@H]1C[C@H](C(=O)O)C2,O=C(N[C@@H]1[C@@H]2CC[C@H]1C[C@H](C(=O)O)C2)C1CCCN1C1CC1,0.698,N[C@@H]1[C@@H]2CC[C@H]1C[C@H](C(=O)O)C2;O=C(O)C1CCCN1C1CC1;R8,1,,,
CN1CCC[C@@H]1C(=O)N[C@H]1[C@@H]2CC[C@H]1C[C@H](C(=O)O)C2,CN1CCC(N2CCC[C@H]2C(=O)N[C@@H]2[C@@H]3CC[C@H]2C[C@H](C(=O)O)C3)CC1,0.696,N[C@@H]1[C@@H]2CC[C@H]1C[C@H](C(=O)O)C2;CN1CCC(N2CCC[C@H]2C(=O)O)CC1;R8,1,,,
CN1CCC[C@@H]1C(=O)N[C@H]1[C@@H]2CC[C@H]1C[C@H](C(=O)O)C2,O=C(N[C@@H]1[C@@H]2CC[C@H]1C[C@H](C(=O)O)C2)C1CCCN1C1CCCC1,0.682,N[C@@H]1[C@@H]2CC[C@H]1C[C@H](C(=O)O)C2;O=C(O)C1CCCN1C1CCCC1;R8,1,,,
CN1CCC[C@@H]1C(=O)N[C@H]1[C@@H]2CC[C@H]1C[C@H](C(=O)O)C2,O=CN1CCCC1C(=O)N[C@@H]1[C@@H]2CC[C@H]1C[C@H](C(=O)O)C2,0.682,N[C@@H]1[C@@H]2CC[C@H]1C[C@H](C(=O)O)C2;O=CN1CCCC1C(=O)O;R8,1,,,
CN1CCC[C@@H]1C(=O)N[C@H]1[C@@H]2CC[C@H]1C[C@H](C(=O)O)C2,O=C(N[C@@H]1[C@@H]2CC[C@H]1C[C@H](C(=O)O)C2)C1CCCC2CCCN21,0.682,N[C@@H]1[C@@H]2CC[C@H]1C[C@H](C(=O)O)C2;O=C(O)C1CCCC2CCCN21;R8,1,,,
CN1CCC[C@@H]1C(=O)N[C@H]1[C@@H]2CC[C@H]1C[C@H](C(=O)O)C2,O=C(O)[C@@H]1C[C@H]2CC[C@@H](C1)[C@@H]2NC(=O)[C@@H]1CCCN1C(=O)C1CC1,0.682,N[C@@H]1[C@@H]2CC[C@H]1C[C@H](C(=O)O)C2;O=C(O)[C@@H]1CCCN1C(=O)C1CC1;R8,1,,,
CN1CCC[C@@H]1C(=O)N[C@H]1[C@@H]2CC[C@H]1C[C@H](C(=O)O)C2,NC(=O)N1CCC[C@H]1C(=O)N[C@@H]1[C@@H]2CC[C@H]1C[C@H](C(=O)O)C2,0.682,N[C@@H]1[C@@H]2CC[C@H]1C[C@H](C(=O)O)C2;NC(=O)N1CCC[C@H]1C(=O)O;R8,1,,,
CN1CCC[C@@H]1C(=O)N[C@H]1[C@@H]2CC[C@H]1C[C@H](C(=O)O)C2,CN1CC(O)CCC1C(=O)N[C@@H]1[C@@H]2CC[C@H]1C[C@H](C(=O)O)C2,0.682,N[C@@H]1[C@@H]2CC[C@H]1C[C@H](C(=O)O)C2;CN1CC(O)CCC1C(=O)O;R8,1,,,
CN1CCC[C@@H]1C(=O)N[C@H]1[C@@H]2CC[C@H]1C[C@H](C(=O)O)C2,O=NN1CCCC1C(=O)N[C@@H]1[C@@H]2CC[C@H]1C[C@H](C(=O)O)C2,0.682,N[C@@H]1[C@@H]2CC[C@H]1C[C@H](C(=O)O)C2;O=NN1CCCC1C(=O)O;R8,1,,,
CN1CCC[C@@H]1C(=O)N[C@H]1[C@@H]2CC[C@H]1C[C@H](C(=O)O)C2,CN1CCCC[C@H]1C(=O)N[C@H]1[C@@H]2CC[C@@H](C2)[C@H]1C(=O)O,0.682,N[C@H]1[C@@H]2CC[C@@H](C2)[C@H]1C(=O)O;CN1CCCC[C@H]1C(=O)O;R8,1,,,
CN1CCC[C@@H]1C(=O)N[C@H]1[C@@H]2CC[C@H]1C[C@H](C(=O)O)C2,O=C(N[C@@H]1[C@@H]2CC[C@H]1C[C@H](C(=O)O)C2)C1CCCN1C(=O)C1CCCC1,0.667,N[C@@H]1[C@@H]2CC[C@H]1C[C@H](C(=O)O)C2;O=C(O)C1CCCN1C(=O)C1CCCC1;R8,1,,,
CN1CCC[C@@H]1C(=O)N[C@H]1[C@@H]2CC[C@H]1C[C@H](C(=O)O)C2,CC(=O)N1CCCCC1C(=O)N[C@@H]1[C@@H]2CC[C@H]1C[C@H](C(=O)O)C2,0.667,N[C@@H]1[C@@H]2CC[C@H]1C[C@H](C(=O)O)C2;CC(=O)N1CCCCC1C(=O)O;R8,1,,,
CN1CCC[C@@H]1C(=O)N[C@H]1[C@@H]2CC[C@H]1C[C@H](C(=O)O)C2,CN1CCC[C@@H]1C(=O)OC1(C(=O)O)CC2CC(C(=O)O)CC2C1,0.520,O=C1CC2CC(C(=O)O)CC2C1;CN1CCC[C@@H]1C(=O)O;R71,1,,,
CN1CCC[C@@H]1C(=O)N[C@H]1[C@@H]2CC[C@H]1C[C@H](C(=O)O)C2,CN1CC(OC(=O)[C@@H]2C[C@H]3CC[C@@H](C2)[C@@H]3N)CCC1C(=O)O,0.339,N[C@@H]1[C@@H]2CC[C@H]1C[C@H](C(=O)O)C2;CN1CC(O)CCC1C(=O)O;R72,1,,,
COc1ccccc1-n1cnc(C(=O)N(Cc2ncc[nH]2)Cc2ccco2)c1,COc1ccccc1-n1cnc(C(=O)N(Cc2ccco2)Cc2ccco2)c1,0.810,c1coc(CNCc2ccco2)c1;COc1ccccc1-n1cnc(C(=O)O)c1;R8,1,0.788,0.667,0.938
COc1ccccc1-n1cnc(C(=O)N(Cc2ncc[nH]2)Cc2ccco2)c1,CCN(Cc1ccco1)C(=O)c1cn(-c2ccccc2OC)cn1,0.754,CCNCc1ccco1;COc1ccccc1-n1cnc(C(=O)O)c1;R8,1,0.525,0.592,0.881
COc1ccccc1-n1cnc(C(=O)N(Cc2ncc[nH]2)Cc2ccco2)c1,COc1ccccc1-n1cnc(C(=O)N(Cc2ccccc2)Cc2ccco2)c1,0.746,c1ccc(CNCc2ccco2)cc1;COc1ccccc1-n1cnc(C(=O)O)c1;R8,1,0.732,0.646,0.907
COc1ccccc1-n1cnc(C(=O)N(Cc2ncc[nH]2)Cc2ccco2)c1,COc1ccccc1-n1cnc(C(=O)N(Cc2ccccn2)Cc2ccco2)c1,0.738,c1ccc(CNCc2ccco2)nc1;COc1ccccc1-n1cnc(C(=O)O)c1;R8,1,0.712,0.807,0.911
COc1ccccc1-n1cnc(C(=O)N(Cc2ncc[nH]2)Cc2ccco2)c1,COC(=O)CN(Cc1ccco1)C(=O)c1cn(-c2ccccc2OC)cn1,0.734,COC(=O)CNCc1ccco1;COc1ccccc1-n1cnc(C(=O)O)c1;R8,1,0.525,0.661,0.822
COc1ccccc1-n1cnc(C(=O)N(Cc2ncc[nH]2)Cc2ccco2)c1,COc1ccccc1-n1cnc(C(=O)N(Cc2ccco2)Cc2ccc(C)o2)c1,0.712,Cc1ccc(CNCc2ccco2)o1;COc1ccccc1-n1cnc(C(=O)O)c1;R8,1,0.788,0.624,0.910
COc1ccccc1-n1cnc(C(=O)N(Cc2ncc[nH]2)Cc2ccco2)c1,COc1ccccc1-n1cnc(C(=O)N(Cc2ccco2)Cc2cccs2)c1,0.712,c1coc(CNCc2cccs2)c1;COc1ccccc1-n1cnc(C(=O)O)c1;R8,1,0.672,0.667,0.849
COc1ccccc1-n1cnc(C(=O)N(Cc2ncc[nH]2)Cc2ccco2)c1,COc1ccccc1-n1cnc(C(=O)N(CCN(C)C)Cc2ccco2)c1,0.708,CN(C)CCNCc1ccco1;COc1ccccc1-n1cnc(C(=O)O)c1;R8,1,0.525,0.790,0.844
COc1ccccc1-n1cnc(C(=O)N(Cc2ncc[nH]2)Cc2ccco2)c1,COc1ccccc1-n1cnc(C(=O)N(Cc2ccco2)CC(C)(C)C)c1,0.708,CC(C)(C)CNCc1ccco1;COc1ccccc1-n1cnc(C(=O)O)c1;R8,1,0.525,0.514,0.845
COc1ccccc1-n1cnc(C(=O)N(Cc2ncc[nH]2)Cc2ccco2)c1,COCCN(Cc1ccco1)C(=O)c1cn(-c2ccccc2OC)cn1,0.708,COCCNCc1ccco1;COc1ccccc1-n1cnc(C(=O)O)c1;R8,1,0.525,0.643,0.850
COc1ccccc1-n1cnc(C(=O)N(Cc2ncc[nH]2)Cc2ccco2)c1,COc1ccccc1-n1cnc(C(=O)N(Cc2ccc(O)cc2)Cc2ccco2)c1,0.701,Oc1ccc(CNCc2ccco2)cc1;COc1ccccc1-n1cnc(C(=O)O)c1;R8,1,,,
COc1ccccc1-n1cnc(C(=O)N(Cc2ncc[nH]2)Cc2ccco2)c1,COc1ccccc1-n1cnc(C(=O)N(C)Cc2ccco2)c1,0.698,CNCc1ccco1;COc1ccccc1-n1cnc(C(=O)O)c1;R8,1,,,
COc1ccccc1-n1cnc(C(=O)N(Cc2ncc[nH]2)Cc2ccco2)c1,COc1ccccc1-n1cnc(C(=O)N(Cc2ccco2)CC(F)(F)F)c1,0.697,FC(F)(F)CNCc1ccco1;COc1ccccc1-n1cnc(C(=O)O)c1;R8,1,,,
COc1ccccc1-n1cnc(C(=O)N(Cc2ncc[nH]2)Cc2ccco2)c1,C#CCN(Cc1ccco1)C(=O)c1cn(-c2ccccc2OC)cn1,0.697,C#CCNCc1ccco1;COc1ccccc1-n1cnc(C(=O)O)c1;R8,1,,,
COc1ccccc1-n1cnc(C(=O)N(Cc2ncc[nH]2)Cc2ccco2)c1,COc1ccccc1-n1cnc(C(=O)N(Cc2ccco2)Cc2ccc(C)s2)c1,0.691,Cc1ccc(CNCc2ccco2)s1;COc1ccccc1-n1cnc(C(=O)O)c1;R8,1,,,
COc1ccccc1-n1cnc(C(=O)N(Cc2ncc[nH]2)Cc2ccco2)c1,COc1ccccc1-n1cnc(C(=O)N(CCC(C)C)Cc2ccco2)c1,0.687,CC(C)CCNCc1ccco1;COc1ccccc1-n1cnc(C(=O)O)c1;R8,1,,,
COc1ccccc1-n1cnc(C(=O)N(Cc2ncc[nH]2)Cc2ccco2)c1,COc1ccccc1NC(=O)CN(Cc1ccco1)C(=O)c1cn(-c2ccccc2OC)cn1,0.681,COc1ccccc1NC(=O)CNCc1ccco1;COc1ccccc1-n1cnc(C(=O)O)c1;R8,1,,,
COc1ccccc1-n1cnc(C(=O)N(Cc2ncc[nH]2)Cc2ccco2)c1,COc1ccccc1-n1cnc(C(=O)N(Cc2ccco2)C(C)C)c1,0.667,CC(C)NCc1ccco1;COc1ccccc1-n1cnc(C(=O)O)c1;R8,1,,,
COc1ccccc1-n1cnc(C(=O)N(Cc2ncc[nH]2)Cc2ccco2)c1,COc1ccccc1-n1cnc(C(=O)N(Cc2ccco2)c2ccccc2)c1,0.667,c1ccc(NCc2ccco2)cc1;COc1ccccc1-n1cnc(C(=O)O)c1;R8,1,,,
COc1ccccc1-n1cnc(C(=O)N(Cc2ncc[nH]2)Cc2ccco2)c1,COc1ccc(C)cc1-n1cnc(C(=O)N(Cc2ccco2)Cc2ccco2)c1,0.652,c1coc(CNCc2ccco2)c1;COc1ccc(C)cc1-n1cnc(C(=O)O)c1;R8,1,,,
COc1ccccc1-n1cnc(C(=O)N(Cc2ncc[nH]2)Cc2ccco2)c1,O=C(c1cn(-c2cccc(N(Cc3ccco3)Cc3ccco3)c2)cn1)N(Cc1ncc[nH]1)Cc1ccco1,0.648,c1coc(CNCc2ccco2)c1;O=C(O)c1cn(-c2cccc(Cl)c2)cn1;R9;c1coc(CNCc2ncc[nH]2)c1;R8,2,,,
COc1ccccc1-n1cnc(C(=O)N(Cc2ncc[nH]2)Cc2ccco2)c1,COc1ccccc1-c1ccc(-n2cnc(C(=O)N(Cc3ccco3)Cc3ccco3)c2)cc1,0.647,c1coc(CNCc2ccco2)c1;O=C(O)c1cn(-c2ccc(Br)cc2)cn1;R8;COc1ccccc1B1OC(C)(C)C(C)(C)O1;R50,2,,,
COc1ccccc1-n1cnc(C(=O)N(Cc2ncc[nH]2)Cc2ccco2)c1,COc1cc(Sc2ccc(-n3cnc(C(=O)N(Cc4ccco4)Cc4ccco4)c3)cc2)ccc1-c1cn(c2ccccc2OC)cn1,0.623,c1coc(CNCc2ccco2)c1;O=C(O)c1cn(-c2ccc(Br)cc2)cn1;R8;COc1cc(Cl)ccc1B1OC(C)(C)C(C)(C)O1;R21;Brc1c[nH]cn1;R50;COc1ccccc1B(O)O;R99,4,,,
COc1ccccc1-n1cnc(C(=O)N(Cc2ncc[nH]2)Cc2ccco2)c1,COc1ccccc1n1cnc(-c2ccccc2Sc2ccc(-n3cnc(C(=O)N(Cc4ccco4)Cc4ccco4)c3)cc2)c1,0.623,c1coc(CNCc2ccco2)c1;O=C(O)c1cn(-c2ccc(Br)cc2)cn1;R8;CC1(C)OB(c2ccccc2Cl)OC1(C)C;R21;Ic1c[nH]cn1;R50;COc1ccccc1B1OC(C)(C)C(C)(C)O1;R99,4,,,
COc1ccccc1-n1cnc(C(=O)N(Cc2ncc[nH]2)Cc2ccco2)c1,COc1ccc(C)cc1-n1cnc(C(=O)N(Cc2ccccc2)Cc2ccco2)c1,0.620,c1ccc(CNCc2ccco2)cc1;COc1ccc(C)cc1-n1cnc(C(=O)O)c1;R8,1,,,
COc1ccccc1-n1cnc(C(=O)N(Cc2ncc[nH]2)Cc2ccco2)c1,CCN(Cc1ccco1)C(=O)c1cn(-c2cc(C)ccc2OC)cn1,0.609,CCNCc1ccco1;COc1ccc(C)cc1-n1cnc(C(=O)O)c1;R8,1,,,
COc1ccccc1-n1cnc(C(=O)N(Cc2ncc[nH]2)Cc2ccco2)c1,COC(=O)CN(Cc1ccco1)C(=O)c1cn(-c2cc(C)ccc2OC)cn1,0.597,COC(=O)CNCc1ccco1;COc1ccc(C)cc1-n1cnc(C(=O)O)c1;R8,1,,,
COc1ccccc1-n1cnc(C(=O)N(Cc2ncc[nH]2)Cc2ccco2)c1,COc1cccc(-c2ccc(-n3cnc(C(=O)N(Cc4ccco4)Cc4ccco4)c3)cc2)c1C,0.597,c1coc(CNCc2ccco2)c1;O=C(O)c1cn(-c2ccc(Br)cc2)cn1;R8;COc1cccc(B2OC(C)(C)C(C)(C)O2)c1C;R50,2,,,
COc1ccccc1-n1cnc(C(=O)N(Cc2ncc[nH]2)Cc2ccco2)c1,COc1ccc(-c2ccc(-n3cnc(C(=O)N(Cc4ccco4)Cc4ccco4)c3)cc2)c2ccccc12,0.597,c1coc(CNCc2ccco2)c1;O=C(O)c1cn(-c2ccc(Br)cc2)cn1;R8;COc1ccc(B2OC(C)(C)C(C)(C)O2)c2ccccc12;R50,2,,,
COc1ccccc1-n1cnc(C(=O)N(Cc2ncc[nH]2)Cc2ccco2)c1,COc1cc(Sc2ccc(-n3cnc(C(=O)N(Cc4ccco4)Cc4ccco4)c3)cc2)ccc1n1cnc(C)c1,0.592,c1coc(CNCc2ccco2)c1;O=C(O)c1cn(-c2ccc(Br)cc2)cn1;R8;COc1cc(Cl)ccc1B1OC(C)(C)C(C)(C)O1;R21;Cc1c[nH]cn1;R99,3,,,
COc1ccccc1-n1cnc(C(=O)N(Cc2ncc[nH]2)Cc2ccco2)c1,COc1ccc(C)cc1-n1cnc(C(=O)N(Cc2ccco2)Cc2ccc(C)o2)c1,0.589,Cc1ccc(CNCc2ccco2)o1;COc1ccc(C)cc1-n1cnc(C(=O)O)c1;R8,1,,,
COc1ccccc1-n1cnc(C(=O)N(Cc2ncc[nH]2)Cc2ccco2)c1,COc1cccc(-c2ccc(-n3cnc(C(=O)N(Cc4ccco4)Cc4ccco4)c3)cc2)c1Cl,0.589,c1coc(CNCc2ccco2)c1;O=C(O)c1cn(-c2ccc(Br)cc2)cn1;R8;COc1cccc(B2OC(C)(C)C(C)(C)O2)c1Cl;R50,2,,,
COc1ccccc1-n1cnc(C(=O)N(Cc2ncc[nH]2)Cc2ccco2)c1,COc1ccccc1NC(=O)CN(Cc1ccco1)C(=O)c1cn(-c2cc(C)ccc2OC)cn1,0.584,COc1ccccc1NC(=O)CNCc1ccco1;COc1ccc(C)cc1-n1cnc(C(=O)O)c1;R8,1,,,
COc1ccccc1-n1cnc(C(=O)N(Cc2ncc[nH]2)Cc2ccco2)c1,COc1ccccc1-c1cn(-c2ccc(Sc3ccc(-n4cnc(C(=O)N(Cc5ccco5)Cc5ccco5)c4)cc3)cc2OC)cn1,0.582,c1coc(CNCc2ccco2)c1;O=C(O)c1cn(-c2ccc(Br)cc2)cn1;R8;COc1cc(Cl)ccc1B1OC(C)(C)C(C)(C)O1;R21;Ic1c[nH]cn1;R99;COc1ccccc1B(O)O;R50,4,,,
COc1ccccc1-n1cnc(C(=O)N(Cc2ncc[nH]2)Cc2ccco2)c1,COc1cc(F)ccc1-c1ccc(-n2cnc(C(=O)N(Cc3ccco3)Cc3ccco3)c2)cc1,0.581,c1coc(CNCc2ccco2)c1;O=C(O)c1cn(-c2ccc(Br)cc2)cn1;R8;COc1cc(F)ccc1B1OC(C)(C)C(C)(C)O1;R50,2,,,
COc1ccccc1-n1cnc(C(=O)N(Cc2ncc[nH]2)Cc2ccco2)c1,COc1ccc(F)cc1-c1ccc(-n2cnc(C(=O)N(Cc3ccco3)Cc3ccco3)c2)cc1,0.581,c1coc(CNCc2ccco2)c1;O=C(O)c1cn(-c2ccc(Br)cc2)cn1;R8;COc1ccc(F)cc1B1OC(C)(C)C(C)(C)O1;R50,2,,,
COc1ccccc1-n1cnc(C(=O)N(Cc2ncc[nH]2)Cc2ccco2)c1,COC(=O)c1c(OC)cccc1-c1ccc(-n2cnc(C(=O)N(Cc3ccco3)Cc3ccco3)c2)cc1,0.581,c1coc(CNCc2ccco2)c1;O=C(O)c1cn(-c2ccc(Br)cc2)cn1;R8;COC(=O)c1c(OC)cccc1B1OC(C)(C)C(C)(C)O1;R50,2,,,
COc1ccccc1-n1cnc(C(=O)N(Cc2ncc[nH]2)Cc2ccco2)c1,COc1cc(Sc2ccc(-n3cnc(C(=O)N(Cc4ccco4)Cc4ccco4)c3)cc2)ccc1n1cnc(C(C)=O)c1,0.579,c1coc(CNCc2ccco2)c1;O=C(O)c1cn(-c2ccc(Br)cc2)cn1;R8;COc1cc(Cl)ccc1B1OC(C)(C)C(C)(C)O1;R21;CC(=O)c1c[nH]cn1;R99,3,,,
COc1ccccc1-n1cnc(C(=O)N(Cc2ncc[nH]2)Cc2ccco2)c1,COc1ccccc1-c1cc(Sc2ccc(-n3cnc(C(=O)N(Cc4ccco4)Cc4ccco4)c3)cc2)ccc1OC,0.579,c1coc(CNCc2ccco2)c1;O=C(O)c1cn(-c2ccc(Br)cc2)cn1;R8;COc1ccc(Cl)cc1B1OC(C)(C)C(C)(C)O1;R21;COc1ccccc1I;R50,3,,,
COc1ccccc1-n1cnc(C(=O)N(Cc2ncc[nH]2)Cc2ccco2)c1,COCCN(Cc1ccco1)C(=O)c1cn(-c2cc(C)ccc2OC)cn1,0.575,COCCNCc1ccco1;COc1ccc(C)cc1-n1cnc(C(=O)O)c1;R8,1,,,
COc1ccccc1-n1cnc(C(=O)N(Cc2ncc[nH]2)Cc2ccco2)c1,COc1ccc(C)cc1-n1cnc(C(=O)N(CCN(C)C)Cc2ccco2)c1,0.575,CN(C)CCNCc1ccco1;COc1ccc(C)cc1-n1cnc(C(=O)O)c1;R8,1,,,
COc1ccccc1-n1cnc(C(=O)N(Cc2ncc[nH]2)Cc2ccco2)c1,COc1ccc(C)cc1-n1cnc(C(=O)N(Cc2ccco2)CC(C)(C)C)c1,0.575,CC(C)(C)CNCc1ccco1;COc1ccc(C)cc1-n1cnc(C(=O)O)c1;R8,1,,,
COc1ccccc1-n1cnc(C(=O)N(Cc2ncc[nH]2)Cc2ccco2)c1,CN(Cc1ncc[nH]1)C(=O)c1cn(-c2ccc(CN(Cc3ccco3)Cc3ccco3)cc2)cn1,0.575,c1coc(CNCc2ccco2)c1;O=Cc1ccc(-n2cnc(C(=O)O)c2)cc1;R43;CNCc1ncc[nH]1;R8,2,,,
COc1ccccc1-n1cnc(C(=O)N(Cc2ncc[nH]2)Cc2ccco2)c1,COc1cccc(-c2ccc(-n3cnc(C(=O)N(Cc4ccco4)Cc4ccco4)c3)cc2)c1C=O,0.573,c1coc(CNCc2ccco2)c1;O=C(O)c1cn(-c2ccc(Br)cc2)cn1;R8;COc1cccc(B2OC(C)(C)C(C)(C)O2)c1C=O;R50,2,,,
COc1ccccc1-n1cnc(C(=O)N(Cc2ncc[nH]2)Cc2ccco2)c1,O=C(c1cn(-c2ccccc2)cn1)N(Cc1ccco1)Cc1ccco1,0.571,c1coc(CNCc2ccco2)c1;O=C(O)c1cn(-c2ccccc2)cn1;R8,1,,,
COc1ccccc1-n1cnc(C(=O)N(Cc2ncc[nH]2)Cc2ccco2)c1,COc1cn(c2ccc(Sc3ccc(-n4cnc(C(=O)N(Cc5ccco5)Cc5ccco5)c4)cc3)cc2OC)cn1,0.571,c1coc(CNCc2ccco2)c1;O=C(O)c1cn(-c2ccc(Br)cc2)cn1;R8;COc1cc(Cl)ccc1B1OC(C)(C)C(C)(C)O1;R21;COc1c[nH]cn1;R99,3,,,
COc1ccccc1-n1cnc(C(=O)N(Cc2ncc[nH]2)Cc2ccco2)c1,COc1cc(Sc2ccc(-n3cnc(C(=O)N(Cc4ccco4)Cc4ccco4)c3)cc2)ccc1n1cnc(-c2ccccc2)c1,0.570,c1coc(CNCc2ccco2)c1;O=C(O)c1cn(-c2ccc(Br)cc2)cn1;R8;COc1cc(Cl)ccc1B1OC(C)(C)C(C)(C)O1;R21;c1ccc(-c2c[nH]cn2)cc1;R99,3,,,
COc1ccccc1-n1cnc(C(=O)N(Cc2ncc[nH]2)Cc2ccco2)c1,COc1cc(Sc2ccc(-n3cnc(C(=O)N(Cc4ccco4)Cc4ccco4)c3)cc2)ccc1-n1cnc(-c2c(OC)cccc2OC)c1,0.570,c1coc(CNCc2ccco2)c1;O=C(O)c1cn(-c2ccc(Br)cc2)cn1;R8;COc1cc(Cl)ccc1B1OC(C)(C)C(C)(C)O1;R21;Ic1c[nH]cn1;R99;COc1cccc(OC)c1B(O)O;R50,4,,,
COc1ccccc1-n1cnc(C(=O)N(Cc2ncc[nH]2)Cc2ccco2)c1,C#CCN(Cc1ccco1)C(=O)c1cn(-c2cc(C)ccc2OC)cn1,0.568,C#CCNCc1ccco1;COc1ccc(C)cc1-n1cnc(C(=O)O)c1;R8,1,,,
COc1ccccc1-n1cnc(C(=O)N(Cc2ncc[nH]2)Cc2ccco2)c1,COc1ccc(C)cc1-n1cnc(C(=O)N(Cc2ccco2)CC(F)(F)F)c1,0.568,FC(F)(F)CNCc1ccco1;COc1ccc(C)cc1-n1cnc(C(=O)O)c1;R8,1,,,
COc1ccccc1-n1cnc(C(=O)N(Cc2ncc[nH]2)Cc2ccco2)c1,COc1ccc(-c2ccc(-n3cnc(C(=O)N(Cc4ccco4)Cc4ccco4)c3)cc2)c(F)c1F,0.568,c1coc(CNCc2ccco2)c1;O=C(O)c1cn(-c2ccc(Br)cc2)cn1;R8;COc1ccc(B2OC(C)(C)C(C)(C)O2)c(F)c1F;R50,2,,,
COc1ccccc1-n1cnc(C(=O)N(Cc2ncc[nH]2)Cc2ccco2)c1,COc1cccc(-c2ccc(-n3cnc(C(=O)N(Cc4ccco4)Cc4ccco4)c3)cc2)c1C#N,0.566,c1coc(CNCc2ccco2)c1;O=C(O)c1cn(-c2ccc(Br)cc2)cn1;R8;COc1cccc(B2OC(C)(C)C(C)(C)O2)c1C#N;R50,2,,,
COc1ccccc1-n1cnc(C(=O)N(Cc2ncc[nH]2)Cc2ccco2)c1,COc1cccc(-c2ccc(-n3cnc(C(=O)N(Cc4ccco4)Cc4ccco4)c3)cc2)c1C(F)F,0.566,c1coc(CNCc2ccco2)c1;O=C(O)c1cn(-c2ccc(Br)cc2)cn1;R8;COc1cccc(B2OC(C)(C)C(C)(C)O2)c1C(F)F;R50,2,,,
COc1ccccc1-n1cnc(C(=O)N(Cc2ncc[nH]2)Cc2ccco2)c1,COc1cn(c2ccccc2Sc2ccc(-n3cnc(C(=O)N(Cc4ccco4)Cc4ccco4)c3)cc2)cn1,0.566,c1coc(CNCc2ccco2)c1;O=C(O)c1cn(-c2ccc(Br)cc2)cn1;R8;CC1(C)OB(c2ccccc2Cl)OC1(C)C;R21;COc1c[nH]cn1;R99,3,,,
COc1ccccc1-n1cnc(C(=O)N(Cc2ncc[nH]2)Cc2ccco2)c1,COc1cc(Sc2ccc(-n3cnc(C(=O)N(Cc4ccco4)Cc4ccco4)c3)cc2)ccc1n1cnc(F)c1,0.564,c1coc(CNCc2ccco2)c1;O=C(O)c1cn(-c2ccc(Br)cc2)cn1;R8;COc1cc(Cl)ccc1B1OC(C)(C)C(C)(C)O1;R21;Fc1c[nH]cn1;R99,3,,,
COc1ccccc1-n1cnc(C(=O)N(Cc2ncc[nH]2)Cc2ccco2)c1,COc1ccc(C)cc1-n1cnc(C(=O)N(C)Cc2ccco2)c1,0.563,CNCc1ccco1;COc1ccc(C)cc1-n1cnc(C(=O)O)c1;R8,1,,,
COc1ccccc1-n1cnc(C(=O)N(Cc2ncc[nH]2)Cc2ccco2)c1,O=C(c1cn(-c2ncccn2)cn1)N(Cc1ccco1)Cc1ccco1,0.562,c1coc(CNCc2ccco2)c1;O=C(O)c1cn(-c2ncccn2)cn1;R8,1,,,
COc1ccccc1-n1cnc(C(=O)N(Cc2ncc[nH]2)Cc2ccco2)c1,COc1cc(Cl)ccc1-c1ccc(-n2cnc(C(=O)N(Cc3ccco3)Cc3ccco3)c2)cc1,0.560,c1coc(CNCc2ccco2)c1;O=C(O)c1cn(-c2ccc(Br)cc2)cn1;R8;COc1cc(Cl)ccc1B1OC(C)(C)C(C)(C)O1;R50,2,,,
COc1ccccc1-n1cnc(C(=O)N(Cc2ncc[nH]2)Cc2ccco2)c1,COc1ccc(Cl)cc1-c1ccc(-n2cnc(C(=O)N(Cc3ccco3)Cc3ccco3)c2)cc1,0.560,c1coc(CNCc2ccco2)c1;O=C(O)c1cn(-c2ccc(Br)cc2)cn1;R8;COc1ccc(Cl)cc1B1OC(C)(C)C(C)(C)O1;R50,2,,,
COc1ccccc1-n1cnc(C(=O)N(Cc2ncc[nH]2)Cc2ccco2)c1,CCc1cn(c2ccc(Sc3ccc(-n4cnc(C(=O)N(Cc5ccco5)Cc5ccco5)c4)cc3)cc2OC)cn1,0.557,c1coc(CNCc2ccco2)c1;O=C(O)c1cn(-c2ccc(Br)cc2)cn1;R8;COc1cc(Cl)ccc1B1OC(C)(C)C(C)(C)O1;R21;CCc1c[nH]cn1;R99,3,,,
COc1ccccc1-n1cnc(C(=O)N(Cc2ncc[nH]2)Cc2ccco2)c1,COc1ccccc1-n1nccc1C(=O)N(Cc1ccco1)Cc1ccco1,0.552,c1coc(CNCc2ccco2)c1;COc1ccccc1-n1nccc1C(=O)O;R8,1,,,
COc1ccccc1-n1cnc(C(=O)N(Cc2ncc[nH]2)Cc2ccco2)c1,COc1ccccc1-n1cnc(C(=O)N(c2cn(-c3ccc(Sc4ccc(-n5cnc(C(=O)N(Cc6ccco6)Cc6ccco6)c5)cc4)cc3OC)cn2)[C@H]2CC[C@H](O)CC2)c1,0.551,c1coc(CNCc2ccco2)c1;O=C(O)c1cn(-c2ccc(Br)cc2)cn1;R8;COc1cc(Cl)ccc1B1OC(C)(C)C(C)(C)O1;R21;Brc1c[nH]cn1;R99;N[C@H]1CC[C@H](O)CC1;R9;COc1ccccc1-n1cnc(C(=O)O)c1;R8,5,,,
COc1ccccc1-n1cnc(C(=O)N(Cc2ncc[nH]2)Cc2ccco2)c1,COc1cc(Sc2ccc(-n3cnc(C(=O)N(Cc4ccco4)Cc4ccco4)c3)cc2)ccc1n1cnc(CN)c1,0.550,c1coc(CNCc2ccco2)c1;O=C(O)c1cn(-c2ccc(Br)cc2)cn1;R8;COc1cc(Cl)ccc1B1OC(C)(C)C(C)(C)O1;R21;NCc1c[nH]cn1;R99,3,,,
COc1ccccc1-n1cnc(C(=O)N(Cc2ncc[nH]2)Cc2ccco2)c1,COc1cc(Sc2ccc(-n3cnc(C(=O)N(Cc4ccco4)Cc4ccco4)c3)cc2)ccc1n1cnc(CBr)c1,0.550,c1coc(CNCc2ccco2)c1;O=C(O)c1cn(-c2ccc(Br)cc2)cn1;R8;COc1cc(Cl)ccc1B1OC(C)(C)C(C)(C)O1;R21;BrCc1c[nH]cn1;R99,3,,,
COc1ccccc1-n1cnc(C(=O)N(Cc2ncc[nH]2)Cc2ccco2)c1,COc1cc(Sc2ccc(-n3cnc(C(=O)N(Cc4ccco4)Cc4ccco4)c3)cc2)ccc1n1cnc(C(C)C)c1,0.550,c1coc(CNCc2ccco2)c1;O=C(O)c1cn(-c2ccc(Br)cc2)cn1;R8;COc1cc(Cl)ccc1B1OC(C)(C)C(C)(C)O1;R21;CC(C)c1c[nH]cn1;R99,3,,,
COc1ccccc1-n1cnc(C(=O)N(Cc2ncc[nH]2)Cc2ccco2)c1,CCOc1cn(c2ccc(Sc3ccc(-n4cnc(C(=O)N(Cc5ccco5)Cc5ccco5)c4)cc3)cc2OC)cn1,0.550,c1coc(CNCc2ccco2)c1;O=C(O)c1cn(-c2ccc(Br)cc2)cn1;R8;COc1cc(Cl)ccc1B1OC(C)(C)C(C)(C)O1;R21;CCOc1c[nH]cn1;R99,3,,,
COc1ccccc1-n1cnc(C(=O)N(Cc2ncc[nH]2)Cc2ccco2)c1,CN(C)CCOc1ccccc1-c1ccc(-n2cnc(C(=O)N(Cc3ccco3)Cc3ccco3)c2)cc1,0.547,c1coc(CNCc2ccco2)c1;O=C(O)c1cn(-c2ccc(Br)cc2)cn1;R8;CN(C)CCOc1ccccc1B1OC(C)(C)C(C)(C)O1;R50,2,,,
COc1ccccc1-n1cnc(C(=O)N(Cc2ncc[nH]2)Cc2ccco2)c1,Cc1cn(c2ccccc2Sc2ccc(-n3cnc(C(=O)N(Cc4ccco4)Cc4ccco4)c3)cc2)cn1,0.547,c1coc(CNCc2ccco2)c1;O=C(O)c1cn(-c2ccc(Br)cc2)cn1;R8;CC1(C)OB(c2ccccc2Cl)OC1(C)C;R21;Cc1c[nH]cn1;R99,3,,,
COc1ccccc1-n1cnc(C(=O)N(Cc2ncc[nH]2)Cc2ccco2)c1,COc1cc(Sc2ccc(-n3cnc(C(=O)N(Cc4ccco4)Cc4ccco4)c3)cc2)ccc1n1cnc(C#N)c1,0.543,c1coc(CNCc2ccco2)c1;O=C(O)c1cn(-c2ccc(Br)cc2)cn1;R8;COc1cc(Cl)ccc1B1OC(C)(C)C(C)(C)O1;R21;N#Cc1c[nH]cn1;R99,3,,,
COc1ccccc1-n1cnc(C(=O)N(Cc2ncc[nH]2)Cc2ccco2)c1,C=Cc1cn(c2ccc(Sc3ccc(-n4cnc(C(=O)N(Cc5ccco5)Cc5ccco5)c4)cc3)cc2OC)cn1,0.543,c1coc(CNCc2ccco2)c1;O=C(O)c1cn(-c2ccc(Br)cc2)cn1;R8;COc1cc(Cl)ccc1B1OC(C)(C)C(C)(C)O1;R21;C=Cc1c[nH]cn1;R99,3,,,
COc1ccccc1-n1cnc(C(=O)N(Cc2ncc[nH]2)Cc2ccco2)c1,COc1cc(Sc2ccc(-n3cnc(C(=O)N(Cc4ccco4)Cc4ccco4)c3)cc2)ccc1n1cnc(C(F)F)c1,0.543,c1coc(CNCc2ccco2)c1;O=C(O)c1cn(-c2ccc(Br)cc2)cn1;R8;COc1cc(Cl)ccc1B1OC(C)(C)C(C)(C)O1;R21;FC(F)c1c[nH]cn1;R99,3,,,
COc1ccccc1-n1cnc(C(=O)N(Cc2ncc[nH]2)Cc2ccco2)c1,COc1ccc(Sc2ccc(-n3cnc(C(=O)N(Cc4ccco4)Cc4ccco4)c3)cc2)cc1n1ccnc1C,0.543,c1coc(CNCc2ccco2)c1;O=C(O)c1cn(-c2ccc(Br)cc2)cn1;R8;COc1ccc(Cl)cc1B1OC(C)(C)C(C)(C)O1;R21;Cc1ncc[nH]1;R99,3,,,
COc1ccccc1-n1cnc(C(=O)N(Cc2ncc[nH]2)Cc2ccco2)c1,COc1cc(Sc2ccc(-n3cnc(C(=O)N(Cc4ccco4)Cc4ccco4)c3)cc2)ccc1-n1cnc(-c2cccc(OC)c2OC)c1,0.542,c1coc(CNCc2ccco2)c1;O=C(O)c1cn(-c2ccc(Br)cc2)cn1;R8;COc1cc(Cl)ccc1B1OC(C)(C)C(C)(C)O1;R21;Ic1c[nH]cn1;R99;COc1cccc(B(O)O)c1OC;R50,4,,,
COc1ccccc1-n1cnc(C(=O)N(Cc2ncc[nH]2)Cc2ccco2)c1,COc1ccc(C)cc1-n1cnc(C(=O)N(Cc2ccco2)C(C)C)c1,0.541,CC(C)NCc1ccco1;COc1ccc(C)cc1-n1cnc(C(=O)O)c1;R8,1,,,
COc1ccccc1-n1cnc(C(=O)N(Cc2ncc[nH]2)Cc2ccco2)c1,COc1cc(Sc2ccc(-n3cnc(C(=O)N(Cc4ccco4)Cc4ccco4)c3)cc2)ccc1-n1cnc(OC2CN(C(=O)c3cn(-c4ccccc4OC)cn3)C2)c1,0.539,c1coc(CNCc2ccco2)c1;O=C(O)c1cn(-c2ccc(Br)cc2)cn1;R8;COc1cc(Cl)ccc1B1OC(C)(C)C(C)(C)O1;R21;Brc1c[nH]cn1;R99;OC1CNC1;R56;COc1ccccc1-n1cnc(C(=O)O)c1;R8,5,,,
COc1ccccc1-n1cnc(C(=O)N(Cc2ncc[nH]2)Cc2ccco2)c1,COc1ccccc1N1CCC(Oc2cn(-c3ccc(Sc4ccc(-n5cnc(C(=O)N(Cc6ccco6)Cc6ccco6)c5)cc4)cc3OC)cn2)CC1,0.539,c1coc(CNCc2ccco2)c1;O=C(O)c1cn(-c2ccc(Br)cc2)cn1;R8;COc1cc(Cl)ccc1B1OC(C)(C)C(C)(C)O1;R21;Brc1c[nH]cn1;R99;OC1CCNCC1;R56;COc1ccccc1Cl;R103,5,,,
COc1ccccc1-n1cnc(C(=O)N(Cc2ncc[nH]2)Cc2ccco2)c1,O=C(c1cn(-c2ccccc2)cn1)N(Cc1ccccc1)Cc1ccco1,0.537,c1ccc(CNCc2ccco2)cc1;O=C(O)c1cn(-c2ccccc2)cn1;R8,1,,,
COc1ccccc1-n1cnc(C(=O)N(Cc2ncc[nH]2)Cc2ccco2)c1,COc1cc(Sc2ccc(-n3cnc(C(=O)N(Cc4ccco4)Cc4ccco4)c3)cc2)ccc1n1cnc(CCN)c1,0.537,c1coc(CNCc2ccco2)c1;O=C(O)c1cn(-c2ccc(Br)cc2)cn1;R8;COc1cc(Cl)ccc1B1OC(C)(C)C(C)(C)O1;R21;NCCc1c[nH]cn1;R99,3,,,
COc1ccccc1-n1cnc(C(=O)N(Cc2ncc[nH]2)Cc2ccco2)c1,COc1ccc(Sc2ccc(-n3cnc(C(=O)N(Cc4ccco4)Cc4ccco4)c3)cc2)cc1n1ccnc1-c1ccccc1,0.536,c1coc(CNCc2ccco2)c1;O=C(O)c1cn(-c2ccc(Br)cc2)cn1;R8;COc1ccc(Cl)cc1B1OC(C)(C)C(C)(C)O1;R21;c1ccc(-c2ncc[nH]2)cc1;R99,3,,,
COc1ccccc1-n1cnc(C(=O)N(Cc2ncc[nH]2)Cc2ccco2)c1,O=C(c1cn(-c2ccc(-c3ccccc3OC(F)F)cc2)cn1)N(Cc1ccco1)Cc1ccco1,0.533,c1coc(CNCc2ccco2)c1;O=C(O)c1cn(-c2ccc(Br)cc2)cn1;R8;CC1(C)OB(c2ccccc2OC(F)F)OC1(C)C;R50,2,,,
COc1ccccc1-n1cnc(C(=O)N(Cc2ncc[nH]2)Cc2ccco2)c1,O=C(c1cn(-c2ccc(-c3ccccc3OC3CC3)cc2)cn1)N(Cc1ccco1)Cc1ccco1,0.533,c1coc(CNCc2ccco2)c1;O=C(O)c1cn(-c2ccc(Br)cc2)cn1;R8;CC1(C)OB(c2ccccc2OC2CC2)OC1(C)C;R50,2,,,
COc1ccccc1-n1cnc(C(=O)N(Cc2ncc[nH]2)Cc2ccco2)c1,CC(=O)c1cn(c2ccccc2Sc2ccc(-n3cnc(C(=O)N(Cc4ccco4)Cc4ccco4)c3)cc2)cn1,0.533,c1coc(CNCc2ccco2)c1;O=C(O)c1cn(-c2ccc(Br)cc2)cn1;R8;CC1(C)OB(c2ccccc2Cl)OC1(C)C;R21;CC(=O)c1c[nH]cn1;R99,3,,,
COc1ccccc1-n1cnc(C(=O)N(Cc2ncc[nH]2)Cc2ccco2)c1,COCc1cn(c2ccccc2Sc2ccc(-n3cnc(C(=O)N(Cc4ccco4)Cc4ccco4)c3)cc2)cn1,0.532,c1coc(CNCc2ccco2)c1;O=C(O)c1cn(-c2ccc(Br)cc2)cn1;R8;CC1(C)OB(c2ccccc2Cl)OC1(C)C;R21;COCc1c[nH]cn1;R99,3,,,
COc1ccccc1-n1cnc(C(=O)N(Cc2ncc[nH]2)Cc2ccco2)c1,O=Cc1ccc(-n2cnc(C(=O)N(Cc3ccco3)Cc3ccco3)c2)cc1,0.529,c1coc(CNCc2ccco2)c1;O=Cc1ccc(-n2cnc(C(=O)O)c2)cc1;R8,1,,,
COc1ccccc1-n1cnc(C(=O)N(Cc2ncc[nH]2)Cc2ccco2)c1,COc1cc(Sc2ccc(-n3cnc(C(=O)N(Cc4ccco4)Cc4ccco4)c3)cc2)ccc1-n1cnc(N[C@H]2CC[C@H](OC(=O)c3cn(-c4ccccc4OC)cn3)CC2)c1,0.527,c1coc(CNCc2ccco2)c1;O=C(O)c1cn(-c2ccc(Br)cc2)cn1;R8;COc1cc(Cl)ccc1B1OC(C)(C)C(C)(C)O1;R21;Brc1c[nH]cn1;R99;N[C@H]1CC[C@H](O)CC1;R9;COc1ccccc1-n1cnc(C(=O)O)c1;R72,5,,,
COc1ccccc1-n1cnc(C(=O)N(Cc2ncc[nH]2)Cc2ccco2)c1,COc1cccc(B2OC(C)(C)C(C)(C)O2)c1C(=O)c1ccc(-n2cnc(C(=O)N(Cc3ccco3)Cc3ccco3)c2)cc1,0.524,c1coc(CNCc2ccco2)c1;O=C(O)c1cn(-c2ccc(Br)cc2)cn1;R8;COc1cccc(B2OC(C)(C)C(C)(C)O2)c1C#N;R97,2,,,
COc1ccccc1-n1cnc(C(=O)N(Cc2ncc[nH]2)Cc2ccco2)c1,COc1cc(Sc2ccc(-n3cnc(C(=O)N(Cc4ccco4)Cc4ccco4)c3)cc2)ccc1-n1cnc(OC2CC2)c1,0.524,c1coc(CNCc2ccco2)c1;O=C(O)c1cn(-c2ccc(Br)cc2)cn1;R8;COc1cc(Cl)ccc1B1OC(C)(C)C(C)(C)O1;R21;Brc1c[nH]cn1;R99;OC1CC1;R56,4,,,
COc1ccccc1-n1cnc(C(=O)N(Cc2ncc[nH]2)Cc2ccco2)c1,COc1ccc(Sc2ccc(-n3cnc(C(=O)N(Cc4ccco4)Cc4ccco4)c3)cc2)cc1n1ccnc1-c1ccccn1,0.523,c1coc(CNCc2ccco2)c1;O=C(O)c1cn(-c2ccc(Br)cc2)cn1;R8;COc1ccc(Cl)cc1B1OC(C)(C)C(C)(C)O1;R21;c1ccc(-c2ncc[nH]2)nc1;R99,3,,,
COc1ccccc1-n1cnc(C(=O)N(Cc2ncc[nH]2)Cc2ccco2)c1,Cn1cc(-n2cnc(C(=O)N(Cc3ccco3)Cc3ccco3)c2)cn1,0.522,c1coc(CNCc2ccco2)c1;Cn1cc(-n2cnc(C(=O)O)c2)cn1;R8,1,,,
COc1ccccc1-n1cnc(C(=O)N(Cc2ncc[nH]2)Cc2ccco2)c1,Cn1ccc(-n2cnc(C(=O)N(Cc3ccco3)Cc3ccco3)c2)n1,0.522,c1coc(CNCc2ccco2)c1;Cn1ccc(-n2cnc(C(=O)O)c2)n1;R8,1,,,
COc1ccccc1-n1cnc(C(=O)N(Cc2ncc[nH]2)Cc2ccco2)c1,COc1ccccc1Oc1ccc(C(=O)N(Cc2ccco2)Cc2ccco2)nc1,0.522,c1coc(CNCc2ccco2)c1;COc1ccccc1Oc1ccc(C(=O)O)nc1;R8,1,,,
COc1ccccc1-n1cnc(C(=O)N(Cc2ncc[nH]2)Cc2ccco2)c1,COc1cc(Sc2ccc(-n3cnc(C(=O)N(Cc4ccco4)Cc4ccco4)c3)cc2)ccc1-n1cnc(O[C@@H]2CCC[C@H]2OC(=O)c2cn(-c3ccccc3OC)cn2)c1,0.522,c1coc(CNCc2ccco2)c1;O=C(O)c1cn(-c2ccc(Br)cc2)cn1;R8;COc1cc(Cl)ccc1B1OC(C)(C)C(C)(C)O1;R21;Brc1c[nH]cn1;R99;O[C@@H]1CCC[C@H]1O;R56;COc1ccccc1-n1cnc(C(=O)O)c1;R72,5,,,
COc1ccccc1-n1cnc(C(=O)N(Cc2ncc[nH]2)Cc2ccco2)c1,CCOc1cn(c2ccccc2Sc2ccc(-n3cnc(C(=O)N(Cc4ccco4)Cc4ccco4)c3)cc2)cn1,0.519,c1coc(CNCc2ccco2)c1;O=C(O)c1cn(-c2ccc(Br)cc2)cn1;R8;CC1(C)OB(c2ccccc2Cl)OC1(C)C;R21;CCOc1c[nH]cn1;R99,3,,,
COc1ccccc1-n1cnc(C(=O)N(Cc2ncc[nH]2)Cc2ccco2)c1,COc1cccc(B2OC(C)(C)C(C)(C)O2)c1Sc1ccc(-n2cnc(C(=O)N(Cc3ccco3)Cc3ccco3)c2)cc1,0.518,c1coc(CNCc2ccco2)c1;O=C(O)c1cn(-c2ccc(Br)cc2)cn1;R8;COc1cccc(B2OC(C)(C)C(C)(C)O2)c1Cl;R21,2,,,
COc1ccccc1-n1cnc(C(=O)N(Cc2ncc[nH]2)Cc2ccco2)c1,COc1ccccc1CN(OC)C(=O)c1cn(-c2ccccc2OC)cn1,0.515,CONCc1ccccc1OC;COc1ccccc1-n1cnc(C(=O)O)c1;R8,1,,,
COc1ccccc1-n1cnc(C(=O)N(Cc2ncc[nH]2)Cc2ccco2)c1,O=C(c1cn(-c2ccc(-c3ccccc3Br)cc2)cn1)N(Cc1ccco1)Cc1ccco1,0.514,c1coc(CNCc2ccco2)c1;O=C(O)c1cn(-c2ccc(Br)cc2)cn1;R8;CC1(C)OB(c2ccccc2Br)OC1(C)C;R50,2,,,
COc1ccccc1-n1cnc(C(=O)N(Cc2ncc[nH]2)Cc2ccco2)c1,O=C(c1cn(-c2ccc(-c3ccccc3Cl)cc2)cn1)N(Cc1ccco1)Cc1ccco1,0.514,c1coc(CNCc2ccco2)c1;O=C(O)c1cn(-c2ccc(Br)cc2)cn1;R8;CC1(C)OB(c2ccccc2Cl)OC1(C)C;R50,2,,,
COc1ccccc1-n1cnc(C(=O)N(Cc2ncc[nH]2)Cc2ccco2)c1,O=C(c1cn(-c2ccc(-c3ccccc3F)cc2)cn1)N(Cc1ccco1)Cc1ccco1,0.514,c1coc(CNCc2ccco2)c1;O=C(O)c1cn(-c2ccc(Br)cc2)cn1;R8;CC1(C)OB(c2ccccc2F)OC1(C)C;R50,2,,,
COc1ccccc1-n1cnc(C(=O)N(Cc2ncc[nH]2)Cc2ccco2)c1,CC(C)(C)c1ccccc1-c1ccc(-n2cnc(C(=O)N(Cc3ccco3)Cc3ccco3)c2)cc1,0.514,c1coc(CNCc2ccco2)c1;O=C(O)c1cn(-c2ccc(Br)cc2)cn1;R8;CC(C)(C)c1ccccc1B1OC(C)(C)C(C)(C)O1;R50,2,,,
COc1ccccc1-n1cnc(C(=O)N(Cc2ncc[nH]2)Cc2ccco2)c1,O=C(OCc1ncc[nH]1)c1cn(-c2ccc(CN(Cc3ccco3)Cc3ccco3)cc2)cn1,0.513,c1coc(CNCc2ccco2)c1;O=Cc1ccc(-n2cnc(C(=O)O)c2)cc1;R43;BrCc1ncc[nH]1;R31,2,,,
CN1CC2(CN(C(=O)C3(Cc4c[nH]nn4)CCCC3)C2)C(F)(F)C1=O,CN1CC2(CN(C(=O)C3(Cc4c[nH]nn4)CCCC3)C2)C(F)(F)C1=O,1.000,O=C(O)C1(Cc2c[nH]nn2)CCCC1;CN1CC2(CNC2)C(F)(F)C1=O;R8,1,1.000,1.000,1.000
CN1CC2(CN(C(=O)C3(Cc4c[nH]nn4)CCCC3)C2)C(F)(F)C1=O,O=C(N1CC2(C1)CC2(F)F)C1(Cc2c[nH]nn2)CCCC1,0.731,O=C(O)C1(Cc2c[nH]nn2)CCCC1;FC1(F)CC12CNC2;R8,1,0.750,0.757,0.759
CN1CC2(CN(C(=O)C3(Cc4c[nH]nn4)CCCC3)C2)C(F)(F)C1=O,O=C(N1CC(F)(F)C2(CC2)C1)C1(Cc2c[nH]nn2)CCCC1,0.717,O=C(O)C1(Cc2c[nH]nn2)CCCC1;FC1(F)CNCC12CC2;R8,1,0.673,0.624,0.768
CN1CC2(CN(C(=O)C3(Cc4c[nH]nn4)CCCC3)C2)C(F)(F)C1=O,O=C(N1CC2(CCC2(F)F)C1)C1(Cc2c[nH]nn2)CCCC1,0.717,O=C(O)C1(Cc2c[nH]nn2)CCCC1;FC1(F)CCC12CNC2;R8,1,0.735,0.757,0.764
CN1CC2(CN(C(=O)C3(Cc4c[nH]nn4)CCCC3)C2)C(F)(F)C1=O,CN1CC23CCCCC2(C1)CN(C(=O)C1(Cc2c[nH]nn2)CCCC1)C3,0.717,O=C(O)C1(Cc2c[nH]nn2)CCCC1;CN1CC23CCCCC2(CNC3)C1;R8,1,0.660,0.719,0.716
CN1CC2(CN(C(=O)C3(Cc4c[nH]nn4)CCCC3)C2)C(F)(F)C1=O,CC1(C)CCC12CN(C(=O)C1(Cc3c[nH]nn3)CCCC1)C2,0.717,O=C(O)C1(Cc2c[nH]nn2)CCCC1;CC1(C)CCC12CNC2;R8,1,0.735,0.562,0.699
CN1CC2(CN(C(=O)C3(Cc4c[nH]nn4)CCCC3)C2)C(F)(F)C1=O,O=C(N1CC(F)(F)C(F)(F)C1)C1(Cc2c[nH]nn2)CCCC1,0.706,O=C(O)C1(Cc2c[nH]nn2)CCCC1;FC1(F)CNCC1(F)F;R8,1,0.640,0.483,0.723
CN1CC2(CN(C(=O)C3(Cc4c[nH]nn4)CCCC3)C2)C(F)(F)C1=O,O=C(N1CC(F)(F)C1)C1(Cc2c[nH]nn2)CCCC1,0.706,O=C(O)C1(Cc2c[nH]nn2)CCCC1;FC1(F)CNC1;R8,1,0.640,0.477,0.702
CN1CC2(CN(C(=O)C3(Cc4c[nH]nn4)CCCC3)C2)C(F)(F)C1=O,CC1(C)CN(C(=O)C2(Cc3c[nH]nn3)CCCC2)CC1(F)F,0.704,O=C(O)C1(Cc2c[nH]nn2)CCCC1;CC1(C)CNCC1(F)F;R8,1,0.640,0.624,0.798
CN1CC2(CN(C(=O)C3(Cc4c[nH]nn4)CCCC3)C2)C(F)(F)C1=O,CN1CC23CCCC2(C1)CN(C(=O)C1(Cc2c[nH]nn2)CCCC1)C3,0.704,O=C(O)C1(Cc2c[nH]nn2)CCCC1;CN1CC23CCCC2(CNC3)C1;R8,1,0.648,0.791,0.725
CN1CC2(CN(C(=O)C3(Cc4c[nH]nn4)CCCC3)C2)C(F)(F)C1=O,O=C(N1CC(F)(F)C(F)(F)C(F)(F)C1)C1(Cc2c[nH]nn2)CCCC1,0.679,O=C(O)C1(Cc2c[nH]nn2)CCCC1;FC1(F)CNCC(F)(F)C1(F)F;R8,1,,,
CN1CC2(CN(C(=O)C3(Cc4c[nH]nn4)CCCC3)C2)C(F)(F)C1=O,CC1(C)CN(C(=O)C2(Cc3c[nH]nn3)CCCC2)C1,0.673,O=C(O)C1(Cc2c[nH]nn2)CCCC1;CC1(C)CNC1;R8,1,,,
CN1CC2(CN(C(=O)C3(Cc4c[nH]nn4)CCCC3)C2)C(F)(F)C1=O,CN1CC2(C1)CN(C(=O)C1(Cc3c[nH]nn3)CCCC1)C2,0.667,O=C(O)C1(Cc2c[nH]nn2)CCCC1;CN1CC2(CNC2)C1;R8,1,,,
CN1CC2(CN(C(=O)C3(Cc4c[nH]nn4)CCCC3)C2)C(F)(F)C1=O,CN1CC2(CN(C(=O)Cc3c[nH]nn3)C2)C(F)(F)C1=O,0.667,COC(=O)Cc1c[nH]nn1;CN1CC2(CNC2)C(F)(F)C1=O;R49,1,,,
CN1CC2(CN(C(=O)C3(Cc4c[nH]nn4)CCCC3)C2)C(F)(F)C1=O,CN1C(=O)NC2(CN(C(=O)C3(Cc4c[nH]nn4)CCCC3)C2)C1=O,0.667,O=C(O)C1(Cc2c[nH]nn2)CCCC1;CN1C(=O)NC2(CNC2)C1=O;R8,1,,,
CN1CC2(CN(C(=O)C3(Cc4c[nH]nn4)CCCC3)C2)C(F)(F)C1=O,CN1CN(C(=O)C2(Cc3c[nH]nn3)CCCC2)CN(C)C1=O,0.667,O=C(O)C1(Cc2c[nH]nn2)CCCC1;CN1CNCN(C)C1=O;R8,1,,,
CN1CC2(CN(C(=O)C3(Cc4c[nH]nn4)CCCC3)C2)C(F)(F)C1=O,CN1CC2(C)CN(C(=O)C3(Cc4c[nH]nn4)CCCC3)CC2(C)C1,0.655,O=C(O)C1(Cc2c[nH]nn2)CCCC1;CN1CC2(C)CNCC2(C)C1;R8,1,,,
CN1CC2(CN(C(=O)C3(Cc4c[nH]nn4)CCCC3)C2)C(F)(F)C1=O,CN1CN(C(=O)C2(Cc3c[nH]nn3)CCCC2)CC1=O,0.655,O=C(O)C1(Cc2c[nH]nn2)CCCC1;CN1CNCC1=O;R8,1,,,
CN1CC2(CN(C(=O)C3(Cc4c[nH]nn4)CCCC3)C2)C(F)(F)C1=O,CC12CN(C(=O)C3(Cc4c[nH]nn4)CCCC3)CC1(C)C(=O)NC2=O,0.643,O=C(O)C1(Cc2c[nH]nn2)CCCC1;CC12CNCC1(C)C(=O)NC2=O;R8,1,,,
CN1CC2(CN(C(=O)C3(Cc4c[nH]nn4)CCCC3)C2)C(F)(F)C1=O,CN1CC2(CN(C(=O)C3(Cc4cnn[nH]4)CCC3)C2)C(F)(F)C1=O,0.627,O=C(O)C1(Cc2cnn[nH]2)CCC1;CN1CC2(CNC2)C(F)(F)C1=O;R8,1,,,
CN1CC2(CN(C(=O)C3(Cc4c[nH]nn4)CCCC3)C2)C(F)(F)C1=O,CCC1(C(=O)N2CC3(CN(C)C(=O)C3(F)F)C2)CCCC1,0.615,CCC1(C(=O)O)CCCC1;CN1CC2(CNC2)C(F)(F)C1=O;R8,1,,,
CN1CC2(CN(C(=O)C3(Cc4c[nH]nn4)CCCC3)C2)C(F)(F)C1=O,CN1CC2(CN(C(=O)C3(Cc4ccccc4)CCCCC3)C2)C(F)(F)C1=O,0.614,O=C(O)C1(Cc2ccccc2)CCCCC1;CN1CC2(CNC2)C(F)(F)C1=O;R8,1,,,
CN1CC2(CN(C(=O)C3(Cc4c[nH]nn4)CCCC3)C2)C(F)(F)C1=O,COCC1(C(=O)N2CC3(CN(C)C(=O)C3(F)F)C2)CCCC1,0.611,COCC1(C(=O)O)CCCC1;CN1CC2(CNC2)C(F)(F)C1=O;R8,1,,,
CN1CC2(CN(C(=O)C3(Cc4c[nH]nn4)CCCC3)C2)C(F)(F)C1=O,CN1CC2(CN(C(=O)C3(Cc4ccc(Cl)cc4)CCCC3)C2)C(F)(F)C1=O,0.603,O=C(O)C1(Cc2ccc(Cl)cc2)CCCC1;CN1CC2(CNC2)C(F)(F)C1=O;R8,1,,,
CN1CC2(CN(C(=O)C3(Cc4c[nH]nn4)CCCC3)C2)C(F)(F)C1=O,CN1CC2(CN(C(=O)C3(Cc4ccccc4)CCC3)C2)C(F)(F)C1=O,0.596,O=C(O)C1(Cc2ccccc2)CCC1;CN1CC2(CNC2)C(F)(F)C1=O;R8,1,,,
CN1CC2(CN(C(=O)C3(Cc4c[nH]nn4)CCCC3)C2)C(F)(F)C1=O,CN1CC2(CN(C(=O)C3(CC(=O)O)CCCC3)C2)C(F)(F)C1=O,0.582,O=C(O)CC1(C(=O)O)CCCC1;CN1CC2(CNC2)C(F)(F)C1=O;R8,1,,,
CN1CC2(CN(C(=O)C3(Cc4c[nH]nn4)CCCC3)C2)C(F)(F)C1=O,CN1CC2(CN(C(=O)c3c[nH]nn3)C2)C(F)(F)C1=O,0.582,O=C(O)c1c[nH]nn1;CN1CC2(CNC2)C(F)(F)C1=O;R8,1,,,
CN1CC2(CN(C(=O)C3(Cc4c[nH]nn4)CCCC3)C2)C(F)(F)C1=O,CN1CC2(CN(C(=O)C3(CC(=O)O)CCCCC3)C2)C(F)(F)C1=O,0.571,O=C(O)CC1(C(=O)O)CCCCC1;CN1CC2(CNC2)C(F)(F)C1=O;R8,1,,,
CN1CC2(CN(C(=O)C3(Cc4c[nH]nn4)CCCC3)C2)C(F)(F)C1=O,CN1CC2(CN(C(=O)CC3(C(=O)O)CCCC3)C2)C(F)(F)C1=O,0.500,O=C(O)CC1(C(=O)O)CCCC1;CN1CC2(CNC2)C(F)(F)C1=O;R8,1,,,
CN1CC2(CN(C(=O)C3(Cc4c[nH]nn4)CCCC3)C2)C(F)(F)C1=O,CN1CC2(CN(C(=O)CC3(C(=O)O)CCCCC3)C2)C(F)(F)C1=O,0.492,O=C(O)CC1(C(=O)O)CCCCC1;CN1CC2(CNC2)C(F)(F)C1=O;R8,1,,,
CN1CC2(CN(C(=O)C3(Cc4c[nH]nn4)CCCC3)C2)C(F)(F)C1=O,CN1CC2(CN(c3ccc(CC4(C(=O)O)CCCC4)cc3)C2)C(F)(F)C1=O,0.453,O=C(O)C1(Cc2ccc(Cl)cc2)CCCC1;CN1CC2(CNC2)C(F)(F)C1=O;R9,1,,,
CNC(=O)NCC(=O)NCCC1CCN(C(=O)[C@@H]2CN3CCCC[C@H]3CO2)C1,CNC(=O)NCC(=O)NCCC1CCN(C(=O)[C@@H]2CN3CCCC[C@H]3CO2)C1,1.000,O=C(O)[C@@H]1CN2CCCC[C@H]2CO1;NCCC1CCNC1;R8;CNC(=O)NCC(=O)O;R8,2,1.000,1.000,1.000
CNC(=O)NCC(=O)NCCC1CCN(C(=O)[C@@H]2CN3CCCC[C@H]3CO2)C1,CNC(=O)NCC(=O)NCCC1CCN(C(=O)[C@@H]2CN3CCCC[C@H]3CO2)CC1,0.911,O=C(O)[C@@H]1CN2CCCC[C@H]2CO1;NCCC1CCNCC1;R8;CNC(=O)NCC(=O)O;R8,2,0.969,0.778,0.914
CNC(=O)NCC(=O)NCCC1CCN(C(=O)[C@@H]2CN3CCCC[C@H]3CO2)C1,CNC(=O)NCCC(=O)NCCC1CCN(C(=O)[C@@H]2CN3CCCC[C@H]3CO2)C1,0.847,O=C(O)[C@@H]1CN2CCCC[C@H]2CO1;NCCC1CCNC1;R8;CNC(=O)NCCC(=O)O;R8,2,1.000,0.833,0.893
CNC(=O)NCC(=O)NCCC1CCN(C(=O)[C@@H]2CN3CCCC[C@H]3CO2)C1,CNCC(=O)NCCC1CCN(C(=O)[C@@H]2CN3CCCC[C@H]3CO2)C1,0.842,O=C(O)[C@@H]1CN2CCCC[C@H]2CO1;NCCC1CCNC1;R8;CNCC(=O)O;R8,2,1.000,0.890,0.923
CNC(=O)NCC(=O)NCCC1CCN(C(=O)[C@@H]2CN3CCCC[C@H]3CO2)C1,CNC(=O)NCCNC(=O)NCCC1CCN(C(=O)[C@@H]2CN3CCCC[C@H]3CO2)C1,0.842,O=C(O)[C@@H]1CN2CCCC[C@H]2CO1;NCCC1CCNC1;R8;CNC(=O)NCCN;R36,2,1.000,0.908,0.922
CNC(=O)NCC(=O)NCCC1CCN(C(=O)[C@@H]2CN3CCCC[C@H]3CO2)C1,CC(=O)NCC(=O)NCCC1CCN(C(=O)[C@@H]2CN3CCCC[C@H]3CO2)C1,0.828,O=C(O)[C@@H]1CN2CCCC[C@H]2CO1;NCCC1CCNC1;R8;CC(=O)NCC(=O)O;R8,2,1.000,0.968,0.926
CNC(=O)NCC(=O)NCCC1CCN(C(=O)[C@@H]2CN3CCCC[C@H]3CO2)C1,CNC(=O)NCC(=O)NC[C@H]1CCN(C(=O)[C@@H]2CN3CCCC[C@H]3CO2)C1,0.828,O=C(O)[C@@H]1CN2CCCC[C@H]2CO1;NC[C@H]1CCNC1;R8;CNC(=O)NCC(=O)O;R8,2,1.000,0.774,0.935
CNC(=O)NCC(=O)NCCC1CCN(C(=O)[C@@H]2CN3CCCC[C@H]3CO2)C1,O=C(CNC(=O)NC1CC1)NCCC1CCN(C(=O)[C@@H]2CN3CCCC[C@H]3CO2)C1,0.817,O=C(O)[C@@H]1CN2CCCC[C@H]2CO1;NCCC1CCNC1;R8;O=C(O)CNC(=O)NC1CC1;R8,2,0.509,0.962,0.960
CNC(=O)NCC(=O)NCCC1CCN(C(=O)[C@@H]2CN3CCCC[C@H]3CO2)C1,CCC(=O)NCC(=O)NCCC1CCN(C(=O)[C@@H]2CN3CCCC[C@H]3CO2)C1,0.814,O=C(O)[C@@H]1CN2CCCC[C@H]2CO1;NCCC1CCNC1;R8;CCC(=O)NCC(=O)O;R8,2,1.000,0.968,0.923
CNC(=O)NCC(=O)NCCC1CCN(C(=O)[C@@H]2CN3CCCC[C@H]3CO2)C1,CNC(=O)NCCNC(=O)C(=O)NCCC1CCN(C(=O)[C@@H]2CN3CCCC[C@H]3CO2)C1,0.814,O=C(O)[C@@H]1CN2CCCC[C@H]2CO1;NCCC1CCNC1;R8;CNC(=O)NCCN;R38,2,1.000,0.903,0.919
CNC(=O)NCC(=O)NCCC1CCN(C(=O)[C@@H]2CN3CCCC[C@H]3CO2)C1,NC(=O)NCC(=O)NCCC1CCN(C(=O)[C@@H]2CN3CCCC[C@H]3CO2)C1,0.797,O=C(O)[C@@H]1CN2CCCC[C@H]2CO1;NCCC1CCNC1;R8;NC(=O)NCC(=O)O;R8,2,,,
CNC(=O)NCC(=O)NCCC1CCN(C(=O)[C@@H]2CN3CCCC[C@H]3CO2)C1,CNC(=O)CC(=O)NCCC1CCN(C(=O)[C@@H]2CN3CCCC[C@H]3CO2)C1,0.797,O=C(O)[C@@H]1CN2CCCC[C@H]2CO1;NCCC1CCNC1;R8;CNC(=O)CC(=O)O;R8,2,,,
CNC(=O)NCC(=O)NCCC1CCN(C(=O)[C@@H]2CN3CCCC[C@H]3CO2)C1,CCCC(=O)NCC(=O)NCCC1CCN(C(=O)[C@@H]2CN3CCCC[C@H]3CO2)C1,0.787,O=C(O)[C@@H]1CN2CCCC[C@H]2CO1;NCCC1CCNC1;R8;CCCC(=O)NCC(=O)O;R8,2,,,
CNC(=O)NCC(=O)NCCC1CCN(C(=O)[C@@H]2CN3CCCC[C@H]3CO2)C1,CC(C)(C)C(=O)NCC(=O)NCCC1CCN(C(=O)[C@@H]2CN3CCCC[C@H]3CO2)C1,0.787,O=C(O)[C@@H]1CN2CCCC[C@H]2CO1;NCCC1CCNC1;R8;CC(C)(C)C(=O)NCC(=O)O;R8,2,,,
CNC(=O)NCC(=O)NCCC1CCN(C(=O)[C@@H]2CN3CCCC[C@H]3CO2)C1,COC(=O)NCC(=O)NCCC1CCN(C(=O)[C@@H]2CN3CCCC[C@H]3CO2)C1,0.787,O=C(O)[C@@H]1CN2CCCC[C@H]2CO1;NCCC1CCNC1;R8;COC(=O)NCC(=O)O;R8,2,,,
CNC(=O)NCC(=O)NCCC1CCN(C(=O)[C@@H]2CN3CCCC[C@H]3CO2)C1,CCNCC(=O)NCCC1CCN(C(=O)[C@@H]2CN3CCCC[C@H]3CO2)C1,0.783,O=C(O)[C@@H]1CN2CCCC[C@H]2CO1;NCCC1CCNC1;R8;CCNCC(=O)O;R8,2,,,
CNC(=O)NCC(=O)NCCC1CCN(C(=O)[C@@H]2CN3CCCC[C@H]3CO2)C1,CNC(=O)NCC(=O)NCC1CCN(C(=O)[C@@H]2CN3CCCC[C@H]3CO2)CC1,0.780,O=C(O)[C@@H]1CN2CCCC[C@H]2CO1;NCC1CCNCC1;R8;CNC(=O)NCC(=O)O;R8,2,,,
CNC(=O)NCC(=O)NCCC1CCN(C(=O)[C@@H]2CN3CCCC[C@H]3CO2)C1,C=CC(=O)NCC(=O)NCCC1CCN(C(=O)[C@@H]2CN3CCCC[C@H]3CO2)C1,0.758,O=C(O)[C@@H]1CN2CCCC[C@H]2CO1;NCCC1CCNC1;R8;C=CC(=O)NCC(=O)O;R8,2,,,
CNC(=O)NCC(=O)NCCC1CCN(C(=O)[C@@H]2CN3CCCC[C@H]3CO2)C1,CNC(=O)NCC(=O)OCC[C@H]1CCN(C(=O)[C@@H]2CN3CCCC[C@H]3CO2)C1,0.746,O=C(O)[C@@H]1CN2CCCC[C@H]2CO1;OCC[C@H]1CCNC1;R8;CNC(=O)NCC(=O)O;R72,2,,,
CNC(=O)NCC(=O)NCCC1CCN(C(=O)[C@@H]2CN3CCCC[C@H]3CO2)C1,CNC(=O)NCC(=O)N1CCC(CCNC(=O)[C@@H]2CN3CCCC[C@H]3CO2)C1,0.742,O=C(O)[C@@H]1CN2CCCC[C@H]2CO1;NCCC1CCNC1;R8;CNC(=O)NCC(=O)O;R8,2,,,
CNC(=O)NCC(=O)NCCC1CCN(C(=O)[C@@H]2CN3CCCC[C@H]3CO2)C1,CNC(=O)NCC(=O)OCCCC1CCN(C(=O)[C@@H]2CN3CCCC[C@H]3CO2)C1,0.723,O=C(O)[C@@H]1CN2CCCC[C@H]2CO1;OCCCC1CCNC1;R8;CNC(=O)NCC(=O)O;R72,2,,,
CNC(=O)NCC(=O)NCCC1CCN(C(=O)[C@@H]2CN3CCCC[C@H]3CO2)C1,CNC(=O)NCC(=O)OCC1CCN(C(=O)[C@@H]2CN3CCCC[C@H]3CO2)C1,0.714,O=C(O)[C@@H]1CN2CCCC[C@H]2CO1;BrCC1CCNC1;R8;CNC(=O)NCC(=O)O;R31,2,,,
CNC(=O)NCC(=O)NCCC1CCN(C(=O)[C@@H]2CN3CCCC[C@H]3CO2)C1,CNC(=O)NCC(=O)N1CCC(CCNC(=O)[C@@H]2CN3CCCC[C@H]3CO2)CC1,0.698,O=C(O)[C@@H]1CN2CCCC[C@H]2CO1;NCCC1CCNCC1;R8;CNC(=O)NCC(=O)O;R8,2,,,
CNC(=O)NCC(=O)NCCC1CCN(C(=O)[C@@H]2CN3CCCC[C@H]3CO2)C1,CNC(=O)NCCNC(=O)N1CCC(CCNC(=O)[C@@H]2CN3CCCC[C@H]3CO2)C1,0.688,O=C(O)[C@@H]1CN2CCCC[C@H]2CO1;NCCC1CCNC1;R8;CNC(=O)NCCN;R36,2,,,
CNC(=O)NCC(=O)NCCC1CCN(C(=O)[C@@H]2CN3CCCC[C@H]3CO2)C1,CNC(=O)NCC(=O)OCCCC1CCN(C(=O)[C@H]2CN3CCC[C@H]3CO2)C1,0.682,O=C(O)[C@H]1CN2CCC[C@H]2CO1;OCCCC1CCNC1;R8;CNC(=O)NCC(=O)O;R72,2,,,
CNC(=O)NCC(=O)NCCC1CCN(C(=O)[C@@H]2CN3CCCC[C@H]3CO2)C1,CNC(=O)NCCC(=O)N1CCC(CCNC(=O)[C@@H]2CN3CCCC[C@H]3CO2)C1,0.677,O=C(O)[C@@H]1CN2CCCC[C@H]2CO1;NCCC1CCNC1;R8;CNC(=O)NCCC(=O)O;R8,2,,,
CNC(=O)NCC(=O)NCCC1CCN(C(=O)[C@@H]2CN3CCCC[C@H]3CO2)C1,CNC(=O)NCCNC(=O)C(=O)N1CCC(CCNC(=O)[C@@H]2CN3CCCC[C@H]3CO2)C1,0.667,O=C(O)[C@@H]1CN2CCCC[C@H]2CO1;NCCC1CCNC1;R8;CNC(=O)NCCN;R38,2,,,
CNC(=O)NCC(=O)NCCC1CCN(C(=O)[C@@H]2CN3CCCC[C@H]3CO2)C1,CNC(=O)CC(=O)N1CCC(CCNC(=O)[C@@H]2CN3CCCC[C@H]3CO2)C1,0.646,O=C(O)[C@@H]1CN2CCCC[C@H]2CO1;NCCC1CCNC1;R8;CNC(=O)CC(=O)O;R8,2,,,
CNC(=O)NCC(=O)NCCC1CCN(C(=O)[C@@H]2CN3CCCC[C@H]3CO2)C1,O=C(O)CNC(=O)CCNCCC1CCN(C(=O)[C@@H]2CN3CCCC[C@H]3CO2)C1,0.642,O=C(O)[C@@H]1CN2CCCC[C@H]2CO1;NCCC1CCNC1;R8;C=CC(=O)NCC(=O)O;R59,2,,,
CNC(=O)NCC(=O)NCCC1CCN(C(=O)[C@@H]2CN3CCCC[C@H]3CO2)C1,CN(CC(=O)O)C(=O)NCCC1CCN(C(=O)[C@@H]2CN3CCCC[C@H]3CO2)C1,0.642,O=C(O)[C@@H]1CN2CCCC[C@H]2CO1;NCCC1CCNC1;R8;CNCC(=O)O;R36,2,,,
CNC(=O)NCC(=O)NCCC1CCN(C(=O)[C@@H]2CN3CCCC[C@H]3CO2)C1,CNCC(=O)N1CCC(CCNC(=O)[C@@H]2CN3CCCC[C@H]3CO2)C1,0.641,O=C(O)[C@@H]1CN2CCCC[C@H]2CO1;NCCC1CCNC1;R8;CNCC(=O)O;R8,2,,,
CNC(=O)NCC(=O)NCCC1CCN(C(=O)[C@@H]2CN3CCCC[C@H]3CO2)C1,CNC(=O)NCC(=O)N1CC[C@H](CNC(=O)[C@@H]2CN3CCCC[C@H]3CO2)C1,0.631,O=C(O)[C@@H]1CN2CCCC[C@H]2CO1;NC[C@H]1CCNC1;R8;CNC(=O)NCC(=O)O;R8,2,,,
CNC(=O)NCC(=O)NCCC1CCN(C(=O)[C@@H]2CN3CCCC[C@H]3CO2)C1,CCN(CC(=O)O)C(=O)NCCC1CCN(C(=O)[C@@H]2CN3CCCC[C@H]3CO2)C1,0.623,O=C(O)[C@@H]1CN2CCCC[C@H]2CO1;NCCC1CCNC1;R8;CCNCC(=O)O;R36,2,,,
CNC(=O)NCC(=O)NCCC1CCN(C(=O)[C@@H]2CN3CCCC[C@H]3CO2)C1,CNC(=O)NCC(=O)N1CCC(CNC(=O)[C@@H]2CN3CCCC[C@H]3CO2)CC1,0.615,O=C(O)[C@@H]1CN2CCCC[C@H]2CO1;NCC1CCNCC1;R8;CNC(=O)NCC(=O)O;R8,2,,,
CNC(=O)NCC(=O)NCCC1CCN(C(=O)[C@@H]2CN3CCCC[C@H]3CO2)C1,CCC(=O)NCC(=O)N1CCC(CCNC(=O)[C@@H]2CN3CCCC[C@H]3CO2)C1,0.612,O=C(O)[C@@H]1CN2CCCC[C@H]2CO1;NCCC1CCNC1;R8;CCC(=O)NCC(=O)O;R8,2,,,
CNC(=O)NCC(=O)NCCC1CCN(C(=O)[C@@H]2CN3CCCC[C@H]3CO2)C1,CC(=O)NCC(=O)N1CCC(CCNC(=O)[C@@H]2CN3CCCC[C@H]3CO2)C1,0.606,O=C(O)[C@@H]1CN2CCCC[C@H]2CO1;NCCC1CCNC1;R8;CC(=O)NCC(=O)O;R8,2,,,
CNC(=O)NCC(=O)NCCC1CCN(C(=O)[C@@H]2CN3CCCC[C@H]3CO2)C1,O=C(NCC(=O)N1CCC(CCNC(=O)[C@@H]2CN3CCCC[C@H]3CO2)C1)NC1CC1,0.603,O=C(O)[C@@H]1CN2CCCC[C@H]2CO1;NCCC1CCNC1;R8;O=C(O)CNC(=O)NC1CC1;R8,2,,,
CNC(=O)NCC(=O)NCCC1CCN(C(=O)[C@@H]2CN3CCCC[C@H]3CO2)C1,CCNCC(=O)N1CCC(CCNC(=O)[C@@H]2CN3CCCC[C@H]3CO2)C1,0.597,O=C(O)[C@@H]1CN2CCCC[C@H]2CO1;NCCC1CCNC1;R8;CCNCC(=O)O;R8,2,,,
CNC(=O)NCC(=O)NCCC1CCN(C(=O)[C@@H]2CN3CCCC[C@H]3CO2)C1,CCCC(=O)NCC(=O)N1CCC(CCNC(=O)[C@@H]2CN3CCCC[C@H]3CO2)C1,0.594,O=C(O)[C@@H]1CN2CCCC[C@H]2CO1;NCCC1CCNC1;R8;CCCC(=O)NCC(=O)O;R8,2,,,
CNC(=O)NCC(=O)NCCC1CCN(C(=O)[C@@H]2CN3CCCC[C@H]3CO2)C1,NC(=O)NCC(=O)N1CCC(CCNC(=O)[C@@H]2CN3CCCC[C@H]3CO2)C1,0.582,O=C(O)[C@@H]1CN2CCCC[C@H]2CO1;NCCC1CCNC1;R8;NC(=O)NCC(=O)O;R8,2,,,
CNC(=O)NCC(=O)NCCC1CCN(C(=O)[C@@H]2CN3CCCC[C@H]3CO2)C1,CC(C)(C)C(=O)NCC(=O)N1CCC(CCNC(=O)[C@@H]2CN3CCCC[C@H]3CO2)C1,0.580,O=C(O)[C@@H]1CN2CCCC[C@H]2CO1;NCCC1CCNC1;R8;CC(C)(C)C(=O)NCC(=O)O;R8,2,,,
CNC(=O)NCC(=O)NCCC1CCN(C(=O)[C@@H]2CN3CCCC[C@H]3CO2)C1,COC(=O)NCC(=O)N1CCC(CCNC(=O)[C@@H]2CN3CCCC[C@H]3CO2)C1,0.580,O=C(O)[C@@H]1CN2CCCC[C@H]2CO1;NCCC1CCNC1;R8;COC(=O)NCC(=O)O;R8,2,,,
CNC(=O)NCC(=O)NCCC1CCN(C(=O)[C@@H]2CN3CCCC[C@H]3CO2)C1,C=CC(=O)NCC(=O)N1CCC(CCNC(=O)[C@@H]2CN3CCCC[C@H]3CO2)C1,0.557,O=C(O)[C@@H]1CN2CCCC[C@H]2CO1;NCCC1CCNC1;R8;C=CC(=O)NCC(=O)O;R8,2,,,
CNC(=O)NCC(=O)NCCC1CCN(C(=O)[C@@H]2CN3CCCC[C@H]3CO2)C1,O=C(O)CNC(=O)CCN1CCC(CCNC(=O)[C@@H]2CN3CCCC[C@H]3CO2)C1,0.507,O=C(O)[C@@H]1CN2CCCC[C@H]2CO1;NCCC1CCNC1;R8;C=CC(=O)NCC(=O)O;R59,2,,,
CNC(=O)NCC(=O)NCCC1CCN(C(=O)[C@@H]2CN3CCCC[C@H]3CO2)C1,CNC(=O)NCC(=O)Cl,0.237,O=C(O)[C@@H]1CN2CCCC[C@H]2CO1;C1CC(CC2CC2)CN1;R8;CNC(=O)NCC(=O)O;R107,2,,,
Cn1cnnc1C(C)(C)C(=O)N1CC(Oc2ccccc2C(F)(F)F)C1,Cn1cnnc1C(C)(C)C(=O)N1CC(Oc2ccccc2C(F)(F)F)C1,1.000,CC(C)(C(=O)O)c1cccc(Cl)c1F;Cn1cnnc1C(C)(C)C(=O)O;FC(F)(F)c1ccccc1OC1CNC1;R8,1,1.000,1.000,1.000
Cn1cnnc1C(C)(C)C(=O)N1CC(Oc2ccccc2C(F)(F)F)C1,CC(C)(C(=O)N1CC(Oc2ccccc2C(F)(F)F)C1)c1ccccc1,0.667,CC(C)(C(=O)Cl)c1ccccc1;FC(F)(F)c1ccccc1OC1CNC1;R57,1,0.622,0.533,0.607
Cn1cnnc1C(C)(C)C(=O)N1CC(Oc2ccccc2C(F)(F)F)C1,Cn1cc(C(C)(C)C(=O)N2CC(Oc3ccccc3C(F)(F)F)C2)cn1,0.655,COc1ccccc1C(F)(F)C(=O)O;Cn1cc(C(C)(C)C(=O)O)cn1;FC(F)(F)c1ccccc1OC1CNC1;R8,1,0.588,0.711,0.590
Cn1cnnc1C(C)(C)C(=O)N1CC(Oc2ccccc2C(F)(F)F)C1,COc1ccccc1C(C)(C)C(=O)N1CC(Oc2ccccc2C(F)(F)F)C1,0.655,COc1ccccc1C(C)(C)C(=O)O;FC(F)(F)c1ccccc1OC1CNC1;R8,1,0.622,0.707,0.579
Cn1cnnc1C(C)(C)C(=O)N1CC(Oc2ccccc2C(F)(F)F)C1,Cc1ccccc1C(C)(C)C(=O)N1CC(Oc2ccccc2C(F)(F)F)C1,0.655,Cc1ccccc1C(C)(C)C(=O)O;FC(F)(F)c1ccccc1OC1CNC1;R8,1,0.622,0.631,0.585
Cn1cnnc1C(C)(C)C(=O)N1CC(Oc2ccccc2C(F)(F)F)C1,CC(C)(C(=O)N1CC(Oc2ccccc2C(F)(F)F)C1)c1ccc(F)cc1,0.643,CC(C)(C(=O)O)c1ccc(F)cc1;FC(F)(F)c1ccccc1OC1CNC1;R8,1,0.622,0.504,0.596
Cn1cnnc1C(C)(C)C(=O)N1CC(Oc2ccccc2C(F)(F)F)C1,CC(C)(C(=O)N1CC(Oc2ccccc2C(F)(F)F)C1)c1ccccc1Cl,0.643,CC(C)(C(=O)O)c1ccccc1Cl;FC(F)(F)c1ccccc1OC1CNC1;R8,1,0.622,0.631,0.587
Cn1cnnc1C(C)(C)C(=O)N1CC(Oc2ccccc2C(F)(F)F)C1,CC(C)(C(=O)N1CC(Oc2ccccc2C(F)(F)F)C1)c1c(F)cccc1F,0.632,CC(C)(C(=O)O)c1c(F)cccc1F;FC(F)(F)c1ccccc1OC1CNC1;R8,1,0.622,0.680,0.572
Cn1cnnc1C(C)(C)C(=O)N1CC(Oc2ccccc2C(F)(F)F)C1,CC(C)(C(=O)N1CC(Oc2ccccc2C(F)(F)F)C1)c1cccnc1F,0.627,CC(C)(C(=O)O)c1cccnc1F;FC(F)(F)c1ccccc1OC1CNC1;R8,1,0.558,0.823,0.558
Cn1cnnc1C(C)(C)C(=O)N1CC(Oc2ccccc2C(F)(F)F)C1,CC(C(=O)N1CC(Oc2ccccc2C(F)(F)F)C1)(c1ccccc1)c1ccccc1,0.607,CC(C(=O)O)(c1ccccc1)c1ccccc1;FC(F)(F)c1ccccc1OC1CNC1;R8,1,0.460,0.520,0.544
Cn1cnnc1C(C)(C)C(=O)N1CC(Oc2ccccc2C(F)(F)F)C1,CC(F)(C(=O)N1CC(Oc2ccccc2C(F)(F)F)C1)c1ccccc1,0.607,CC(F)(C(=O)O)c1ccccc1;FC(F)(F)c1ccccc1OC1CNC1;R8,1,,,
Cn1cnnc1C(C)(C)C(=O)N1CC(Oc2ccccc2C(F)(F)F)C1,CC(C)(C(=O)N1CC(Oc2ccccc2C(F)(F)F)C1)c1ccccc1[N+](=O)[O-],0.600,CC(C)(C(=O)O)c1ccccc1[N+](=O)[O-];FC(F)(F)c1ccccc1OC1CNC1;R8,1,,,
Cn1cnnc1C(C)(C)C(=O)N1CC(Oc2ccccc2C(F)(F)F)C1,CC(F)(C(=O)N1CC(Oc2ccccc2C(F)(F)F)C1)c1ccccc1F,0.596,CC(F)(C(=O)O)c1ccccc1F;FC(F)(F)c1ccccc1OC1CNC1;R8,1,,,
Cn1cnnc1C(C)(C)C(=O)N1CC(Oc2ccccc2C(F)(F)F)C1,COc1ccccc1C(C)(C)C(=O)N1CC(Oc2ccncc2C(F)(F)F)C1,0.571,COc1ccccc1C(C)(C)C(=O)O;FC(F)(F)c1cnccc1OC1CNC1;R8,1,,,
Cn1cnnc1C(C)(C)C(=O)N1CC(Oc2ccccc2C(F)(F)F)C1,Cc1ccccc1OC1CN(C(=O)C(C)(C)c2ccccc2C)C1,0.526,Cc1ccccc1C(C)(C)C(=O)O;Cc1ccccc1OC1CNC1;R8,1,,,
Cn1cnnc1C(C)(C)C(=O)N1CC(Oc2ccccc2C(F)(F)F)C1,COc1ccccc1OC1CN(C(=O)C(C)(C)c2ccccc2OC)C1,0.526,COc1ccccc1C(C)(C)C(=O)O;COc1ccccc1OC1CNC1;R8,1,,,
Cn1cnnc1C(C)(C)C(=O)N1CC(Oc2ccccc2C(F)(F)F)C1,COc1ccccc1C(C)(C)C(=O)N1CCC(Oc2ccccc2C(F)(F)F)CC1,0.525,COc1ccccc1C(C)(C)C(=O)O;FC(F)(F)c1ccccc1OC1CCNCC1;R8,1,,,
Cn1cnnc1C(C)(C)C(=O)N1CC(Oc2ccccc2C(F)(F)F)C1,Cc1ccccc1C(C)(C)C(=O)N1CC(Oc2ccccc2F)C1,0.517,Cc1ccccc1C(C)(C)C(=O)O;Fc1ccccc1OC1CNC1;R8,1,,,
Cn1cnnc1C(C)(C)C(=O)N1CC(Oc2ccccc2C(F)(F)F)C1,COc1ccccc1C(C)(C)C(=O)N1CC(Oc2ccccc2F)C1,0.517,COc1ccccc1C(C)(C)C(=O)O;Fc1ccccc1OC1CNC1;R8,1,,,
Cn1cnnc1C(C)(C)C(=O)N1CC(Oc2ccccc2C(F)(F)F)C1,CC(C)(C(=O)N1CCC(Oc2ccccc2C(F)(F)F)CC1)c1ccccc1Cl,0.516,CC(C)(C(=O)O)c1ccccc1Cl;FC(F)(F)c1ccccc1OC1CCNCC1;R8,1,,,
Cn1cnnc1C(C)(C)C(=O)N1CC(Oc2ccccc2C(F)(F)F)C1,CC(C)(C(=O)N1CCC(Oc2ccccc2C(F)(F)F)CC1)c1ccc(F)cc1,0.516,CC(C)(C(=O)O)c1ccc(F)cc1;FC(F)(F)c1ccccc1OC1CCNCC1;R8,1,,,
Cn1cnnc1C(C)(C)C(=O)N1CC(Oc2ccccc2C(F)(F)F)C1,CC(C)(C(=O)O)c1ccccc1N1CC(Oc2ccccc2C(F)(F)F)C1,0.508,CC(C)(C(=O)O)c1ccccc1Cl;FC(F)(F)c1ccccc1OC1CNC1;R9,1,,,
Cn1cnnc1C(C)(C)C(=O)N1CC(Oc2ccccc2C(F)(F)F)C1,COc1ccccc1OC1CN(C(=O)C(C)(C)c2ccccc2C)C1,0.500,Cc1ccccc1C(C)(C)C(=O)O;COc1ccccc1OC1CNC1;R8,1,,,
Cn1cnnc1C(C)(C)C(=O)N1CC(Oc2ccccc2C(F)(F)F)C1,COc1ccccc1C(C)(C)C(=O)N1CC(Oc2ccccc2C)C1,0.500,COc1ccccc1C(C)(C)C(=O)O;Cc1ccccc1OC1CNC1;R8,1,,,
Cn1cnnc1C(C)(C)C(=O)N1CC(Oc2ccccc2C(F)(F)F)C1,Cc1ccccc1C(C)(C)C(=O)N1CC(Oc2ccccc2Cl)C1,0.492,Cc1ccccc1C(C)(C)C(=O)O;Clc1ccccc1OC1CNC1;R8,1,,,
Cn1cnnc1C(C)(C)C(=O)N1CC(Oc2ccccc2C(F)(F)F)C1,COc1ccccc1C(C)(C)C(=O)N1CC(Oc2ccccc2Cl)C1,0.492,COc1ccccc1C(C)(C)C(=O)O;Clc1ccccc1OC1CNC1;R8,1,,,
Cn1cnnc1C(C)(C)C(=O)N1CC(Oc2ccccc2C(F)(F)F)C1,CC(C)(C(=O)N1CCC(Oc2ccccc2C(F)(F)F)CC1)c1ccccc1[N+](=O)[O-],0.485,CC(C)(C(=O)O)c1ccccc1[N+](=O)[O-];FC(F)(F)c1ccccc1OC1CCNCC1;R8,1,,,
Cn1cnnc1C(C)(C)C(=O)N1CC(Oc2ccccc2C(F)(F)F)C1,COc1ccccc1C(C)(C)C(=O)N1CC(Oc2ccc(F)cc2)C1,0.484,COc1ccccc1C(C)(C)C(=O)O;Fc1ccc(OC2CNC2)cc1;R8,1,,,
Cn1cnnc1C(C)(C)C(=O)N1CC(Oc2ccccc2C(F)(F)F)C1,COc1ccccc1C(C)(C)C(=O)N1CC(Oc2ccccc2)C1,0.483,COc1ccccc1C(C)(C)C(=O)O;c1ccc(OC2CNC2)cc1;R8,1,,,
Cn1cnnc1C(C)(C)C(=O)N1CC(Oc2ccccc2C(F)(F)F)C1,Cc1ccccc1C(C)(C)C(=O)N1CC(Oc2ccccc2C#N)C1,0.469,Cc1ccccc1C(C)(C)C(=O)O;N#Cc1ccccc1OC1CNC1;R8,1,,,
Cn1cnnc1C(C)(C)C(=O)N1CC(Oc2ccccc2C(F)(F)F)C1,COc1ccccc1C(C)(C)C(=O)N1CC(Oc2ccccc2C#N)C1,0.469,COc1ccccc1C(C)(C)C(=O)O;N#Cc1ccccc1OC1CNC1;R8,1,,,
Cn1cnnc1C(C)(C)C(=O)N1CC(Oc2ccccc2C(F)(F)F)C1,Cc1ccccc1C(C)(C)C(=O)N1CC(Oc2ccc(F)cc2)C1,0.468,Cc1ccccc1C(C)(C)C(=O)O;Fc1ccc(OC2CNC2)cc1;R8,1,,,
Cn1cnnc1C(C)(C)C(=O)N1CC(Oc2ccccc2C(F)(F)F)C1,CC(C)(C(=O)N1CC(Oc2ccccc2)C1)c1ccccc1F,0.467,CC(C)(C(=O)O)c1ccccc1F;c1ccc(OC2CNC2)cc1;R8,1,,,
Cn1cnnc1C(C)(C)C(=O)N1CC(Oc2ccccc2C(F)(F)F)C1,Cc1ccccc1C(C)(C)C(=O)N1CC(Oc2ccccc2[N+](=O)[O-])C1,0.462,Cc1ccccc1C(C)(C)C(=O)O;O=[N+]([O-])c1ccccc1OC1CNC1;R8,1,,,
Cn1cnnc1C(C)(C)C(=O)N1CC(Oc2ccccc2C(F)(F)F)C1,Cc1ccccc1C(C)(C)C(=O)N1CC(Oc2ccccc2)C1,0.450,Cc1ccccc1C(C)(C)C(=O)O;c1ccc(OC2CNC2)cc1;R8,1,,,
Cn1cnnc1C(C)(C)C(=O)N1CC(Oc2ccccc2C(F)(F)F)C1,Cc1ccccc1C(C)(C)C(=O)N1CC(Oc2ccncc2)C1,0.444,Cc1ccccc1C(C)(C)C(=O)O;c1cc(OC2CNC2)ccn1;R8,1,,,
Cn1cnnc1C(C)(C)C(=O)N1CC(Oc2ccccc2C(F)(F)F)C1,Cc1ccccc1C(C)(C)C(=O)N1CCC(Oc2ccccc2F)C1,0.439,Cc1ccccc1C(C)(C)C(=O)O;Fc1ccccc1OC1CCNC1;R8,1,,,
Cn1cnnc1C(C)(C)C(=O)N1CC(Oc2ccccc2C(F)(F)F)C1,Cc1ccc(OC2CN(C(=O)C(C)(C)c3ccccc3C)C2)cc1,0.435,Cc1ccccc1C(C)(C)C(=O)O;Cc1ccc(OC2CNC2)cc1;R8,1,,,
Cn1cnnc1C(C)(C)C(=O)N1CC(Oc2ccccc2C(F)(F)F)C1,CC(C)(C(=O)N1CC(Oc2cccc(F)c2)C1)c1ccccc1F,0.431,CC(C)(C(=O)O)c1ccccc1F;Fc1cccc(OC2CNC2)c1;R8,1,,,
Cn1cnnc1C(C)(C)C(=O)N1CC(Oc2ccccc2C(F)(F)F)C1,Cc1cccc(OC2CN(C(=O)C(C)(C)c3ccccc3F)C2)c1,0.424,CC(C)(C(=O)O)c1ccccc1F;Cc1cccc(OC2CNC2)c1;R8,1,,,
Cn1cnnc1C(C)(C)C(=O)N1CC(Oc2ccccc2C(F)(F)F)C1,Cc1ccccc1C(C)(C)C(=O)N1CC(Oc2ccc(Br)cc2)C1,0.422,Cc1ccccc1C(C)(C)C(=O)O;Brc1ccc(OC2CNC2)cc1;R8,1,,,
Cn1cnnc1C(C)(C)C(=O)N1CC(Oc2ccccc2C(F)(F)F)C1,Cc1ccccc1C(C)(C)C(=O)N1CC(Oc2ccc(Cl)cc2)C1,0.422,Cc1ccccc1C(C)(C)C(=O)O;Clc1ccc(OC2CNC2)cc1;R8,1,,,
Cn1cnnc1C(C)(C)C(=O)N1CC(Oc2ccccc2C(F)(F)F)C1,CC(C)(C(=O)N1CC(Oc2cccc(Cl)c2)C1)c1ccccc1F,0.418,CC(C)(C(=O)O)c1ccccc1F;Clc1cccc(OC2CNC2)c1;R8,1,,,
Cn1cnnc1C(C)(C)C(=O)N1CC(Oc2ccccc2C(F)(F)F)C1,CC(C)(C(=O)N1CC(Oc2cccc(Br)c2)C1)c1ccccc1F,0.418,CC(C)(C(=O)O)c1ccccc1F;Brc1cccc(OC2CNC2)c1;R8,1,,,
Cn1cnnc1C(C)(C)C(=O)N1CC(Oc2ccccc2C(F)(F)F)C1,Cc1ccccc1C(C)(C)C(=O)N1CC[C@@H](Oc2ccccc2Cl)C1,0.418,Cc1ccccc1C(C)(C)C(=O)O;Clc1ccccc1O[C@@H]1CCNC1;R8,1,,,
Cn1cnnc1C(C)(C)C(=O)N1CC(Oc2ccccc2C(F)(F)F)C1,Cc1ccccc1C(C)(C)C(=O)N1CCC(Oc2ccccc2Br)C1,0.418,Cc1ccccc1C(C)(C)C(=O)O;Brc1ccccc1OC1CCNC1;R8,1,,,
FC(F)(F)c1cc(N2CCC[C@H]2CN2CCOCC2)ncc1Cl,FC(F)(F)c1cc(N2CCC[C@H]2CN2CCOCC2)ncc1Cl,1.000,C1CN[C@H](CN2CCOCC2)C1;FC(F)(F)c1cc(Cl)ncc1Cl;R103,1,1.000,1.000,1.000
FC(F)(F)c1cc(N2CCC[C@H]2CN2CCOCC2)ncc1Cl,FC(F)(F)c1cc(N2CCCCC2CN2CCOCC2)ncc1Cl,0.938,C1CCC(CN2CCOCC2)NC1;FC(F)(F)c1cc(Cl)ncc1Cl;R103,1,0.925,0.776,0.947
FC(F)(F)c1cc(N2CCC[C@H]2CN2CCOCC2)ncc1Cl,FC(F)(F)c1cnc(N2CCC[C@H]2CN2CCOCC2)cc1Cl,0.840,C1CN[C@H](CN2CCOCC2)C1;FC(F)(F)c1cnc(I)cc1Cl;R103,1,1.000,0.804,0.718
FC(F)(F)c1cc(N2CCC[C@H]2CN2CCOCC2)ncc1Cl,FC(F)(F)c1cc(N2CCCC2CN2CCCCC2)ncc1Cl,0.816,C1CCN(CC2CCCN2)CC1;FC(F)(F)c1cc(Cl)ncc1Cl;R103,1,0.780,0.720,0.943
FC(F)(F)c1cc(N2CCC[C@H]2CN2CCOCC2)ncc1Cl,Fc1cnc(N2CCC[C@H]2CN2CCOCC2)cc1C(F)(F)F,0.784,C1CN[C@H](CN2CCOCC2)C1;Fc1cnc(Cl)cc1C(F)(F)F;R103,1,1.000,0.973,0.796
FC(F)(F)c1cc(N2CCC[C@H]2CN2CCOCC2)ncc1Cl,Cc1cnc(N2CCC[C@H]2CN2CCOCC2)cc1C(F)(F)F,0.769,C1CN[C@H](CN2CCOCC2)C1;Cc1cnc(Cl)cc1C(F)(F)F;R103,1,1.000,1.000,0.802
FC(F)(F)c1cc(N2CCC[C@H]2CN2CCOCC2)ncc1Cl,FC(F)(F)c1cc(N2CCC[C@H]2CN2CCOCC2)ncc1Br,0.769,C1CN[C@H](CN2CCOCC2)C1;FC(F)(F)c1cc(Cl)ncc1Br;R103,1,1.000,1.000,0.783
FC(F)(F)c1cc(N2CCC[C@H]2CN2CCOCC2)ncc1Cl,Clc1cnc(N2CCC[C@H]2CN2CCOCC2)cc1Cl,0.755,C1CN[C@H](CN2CCOCC2)C1;Clc1cc(Cl)c(Cl)cn1;R103,1,1.000,0.877,0.749
FC(F)(F)c1cc(N2CCC[C@H]2CN2CCOCC2)ncc1Cl,FC1(F)CCN(C[C@@H]2CCCN2c2cc(C(F)(F)F)c(Cl)cn2)CC1,0.755,FC1(F)CCN(C[C@@H]2CCCN2)CC1;FC(F)(F)c1cc(Cl)ncc1Cl;R103,1,0.780,0.797,0.899
FC(F)(F)c1cc(N2CCC[C@H]2CN2CCOCC2)ncc1Cl,Fc1cc(N2CCC[C@H]2CN2CCOCC2)ncc1Cl,0.745,C1CN[C@H](CN2CCOCC2)C1;Fc1cc(Cl)ncc1Cl;R103,1,1.000,0.796,0.738
FC(F)(F)c1cc(N2CCC[C@H]2CN2CCOCC2)ncc1Cl,OCC1CCN(C[C@@H]2CCCN2c2cc(C(F)(F)F)c(Cl)cn2)CC1,0.741,OCC1CCN(C[C@@H]2CCCN2)CC1;FC(F)(F)c1cc(Cl)ncc1Cl;R103,1,,,
FC(F)(F)c1cc(N2CCC[C@H]2CN2CCOCC2)ncc1Cl,Cc1cc(N2CCC[C@H]2CN2CCOCC2)ncc1C(F)(F)F,0.736,C1CN[C@H](CN2CCOCC2)C1;Cc1cc(Cl)ncc1C(F)(F)F;R103,1,,,
FC(F)(F)c1cc(N2CCC[C@H]2CN2CCOCC2)ncc1Cl,FC(F)(F)c1cnc(N2CCC[C@H]2CN2CCOCC2)cc1I,0.736,C1CN[C@H](CN2CCOCC2)C1;FC(F)(F)c1cnc(Cl)cc1I;R103,1,,,
FC(F)(F)c1cc(N2CCC[C@H]2CN2CCOCC2)ncc1Cl,Nc1cc(N2CCC[C@H]2CN2CCOCC2)ncc1C(F)(F)F,0.736,C1CN[C@H](CN2CCOCC2)C1;Nc1cc(Cl)ncc1C(F)(F)F;R103,1,,,
FC(F)(F)c1cc(N2CCC[C@H]2CN2CCOCC2)ncc1Cl,O=S(=O)(Cl)c1cnc(N2CCC[C@H]2CN2CCOCC2)cc1C(F)(F)F,0.732,C1CN[C@H](CN2CCOCC2)C1;O=S(=O)(Cl)c1cnc(Cl)cc1C(F)(F)F;R103,1,,,
FC(F)(F)c1cc(N2CCC[C@H]2CN2CCOCC2)ncc1Cl,FC(F)(F)c1cc(N2CCC[C@H]2CN2CCOCC2)nnc1Cl,0.717,C1CN[C@H](CN2CCOCC2)C1;FC(F)(F)c1cc(Cl)nnc1Cl;R103,1,,,
FC(F)(F)c1cc(N2CCC[C@H]2CN2CCOCC2)ncc1Cl,Cc1cc(N2CCC[C@H]2CN2CCOCC2)ncc1Cl,0.712,C1CN[C@H](CN2CCOCC2)C1;Cc1cc(Cl)ncc1Cl;R103,1,,,
FC(F)(F)c1cc(N2CCC[C@H]2CN2CCOCC2)ncc1Cl,Nc1cc(N2CCC[C@H]2CN2CCOCC2)ncc1Cl,0.712,C1CN[C@H](CN2CCOCC2)C1;Nc1cc(Cl)ncc1Cl;R103,1,,,
FC(F)(F)c1cc(N2CCC[C@H]2CN2CCOCC2)ncc1Cl,Oc1cc(N2CCC[C@H]2CN2CCOCC2)ncc1Cl,0.712,C1CN[C@H](CN2CCOCC2)C1;Oc1cc(Cl)ncc1Cl;R103,1,,,
FC(F)(F)c1cc(N2CCC[C@H]2CN2CCOCC2)ncc1Cl,O=C(O)c1cnc(N2CCC[C@H]2CN2CCOCC2)cc1C(F)(F)F,0.702,C1CN[C@H](CN2CCOCC2)C1;O=C(O)c1cnc(Cl)cc1C(F)(F)F;R103,1,,,
FC(F)(F)c1cc(N2CCC[C@H]2CN2CCOCC2)ncc1Cl,FCC1CCCN1c1cc(C(F)(F)F)c(Cl)cn1,0.700,FCC1CCCN1;FC(F)(F)c1cc(Cl)ncc1Cl;R103,1,,,
FC(F)(F)c1cc(N2CCC[C@H]2CN2CCOCC2)ncc1Cl,C#Cc1cc(N2CCC[C@H]2CN2CCOCC2)ncc1C(F)(F)F,0.696,C1CN[C@H](CN2CCOCC2)C1;C#Cc1cc(Cl)ncc1C(F)(F)F;R103,1,,,
FC(F)(F)c1cc(N2CCC[C@H]2CN2CCOCC2)ncc1Cl,O=Cc1cc(N2CCC[C@H]2CN2CCOCC2)ncc1C(F)(F)F,0.696,C1CN[C@H](CN2CCOCC2)C1;O=Cc1cc(Cl)ncc1C(F)(F)F;R103,1,,,
FC(F)(F)c1cc(N2CCC[C@H]2CN2CCOCC2)ncc1Cl,FC(F)(F)c1cc(Cl)ncc1N1CCC[C@H]1CN1CCOCC1,0.673,C1CN[C@H](CN2CCOCC2)C1;FC(F)(F)c1cc(Cl)ncc1Cl;R103,1,,,
FC(F)(F)c1cc(N2CCC[C@H]2CN2CCOCC2)ncc1Cl,FC(F)(F)c1cnc(Cl)cc1N1CCC[C@H]1CN1CCOCC1,0.673,C1CN[C@H](CN2CCOCC2)C1;FC(F)(F)c1cnc(Cl)cc1I;R103,1,,,
FC(F)(F)c1cc(N2CCC[C@H]2CN2CCOCC2)ncc1Cl,CCCC1CCCN1c1cc(C(F)(F)F)c(Cl)cn1,0.660,CCCC1CCCN1;FC(F)(F)c1cc(Cl)ncc1Cl;R103,1,,,
FC(F)(F)c1cc(N2CCC[C@H]2CN2CCOCC2)ncc1Cl,FC(F)(F)c1cc(N2CCC(CN3CCOCC3)C2)ncc1Cl,0.643,C1CC(CN2CCOCC2)CN1;FC(F)(F)c1cc(Cl)ncc1Cl;R103,1,,,
FC(F)(F)c1cc(N2CCC[C@H]2CN2CCOCC2)ncc1Cl,FC(F)(F)c1cc(Cl)nnc1N1CCC[C@H]1CN1CCOCC1,0.636,C1CN[C@H](CN2CCOCC2)C1;FC(F)(F)c1cc(Cl)nnc1Cl;R103,1,,,
FC(F)(F)c1cc(N2CCC[C@H]2CN2CCOCC2)ncc1Cl,FC(F)(F)c1cc(Cl)ncc1N1CCCCC1CN1CCOCC1,0.632,C1CCC(CN2CCOCC2)NC1;FC(F)(F)c1cc(Cl)ncc1Cl;R103,1,,,
FC(F)(F)c1cc(N2CCC[C@H]2CN2CCOCC2)ncc1Cl,FC(F)(F)c1cc(Br)ncc1N1CCC[C@H]1CN1CCOCC1,0.614,C1CN[C@H](CN2CCOCC2)C1;FC(F)(F)c1cc(Br)ncc1Cl;R103,1,,,
FC(F)(F)c1cc(N2CCC[C@H]2CN2CCOCC2)ncc1Cl,FC(F)(F)c1cnc(I)cc1N1CCC[C@H]1CN1CCOCC1,0.614,C1CN[C@H](CN2CCOCC2)C1;FC(F)(F)c1cnc(I)cc1Cl;R103,1,,,
FC(F)(F)c1cc(N2CCC[C@H]2CN2CCOCC2)ncc1Cl,Clc1cc(N2CCC[C@H]2CN2CCOCC2)c(Cl)cn1,0.611,C1CN[C@H](CN2CCOCC2)C1;Clc1cc(Cl)c(Cl)cn1;R103,1,,,
FC(F)(F)c1cc(N2CCC[C@H]2CN2CCOCC2)ncc1Cl,O=C(Nc1cc(C(F)(F)F)c(Cl)cn1)C(=O)N1CCC[C@H]1CN1CCOCC1,0.594,C1CN[C@H](CN2CCOCC2)C1;Nc1cc(C(F)(F)F)c(Cl)cn1;R38,1,,,
FC(F)(F)c1cc(N2CCC[C@H]2CN2CCOCC2)ncc1Cl,Clc1cc(Cl)c(N2CCC[C@H]2CN2CCOCC2)cn1,0.582,C1CN[C@H](CN2CCOCC2)C1;Clc1cc(Cl)c(Cl)cn1;R103,1,,,
FC(F)(F)c1cc(N2CCC[C@H]2CN2CCOCC2)ncc1Cl,Fc1cc(Cl)ncc1N1CCC[C@H]1CN1CCOCC1,0.561,C1CN[C@H](CN2CCOCC2)C1;Fc1cc(Cl)ncc1Cl;R103,1,,,
FC(F)(F)c1cc(N2CCC[C@H]2CN2CCOCC2)ncc1Cl,FC(F)(F)c1cc(N2CCC[C@H]2CN2C[C@H]3CCCC[C@H]3C2)ncc1Br,0.559,C1CN[C@H](CN2C[C@H]3CCCC[C@H]3C2)C1;FC(F)(F)c1cc(Cl)ncc1Br;R103,1,,,
FC(F)(F)c1cc(N2CCC[C@H]2CN2CCOCC2)ncc1Cl,FC(F)(F)c1cc(Cl)ncc1N1CCCC1CN1CCCCC1,0.534,C1CCN(CC2CCCN2)CC1;FC(F)(F)c1cc(Cl)ncc1Cl;R103,1,,,
FC(F)(F)c1cc(N2CCC[C@H]2CN2CCOCC2)ncc1Cl,Cc1cc(Cl)ncc1N1CCC[C@H]1CN1CCOCC1,0.534,C1CN[C@H](CN2CCOCC2)C1;Cc1cc(Cl)ncc1Cl;R103,1,,,
FC(F)(F)c1cc(N2CCC[C@H]2CN2CCOCC2)ncc1Cl,Nc1cc(Cl)ncc1N1CCC[C@H]1CN1CCOCC1,0.534,C1CN[C@H](CN2CCOCC2)C1;Nc1cc(Cl)ncc1Cl;R103,1,,,
FC(F)(F)c1cc(N2CCC[C@H]2CN2CCOCC2)ncc1Cl,Oc1cc(Cl)ncc1N1CCC[C@H]1CN1CCOCC1,0.534,C1CN[C@H](CN2CCOCC2)C1;Oc1cc(Cl)ncc1Cl;R103,1,,,
FC(F)(F)c1cc(N2CCC[C@H]2CN2CCOCC2)ncc1Cl,FC1(F)CCN(C[C@@H]2CCCN2c2cnc(Cl)cc2C(F)(F)F)CC1,0.500,FC1(F)CCN(C[C@@H]2CCCN2)CC1;FC(F)(F)c1cc(Cl)ncc1Cl;R103,1,,,
FC(F)(F)c1cc(N2CCC[C@H]2CN2CCOCC2)ncc1Cl,OCC1CCN(C[C@@H]2CCCN2c2cnc(Cl)cc2C(F)(F)F)CC1,0.492,OCC1CCN(C[C@@H]2CCCN2)CC1;FC(F)(F)c1cc(Cl)ncc1Cl;R103,1,,,
FC(F)(F)c1cc(N2CCC[C@H]2CN2CCOCC2)ncc1Cl,FC(F)(F)c1cc(Cl)ncc1N1CCC[C@H]1CN1C[C@H]2CCCC[C@H]2C1,0.484,C1CN[C@H](CN2C[C@H]3CCCC[C@H]3C2)C1;FC(F)(F)c1cc(Cl)ncc1Br;R103,1,,,
FC(F)(F)c1cc(N2CCC[C@H]2CN2CCOCC2)ncc1Cl,FC(F)(F)c1cc(Cl)ncc1N1CCC(CN2CCOCC2)C1,0.460,C1CC(CN2CCOCC2)CN1;FC(F)(F)c1cc(Cl)ncc1Cl;R103,1,,,
FC(F)(F)c1cc(N2CCC[C@H]2CN2CCOCC2)ncc1Cl,FCC1CCCN1c1cnc(Cl)cc1C(F)(F)F,0.441,FCC1CCCN1;FC(F)(F)c1cc(Cl)ncc1Cl;R103,1,,,
FC(F)(F)c1cc(N2CCC[C@H]2CN2CCOCC2)ncc1Cl,CCCC1CCCN1c1cnc(Cl)cc1C(F)(F)F,0.419,CCCC1CCCN1;FC(F)(F)c1cc(Cl)ncc1Cl;R103,1,,,
O=C(Nc1ccc2oc(CO)cc2c1)C12CCOC1CS(=O)(=O)C2,O=C(Nc1ccc2oc(CO)cc2c1)C12CCOC1CS(=O)(=O)C2,1.000,O=C(O)C12CCOC1CS(=O)(=O)C2;Nc1ccc2oc(CO)cc2c1;R8,1,1.000,1.000,1.000
O=C(Nc1ccc2oc(CO)cc2c1)C12CCOC1CS(=O)(=O)C2,O=C(O)c1cc2cc(NC(=O)C34CCOC3CS(=O)(=O)C4)ccc2o1,0.750,O=C(O)C12CCOC1CS(=O)(=O)C2;Nc1ccc2oc(C(=O)O)cc2c1;R8,1,1.000,0.892,0.954
O=C(Nc1ccc2oc(CO)cc2c1)C12CCOC1CS(=O)(=O)C2,Cc1cc2cc(NC(=O)C34CCOC3CS(=O)(=O)C4)ccc2o1,0.746,O=C(O)C12CCOC1CS(=O)(=O)C2;Cc1cc2cc(N)ccc2o1;R8,1,1.000,0.768,0.973
O=C(Nc1ccc2oc(CO)cc2c1)C12CCOC1CS(=O)(=O)C2,O=C(Nc1ccc2oc(Cl)cc2c1)C12CCOC1CS(=O)(=O)C2,0.746,O=C(O)C12CCOC1CS(=O)(=O)C2;Nc1ccc2oc(Cl)cc2c1;R8,1,1.000,0.768,0.894
O=C(Nc1ccc2oc(CO)cc2c1)C12CCOC1CS(=O)(=O)C2,O=C(Nc1ccc2oc(CO)cc2c1)[C@@]12CCOC[C@@H]1CS(=O)(=O)C2,0.742,O=C(O)[C@@]12CCOC[C@@H]1CS(=O)(=O)C2;Nc1ccc2oc(CO)cc2c1;R8,1,0.732,0.883,0.811
O=C(Nc1ccc2oc(CO)cc2c1)C12CCOC1CS(=O)(=O)C2,NC(=O)c1cc2cc(NC(=O)C34CCOC3CS(=O)(=O)C4)ccc2o1,0.733,O=C(O)C12CCOC1CS(=O)(=O)C2;NC(=O)c1cc2cc(N)ccc2o1;R8,1,1.000,0.981,0.909
O=C(Nc1ccc2oc(CO)cc2c1)C12CCOC1CS(=O)(=O)C2,O=C(Nc1ccc2oc(=O)ccc2c1)C12CCOC1CS(=O)(=O)C2,0.729,O=C(O)C12CCOC1CS(=O)(=O)C2;Nc1ccc2oc(=O)ccc2c1;R8,1,0.745,0.719,0.877
O=C(Nc1ccc2oc(CO)cc2c1)C12CCOC1CS(=O)(=O)C2,O=C(Nc1ccc2oc(CO)cc2c1)[C@]12C[C@H]1CS(=O)(=O)C2,0.729,O=C(O)[C@]12C[C@H]1CS(=O)(=O)C2;Nc1ccc2oc(CO)cc2c1;R8,1,0.717,0.913,0.701
O=C(Nc1ccc2oc(CO)cc2c1)C12CCOC1CS(=O)(=O)C2,O=C(Nc1ccc2oc(C(F)F)cc2c1)C12CCOC1CS(=O)(=O)C2,0.721,O=C(O)C12CCOC1CS(=O)(=O)C2;Nc1ccc2oc(C(F)F)cc2c1;R8,1,1.000,0.858,0.932
O=C(Nc1ccc2oc(CO)cc2c1)C12CCOC1CS(=O)(=O)C2,O=C(Nc1ccc2oc(CO)cc2c1)[C@]12CCC[C@H]1OCC2,0.717,O=C(O)[C@]12CCC[C@H]1OCC2;Nc1ccc2oc(CO)cc2c1;R8,1,0.685,0.757,0.657
O=C(Nc1ccc2oc(CO)cc2c1)C12CCOC1CS(=O)(=O)C2,O=C(Nc1ccc2oc(CO)cc2c1)C12CCCC1CS(=O)(=O)C2,0.710,O=C(O)C12CCCC1CS(=O)(=O)C2;Nc1ccc2oc(CO)cc2c1;R8,1,,,
O=C(Nc1ccc2oc(CO)cc2c1)C12CCOC1CS(=O)(=O)C2,O=C(Nc1ccc(CO)c(CO)c1)C12CCOC1CS(=O)(=O)C2,0.707,O=C(O)C12CCOC1CS(=O)(=O)C2;Nc1ccc(CO)c(CO)c1;R8,1,,,
O=C(Nc1ccc2oc(CO)cc2c1)C12CCOC1CS(=O)(=O)C2,O=C(Nc1ccc2oc(CO)cc2c1)C12CCCCC1OCC2,0.705,O=C(O)C12CCCCC1OCC2;Nc1ccc2oc(CO)cc2c1;R8,1,,,
O=C(Nc1ccc2oc(CO)cc2c1)C12CCOC1CS(=O)(=O)C2,O=C(Nc1ccc2oc(CO)cc2c1)C12CCCCC1CS(=O)(=O)C2,0.698,O=C(O)C12CCCCC1CS(=O)(=O)C2;Nc1ccc2oc(CO)cc2c1;R8,1,,,
O=C(Nc1ccc2oc(CO)cc2c1)C12CCOC1CS(=O)(=O)C2,O=C(Nc1ccc2occc2c1)C12CCOC1CS(=O)(=O)C2,0.695,O=C(O)C12CCOC1CS(=O)(=O)C2;Nc1ccc2occc2c1;R8,1,,,
O=C(Nc1ccc2oc(CO)cc2c1)C12CCOC1CS(=O)(=O)C2,O=C(Nc1ccc2oc(CO)cc2c1)C12CCOC1CCOC2,0.694,O=C(O)C12CCOC1CCOC2;Nc1ccc2oc(CO)cc2c1;R8,1,,,
O=C(Nc1ccc2oc(CO)cc2c1)C12CCOC1CS(=O)(=O)C2,O=C(Nc1ccc2oc(CO)cc2c1)[C@]12CCO[C@H]1CNC2,0.694,O=C(O)[C@]12CCO[C@H]1CNC2;Nc1ccc2oc(CO)cc2c1;R8,1,,,
O=C(Nc1ccc2oc(CO)cc2c1)C12CCOC1CS(=O)(=O)C2,COC(=O)c1cc2cc(NC(=O)C34CCOC3CS(=O)(=O)C4)ccc2o1,0.688,O=C(O)C12CCOC1CS(=O)(=O)C2;COC(=O)c1cc2cc(N)ccc2o1;R8,1,,,
O=C(Nc1ccc2oc(CO)cc2c1)C12CCOC1CS(=O)(=O)C2,O=C(Nc1ccc2oc(CO)nc2c1)C12CCOC1CS(=O)(=O)C2,0.688,O=C(O)C12CCOC1CS(=O)(=O)C2;Nc1ccc2oc(CO)nc2c1;R8,1,,,
O=C(Nc1ccc2oc(CO)cc2c1)C12CCOC1CS(=O)(=O)C2,O=C(Nc1ccc2oc(CO)cc2c1)[C@]12COC[C@H]1CS(=O)(=O)C2,0.683,O=C(O)[C@]12COC[C@H]1CS(=O)(=O)C2;Nc1ccc2oc(CO)cc2c1;R8,1,,,
O=C(Nc1ccc2oc(CO)cc2c1)C12CCOC1CS(=O)(=O)C2,O=C(Nc1ccc(CO)cc1)C12CCOC1CS(=O)(=O)C2,0.672,O=C(O)C12CCOC1CS(=O)(=O)C2;Nc1ccc(CO)cc1;R8,1,,,
O=C(Nc1ccc2oc(CO)cc2c1)C12CCOC1CS(=O)(=O)C2,O=C(Nc1ccc2oc(CO)cc2c1)C1(C2CCCO2)CCOCC1,0.667,O=C(O)C1(C2CCCO2)CCOCC1;Nc1ccc2oc(CO)cc2c1;R8,1,,,
O=C(Nc1ccc2oc(CO)cc2c1)C12CCOC1CS(=O)(=O)C2,O=C(Nc1ccc2oc(CO)cc2c1)C1(C2CCCO2)CCC1,0.661,O=C(O)C1(C2CCCO2)CCC1;Nc1ccc2oc(CO)cc2c1;R8,1,,,
O=C(Nc1ccc2oc(CO)cc2c1)C12CCOC1CS(=O)(=O)C2,O=C(Nc1ccc2oc(CO)cc2c1)C1(C2CCCO2)CCCC1,0.661,O=C(O)C1(C2CCCO2)CCCC1;Nc1ccc2oc(CO)cc2c1;R8,1,,,
O=C(Nc1ccc2oc(CO)cc2c1)C12CCOC1CS(=O)(=O)C2,O=C(Nc1ccc2oc(CO)cc2c1)C1(C2CCCCO2)CC1,0.661,O=C(O)C1(C2CCCCO2)CC1;Nc1ccc2oc(CO)cc2c1;R8,1,,,
O=C(Nc1ccc2oc(CO)cc2c1)C12CCOC1CS(=O)(=O)C2,O=C(Nc1ccc2oc(CO)cc2c1)C1(C2CCCCO2)CCOCC1,0.656,O=C(O)C1(C2CCCCO2)CCOCC1;Nc1ccc2oc(CO)cc2c1;R8,1,,,
O=C(Nc1ccc2oc(CO)cc2c1)C12CCOC1CS(=O)(=O)C2,O=C(Nc1ccc2oc(CO)cc2c1)C1(C2CCCCO2)CCC1,0.651,O=C(O)C1(C2CCCCO2)CCC1;Nc1ccc2oc(CO)cc2c1;R8,1,,,
O=C(Nc1ccc2oc(CO)cc2c1)C12CCOC1CS(=O)(=O)C2,O=C(Nc1ccc2oc(CO)cc2c1)C1(C2CC2)CCOCC1,0.639,O=C(O)C1(C2CC2)CCOCC1;Nc1ccc2oc(CO)cc2c1;R8,1,,,
O=C(Nc1ccc2oc(CO)cc2c1)C12CCOC1CS(=O)(=O)C2,Cc1ccc2oc(CNC(=O)C34CCOC3CS(=O)(=O)C4)cc2c1,0.631,O=C(O)C12CCOC1CS(=O)(=O)C2;Cc1ccc2oc(CN)cc2c1;R8,1,,,
O=C(Nc1ccc2oc(CO)cc2c1)C12CCOC1CS(=O)(=O)C2,O=C(NCc1cc2cc(Br)ccc2o1)C12CCOC1CS(=O)(=O)C2,0.631,O=C(O)C12CCOC1CS(=O)(=O)C2;NCc1cc2cc(Br)ccc2o1;R8,1,,,
O=C(Nc1ccc2oc(CO)cc2c1)C12CCOC1CS(=O)(=O)C2,O=C(NCc1cc2cc(Cl)ccc2o1)C12CCOC1CS(=O)(=O)C2,0.631,O=C(O)C12CCOC1CS(=O)(=O)C2;NCc1cc2cc(Cl)ccc2o1;R8,1,,,
O=C(Nc1ccc2oc(CO)cc2c1)C12CCOC1CS(=O)(=O)C2,O=C(Nc1ccc2oc(CO)cc2c1)C1(C2CCOCC2)CCOCC1,0.629,O=C(O)C1(C2CCOCC2)CCOCC1;Nc1ccc2oc(CO)cc2c1;R8,1,,,
O=C(Nc1ccc2oc(CO)cc2c1)C12CCOC1CS(=O)(=O)C2,CC1(C(=O)Nc2ccc3oc(CO)cc3c2)CS(=O)(=O)C1,0.627,CC1(C(=O)O)CS(=O)(=O)C1;Nc1ccc2oc(CO)cc2c1;R8,1,,,
O=C(Nc1ccc2oc(CO)cc2c1)C12CCOC1CS(=O)(=O)C2,O=C(Nc1ccc2oc(CO)cc2c1)C1(C2CC2)CC1,0.627,O=C(O)C1(C2CC2)CC1;Nc1ccc2oc(CO)cc2c1;R8,1,,,
O=C(Nc1ccc2oc(CO)cc2c1)C12CCOC1CS(=O)(=O)C2,O=C(Nc1ccc2oc(CO)cc2c1)N1C[C@@H]2OCC[C@]2(C(=O)O)C1,0.597,O=C(O)[C@]12CCO[C@H]1CNC2;Nc1ccc2oc(CO)cc2c1;R36,1,,,
O=C(Nc1ccc2oc(CO)cc2c1)C12CCOC1CS(=O)(=O)C2,O=C(Nc1ccc2oc(CO)cc2c1)C(=O)N1C[C@@H]2OCC[C@]2(C(=O)O)C1,0.580,O=C(O)[C@]12CCO[C@H]1CNC2;Nc1ccc2oc(CO)cc2c1;R38,1,,,
O=C(Nc1ccc2oc(CO)cc2c1)C12CCOC1CS(=O)(=O)C2,Nc1ccc2oc(COC(=O)C34CCOC3CS(=O)(=O)C4)cc2c1,0.559,O=C(O)C12CCOC1CS(=O)(=O)C2;Nc1ccc2oc(CO)cc2c1;R72,1,,,
O=C(Nc1ccc2oc(CO)cc2c1)C12CCOC1CS(=O)(=O)C2,O=C(OCc1cc2cc(Br)ccc2o1)C12CCOC1CS(=O)(=O)C2,0.559,O=C(O)C12CCOC1CS(=O)(=O)C2;OCc1cc2cc(Br)ccc2o1;R72,1,,,
O=C(Nc1ccc2oc(CO)cc2c1)C12CCOC1CS(=O)(=O)C2,CSc1ccc2oc(COC(=O)C34CCOC3CS(=O)(=O)C4)cc2c1,0.543,O=C(O)C12CCOC1CS(=O)(=O)C2;CSc1ccc2oc(CO)cc2c1;R72,1,,,
O=C(Nc1ccc2oc(CO)cc2c1)C12CCOC1CS(=O)(=O)C2,CCOc1ccc2oc(COC(=O)C34CCOC3CS(=O)(=O)C4)cc2c1,0.528,O=C(O)C12CCOC1CS(=O)(=O)C2;CCOc1ccc2oc(CO)cc2c1;R72,1,,,
O=C(Nc1ccc2oc(CO)cc2c1)C12CCOC1CS(=O)(=O)C2,O=C(OCc1cc2nc(Cl)ccc2o1)C12CCOC1CS(=O)(=O)C2,0.459,O=C(O)C12CCOC1CS(=O)(=O)C2;OCc1cc2nc(Cl)ccc2o1;R72,1,,,
O=C(Nc1ccc2oc(CO)cc2c1)C12CCOC1CS(=O)(=O)C2,Nc1ccc2oc(COC(=O)[C@@]34CCOC[C@@H]3CS(=O)(=O)C4)cc2c1,0.421,O=C(O)[C@@]12CCOC[C@@H]1CS(=O)(=O)C2;Nc1ccc2oc(CO)cc2c1;R72,1,,,
O=C(Nc1ccc2oc(CO)cc2c1)C12CCOC1CS(=O)(=O)C2,Nc1ccc2oc(COC(=O)C34CCOC3CS(=O)(=O)C4)nc2c1,0.421,O=C(O)C12CCOC1CS(=O)(=O)C2;Nc1ccc2oc(CO)nc2c1;R72,1,,,
O=C(Nc1ccc2oc(CO)cc2c1)C12CCOC1CS(=O)(=O)C2,Nc1ccc2oc(COC(=O)[C@]34C[C@H]3CS(=O)(=O)C4)cc2c1,0.397,O=C(O)[C@]12C[C@H]1CS(=O)(=O)C2;Nc1ccc2oc(CO)cc2c1;R72,1,,,
O=C(Nc1ccc2oc(CO)cc2c1)C12CCOC1CS(=O)(=O)C2,Nc1ccc2oc(COC(=O)C34CCCC3CS(=O)(=O)C4)cc2c1,0.395,O=C(O)C12CCCC1CS(=O)(=O)C2;Nc1ccc2oc(CO)cc2c1;R72,1,,,
O=C(Nc1ccc2oc(CO)cc2c1)C12CCOC1CS(=O)(=O)C2,Nc1ccc2oc(COC(=O)C34CCCCC3CS(=O)(=O)C4)cc2c1,0.390,O=C(O)C12CCCCC1CS(=O)(=O)C2;Nc1ccc2oc(CO)cc2c1;R72,1,,,
O=C(Nc1ccc2oc(CO)cc2c1)C12CCOC1CS(=O)(=O)C2,Nc1ccc2oc(COC(=O)[C@]34COC[C@H]3CS(=O)(=O)C4)cc2c1,0.377,O=C(O)[C@]12COC[C@H]1CS(=O)(=O)C2;Nc1ccc2oc(CO)cc2c1;R72,1,,,
O=C(Nc1ccc2oc(CO)cc2c1)C12CCOC1CS(=O)(=O)C2,CC1(C(=O)OCc2cc3cc(N)ccc3o2)CS(=O)(=O)C1,0.333,CC1(C(=O)O)CS(=O)(=O)C1;Nc1ccc2oc(CO)cc2c1;R72,1,,,
O=C(Nc1ccc2oc(CO)cc2c1)C12CCOC1CS(=O)(=O)C2,Nc1ccc2oc(COC(=O)C3(C4CCOCC4)CCOCC3)cc2c1,0.329,O=C(O)C1(C2CCOCC2)CCOCC1;Nc1ccc2oc(CO)cc2c1;R72,1,,,
O=C(Nc1ccnn1CC(F)(F)F)c1ncnc2[nH]cc(Br)c12,O=C(Nc1ccnn1CC(F)(F)F)c1ncnc2[nH]cc(Br)c12,1.000,O=C(O)c1ncnc2[nH]cc(Br)c12;Nc1ccnn1CC(F)(F)F;R8,1,1.000,1.000,1.000
O=C(Nc1ccnn1CC(F)(F)F)c1ncnc2[nH]cc(Br)c12,Cc1c[nH]c2ncnc(C(=O)Nc3ccnn3CC(F)(F)F)c12,0.786,Cc1c[nH]c2ncnc(C(=O)O)c12;Nc1ccnn1CC(F)(F)F;R8,1,1.000,1.000,0.834
O=C(Nc1ccnn1CC(F)(F)F)c1ncnc2[nH]cc(Br)c12,CCn1nccc1NC(=O)c1ncnc2[nH]cc(Br)c12,0.764,COC(=O)c1ncnc2[nH]cc(Br)c12;CCn1nccc1N;R49,1,1.000,0.926,0.953
O=C(Nc1ccnn1CC(F)(F)F)c1ncnc2[nH]cc(Br)c12,O=C(Nc1ccnn1CC(F)F)c1ncnc2[nH]cc(Br)c12,0.754,COC(=O)c1ncnc2[nH]cc(Br)c12;Nc1ccnn1CC(F)F;R49,1,1.000,0.999,0.994
O=C(Nc1ccnn1CC(F)(F)F)c1ncnc2[nH]cc(Br)c12,O=C(Nc1ccnn1C(F)(F)F)c1ncnc2[nH]cc(Br)c12,0.745,COC(=O)c1ncnc2[nH]cc(Br)c12;Nc1ccnn1C(F)(F)F;R49,1,1.000,0.870,0.843
O=C(Nc1ccnn1CC(F)(F)F)c1ncnc2[nH]cc(Br)c12,O=C(Nc1ccnn1Cc1ccc(C(F)(F)F)cc1)c1ncnc2[nH]cc(Br)c12,0.738,COC(=O)c1ncnc2[nH]cc(Br)c12;Nc1ccnn1Cc1ccc(C(F)(F)F)cc1;R49,1,0.509,0.769,0.802
O=C(Nc1ccnn1CC(F)(F)F)c1ncnc2[nH]cc(Br)c12,O=C(Nc1ccnn1CCO)c1ncnc2[nH]cc(Br)c12,0.737,COC(=O)c1ncnc2[nH]cc(Br)c12;Nc1ccnn1CCO;R49,1,1.000,0.930,0.927
O=C(Nc1ccnn1CC(F)(F)F)c1ncnc2[nH]cc(Br)c12,CCCn1nccc1NC(=O)c1ncnc2[nH]cc(Br)c12,0.737,COC(=O)c1ncnc2[nH]cc(Br)c12;CCCn1nccc1N;R49,1,1.000,0.926,0.927
O=C(Nc1ccnn1CC(F)(F)F)c1ncnc2[nH]cc(Br)c12,O=C(NCc1ccnn1CC(F)(F)F)c1ncnc2[nH]cc(Br)c12,0.729,COC(=O)c1ncnc2[nH]cc(Br)c12;NCc1ccnn1CC(F)(F)F;R49,1,0.646,0.662,0.656
O=C(Nc1ccnn1CC(F)(F)F)c1ncnc2[nH]cc(Br)c12,CC(C)Cn1nccc1NC(=O)c1ncnc2[nH]cc(Br)c12,0.724,COC(=O)c1ncnc2[nH]cc(Br)c12;CC(C)Cn1nccc1N;R49,1,1.000,0.803,0.918
O=C(Nc1ccnn1CC(F)(F)F)c1ncnc2[nH]cc(Br)c12,O=C(Nc1ccnn1Cc1ccc(F)cc1)c1ncnc2[nH]cc(Br)c12,0.717,COC(=O)c1ncnc2[nH]cc(Br)c12;Nc1ccnn1Cc1ccc(F)cc1;R49,1,,,
O=C(Nc1ccnn1CC(F)(F)F)c1ncnc2[nH]cc(Br)c12,CCCCn1nccc1NC(=O)c1ncnc2[nH]cc(Br)c12,0.712,COC(=O)c1ncnc2[nH]cc(Br)c12;CCCCn1nccc1N;R49,1,,,
O=C(Nc1ccnn1CC(F)(F)F)c1ncnc2[nH]cc(Br)c12,O=C(Nc1ccnn1CC1CC1)c1ncnc2[nH]cc(Br)c12,0.712,COC(=O)c1ncnc2[nH]cc(Br)c12;Nc1ccnn1CC1CC1;R49,1,,,
O=C(Nc1ccnn1CC(F)(F)F)c1ncnc2[nH]cc(Br)c12,O=C(Nc1ccnn1Cc1ccccc1)c1ncnc2[nH]cc(Br)c12,0.712,COC(=O)c1ncnc2[nH]cc(Br)c12;Nc1ccnn1Cc1ccccc1;R49,1,,,
O=C(Nc1ccnn1CC(F)(F)F)c1ncnc2[nH]cc(Br)c12,O=C(Nc1ccnn1Cc1ccncc1)c1ncnc2[nH]cc(Br)c12,0.712,COC(=O)c1ncnc2[nH]cc(Br)c12;Nc1ccnn1Cc1ccncc1;R49,1,,,
O=C(Nc1ccnn1CC(F)(F)F)c1ncnc2[nH]cc(Br)c12,O=C(Nc1ccnn1Cc1ccc(OC(F)(F)F)cc1)c1ncnc2[nH]cc(Br)c12,0.703,COC(=O)c1ncnc2[nH]cc(Br)c12;Nc1ccnn1Cc1ccc(OC(F)(F)F)cc1;R49,1,,,
O=C(Nc1ccnn1CC(F)(F)F)c1ncnc2[nH]cc(Br)c12,CN(C)CCn1nccc1NC(=O)c1ncnc2[nH]cc(Br)c12,0.700,COC(=O)c1ncnc2[nH]cc(Br)c12;CN(C)CCn1nccc1N;R49,1,,,
O=C(Nc1ccnn1CC(F)(F)F)c1ncnc2[nH]cc(Br)c12,O=C(Nc1ccnn1Cc1ccc(Cl)cc1)c1ncnc2[nH]cc(Br)c12,0.689,COC(=O)c1ncnc2[nH]cc(Br)c12;Nc1ccnn1Cc1ccc(Cl)cc1;R49,1,,,
O=C(Nc1ccnn1CC(F)(F)F)c1ncnc2[nH]cc(Br)c12,Cn1nccc1NC(=O)c1ncnc2[nH]cc(Br)c12,0.679,COC(=O)c1ncnc2[nH]cc(Br)c12;Cn1nccc1N;R49,1,,,
O=C(Nc1ccnn1CC(F)(F)F)c1ncnc2[nH]cc(Br)c12,Cn1cc(Br)c2c(C(=O)Nc3ccnn3CC(F)(F)F)ncnc21,0.656,COC(=O)c1ncnc2c1c(Br)cn2C;Nc1ccnn1CC(F)(F)F;R49,1,,,
O=C(Nc1ccnn1CC(F)(F)F)c1ncnc2[nH]cc(Br)c12,Nc1ncnc(C(=O)Nc2ccnn2CC(F)(F)F)c1Br,0.638,COC(=O)c1ncnc(N)c1Br;Nc1ccnn1CC(F)(F)F;R49,1,,,
O=C(Nc1ccnn1CC(F)(F)F)c1ncnc2[nH]cc(Br)c12,O=C(Nc1ccnn1CC(F)(F)F)c1ncc2c(Br)c[nH]c2n1,0.629,COC(=O)c1ncc2c(Br)c[nH]c2n1;Nc1ccnn1CC(F)(F)F;R49,1,,,
O=C(Nc1ccnn1CC(F)(F)F)c1ncnc2[nH]cc(Br)c12,O=C(O)c1ncnc2[nH]cc(Nc3ccnn3CC(F)(F)F)c12,0.613,O=C(O)c1ncnc2[nH]cc(Br)c12;Nc1ccnn1CC(F)(F)F;R9,1,,,
O=C(Nc1ccnn1CC(F)(F)F)c1ncnc2[nH]cc(Br)c12,O=C(Nc1ccnn1CC(F)(F)F)c1nccnc1Br,0.607,COC(=O)c1nccnc1Br;Nc1ccnn1CC(F)(F)F;R49,1,,,
O=C(Nc1ccnn1CC(F)(F)F)c1ncnc2[nH]cc(Br)c12,O=C(Nc1ccnn1CC(F)(F)F)c1ncnc(Cl)c1Cl,0.603,COC(=O)c1ncnc(Cl)c1Cl;Nc1ccnn1CC(F)(F)F;R49,1,,,
O=C(Nc1ccnn1CC(F)(F)F)c1ncnc2[nH]cc(Br)c12,COC(=O)c1ncnc2[nH]cc(Nc3ccnn3CC(F)(F)F)c12,0.594,COC(=O)c1ncnc2[nH]cc(Br)c12;Nc1ccnn1CC(F)(F)F;R9,1,,,
O=C(Nc1ccnn1CC(F)(F)F)c1ncnc2[nH]cc(Br)c12,Nc1ncnc(C(=O)Nc2ccnn2CC(F)(F)F)c1F,0.593,COC(=O)c1ncnc(N)c1F;Nc1ccnn1CC(F)(F)F;R49,1,,,
O=C(Nc1ccnn1CC(F)(F)F)c1ncnc2[nH]cc(Br)c12,Nc1[nH]cnc1C(=O)Nc1ccnn1CC(F)(F)F,0.586,COC(=O)c1nc[nH]c1N;Nc1ccnn1CC(F)(F)F;R49,1,,,
O=C(Nc1ccnn1CC(F)(F)F)c1ncnc2[nH]cc(Br)c12,Nc1ncc(Br)c(C(=O)Nc2ccnn2CC(F)(F)F)n1,0.574,COC(=O)c1nc(N)ncc1Br;Nc1ccnn1CC(F)(F)F;R49,1,,,
O=C(Nc1ccnn1CC(F)(F)F)c1ncnc2[nH]cc(Br)c12,COc1c(N)ncnc1C(=O)Nc1ccnn1CC(F)(F)F,0.556,COC(=O)c1ncnc(N)c1OC;Nc1ccnn1CC(F)(F)F;R49,1,,,
O=C(Nc1ccnn1CC(F)(F)F)c1ncnc2[nH]cc(Br)c12,Nc1ncc(Br)nc1C(=O)Nc1ccnn1CC(F)(F)F,0.548,COC(=O)c1nc(Br)cnc1N;Nc1ccnn1CC(F)(F)F;R49,1,,,
O=C(Nc1ccnn1CC(F)(F)F)c1ncnc2[nH]cc(Br)c12,COC(=O)c1ncnc(NC(=O)C(=O)Nc2ccnn2CC(F)(F)F)c1Br,0.530,COC(=O)c1ncnc(N)c1Br;Nc1ccnn1CC(F)(F)F;R38,1,,,
O=C(Nc1ccnn1CC(F)(F)F)c1ncnc2[nH]cc(Br)c12,COC(=O)c1ncnc(NC(=O)Nc2ccnn2CC(F)(F)F)c1Br,0.530,COC(=O)c1ncnc(N)c1Br;Nc1ccnn1CC(F)(F)F;R36,1,,,
O=C(Nc1ccnn1CC(F)(F)F)c1ncnc2[nH]cc(Br)c12,COC(=O)c1nc(NC(=O)C(=O)Nc2ccnn2CC(F)(F)F)ncc1Br,0.500,COC(=O)c1nc(N)ncc1Br;Nc1ccnn1CC(F)(F)F;R38,1,,,
O=C(Nc1ccnn1CC(F)(F)F)c1ncnc2[nH]cc(Br)c12,COC(=O)c1nc(NC(=O)Nc2ccnn2CC(F)(F)F)ncc1Br,0.500,COC(=O)c1nc(N)ncc1Br;Nc1ccnn1CC(F)(F)F;R36,1,,,
O=C(Nc1ccnn1CC(F)(F)F)c1ncnc2[nH]cc(Br)c12,COC(=O)c1ncnc(NC(=O)C(=O)Nc2ccnn2CC(F)(F)F)c1OC,0.485,COC(=O)c1ncnc(N)c1OC;Nc1ccnn1CC(F)(F)F;R38,1,,,
O=C(Nc1ccnn1CC(F)(F)F)c1ncnc2[nH]cc(Br)c12,COC(=O)c1ncnc(NC(=O)Nc2ccnn2CC(F)(F)F)c1OC,0.485,COC(=O)c1ncnc(N)c1OC;Nc1ccnn1CC(F)(F)F;R36,1,,,
O=C(Nc1ccnn1CC(F)(F)F)c1ncnc2[nH]cc(Br)c12,O=c1[nH]cnc2[nH]cc(Nc3ccnn3CC(F)(F)F)c12,0.484,O=c1[nH]cnc2[nH]cc(Br)c12;Nc1ccnn1CC(F)(F)F;R9,1,,,
O=C(Nc1ccnn1CC(F)(F)F)c1ncnc2[nH]cc(Br)c12,COC(=O)c1nc[nH]c1NC(=O)C(=O)Nc1ccnn1CC(F)(F)F,0.478,COC(=O)c1nc[nH]c1N;Nc1ccnn1CC(F)(F)F;R38,1,,,
O=C(Nc1ccnn1CC(F)(F)F)c1ncnc2[nH]cc(Br)c12,COC(=O)c1nc[nH]c1NC(=O)Nc1ccnn1CC(F)(F)F,0.478,COC(=O)c1nc[nH]c1N;Nc1ccnn1CC(F)(F)F;R36,1,,,
O=C(Nc1ccnn1CC(F)(F)F)c1ncnc2[nH]cc(Br)c12,COC(=O)c1ncnc(N)c1Nc1ccnn1CC(F)(F)F,0.463,COC(=O)c1ncnc(N)c1Br;Nc1ccnn1CC(F)(F)F;R9,1,,,
O=C(Nc1ccnn1CC(F)(F)F)c1ncnc2[nH]cc(Br)c12,COC(=O)c1nc(Br)cnc1NC(=O)C(=O)Nc1ccnn1CC(F)(F)F,0.457,COC(=O)c1nc(Br)cnc1N;Nc1ccnn1CC(F)(F)F;R38,1,,,
O=C(Nc1ccnn1CC(F)(F)F)c1ncnc2[nH]cc(Br)c12,COC(=O)c1nc(Br)cnc1NC(=O)Nc1ccnn1CC(F)(F)F,0.457,COC(=O)c1nc(Br)cnc1N;Nc1ccnn1CC(F)(F)F;R36,1,,,
O=C(Nc1ccnn1CC(F)(F)F)c1ncnc2[nH]cc(Br)c12,COC(=O)c1ncnc(-n2cnc3c(Nc4ccnn4CC(F)(F)F)ncnc32)c1Br,0.423,COC(=O)c1ncnc(N)c1Br;Nc1ccnn1CC(F)(F)F;R66,1,,,
O=C(Nc1ccnn1CC(F)(F)F)c1ncnc2[nH]cc(Br)c12,COC(=O)c1nc[nH]c1-n1cnc2c(Nc3ccnn3CC(F)(F)F)ncnc21,0.410,COC(=O)c1nc[nH]c1N;Nc1ccnn1CC(F)(F)F;R66,1,,,
O=C(Nc1ccnn1CC(F)(F)F)c1ncnc2[nH]cc(Br)c12,COC(=O)c1nc(-n2cnc3c(Nc4ccnn4CC(F)(F)F)ncnc32)ncc1Br,0.407,COC(=O)c1nc(N)ncc1Br;Nc1ccnn1CC(F)(F)F;R66,1,,,
O=C(Nc1ccnn1CC(F)(F)F)c1ncnc2[nH]cc(Br)c12,COC(=O)c1nc(N)ncc1Nc1ccnn1CC(F)(F)F,0.394,COC(=O)c1nc(N)ncc1Br;Nc1ccnn1CC(F)(F)F;R9,1,,,
O=C(Nc1ccnn1CC(F)(F)F)c1ncnc2[nH]cc(Br)c12,COC(=O)c1ncnc(-n2cnc3c(Nc4ccnn4CC(F)(F)F)ncnc32)c1OC,0.392,COC(=O)c1ncnc(N)c1OC;Nc1ccnn1CC(F)(F)F;R66,1,,,
O=C(Nc1ccnn1CC(F)(F)F)c1ncnc2[nH]cc(Br)c12,COC(=O)c1nc(Br)cnc1-n1cnc2c(Nc3ccnn3CC(F)(F)F)ncnc21,0.390,COC(=O)c1nc(Br)cnc1N;Nc1ccnn1CC(F)(F)F;R66,1,,,
O=C(Nc1ccnn1CC(F)(F)F)c1ncnc2[nH]cc(Br)c12,COC(=O)c1ncnc(Nc2ncnc3c2ncn3-c2ccnn2CC(F)(F)F)c1Br,0.380,COC(=O)c1ncnc(N)c1Br;Nc1ccnn1CC(F)(F)F;R66,1,,,
O=C(Nc1ccnn1CC(F)(F)F)c1ncnc2[nH]cc(Br)c12,COC(=O)c1ncnc(Nc2ncnc3c2ncn3-c2ccnn2CC(F)(F)F)c1OC,0.362,COC(=O)c1ncnc(N)c1OC;Nc1ccnn1CC(F)(F)F;R66,1,,,
O=C(Nc1ccnn1CC(F)(F)F)c1ncnc2[nH]cc(Br)c12,COC(=O)c1nc(Nc2ncnc3c2ncn3-c2ccnn2CC(F)(F)F)ncc1Br,0.357,COC(=O)c1nc(N)ncc1Br;Nc1ccnn1CC(F)(F)F;R66,1,,,
O=C(Nc1ccnn1CC(F)(F)F)c1ncnc2[nH]cc(Br)c12,COC(=O)c1nc[nH]c1Nc1ncnc2c1ncn2-c1ccnn1CC(F)(F)F,0.354,COC(=O)c1nc[nH]c1N;Nc1ccnn1CC(F)(F)F;R66,1,,,
O=C(Nc1ccnn1CC(F)(F)F)c1ncnc2[nH]cc(Br)c12,COC(=O)c1nc(Br)cnc1Nc1ncnc2c1ncn2-c1ccnn1CC(F)(F)F,0.345,COC(=O)c1nc(Br)cnc1N;Nc1ccnn1CC(F)(F)F;R66,1,,,
COc1cccc2c1CCC2(CO)NC(=O)C1=CN(C(=O)OC(C)(C)C)CC1,COc1cccc2c1CCC2(CO)NC(=O)C1=CN(C(=O)OC(C)(C)C)CC1,1.000,COc1cccc2c1CCC2(N)CO;CCOC(=O)C1=CN(C(=O)OC(C)(C)C)CC1;R49,1,1.000,1.000,1.000
COc1cccc2c1CCC2(CO)NC(=O)C1=CN(C(=O)OC(C)(C)C)CC1,COc1cccc2c1CCC2(CO)NC(=O)C1=CN(C(=O)OC(C)(C)C)CCC1,0.902,COc1cccc2c1CCC2(N)CO;CC(C)(C)OC(=O)N1C=C(C(=O)O)CCC1;R8,1,0.854,1.000,0.951
COc1cccc2c1CCC2(CO)NC(=O)C1=CN(C(=O)OC(C)(C)C)CC1,CC(C)(C)OC(=O)N1C=C(C(=O)NC2(CO)CCc3c(F)cccc32)CC1,0.794,NC1(CO)CCc2c(F)cccc21;CCOC(=O)C1=CN(C(=O)OC(C)(C)C)CC1;R49,1,1.000,1.000,0.809
COc1cccc2c1CCC2(CO)NC(=O)C1=CN(C(=O)OC(C)(C)C)CC1,COc1cccc2c1CCC2(CO)NC(=O)C1=CCN(C(=O)OC(C)(C)C)CC1,0.758,COc1cccc2c1CCC2(N)CO;COC(=O)C1=CCN(C(=O)OC(C)(C)C)CC1;R49,1,0.689,0.539,0.870
COc1cccc2c1CCC2(CO)NC(=O)C1=CN(C(=O)OC(C)(C)C)CC1,COc1cccc2c1CCC2(NC(=O)C1=CN(C(=O)OC(C)(C)C)CC1)C(=O)O,0.738,COc1cccc2c1CCC2(N)C(=O)O;CCOC(=O)C1=CN(C(=O)OC(C)(C)C)CC1;R49,1,1.000,0.883,0.918
COc1cccc2c1CCC2(CO)NC(=O)C1=CN(C(=O)OC(C)(C)C)CC1,COc1cccc2c1CCC2(CO)NC(=O)C1=CCCN(C(=O)OC(C)(C)C)C1,0.731,COc1cccc2c1CCC2(N)CO;CCOC(=O)C1=CCCN(C(=O)OC(C)(C)C)C1;R49,1,0.674,1.000,0.835
COc1cccc2c1CCC2(CO)NC(=O)C1=CN(C(=O)OC(C)(C)C)CC1,CC(C)(C)OC(=O)N1C=C(C(=O)NC2(CO)CCc3ccccc32)CC1,0.730,NC1(CO)CCc2ccccc21;CCOC(=O)C1=CN(C(=O)OC(C)(C)C)CC1;R49,1,1.000,0.811,0.859
COc1cccc2c1CCC2(CO)NC(=O)C1=CN(C(=O)OC(C)(C)C)CC1,COc1cccc2c1CCC2(CO)NCC1=CN(C(=O)OC(C)(C)C)CC1,0.727,COc1cccc2c1CCC2(N)CO;CC(C)(C)OC(=O)N1C=C(C=O)CC1;R43,1,0.532,0.818,0.912
COc1cccc2c1CCC2(CO)NC(=O)C1=CN(C(=O)OC(C)(C)C)CC1,COc1cccc2c1CCC2(CO)NC(=O)/C=C/C1=CN(C(=O)OC(C)(C)C)CC1,0.725,COc1cccc2c1CCC2(N)CO;CC(C)(C)OC(=O)N1C=C(/C=C/C(=O)O)CC1;R8,1,0.612,0.643,0.877
COc1cccc2c1CCC2(CO)NC(=O)C1=CN(C(=O)OC(C)(C)C)CC1,COc1cccc2c1CCC2(CO)NC(=O)C1=CCN(C(=O)OC(C)(C)C)C1,0.716,COc1cccc2c1CCC2(N)CO;CCOC(=O)C1=CCN(C(=O)OC(C)(C)C)C1;R49,1,0.630,1.000,0.845
COc1cccc2c1CCC2(CO)NC(=O)C1=CN(C(=O)OC(C)(C)C)CC1,COc1cccc2c1CCC2(CO)NC(=O)N(C)CC1=CN(C(=O)OC(C)(C)C)CC1,0.714,COc1cccc2c1CCC2(N)CO;CNCC1=CN(C(=O)OC(C)(C)C)CC1;R36,1,,,
COc1cccc2c1CCC2(CO)NC(=O)C1=CN(C(=O)OC(C)(C)C)CC1,COC(=O)C1(NC(=O)C2=CN(C(=O)OC(C)(C)C)CC2)CCc2c(OC)cccc21,0.712,COC(=O)C1(N)CCc2c(OC)cccc21;CCOC(=O)C1=CN(C(=O)OC(C)(C)C)CC1;R49,1,,,
COc1cccc2c1CCC2(CO)NC(=O)C1=CN(C(=O)OC(C)(C)C)CC1,COc1cccc2c1CCC2(CO)NC1=CN(C(=O)OC(C)(C)C)CCC1,0.701,COc1cccc2c1CCC2(N)CO;CC(C)(C)OC(=O)N1C=C(Br)CCC1;R9,1,,,
COc1cccc2c1CCC2(CO)NC(=O)C1=CN(C(=O)OC(C)(C)C)CC1,COc1cccc2c1CCC2(CO)NC(=O)C(=O)N(C)CC1=CN(C(=O)OC(C)(C)C)CC1,0.694,COc1cccc2c1CCC2(N)CO;CNCC1=CN(C(=O)OC(C)(C)C)CC1;R38,1,,,
COc1cccc2c1CCC2(CO)NC(=O)C1=CN(C(=O)OC(C)(C)C)CC1,COc1cccc2c1CCC2(CO)NC1=CN(C(=O)OC(C)(C)C)CCCC1,0.691,COc1cccc2c1CCC2(N)CO;CC(C)(C)OC(=O)N1C=C(Br)CCCC1;R9,1,,,
COc1cccc2c1CCC2(CO)NC(=O)C1=CN(C(=O)OC(C)(C)C)CC1,CC(C)(C)OC(=O)N1C=C(C(=O)NC2(CO)CCCc3ccccc32)CC1,0.682,NC1(CO)CCCc2ccccc21;CCOC(=O)C1=CN(C(=O)OC(C)(C)C)CC1;R49,1,,,
COc1cccc2c1CCC2(CO)NC(=O)C1=CN(C(=O)OC(C)(C)C)CC1,COc1cccc2c1CCC2(CO)NCC1=CN(C(=O)OC(C)(C)C)CCC1,0.681,COc1cccc2c1CCC2(N)CO;CC(C)(C)OC(=O)N1C=C(C=O)CCC1;R43,1,,,
COc1cccc2c1CCC2(CO)NC(=O)C1=CN(C(=O)OC(C)(C)C)CC1,COc1ccc2c(c1)C(CO)(NC(=O)C1=CN(C(=O)OC(C)(C)C)CC1)CC2,0.676,COc1ccc2c(c1)C(N)(CO)CC2;CCOC(=O)C1=CN(C(=O)OC(C)(C)C)CC1;R49,1,,,
COc1cccc2c1CCC2(CO)NC(=O)C1=CN(C(=O)OC(C)(C)C)CC1,COc1cccc2c1CCC2(CO)NC(=O)C1=C(C)CN(C(=O)OC(C)(C)C)CC1,0.671,COc1cccc2c1CCC2(N)CO;CCOC(=O)C1=C(C)CN(C(=O)OC(C)(C)C)CC1;R49,1,,,
COc1cccc2c1CCC2(CO)NC(=O)C1=CN(C(=O)OC(C)(C)C)CC1,COc1cccc2c1CCC2(CO)NC(CC(=O)O)C1=CN(C(=O)OC(C)(C)C)CC1,0.667,COc1cccc2c1CCC2(N)CO;CC(C)(C)OC(=O)N1C=C(/C=C/C(=O)O)CC1;R59,1,,,
COc1cccc2c1CCC2(CO)NC(=O)C1=CN(C(=O)OC(C)(C)C)CC1,COc1cccc2c1CCC2(CO)NC(=O)C1=C(C)CN(C(=O)OC(C)(C)C)C1,0.667,COc1cccc2c1CCC2(N)CO;CCOC(=O)C1=C(C)CN(C(=O)OC(C)(C)C)C1;R49,1,,,
COc1cccc2c1CCC2(CO)NC(=O)C1=CN(C(=O)OC(C)(C)C)CC1,CC(C)(C)OC(=O)N1C=C(C(=O)NC2(CO)CCOc3ccccc32)CC1,0.662,NC1(CO)CCOc2ccccc21;CCOC(=O)C1=CN(C(=O)OC(C)(C)C)CC1;R49,1,,,
COc1cccc2c1CCC2(CO)NC(=O)C1=CN(C(=O)OC(C)(C)C)CC1,COc1ccccc1C1(NC(=O)C2=CN(C(=O)OC(C)(C)C)CC2)CC1,0.656,COc1ccccc1C1(N)CC1;CC(C)(C)OC(=O)N1C=C(C(=O)O)CC1;R8,1,,,
COc1cccc2c1CCC2(CO)NC(=O)C1=CN(C(=O)OC(C)(C)C)CC1,COc1cccc2c1CCC2(CO)NC1C=CN(C(=O)OC(C)(C)C)CC1,0.652,COc1cccc2c1CCC2(N)CO;CC(C)(C)OC(=O)N1C=CC(=O)CC1;R43,1,,,
COc1cccc2c1CCC2(CO)NC(=O)C1=CN(C(=O)OC(C)(C)C)CC1,COc1cccc2c1CCC2(CO)NC(=O)C1=CCC1,0.645,COc1cccc2c1CCC2(N)CO;CCOC(=O)C1=CCC1;R49,1,,,
COc1cccc2c1CCC2(CO)NC(=O)C1=CN(C(=O)OC(C)(C)C)CC1,COc1cccc2c1CCC2(CO)NC1CCN(C(=O)OC(C)(C)C)C=C1C(F)(F)F,0.644,COc1cccc2c1CCC2(N)CO;CC(C)(C)OC(=O)N1C=C(C(F)(F)F)C(=O)CC1;R43,1,,,
COc1cccc2c1CCC2(CO)NC(=O)C1=CN(C(=O)OC(C)(C)C)CC1,COc1cccc(C2(NC(=O)C3=CN(C(=O)OC(C)(C)C)CC3)CC2)c1F,0.642,COc1cccc(C2(N)CC2)c1F;CCOC(=O)C1=CN(C(=O)OC(C)(C)C)CC1;R49,1,,,
COc1cccc2c1CCC2(CO)NC(=O)C1=CN(C(=O)OC(C)(C)C)CC1,COc1ccccc1C1(NC(=O)C2=CN(C(=O)OC(C)(C)C)CC2)CCC1,0.636,COc1ccccc1C1(N)CCC1;CCOC(=O)C1=CN(C(=O)OC(C)(C)C)CC1;R49,1,,,
COc1cccc2c1CCC2(CO)NC(=O)C1=CN(C(=O)OC(C)(C)C)CC1,COc1cccc2c1CCC2(CO)NC(C1=CN(C(=O)OC(C)(C)C)CCC1)C(F)(F)F,0.635,COc1cccc2c1CCC2(N)CO;CC(C)(C)OC(=O)N1C=C(C(=O)C(F)(F)F)CCC1;R43,1,,,
COc1cccc2c1CCC2(CO)NC(=O)C1=CN(C(=O)OC(C)(C)C)CC1,COc1cccc2c1CCC2(CO)NC(C1=CN(C(=O)OC(C)(C)C)CCCC1)C(F)(F)F,0.627,COc1cccc2c1CCC2(N)CO;CC(C)(C)OC(=O)N1C=C(C(=O)C(F)(F)F)CCCC1;R43,1,,,
COc1cccc2c1CCC2(CO)NC(=O)C1=CN(C(=O)OC(C)(C)C)CC1,COc1cccc2c1CCC2(N)COC(=O)C1=CN(C(=O)OC(C)(C)C)CC1,0.614,COc1cccc2c1CCC2(N)CO;CC(C)(C)OC(=O)N1C=C(C(=O)O)CC1;R72,1,,,
COc1cccc2c1CCC2(CO)NC(=O)C1=CN(C(=O)OC(C)(C)C)CC1,COc1cccc2c1CCC2(CO)NC(=O)C1=CCCCC1,0.606,COc1cccc2c1CCC2(N)CO;CCOC(=O)C1=CCCCC1;R49,1,,,
COc1cccc2c1CCC2(CO)NC(=O)C1=CN(C(=O)OC(C)(C)C)CC1,COc1ccccc1C1(CNC(=O)C2=CN(C(=O)OC(C)(C)C)CC2)CC1,0.603,COc1ccccc1C1(CN)CC1;CCOC(=O)C1=CN(C(=O)OC(C)(C)C)CC1;R49,1,,,
COc1cccc2c1CCC2(CO)NC(=O)C1=CN(C(=O)OC(C)(C)C)CC1,COc1cccc2c1CCC2(CO)NC1CC(=O)CCN1C(=O)OC(C)(C)C,0.597,COc1cccc2c1CCC2(N)CO;CC(C)(C)OC(=O)N1C=CC(=O)CC1;R59,1,,,
COc1cccc2c1CCC2(CO)NC(=O)C1=CN(C(=O)OC(C)(C)C)CC1,COc1cccc2c1CCC2(CO)NC1C(C(=O)O)CCN1C(=O)OC(C)(C)C,0.581,COc1cccc2c1CCC2(N)CO;CC(C)(C)OC(=O)N1C=C(C(=O)O)CC1;R59,1,,,
COc1cccc2c1CCC2(CO)NC(=O)C1=CN(C(=O)OC(C)(C)C)CC1,COC(=O)C1CCN(C(=O)OC(C)(C)C)CC1NC1(CO)CCc2c(OC)cccc21,0.579,COc1cccc2c1CCC2(N)CO;COC(=O)C1=CCN(C(=O)OC(C)(C)C)CC1;R59,1,,,
COc1cccc2c1CCC2(CO)NC(=O)C1=CN(C(=O)OC(C)(C)C)CC1,COc1cccc2c1CCC2(CO)NC1C(C=O)CCN1C(=O)OC(C)(C)C,0.573,COc1cccc2c1CCC2(N)CO;CC(C)(C)OC(=O)N1C=C(C=O)CC1;R59,1,,,
COc1cccc2c1CCC2(CO)NC(=O)C1=CN(C(=O)OC(C)(C)C)CC1,COc1cccc2c1CCC2(CO)NC1C(C(=O)O)CCCN1C(=O)OC(C)(C)C,0.566,COc1cccc2c1CCC2(N)CO;CC(C)(C)OC(=O)N1C=C(C(=O)O)CCC1;R59,1,,,
COc1cccc2c1CCC2(CO)NC(=O)C1=CN(C(=O)OC(C)(C)C)CC1,CCOC(=O)C1CN(C(=O)OC(C)(C)C)CC1NC1(CO)CCc2c(OC)cccc21,0.558,COc1cccc2c1CCC2(N)CO;CCOC(=O)C1=CCN(C(=O)OC(C)(C)C)C1;R59,1,,,
COc1cccc2c1CCC2(CO)NC(=O)C1=CN(C(=O)OC(C)(C)C)CC1,COc1cccc2c1CCC2(CO)NC1C(C=O)CCCN1C(=O)OC(C)(C)C,0.558,COc1cccc2c1CCC2(N)CO;CC(C)(C)OC(=O)N1C=C(C=O)CCC1;R59,1,,,
COc1cccc2c1CCC2(CO)NC(=O)C1=CN(C(=O)OC(C)(C)C)CC1,COc1cccc2c1CCC2(CO)NC1C(C(F)(F)F)C(=O)CCN1C(=O)OC(C)(C)C,0.558,COc1cccc2c1CCC2(N)CO;CC(C)(C)OC(=O)N1C=C(C(F)(F)F)C(=O)CC1;R59,1,,,
COc1cccc2c1CCC2(CO)NC(=O)C1=CN(C(=O)OC(C)(C)C)CC1,COc1cccc2c1CCC2(N)COC(=O)C1=CN(C(=O)OC(C)(C)C)CCC1,0.554,COc1cccc2c1CCC2(N)CO;CC(C)(C)OC(=O)N1C=C(C(=O)O)CCC1;R72,1,,,
COc1cccc2c1CCC2(CO)NC(=O)C1=CN(C(=O)OC(C)(C)C)CC1,CCOC(=O)C1CCN(C(=O)OC(C)(C)C)C1NC1(CO)CCc2c(OC)cccc21,0.551,COc1cccc2c1CCC2(N)CO;CCOC(=O)C1=CN(C(=O)OC(C)(C)C)CC1;R59,1,,,
COc1cccc2c1CCC2(CO)NC(=O)C1=CN(C(=O)OC(C)(C)C)CC1,CCOC(=O)C1CN(C(=O)OC(C)(C)C)CCC1NC1(CO)CCc2c(OC)cccc21,0.537,COc1cccc2c1CCC2(N)CO;CCOC(=O)C1=CCCN(C(=O)OC(C)(C)C)C1;R59,1,,,
COc1cccc2c1CCC2(CO)NC(=O)C1=CN(C(=O)OC(C)(C)C)CC1,CCOC(=O)C1CCN(C(=O)OC(C)(C)C)CC1(C)NC1(CO)CCc2c(OC)cccc21,0.531,COc1cccc2c1CCC2(N)CO;CCOC(=O)C1=C(C)CN(C(=O)OC(C)(C)C)CC1;R59,1,,,
COc1cccc2c1CCC2(CO)NC(=O)C1=CN(C(=O)OC(C)(C)C)CC1,CCOC(=O)C1CN(C(=O)OC(C)(C)C)CC1(C)NC1(CO)CCc2c(OC)cccc21,0.525,COc1cccc2c1CCC2(N)CO;CCOC(=O)C1=C(C)CN(C(=O)OC(C)(C)C)C1;R59,1,,,
COc1cccc2c1CCC2(CO)NC(=O)C1=CN(C(=O)OC(C)(C)C)CC1,CCOC(=O)N1C=C(C(C)NC2(CO)CCc3c(OC)cccc32)CCC1,0.519,COc1cccc2c1CCC2(N)CO;CCOC(=O)N1C=C(C(C)=O)CCC1;R43,1,,,
COc1cccc2c1CCC2(CO)NC(=O)C1=CN(C(=O)OC(C)(C)C)CC1,COc1cccc2c1CCC2(N)COC(=O)/C=C/C1=CN(C(=O)OC(C)(C)C)CC1,0.513,COc1cccc2c1CCC2(N)CO;CC(C)(C)OC(=O)N1C=C(/C=C/C(=O)O)CC1;R72,1,,,
COc1cccc2c1CCC2(CO)NC(=O)C1=CN(C(=O)OC(C)(C)C)CC1,COc1cccc2c1CCC2COC(=O)C1=CN(C(=O)OC(C)(C)C)CC1,0.500,COc1cccc2c1CCC2CO;CC(C)(C)OC(=O)N1C=C(C(=O)O)CC1;R72,1,,,
COc1cccc2c1CCC2(CO)NC(=O)C1=CN(C(=O)OC(C)(C)C)CC1,CCOC(=O)C1CCC1NC1(CO)CCc2c(OC)cccc21,0.453,COc1cccc2c1CCC2(N)CO;CCOC(=O)C1=CCC1;R59,1,,,
COc1cccc2c1CCC2(CO)NC(=O)C1=CN(C(=O)OC(C)(C)C)CC1,CCOC(=O)C1CCN(C(=O)OC(C)(C)C)C1NC1(C(=O)O)CCc2c(OC)cccc21,0.440,COc1cccc2c1CCC2(N)C(=O)O;CCOC(=O)C1=CN(C(=O)OC(C)(C)C)CC1;R59,1,,,
COc1cccc2c1CCC2(CO)NC(=O)C1=CN(C(=O)OC(C)(C)C)CC1,CCOC(=O)C1CCN(C(=O)OC(C)(C)C)C1NC1(CO)CCc2c(F)cccc21,0.429,NC1(CO)CCc2c(F)cccc21;CCOC(=O)C1=CN(C(=O)OC(C)(C)C)CC1;R59,1,,,
COc1cccc2c1CCC2(CO)NC(=O)C1=CN(C(=O)OC(C)(C)C)CC1,CCOC(=O)C1CCN(C(=O)OC(C)(C)C)C1NC1(C(=O)OC)CCc2c(OC)cccc21,0.424,COC(=O)C1(N)CCc2c(OC)cccc21;CCOC(=O)C1=CN(C(=O)OC(C)(C)C)CC1;R59,1,,,
COc1cccc2c1CCC2(CO)NC(=O)C1=CN(C(=O)OC(C)(C)C)CC1,CCOC(=O)C1CCN(C(=O)OC(C)(C)C)C1NC1(CO)CCc2ccccc21,0.381,NC1(CO)CCc2ccccc21;CCOC(=O)C1=CN(C(=O)OC(C)(C)C)CC1;R59,1,,,
COc1cccc2c1CCC2(CO)NC(=O)C1=CN(C(=O)OC(C)(C)C)CC1,COc1ccccc1C1(NC2C(C(=O)O)CCN2C(=O)OC(C)(C)C)CC1,0.380,COc1ccccc1C1(N)CC1;CC(C)(C)OC(=O)N1C=C(C(=O)O)CC1;R59,1,,,
COc1cccc2c1CCC2(CO)NC(=O)C1=CN(C(=O)OC(C)(C)C)CC1,CCOC(=O)C1CCN(C(=O)OC(C)(C)C)C1NC1(c2cccc(OC)c2F)CC1,0.360,COc1cccc(C2(N)CC2)c1F;CCOC(=O)C1=CN(C(=O)OC(C)(C)C)CC1;R59,1,,,
COc1cccc2c1CCC2(CO)NC(=O)C1=CN(C(=O)OC(C)(C)C)CC1,CCOC(=O)C1CCN(C(=O)OC(C)(C)C)C1NC1(CO)CCc2ccc(OC)cc21,0.360,COc1ccc2c(c1)C(N)(CO)CC2;CCOC(=O)C1=CN(C(=O)OC(C)(C)C)CC1;R59,1,,,
COc1cccc2c1CCC2(CO)NC(=O)C1=CN(C(=O)OC(C)(C)C)CC1,CCOC(=O)C1CCN(C(=O)OC(C)(C)C)C1NCC1(c2ccccc2OC)CC1,0.353,COc1ccccc1C1(CN)CC1;CCOC(=O)C1=CN(C(=O)OC(C)(C)C)CC1;R59,1,,,
COc1cccc2c1CCC2(CO)NC(=O)C1=CN(C(=O)OC(C)(C)C)CC1,CCOC(=O)C1CCN(C(=O)OC(C)(C)C)C1NC1(CO)CCOc2ccccc21,0.337,NC1(CO)CCOc2ccccc21;CCOC(=O)C1=CN(C(=O)OC(C)(C)C)CC1;R59,1,,,
Cn1nc(N)cc1C(=O)N1CC(F)(CC#N)C1,Cn1nc(N)cc1C(=O)N1CC(F)(CC#N)C1,1.000,N#CCC1(F)CNC1;CCOC(=O)c1cc(N)nn1C;R49,1,1.000,1.000,1.000
Cn1nc(N)cc1C(=O)N1CC(F)(CC#N)C1,Cc1cc(C(=O)N2CC(F)(CC#N)C2)n(C)n1,0.761,N#CCC1(F)CNC1;CCOC(=O)c1cc(C)nn1C;R49,1,1.000,0.698,0.789
Cn1nc(N)cc1C(=O)N1CC(F)(CC#N)C1,CCC1(F)CN(C(=O)c2cc(N)nn2C)C1,0.750,CCC1(F)CNC1;Cn1nc(N)cc1C(=O)O;R8,1,1.000,0.864,0.961
Cn1nc(N)cc1C(=O)N1CC(F)(CC#N)C1,CCn1nc(N)cc1C(=O)N1CC(F)(CC#N)C1,0.750,N#CCC1(F)CNC1;CCOC(=O)c1cc(N)nn1CC;R49,1,1.000,1.000,0.910
Cn1nc(N)cc1C(=O)N1CC(F)(CC#N)C1,Cn1nc(CN)cc1C(=O)N1CC(F)(CC#N)C1,0.750,N#CCC1(F)CNC1;CCOC(=O)c1cc(CN)nn1C;R49,1,1.000,0.559,0.772
Cn1nc(N)cc1C(=O)N1CC(F)(CC#N)C1,Cn1nc(Br)cc1C(=O)N1CC(F)(CC#N)C1,0.745,N#CCC1(F)CNC1;CCOC(=O)c1cc(Br)nn1C;R49,1,1.000,0.698,0.740
Cn1nc(N)cc1C(=O)N1CC(F)(CC#N)C1,Cn1nc(N)cc1C(=O)N1CC(F)(C#N)C1,0.717,N#CC1(F)CNC1;CCOC(=O)c1cc(N)nn1C;R49,1,1.000,0.689,0.865
Cn1nc(N)cc1C(=O)N1CC(F)(CC#N)C1,Cn1nc(C(=O)O)cc1C(=O)N1CC(F)(CC#N)C1,0.714,N#CCC1(F)CNC1;CCOC(=O)c1cc(C(=O)O)nn1C;R49,1,1.000,0.554,0.715
Cn1nc(N)cc1C(=O)N1CC(F)(CC#N)C1,Cn1nc(C(=O)Cl)cc1C(=O)N1CC(F)(CC#N)C1,0.714,N#CCC1(F)CNC1;CCOC(=O)c1cc(C(=O)Cl)nn1C;R49,1,1.000,0.661,0.711
Cn1nc(N)cc1C(=O)N1CC(F)(CC#N)C1,Cn1nc(N)cc1C(=O)N1CC(F)(F)C(F)(F)C1,0.682,FC1(F)CNCC1(F)F;CCOC(=O)c1cc(N)nn1C;R49,1,0.929,0.678,0.766
Cn1nc(N)cc1C(=O)N1CC(F)(CC#N)C1,Cn1nc(N)cc1C(=O)N1CC(F)(F)C1,0.682,FC1(F)CNC1;CCOC(=O)c1cc(N)nn1C;R49,1,,,
Cn1nc(N)cc1C(=O)N1CC(F)(CC#N)C1,Cn1nc(N)cc1C(=O)N1CC(C#N)(C#N)C1,0.674,N#CC1(C#N)CNC1;CCOC(=O)c1cc(N)nn1C;R49,1,,,
Cn1nc(N)cc1C(=O)N1CC(F)(CC#N)C1,Cn1nc(C(=O)N2CC(F)(CC#N)C2)cc1N,0.673,N#CCC1(F)CNC1;CCOC(=O)c1cc(N)n(C)n1;R49,1,,,
Cn1nc(N)cc1C(=O)N1CC(F)(CC#N)C1,Cn1nncc1C(=O)N1CC(F)(CC#N)C1,0.667,N#CCC1(F)CNC1;CCOC(=O)c1cnnn1C;R49,1,,,
Cn1nc(N)cc1C(=O)N1CC(F)(CC#N)C1,CCOC(=O)c1cc(C(=O)N2CC(F)(CC#N)C2)n(C)n1,0.660,N#CCC1(F)CNC1;CCOC(=O)c1cc(C(=O)O)n(C)n1;R8,1,,,
Cn1nc(N)cc1C(=O)N1CC(F)(CC#N)C1,Cn1nc(N)cc1C(=O)N1CC(C)(C#N)C1,0.660,CC1(C#N)CNC1;CCOC(=O)c1cc(N)nn1C;R49,1,,,
Cn1nc(N)cc1C(=O)N1CC(F)(CC#N)C1,Cn1cc(N)cc1C(=O)N1CC(F)(CC#N)C1,0.653,N#CCC1(F)CNC1;CCOC(=O)c1cc(N)cn1C;R49,1,,,
Cn1nc(N)cc1C(=O)N1CC(F)(CC#N)C1,Cn1nc(N)cc1C(=O)N1CC(F)(F)C(F)(F)C(F)(F)C1,0.652,FC1(F)CNCC(F)(F)C1(F)F;CCOC(=O)c1cc(N)nn1C;R49,1,,,
Cn1nc(N)cc1C(=O)N1CC(F)(CC#N)C1,Cn1nc(-c2ccc(Cl)cc2)cc1C(=O)N1CC(F)(CC#N)C1,0.648,N#CCC1(F)CNC1;CCOC(=O)c1cc(-c2ccc(Cl)cc2)nn1C;R49,1,,,
Cn1nc(N)cc1C(=O)N1CC(F)(CC#N)C1,Cn1nc(C(=O)N2CC(F)(CC#N)C2)cc1C(=O)O,0.647,N#CCC1(F)CNC1;CCOC(=O)c1cc(C(=O)O)n(C)n1;R49,1,,,
Cn1nc(N)cc1C(=O)N1CC(F)(CC#N)C1,Cn1nc(C(=O)N2CC(F)(CC#N)C2)cc1C(=O)Cl,0.647,N#CCC1(F)CNC1;CCOC(=O)c1cc(C(=O)Cl)n(C)n1;R49,1,,,
Cn1nc(N)cc1C(=O)N1CC(F)(CC#N)C1,C#CC1(F)CN(C(=O)c2cc(N)nn2C)C1,0.646,C#CC1(F)CNC1;CCOC(=O)c1cc(N)nn1C;R49,1,,,
Cn1nc(N)cc1C(=O)N1CC(F)(CC#N)C1,Cn1nc(N)cc1C(=O)N1CC(O)(C#N)C1,0.646,N#CC1(O)CNC1;COC(=O)c1cc(N)nn1C;R49,1,,,
Cn1nc(N)cc1C(=O)N1CC(F)(CC#N)C1,Cn1c(C(=O)N2CC(F)(CC#N)C2)cnc1N,0.640,N#CCC1(F)CNC1;CCOC(=O)c1cnc(N)n1C;R49,1,,,
Cn1nc(N)cc1C(=O)N1CC(F)(CC#N)C1,Cn1nc(N)cc1C(=O)N1CC2(C1)CC2(F)F,0.638,FC1(F)CC12CNC2;COC(=O)c1cc(N)nn1C;R49,1,,,
Cn1nc(N)cc1C(=O)N1CC(F)(CC#N)C1,Cc1cc(C(=O)N2CC(F)(CC#N)C2)nn1C,0.620,N#CCC1(F)CNC1;CCOC(=O)c1cc(C)n(C)n1;R49,1,,,
Cn1nc(N)cc1C(=O)N1CC(F)(CC#N)C1,Cc1c(C(=O)N2CC(F)(CC#N)C2)nn(C)c1N,0.608,N#CCC1(F)CNC1;CCOC(=O)c1nn(C)c(N)c1C;R49,1,,,
Cn1nc(N)cc1C(=O)N1CC(F)(CC#N)C1,Cc1c(C(=O)N2CC(F)(CC#N)C2)c(N)nn1C,0.608,N#CCC1(F)CNC1;CCOC(=O)c1c(N)nn(C)c1C;R49,1,,,
Cn1nc(N)cc1C(=O)N1CC(F)(CC#N)C1,CCOC(=O)c1cc(C(=O)N2CC(F)(CC#N)C2)nn1C,0.600,N#CCC1(F)CNC1;CCOC(=O)c1cc(C(=O)O)nn1C;R8,1,,,
Cn1nc(N)cc1C(=O)N1CC(F)(CC#N)C1,Cn1nc(NC(=O)N2CC(F)(CC#N)C2)cc1C(N)=O,0.582,N#CCC1(F)CNC1;Cn1nc(N)cc1C(N)=O;R36,1,,,
Cn1nc(N)cc1C(=O)N1CC(F)(CC#N)C1,Cn1nc(NC(=O)C(=O)N2CC(F)(CC#N)C2)cc1C(N)=O,0.561,N#CCC1(F)CNC1;Cn1nc(N)cc1C(N)=O;R38,1,,,
Cn1nc(N)cc1C(=O)N1CC(F)(CC#N)C1,Cn1nc(NC(=O)N2CC(F)(CC#N)C2)cc1C(=O)O,0.554,N#CCC1(F)CNC1;Cn1nc(N)cc1C(=O)O;R36,1,,,
Cn1nc(N)cc1C(=O)N1CC(F)(CC#N)C1,CNC(=O)c1cc(NC(=O)N2CC(F)(CC#N)C2)nn1C,0.544,N#CCC1(F)CNC1;CNC(=O)c1cc(N)nn1C;R36,1,,,
Cn1nc(N)cc1C(=O)N1CC(F)(CC#N)C1,COC(=O)c1cc(NC(=O)N2CC(F)(CC#N)C2)nn1C,0.534,N#CCC1(F)CNC1;COC(=O)c1cc(N)nn1C;R36,1,,,
Cn1nc(N)cc1C(=O)N1CC(F)(CC#N)C1,Cn1nc(NC(=O)C(=O)N2CC(F)(CC#N)C2)cc1C(=O)O,0.534,N#CCC1(F)CNC1;Cn1nc(N)cc1C(=O)O;R38,1,,,
Cn1nc(N)cc1C(=O)N1CC(F)(CC#N)C1,CNC(=O)c1cc(NC(=O)C(=O)N2CC(F)(CC#N)C2)nn1C,0.525,N#CCC1(F)CNC1;CNC(=O)c1cc(N)nn1C;R38,1,,,
Cn1nc(N)cc1C(=O)N1CC(F)(CC#N)C1,CCOC(=O)c1cc(NC(=O)N2CC(F)(CC#N)C2)nn1C,0.517,N#CCC1(F)CNC1;CCOC(=O)c1cc(N)nn1C;R36,1,,,
Cn1nc(N)cc1C(=O)N1CC(F)(CC#N)C1,COC(=O)c1cc(NC(=O)C(=O)N2CC(F)(CC#N)C2)nn1C,0.517,N#CCC1(F)CNC1;COC(=O)c1cc(N)nn1C;R38,1,,,
Cn1nc(N)cc1C(=O)N1CC(F)(CC#N)C1,CCOC(=O)c1cc(NC(=O)C(=O)N2CC(F)(CC#N)C2)nn1C,0.500,N#CCC1(F)CNC1;CCOC(=O)c1cc(N)nn1C;R38,1,,,
Cn1nc(N)cc1C(=O)N1CC(F)(CC#N)C1,CCOC(=O)c1cc(CNC(=O)N2CC(F)(CC#N)C2)nn1C,0.500,N#CCC1(F)CNC1;CCOC(=O)c1cc(CN)nn1C;R36,1,,,
Cn1nc(N)cc1C(=O)N1CC(F)(CC#N)C1,CCOC(=O)c1cc(CNC(=O)C(=O)N2CC(F)(CC#N)C2)nn1C,0.484,N#CCC1(F)CNC1;CCOC(=O)c1cc(CN)nn1C;R38,1,,,
Cn1nc(N)cc1C(=O)N1CC(F)(CC#N)C1,CCOC(=O)c1cc(NC(=O)N2CC(F)(CC#N)C2)nn1CC,0.438,N#CCC1(F)CNC1;CCOC(=O)c1cc(N)nn1CC;R36,1,,,
Cn1nc(N)cc1C(=O)N1CC(F)(CC#N)C1,CCOC(=O)c1cc(NC(=O)C(=O)N2CC(F)(CC#N)C2)nn1CC,0.424,N#CCC1(F)CNC1;CCOC(=O)c1cc(N)nn1CC;R38,1,,,
Cn1nc(N)cc1C(=O)N1CC(F)(CC#N)C1,CCOC(=O)c1cc(NC(=O)N2CC(C#N)(C#N)C2)nn1C,0.338,N#CC1(C#N)CNC1;CCOC(=O)c1cc(N)nn1C;R36,1,,,
Cn1nc(N)cc1C(=O)N1CC(F)(CC#N)C1,CCOC(=O)c1cc(NC(=O)N2CC(C)(C#N)C2)nn1C,0.333,CC1(C#N)CNC1;CCOC(=O)c1cc(N)nn1C;R36,1,,,
Cn1nc(N)cc1C(=O)N1CC(F)(CC#N)C1,CCOC(=O)c1cc(NC(=O)C(=O)N2CC(C#N)(C#N)C2)nn1C,0.328,N#CC1(C#N)CNC1;CCOC(=O)c1cc(N)nn1C;R38,1,,,
Cn1nc(N)cc1C(=O)N1CC(F)(CC#N)C1,C#CC1(F)CN(C(=O)Nc2cc(C(=O)OCC)n(C)n2)C1,0.328,C#CC1(F)CNC1;CCOC(=O)c1cc(N)nn1C;R36,1,,,
Cn1nc(N)cc1C(=O)N1CC(F)(CC#N)C1,CCOC(=O)c1cc(NC(=O)C(=O)N2CC(C)(C#N)C2)nn1C,0.324,CC1(C#N)CNC1;CCOC(=O)c1cc(N)nn1C;R38,1,,,
Cn1nc(N)cc1C(=O)N1CC(F)(CC#N)C1,CCOC(=O)c1cc(NC(=O)C(=O)N2CC(F)(F)C(F)(F)C2)nn1C,0.323,FC1(F)CNCC1(F)F;CCOC(=O)c1cc(N)nn1C;R38,1,,,
Cn1nc(N)cc1C(=O)N1CC(F)(CC#N)C1,CCOC(=O)c1cc(NC(=O)C(=O)N2CC(F)(F)C2)nn1C,0.323,FC1(F)CNC1;CCOC(=O)c1cc(N)nn1C;R38,1,,,
Cn1nc(N)cc1C(=O)N1CC(F)(CC#N)C1,C#CC1(F)CN(C(=O)C(=O)Nc2cc(C(=O)OCC)n(C)n2)C1,0.319,C#CC1(F)CNC1;CCOC(=O)c1cc(N)nn1C;R38,1,,,
Cn1nc(N)cc1C(=O)N1CC(F)(CC#N)C1,CCOC(=O)c1cc(NC(=O)C(=O)N2CC(F)(F)C(F)(F)C(F)(F)C2)nn1C,0.313,FC1(F)CNCC(F)(F)C1(F)F;CCOC(=O)c1cc(N)nn1C;R38,1,,,
Cn1nc(N)cc1C(=O)N1CC(F)(CC#N)C1,Cn1nc(N)cc1-c1nc(CC2(C)CC2)no1,0.270,CC1(CC#N)CC1;Cn1nc(N)cc1C(=O)O;R46,1,,,
Cc1nc(C(=O)Nc2cn(C)nc2C#N)c(C)n1C,Cc1nc(C(=O)Nc2cn(C)nc2C#N)c(C)n1C,1.000,Cn1cc(N)c(C#N)n1;Cc1nc(C(=O)O)c(C)n1C;R8,1,1.000,1.000,1.000
Cc1nc(C(=O)Nc2cn(C)nc2C#N)c(C)n1C,Cc1c(C(=O)Nc2cn(C)nc2C#N)nc(N)n1C,0.783,Cn1cc(N)c(C#N)n1;Cc1c(C(=O)[O-])nc(N)n1C;R8,1,1.000,0.708,0.824
Cc1nc(C(=O)Nc2cn(C)nc2C#N)c(C)n1C,CCn1cc(NC(=O)c2nc(C)n(C)c2C)c(C#N)n1,0.750,CCn1cc(N)c(C#N)n1;Cc1nc(C(=O)O)c(C)n1C;R8,1,1.000,1.000,0.947
Cc1nc(C(=O)Nc2cn(C)nc2C#N)c(C)n1C,Cc1nc(C(=O)Nc2cn(C)nc2C#N)c(C)n1C1CC1,0.720,Cn1cc(N)c(C#N)n1;Cc1nc(C(=O)O)c(C)n1C1CC1;R8,1,0.522,0.869,0.849
Cc1nc(C(=O)Nc2cn(C)nc2C#N)c(C)n1C,Cc1nn(C)cc1NC(=O)c1nc(C)n(C)c1C,0.705,Cc1nn(C)cc1N;Cc1nc(C(=O)O)c(C)n1C;R8,1,1.000,0.867,0.918
Cc1nc(C(=O)Nc2cn(C)nc2C#N)c(C)n1C,Cc1nc(C)c(C(=O)Nc2cn(C)nc2C#N)nc1C,0.696,Cn1cc(N)c(C#N)n1;Cc1nc(C)c(C(=O)O)nc1C;R8,1,0.615,0.765,0.740
Cc1nc(C(=O)Nc2cn(C)nc2C#N)c(C)n1C,Cc1cn(C)nc1C(=O)Nc1cn(C)nc1C#N,0.689,Cn1cc(N)c(C#N)n1;Cc1cn(C)nc1C(=O)O;R8,1,0.590,0.930,0.555
Cc1nc(C(=O)Nc2cn(C)nc2C#N)c(C)n1C,Cc1nc(C(=O)Nc2cn(C)nc2F)c(C)n1C,0.674,Cn1cc(N)c(F)n1;Cc1nc(C(=O)O)c(C)n1C;R8,1,1.000,0.807,0.732
Cc1nc(C(=O)Nc2cn(C)nc2C#N)c(C)n1C,Cc1c(C(=O)Nc2cn(C)nc2C#N)ncn1C,0.667,Cn1cc(N)c(C#N)n1;Cc1c(C(=O)O)ncn1C;R8,1,1.000,0.994,0.893
Cc1nc(C(=O)Nc2cn(C)nc2C#N)c(C)n1C,Cc1c(C(=O)Nc2cn(C)nc2C#N)nnn1C,0.667,Cn1cc(N)c(C#N)n1;Cc1c(C(=O)O)nnn1C;R8,1,0.605,0.923,0.617
Cc1nc(C(=O)Nc2cn(C)nc2C#N)c(C)n1C,Cc1c(C)c(C)c(C(=O)Nc2cn(C)nc2C#N)c(C)c1C,0.667,Cn1cc(N)c(C#N)n1;Cc1c(C)c(C)c(C(=O)O)c(C)c1C;R8,1,,,
Cc1nc(C(=O)Nc2cn(C)nc2C#N)c(C)n1C,Cc1nc(C(=O)Nc2cn(C)nc2C(N)=O)c(C)n1C,0.660,Cn1cc(N)c(C(N)=O)n1;Cc1nc(C(=O)O)c(C)n1C;R8,1,,,
Cc1nc(C(=O)Nc2cn(C)nc2C#N)c(C)n1C,Cc1nc(C(=O)Nc2cn(C)nc2C#N)c(C)[nH]1,0.653,Cn1cc(N)c(C#N)n1;Cc1nc(C(=O)O)c(C)[nH]1;R8,1,,,
Cc1nc(C(=O)Nc2cn(C)nc2C#N)c(C)n1C,Cc1nc(C(=O)Nc2cn(C)nc2C#N)c(C)s1,0.653,Cn1cc(N)c(C#N)n1;Cc1nc(C(=O)O)c(C)s1;R8,1,,,
Cc1nc(C(=O)Nc2cn(C)nc2C#N)c(C)n1C,Cc1c(N)c(C(=O)Nc2cn(C)nc2C#N)nn1C,0.653,Cn1cc(N)c(C#N)n1;Cc1c(N)c(C(=O)O)nn1C;R8,1,,,
Cc1nc(C(=O)Nc2cn(C)nc2C#N)c(C)n1C,Cc1c(Cl)c(C(=O)Nc2cn(C)nc2C#N)nn1C,0.653,Cn1cc(N)c(C#N)n1;Cc1c(Cl)c(C(=O)O)nn1C;R8,1,,,
Cc1nc(C(=O)Nc2cn(C)nc2C#N)c(C)n1C,Cc1c(I)c(C(=O)Nc2cn(C)nc2C#N)nn1C,0.653,Cn1cc(N)c(C#N)n1;Cc1c(I)c(C(=O)O)nn1C;R8,1,,,
Cc1nc(C(=O)Nc2cn(C)nc2C#N)c(C)n1C,Cc1c(Br)c(C(=O)Nc2cn(C)nc2C#N)nn1C,0.653,Cn1cc(N)c(C#N)n1;Cc1c(Br)c(C(=O)O)nn1C;R8,1,,,
Cc1nc(C(=O)Nc2cn(C)nc2C#N)c(C)n1C,CCc1nc(C)n(C)c1C(=O)Nc1cn(C)nc1C#N,0.647,Cn1cc(N)c(C#N)n1;CCc1nc(C)n(C)c1C(=O)O;R8,1,,,
Cc1nc(C(=O)Nc2cn(C)nc2C#N)c(C)n1C,Cc1nc(C(=O)Nc2cn(C)nc2C(C)C)c(C)n1C,0.646,CC(C)c1nn(C)cc1N;Cc1nc(C(=O)O)c(C)n1C;R8,1,,,
Cc1nc(C(=O)Nc2cn(C)nc2C#N)c(C)n1C,Cc1nc(C(N)=O)c(NC(=O)Nc2cn(C)nc2C#N)n1C,0.635,Cn1cc(N)c(C#N)n1;Cc1nc(C(N)=O)c(N)n1C;R36,1,,,
Cc1nc(C(=O)Nc2cn(C)nc2C#N)c(C)n1C,Cc1nc(C(N)=O)c(NC(=O)C(=O)Nc2cn(C)nc2C#N)n1C,0.635,Cn1cc(N)c(C#N)n1;Cc1nc(C(N)=O)c(N)n1C;R38,1,,,
Cc1nc(C(=O)Nc2cn(C)nc2C#N)c(C)n1C,Cc1c(C(=O)[O-])nc(NC(=O)Nc2cn(C)nc2C#N)n1C,0.604,Cn1cc(N)c(C#N)n1;Cc1c(C(=O)[O-])nc(N)n1C;R36,1,,,
Cc1nc(C(=O)Nc2cn(C)nc2C#N)c(C)n1C,Cc1c(C(=O)[O-])nc(NC(=O)C(=O)Nc2cn(C)nc2C#N)n1C,0.604,Cn1cc(N)c(C#N)n1;Cc1c(C(=O)[O-])nc(N)n1C;R38,1,,,
Cc1nc(C(=O)Nc2cn(C)nc2C#N)c(C)n1C,Cn1cc(NC(=O)c2nccnc2C(=O)O)c(C#N)n1,0.600,Cn1cc(N)c(C#N)n1;O=C(O)c1nccnc1C(=O)O;R8,1,,,
Cc1nc(C(=O)Nc2cn(C)nc2C#N)c(C)n1C,Cc1c(C(=O)O)ncnc1C(=O)Nc1cn(C)nc1C#N,0.596,Cn1cc(N)c(C#N)n1;Cc1c(C(=O)O)ncnc1C(=O)O;R8,1,,,
Cc1nc(C(=O)Nc2cn(C)nc2C#N)c(C)n1C,Cc1nc(Nc2cn(C)nc2C#N)c(C)n1C,0.596,Cn1cc(N)c(C#N)n1;Cc1nc(Br)c(C)n1C;R9,1,,,
Cc1nc(C(=O)Nc2cn(C)nc2C#N)c(C)n1C,CC(=O)Nc1cn(C)nc1C#N,0.591,Cn1cc(N)c(C#N)n1;CC(=O)O;R8,1,,,
Cc1nc(C(=O)Nc2cn(C)nc2C#N)c(C)n1C,Cn1cc(NC(=O)c2nsnc2C(=O)O)c(C#N)n1,0.588,Cn1cc(N)c(C#N)n1;O=C(O)c1nsnc1C(=O)O;R8,1,,,
Cc1nc(C(=O)Nc2cn(C)nc2C#N)c(C)n1C,Cc1nc(C(C)Nc2cn(C)nc2C#N)c(C)n1C,0.560,Cn1cc(N)c(C#N)n1;CC(=O)c1nc(C)n(C)c1C;R43,1,,,
Cc1nc(C(=O)Nc2cn(C)nc2C#N)c(C)n1C,Cc1c(NC(=O)Nc2cn(C)nc2C#N)c(C(=O)O)nn1C,0.527,Cn1cc(N)c(C#N)n1;Cc1c(N)c(C(=O)O)nn1C;R36,1,,,
Cc1nc(C(=O)Nc2cn(C)nc2C#N)c(C)n1C,Cc1c(NC(=O)C(=O)Nc2cn(C)nc2C#N)c(C(=O)O)nn1C,0.527,Cn1cc(N)c(C#N)n1;Cc1c(N)c(C(=O)O)nn1C;R38,1,,,
Cc1nc(C(=O)Nc2cn(C)nc2C#N)c(C)n1C,Cc1c(Nc2cn(C)nc2C#N)c(C(=O)O)nn1C,0.500,Cn1cc(N)c(C#N)n1;Cc1c(Cl)c(C(=O)O)nn1C;R9,1,,,
Cc1nc(C(=O)Nc2cn(C)nc2C#N)c(C)n1C,Cc1nc(C(N)=O)c(-n2cnc3c(Nc4cn(C)nc4C#N)ncnc32)n1C,0.470,Cn1cc(N)c(C#N)n1;Cc1nc(C(N)=O)c(N)n1C;R66,1,,,
Cc1nc(C(=O)Nc2cn(C)nc2C#N)c(C)n1C,Cc1nc(C(=O)c2nn(C)cc2N)c(C)n1C,0.460,Cn1cc(N)c(C#N)n1;Cc1nc(Br)c(C)n1C;R97,1,,,
Cc1nc(C(=O)Nc2cn(C)nc2C#N)c(C)n1C,Cc1c(-n2cnc3c(Nc4cn(C)nc4C#N)ncnc32)c(C(=O)O)nn1C,0.412,Cn1cc(N)c(C#N)n1;Cc1c(N)c(C(=O)O)nn1C;R66,1,,,
Cc1nc(C(=O)Nc2cn(C)nc2C#N)c(C)n1C,Cc1nc(C(N)=O)c(Nc2ncnc3c2ncn3-c2cn(C)nc2C#N)n1C,0.406,Cn1cc(N)c(C#N)n1;Cc1nc(C(N)=O)c(N)n1C;R66,1,,,
Cc1nc(C(=O)Nc2cn(C)nc2C#N)c(C)n1C,Cc1c(Nc2ncnc3c2ncn3-c2cn(C)nc2C#N)c(C(=O)O)nn1C,0.347,Cn1cc(N)c(C#N)n1;Cc1c(N)c(C(=O)O)nn1C;R66,1,,,
Cc1nc(C(=O)Nc2cn(C)nc2C#N)c(C)n1C,Cc1nc(C(N)=O)c(Nc2ncnc3cn(C)nc23)n1C,0.333,Cn1cc(N)c(C#N)n1;Cc1nc(C(N)=O)c(N)n1C;R35,1,,,
Cc1nc(C(=O)Nc2cn(C)nc2C#N)c(C)n1C,Cc1nc(-c2nc(-c3nn(C)cc3[N+](=O)[O-])no2)c(C)n1C,0.281,Cn1cc([N+](=O)[O-])c(C#N)n1;Cc1nc(C(=O)O)c(C)n1C;R46,1,,,
Cc1nc(C(=O)Nc2cn(C)nc2C#N)c(C)n1C,Cc1nc(-c2nc(-c3nn(C)cc3N)no2)c(C)n1C,0.279,Cn1cc(N)c(C#N)n1;Cc1nc(C(=O)O)c(C)n1C;R46,1,,,
Cc1nc(C(=O)Nc2cn(C)nc2C#N)c(C)n1C,Cc1c(C(=O)c2nn(C)cc2N)c(C(=O)O)nn1C,0.267,Cn1cc(N)c(C#N)n1;Cc1c(Cl)c(C(=O)O)nn1C;R97,1,,,
Cc1nc(C(=O)Nc2cn(C)nc2C#N)c(C)n1C,Cc1c(C(=O)O)ncnc1-c1nc(-c2nn(C)cc2N)no1,0.243,Cn1cc(N)c(C#N)n1;Cc1c(C(=O)O)ncnc1C(=O)O;R46,1,,,
Cc1nc(C(=O)Nc2cn(C)nc2C#N)c(C)n1C,CCc1nc(C)n(C)c1-c1nc(-c2nn(C)cc2N)no1,0.221,Cn1cc(N)c(C#N)n1;CCc1nc(C)n(C)c1C(=O)O;R46,1,,,
Cc1nc(C(=O)Nc2cn(C)nc2C#N)c(C)n1C,Cc1c(-c2nc(-c3nn(C)cc3N)no2)nc(N)n1C,0.219,Cn1cc(N)c(C#N)n1;Cc1c(C(=O)[O-])nc(N)n1C;R46,1,,,
Cc1nc(C(=O)Nc2cn(C)nc2C#N)c(C)n1C,Cc1c(C)c(C)c(-c2nc(-c3nn(C)cc3N)no2)c(C)c1C,0.210,Cn1cc(N)c(C#N)n1;Cc1c(C)c(C)c(C(=O)O)c(C)c1C;R46,1,,,
Cc1nc(C(=O)Nc2cn(C)nc2C#N)c(C)n1C,Cc1nc(-c2nc(-c3nn(C)cc3N)no2)c(C)n1C1CC1,0.200,Cn1cc(N)c(C#N)n1;Cc1nc(C(=O)O)c(C)n1C1CC1;R46,1,,,
Cc1nc(C(=O)Nc2cn(C)nc2C#N)c(C)n1C,Cc1c(N)c(-c2nc(-c3nn(C)cc3N)no2)nn1C,0.200,Cn1cc(N)c(C#N)n1;Cc1c(N)c(C(=O)O)nn1C;R46,1,,,
Cc1nc(C(=O)Nc2cn(C)nc2C#N)c(C)n1C,Cc1c(Cl)c(-c2nc(-c3nn(C)cc3N)no2)nn1C,0.197,Cn1cc(N)c(C#N)n1;Cc1c(Cl)c(C(=O)O)nn1C;R46,1,,,
Cc1nc(C(=O)Nc2cn(C)nc2C#N)c(C)n1C,Cc1c(-c2nc(-c3nn(C)cc3N)no2)ncn1C,0.197,Cn1cc(N)c(C#N)n1;Cc1c(C(=O)O)ncn1C;R46,1,,,
Cc1nc(C(=O)Nc2cn(C)nc2C#N)c(C)n1C,Cc1c(-c2nc(-c3nn(C)cc3N)no2)nnn1C,0.197,Cn1cc(N)c(C#N)n1;Cc1c(C(=O)O)nnn1C;R46,1,,,
Cc1nc(C(=O)Nc2cn(C)nc2C#N)c(C)n1C,Cc1c(I)c(-c2nc(-c3nn(C)cc3N)no2)nn1C,0.194,Cn1cc(N)c(C#N)n1;Cc1c(I)c(C(=O)O)nn1C;R46,1,,,
Cc1nc(C(=O)Nc2cn(C)nc2C#N)c(C)n1C,Cc1c(Br)c(-c2nc(-c3nn(C)cc3N)no2)nn1C,0.194,Cn1cc(N)c(C#N)n1;Cc1c(Br)c(C(=O)O)nn1C;R46,1,,,
Cc1nc(C(=O)Nc2cn(C)nc2C#N)c(C)n1C,Cc1cn(C)nc1-c1nc(-c2nn(C)cc2N)no1,0.194,Cn1cc(N)c(C#N)n1;Cc1cn(C)nc1C(=O)O;R46,1,,,
Cc1nc(C(=O)Nc2cn(C)nc2C#N)c(C)n1C,Cc1nc(C)c(-c2nc(-c3nn(C)cc3N)no2)nc1C,0.188,Cn1cc(N)c(C#N)n1;Cc1nc(C)c(C(=O)O)nc1C;R46,1,,,
Cc1nc(C(=O)Nc2cn(C)nc2C#N)c(C)n1C,Cc1nc(-c2nc(-c3nn(C)cc3N)no2)c(C)[nH]1,0.179,Cn1cc(N)c(C#N)n1;Cc1nc(C(=O)O)c(C)[nH]1;R46,1,,,
Cc1nc(C(=O)Nc2cn(C)nc2C#N)c(C)n1C,Cc1nc(-c2nc(-c3nn(C)cc3N)no2)c(C)s1,0.179,Cn1cc(N)c(C#N)n1;Cc1nc(C(=O)O)c(C)s1;R46,1,,,
CCC1CN(CC(=O)Nc2cn3ncccc3n2)C1,CCC1CN(CC(=O)Nc2ccn3nccc3n2)C1,0.712,Nc1ccn2nccc2n1;CCC1CN(CC(=O)O)C1;R8,1,0.681,0.640,0.628
CCC1CN(CC(=O)Nc2cn3ncccc3n2)C1,CCC1CN(CC(=O)Nc2cn3nc(Cl)ccc3n2)C1,0.685,Nc1cn2nc(Cl)ccc2n1;CCC1CN(CC(=O)O)C1;R8,1,1.000,0.901,0.899
CCC1CN(CC(=O)Nc2cn3ncccc3n2)C1,CCC1CN(CC(=O)Nc2cn3ccccc3n2)C1,0.679,Nc1cn2ccccc2n1;CCC1CN(CC(=O)O)C1;R8,1,0.646,0.791,0.593
CCC1CN(CC(=O)Nc2cn3ncccc3n2)C1,CCC1CN(CC(=O)Nc2cn3c(Br)cccc3n2)C1,0.655,Nc1cn2c(Br)cccc2n1;CCC1CN(CC(=O)O)C1;R8,1,0.646,0.718,0.532
CCC1CN(CC(=O)Nc2cn3ncccc3n2)C1,CCC1CN(CC(=O)Nc2ccccn2)C1,0.608,Nc1ccccn1;CCC1CN(CC(=O)O)C1;R8,1,0.565,0.519,0.423
CCC1CN(CC(=O)Nc2cn3ncccc3n2)C1,CCC1CN(CC(=O)Nc2cnc3ccnn3c2)C1,0.607,Nc1cnc2ccnn2c1;CCC1CN(CC(=O)O)C1;R8,1,0.569,0.635,0.570
CCC1CN(CC(=O)Nc2cn3ncccc3n2)C1,CCC1CN(CC(=O)Nc2nc3ccccn3n2)C1,0.589,Nc1nc2ccccn2n1;CCC1CN(CC(=O)O)C1;R8,1,0.549,0.759,0.526
CCC1CN(CC(=O)Nc2cn3ncccc3n2)C1,CCC1CN(CC(=O)Nc2cc(Cl)n3nccc3n2)C1,0.586,Nc1cc(Cl)n2nccc2n1;CCC1CN(CC(=O)O)C1;R8,1,0.681,0.616,0.565
CCC1CN(CC(=O)Nc2cn3ncccc3n2)C1,CCC1CCCN(CC(=O)Nc2ccn3nccc3n2)C1,0.583,Nc1ccn2nccc2n1;CCC1CCCN(CC(=O)O)C1;R8,1,0.633,0.551,0.600
CCC1CN(CC(=O)Nc2cn3ncccc3n2)C1,CCC1CN(CC(=O)Nc2ccc3ccnn3c2)C1,0.582,Nc1ccc2ccnn2c1;CCC1CN(CC(=O)O)C1;R8,1,0.540,0.700,0.450
CCC1CN(CC(=O)Nc2cn3ncccc3n2)C1,CCC1CN(CC(=O)Nc2cccc(N)n2)C1,0.574,Nc1cccc(N)n1;CCC1CN(CC(=O)O)C1;R8,1,,,
CCC1CN(CC(=O)Nc2cn3ncccc3n2)C1,CCC1CCCN(CC(=O)Nc2cn3nc(Cl)ccc3n2)C1,0.565,Nc1cn2nc(Cl)ccc2n1;CCC1CCCN(CC(=O)O)C1;R8,1,,,
CCC1CN(CC(=O)Nc2cn3ncccc3n2)C1,CCC1CN(CC(=O)Nc2cccn3nccc23)C1,0.561,Nc1cccn2nccc12;CCC1CN(CC(=O)O)C1;R8,1,,,
CCC1CN(CC(=O)Nc2cn3ncccc3n2)C1,CC1CN(CC(=O)Nc2ccn3nccc3n2)C1,0.554,Nc1ccn2nccc2n1;CC1CN(CC(=O)O)C1;R8,1,,,
CCC1CN(CC(=O)Nc2cn3ncccc3n2)C1,CCC1CN(CC(=O)Nc2ncccn2)C1,0.538,Nc1ncccn1;CCC1CN(CC(=O)O)C1;R8,1,,,
CCC1CN(CC(=O)Nc2cn3ncccc3n2)C1,CCC1CN(CC(=O)Nc2ccnn2C)C1,0.537,Cn1nccc1N;CCC1CN(CC(=O)O)C1;R8,1,,,
CCC1CN(CC(=O)Nc2cn3ncccc3n2)C1,CC1CN(CC(=O)Nc2cn3nc(Cl)ccc3n2)C1,0.534,Nc1cn2nc(Cl)ccc2n1;CC1CN(CC(=O)O)C1;R8,1,,,
CCC1CN(CC(=O)Nc2cn3ncccc3n2)C1,CCC1CCN(C(=O)NC2CN(CC(=O)Nc3ccn4nccc4n3)C2)CC1,0.530,Nc1ccn2nccc2n1;NC1CN(CC(=O)O)C1;R8;CCC1CCNCC1;R36,2,,,
CCC1CN(CC(=O)Nc2cn3ncccc3n2)C1,O=C(CN1CC2CC2C1)Nc1ccn2nccc2n1,0.526,Nc1ccn2nccc2n1;O=C(O)CN1CC2CC2C1;R8,1,,,
CCC1CN(CC(=O)Nc2cn3ncccc3n2)C1,CCC1CCN(C(=O)NC2CN(CC(=O)Nc3ccn4nccc4n3)C2)C1,0.522,Nc1ccn2nccc2n1;NC1CN(CC(=O)O)C1;R8;CCC1CCNC1;R36,2,,,
CCC1CN(CC(=O)Nc2cn3ncccc3n2)C1,CCC1CCN(C(=O)C(=O)NC2CN(CC(=O)Nc3ccn4nccc4n3)C2)CC1,0.522,Nc1ccn2nccc2n1;NC1CN(CC(=O)O)C1;R8;CCC1CCNCC1;R38,2,,,
CCC1CN(CC(=O)Nc2cn3ncccc3n2)C1,CCC1CN(CC(=O)Nc2ccnc3ccnn23)C1,0.517,Nc1ccnc2ccnn12;CCC1CN(CC(=O)O)C1;R8,1,,,
CCC1CN(CC(=O)Nc2cn3ncccc3n2)C1,CCC1CCN(C(=O)C(=O)NC2CN(CC(=O)Nc3ccn4nccc4n3)C2)C1,0.515,Nc1ccn2nccc2n1;NC1CN(CC(=O)O)C1;R8;CCC1CCNC1;R38,2,,,
CCC1CN(CC(=O)Nc2cn3ncccc3n2)C1,CCN1CC(CC(=O)Nc2ccn3nccc3n2)C1,0.508,Nc1ccn2nccc2n1;CCN1CC(CC(=O)O)C1;R8,1,,,
CCC1CN(CC(=O)Nc2cn3ncccc3n2)C1,CC[C@H]1CN1C(=O)NC1CN(CC(=O)Nc2ccn3nccc3n2)C1,0.508,Nc1ccn2nccc2n1;NC1CN(CC(=O)O)C1;R8;CC[C@H]1CN1;R36,2,,,
CCC1CN(CC(=O)Nc2cn3ncccc3n2)C1,CCC1CC(C)CN(C(=O)NC2CN(CC(=O)Nc3ccn4nccc4n3)C2)C1,0.507,Nc1ccn2nccc2n1;NC1CN(CC(=O)O)C1;R8;CCC1CNCC(C)C1;R36,2,,,
CCC1CN(CC(=O)Nc2cn3ncccc3n2)C1,CCC1CCCN(C(=O)NC2CN(CC(=O)Nc3ccn4nccc4n3)C2)C1,0.507,Nc1ccn2nccc2n1;NC1CN(CC(=O)O)C1;R8;CCC1CCCNC1;R36,2,,,
CCC1CN(CC(=O)Nc2cn3ncccc3n2)C1,CCN1CCN(CC(=O)Nc2ccn3nccc3n2)CC1,0.500,Nc1ccn2nccc2n1;CCN1CCN(CC(=O)O)CC1;R8,1,,,
CCC1CN(CC(=O)Nc2cn3ncccc3n2)C1,CCC1CC(C)CN(C(=O)C(=O)NC2CN(CC(=O)Nc3ccn4nccc4n3)C2)C1,0.500,Nc1ccn2nccc2n1;NC1CN(CC(=O)O)C1;R8;CCC1CNCC(C)C1;R38,2,,,
CCC1CN(CC(=O)Nc2cn3ncccc3n2)C1,CCC1CCCN(C(=O)C(=O)NC2CN(CC(=O)Nc3ccn4nccc4n3)C2)C1,0.500,Nc1ccn2nccc2n1;NC1CN(CC(=O)O)C1;R8;CCC1CCCNC1;R38,2,,,
CCC1CN(CC(=O)Nc2cn3ncccc3n2)C1,CC[C@H]1CN1C(=O)C(=O)NC1CN(CC(=O)Nc2ccn3nccc3n2)C1,0.500,Nc1ccn2nccc2n1;NC1CN(CC(=O)O)C1;R8;CC[C@H]1CN1;R38,2,,,
CCC1CN(CC(=O)Nc2cn3ncccc3n2)C1,CCC1CC(OC)CN(C(=O)NC2CN(CC(=O)Nc3ccn4nccc4n3)C2)C1,0.493,Nc1ccn2nccc2n1;NC1CN(CC(=O)O)C1;R8;CCC1CNCC(OC)C1;R36,2,,,
CCC1CN(CC(=O)Nc2cn3ncccc3n2)C1,CCCC1CN(C(=O)NC2CN(CC(=O)Nc3ccn4nccc4n3)C2)C1,0.493,Nc1ccn2nccc2n1;NC1CN(CC(=O)O)C1;R8;CCCC1CNC1;R36,2,,,
CCC1CN(CC(=O)Nc2cn3ncccc3n2)C1,CCC1CN(C(=O)NC2CN(CC(=O)Nc3ccn4nccc4n3)C2)CC(CC)O1,0.493,Nc1ccn2nccc2n1;NC1CN(CC(=O)O)C1;R8;CCC1CNCC(CC)O1;R36,2,,,
CCC1CN(CC(=O)Nc2cn3ncccc3n2)C1,CC1CCN(CC(=O)Nc2ccn3nccc3n2)C1,0.492,Nc1ccn2nccc2n1;CC1CCN(CC(=O)O)C1;R8,1,,,
CCC1CN(CC(=O)Nc2cn3ncccc3n2)C1,CCC1CC(CC(=O)Nc2ccn3nccc3n2)C1,0.492,Nc1ccn2nccc2n1;CCC1CC(CC(=O)O)C1;R8,1,,,
CCC1CN(CC(=O)Nc2cn3ncccc3n2)C1,CCC1CC(OC)CN(C(=O)C(=O)NC2CN(CC(=O)Nc3ccn4nccc4n3)C2)C1,0.486,Nc1ccn2nccc2n1;NC1CN(CC(=O)O)C1;R8;CCC1CNCC(OC)C1;R38,2,,,
CCC1CN(CC(=O)Nc2cn3ncccc3n2)C1,CCCC1CN(C(=O)C(=O)NC2CN(CC(=O)Nc3ccn4nccc4n3)C2)C1,0.485,Nc1ccn2nccc2n1;NC1CN(CC(=O)O)C1;R8;CCCC1CNC1;R38,2,,,
CCC1CN(CC(=O)Nc2cn3ncccc3n2)C1,CCC1CN(C(=O)NC2CN(CC(=O)Nc3ccn4nccc4n3)C2)CC(CC)N1,0.485,Nc1ccn2nccc2n1;NC1CN(CC(=O)O)C1;R8;CCC1CNCC(CC)N1;R36,2,,,
CCC1CN(CC(=O)Nc2cn3ncccc3n2)C1,CCC1CN(C(=O)C(=O)NC2CN(CC(=O)Nc3ccn4nccc4n3)C2)CC(CC)O1,0.485,Nc1ccn2nccc2n1;NC1CN(CC(=O)O)C1;R8;CCC1CNCC(CC)O1;R38,2,,,
CCC1CN(CC(=O)Nc2cn3ncccc3n2)C1,CCC1CCCN(CC(=O)Nc2cc(Cl)n3nccc3n2)C1,0.485,Nc1cc(Cl)n2nccc2n1;CCC1CCCN(CC(=O)O)C1;R8,1,,,
CCC1CN(CC(=O)Nc2cn3ncccc3n2)C1,CC1CCN(CC(=O)Nc2ccn3nccc3n2)CC1,0.483,Nc1ccn2nccc2n1;CC1CCN(CC(=O)O)CC1;R8,1,,,
CCC1CN(CC(=O)Nc2cn3ncccc3n2)C1,CCc1ccccc1CN1CC(CNC(=O)NC2CN(CC(=O)Nc3ccn4nccc4n3)C2)C1,0.479,Nc1ccn2nccc2n1;NC1CN(CC(=O)O)C1;R8;NCC1CNC1;R36;CCc1ccccc1CBr;R9,3,,,
CCC1CN(CC(=O)Nc2cn3ncccc3n2)C1,CCC1CC(CN2C[C@@H]3[C@H](C2)[C@H]2CN(C(=O)C(=O)NC4CN(CC(=O)Nc5ccn6nccc6n5)C4)C[C@@H]32)C1,0.479,Nc1ccn2nccc2n1;NC1CN(CC(=O)O)C1;R8;C1NC[C@H]2[C@@H]1[C@@H]1CNC[C@@H]12;R38;CCC1CC(C=O)C1;R43,3,,,
CCC1CN(CC(=O)Nc2cn3ncccc3n2)C1,CCC1CN(C(=O)C(=O)NC2CN(CC(=O)Nc3ccn4nccc4n3)C2)CC(CC)N1,0.478,Nc1ccn2nccc2n1;NC1CN(CC(=O)O)C1;R8;CCC1CNCC(CC)N1;R38,2,,,
CCC1CN(CC(=O)Nc2cn3ncccc3n2)C1,CCC1CNCC(CC)N1C(=O)NC1CN(CC(=O)Nc2ccn3nccc3n2)C1,0.478,Nc1ccn2nccc2n1;NC1CN(CC(=O)O)C1;R8;CCC1CNCC(CC)N1;R36,2,,,
CCC1CN(CC(=O)Nc2cn3ncccc3n2)C1,O=C(CN1CC(NCC2CNC2)C1)Nc1ccn2nccc2n1,0.477,Nc1ccn2nccc2n1;NC1CN(CC(=O)O)C1;R8;BrCC1CNC1;R9,2,,,
CCC1CN(CC(=O)Nc2cn3ncccc3n2)C1,CC1CN(C(=O)NC2CN(CC(=O)Nc3ccn4nccc4n3)C2)CC1C,0.477,Nc1ccn2nccc2n1;NC1CN(CC(=O)O)C1;R8;CC1CNCC1C;R36,2,,,
CCC1CN(CC(=O)Nc2cn3ncccc3n2)C1,CC1(C)CN(CC(=O)Nc2ccn3nccc3n2)C1,0.475,Nc1ccn2nccc2n1;CC1(C)CN(CC(=O)O)C1;R8,1,,,
CCC1CN(CC(=O)Nc2cn3ncccc3n2)C1,CN1CCN(CC(=O)Nc2ccn3nccc3n2)CC1,0.475,Nc1ccn2nccc2n1;CN1CCN(CC(=O)O)CC1;R8,1,,,
CCC1CN(CC(=O)Nc2cn3ncccc3n2)C1,O=C(CN1CCCC1)Nc1ccn2nccc2n1,0.474,Nc1ccn2nccc2n1;O=C(O)CN1CCCC1;R8,1,,,
CCC1CN(CC(=O)Nc2cn3ncccc3n2)C1,O=C(CN1CCC1)Nc1ccn2nccc2n1,0.474,Nc1ccn2nccc2n1;O=C(O)CN1CCC1;R8,1,,,
CCC1CN(CC(=O)Nc2cn3ncccc3n2)C1,O=C(CN1CC=CC1)Nc1ccn2nccc2n1,0.474,Nc1ccn2nccc2n1;O=C(O)CN1CC=CC1;R8,1,,,
CCC1CN(CC(=O)Nc2cn3ncccc3n2)C1,CCCCCC1CN(C(=O)NC2CN(CC(=O)Nc3ccn4nccc4n3)C2)C1,0.471,Nc1ccn2nccc2n1;NC1CN(CC(=O)O)C1;R8;CCCCCC1CNC1;R36,2,,,
CCC1CN(CC(=O)Nc2cn3ncccc3n2)C1,CCC1CNCC(CC)N1C(=O)C(=O)NC1CN(CC(=O)Nc2ccn3nccc3n2)C1,0.471,Nc1ccn2nccc2n1;NC1CN(CC(=O)O)C1;R8;CCC1CNCC(CC)N1;R38,2,,,
CCC1CN(CC(=O)Nc2cn3ncccc3n2)C1,CC(C)(C)CC1CN(C(=O)NC2CN(CC(=O)Nc3ccn4nccc4n3)C2)C1,0.471,Nc1ccn2nccc2n1;NC1CN(CC(=O)O)C1;R8;CC(C)(C)CC1CNC1;R36,2,,,
CCC1CN(CC(=O)Nc2cn3ncccc3n2)C1,CC1CN(C(=O)C(=O)NC2CN(CC(=O)Nc3ccn4nccc4n3)C2)CC1C,0.470,Nc1ccn2nccc2n1;NC1CN(CC(=O)O)C1;R8;CC1CNCC1C;R38,2,,,
CCC1CN(CC(=O)Nc2cn3ncccc3n2)C1,O=C(CN1CCC(CO)CC1)Nc1ccn2nccc2n1,0.468,Nc1ccn2nccc2n1;O=C(O)CN1CCC(CO)CC1;R8,1,,,
CCC1CN(CC(=O)Nc2cn3ncccc3n2)C1,O=C(CN1CCCCC1)Nc1ccn2nccc2n1,0.466,Nc1ccn2nccc2n1;O=C(O)CN1CCCCC1;R8,1,,,
CCC1CN(CC(=O)Nc2cn3ncccc3n2)C1,O=C(CN1CCCCCC1)Nc1ccn2nccc2n1,0.466,Nc1ccn2nccc2n1;O=C(O)CN1CCCCCC1;R8,1,,,
CCC1CN(CC(=O)Nc2cn3ncccc3n2)C1,CCCCCC1CN(C(=O)C(=O)NC2CN(CC(=O)Nc3ccn4nccc4n3)C2)C1,0.465,Nc1ccn2nccc2n1;NC1CN(CC(=O)O)C1;R8;CCCCCC1CNC1;R38,2,,,
CCC1CN(CC(=O)Nc2cn3ncccc3n2)C1,CC(C)(C)CC1CN(C(=O)C(=O)NC2CN(CC(=O)Nc3ccn4nccc4n3)C2)C1,0.464,Nc1ccn2nccc2n1;NC1CN(CC(=O)O)C1;R8;CC(C)(C)CC1CNC1;R38,2,,,
CCC1CN(CC(=O)Nc2cn3ncccc3n2)C1,CC(C)CC1CN(C(=O)NC2CN(CC(=O)Nc3ccn4nccc4n3)C2)C1,0.464,Nc1ccn2nccc2n1;NC1CN(CC(=O)O)C1;R8;CC(C)CC1CNC1;R36,2,,,
CCC1CN(CC(=O)Nc2cn3ncccc3n2)C1,CN(C)CC1CN(C(=O)NC2CN(CC(=O)Nc3ccn4nccc4n3)C2)C1,0.464,Nc1ccn2nccc2n1;NC1CN(CC(=O)O)C1;R8;CN(C)CC1CNC1;R36,2,,,
CCC1CN(CC(=O)Nc2cn3ncccc3n2)C1,COCC1CN(C(=O)NC2CN(CC(=O)Nc3ccn4nccc4n3)C2)C1,0.464,Nc1ccn2nccc2n1;NC1CN(CC(=O)O)C1;R8;COCC1CNC1;R36,2,,,
CCC1CN(CC(=O)Nc2cn3ncccc3n2)C1,O=C(CN1CC(NC(=O)N2CC(CO)C2)C1)Nc1ccn2nccc2n1,0.463,Nc1ccn2nccc2n1;NC1CN(CC(=O)O)C1;R8;OCC1CNC1;R36,2,,,
CCC1CN(CC(=O)Nc2cn3ncccc3n2)C1,O=C(CN1CC(NC(=O)N2CC(CBr)C2)C1)Nc1ccn2nccc2n1,0.463,Nc1ccn2nccc2n1;NC1CN(CC(=O)O)C1;R8;BrCC1CNC1;R36,2,,,
CCC1CN(CC(=O)Nc2cn3ncccc3n2)C1,CCCc1ccccc1CN1CC(CNC(=O)NC2CN(CC(=O)Nc3ccn4nccc4n3)C2)C1,0.461,Nc1ccn2nccc2n1;NC1CN(CC(=O)O)C1;R8;NCC1CNC1;R36;CCCc1ccccc1CBr;R9,3,,,
CCC1CN(CC(=O)Nc2cn3ncccc3n2)C1,CCc1ccccc1CNCC1CN(C(=O)NC2CN(CC(=O)Nc3ccn4nccc4n3)C2)C1,0.459,Nc1ccn2nccc2n1;NC1CN(CC(=O)O)C1;R8;NCC1CNC1;R36;CCc1ccccc1CBr;R9,3,,,
CCC1CN(CC(=O)Nc2cn3ncccc3n2)C1,CC(C)CC1CN(C(=O)C(=O)NC2CN(CC(=O)Nc3ccn4nccc4n3)C2)C1,0.457,Nc1ccn2nccc2n1;NC1CN(CC(=O)O)C1;R8;CC(C)CC1CNC1;R38,2,,,
CCC1CN(CC(=O)Nc2cn3ncccc3n2)C1,CN(C)CC1CN(C(=O)C(=O)NC2CN(CC(=O)Nc3ccn4nccc4n3)C2)C1,0.457,Nc1ccn2nccc2n1;NC1CN(CC(=O)O)C1;R8;CN(C)CC1CNC1;R38,2,,,
CCC1CN(CC(=O)Nc2cn3ncccc3n2)C1,COCC1CN(C(=O)C(=O)NC2CN(CC(=O)Nc3ccn4nccc4n3)C2)C1,0.457,Nc1ccn2nccc2n1;NC1CN(CC(=O)O)C1;R8;COCC1CNC1;R38,2,,,
CCC1CN(CC(=O)Nc2cn3ncccc3n2)C1,CS(=O)(=O)CC1CN(C(=O)NC2CN(CC(=O)Nc3ccn4nccc4n3)C2)C1,0.457,Nc1ccn2nccc2n1;NC1CN(CC(=O)O)C1;R8;CS(=O)(=O)CC1CNC1;R36,2,,,
CCC1CN(CC(=O)Nc2cn3ncccc3n2)C1,CCCN1CC(C2CN(C(=O)NC3CN(CC(=O)Nc4ccn5nccc5n4)C3)C2)C1,0.457,Nc1ccn2nccc2n1;NC1CN(CC(=O)O)C1;R8;C1NCC1C1CNC1;R36;CCC=O;R43,3,,,
CCC1CN(CC(=O)Nc2cn3ncccc3n2)C1,O=C(CN1CC(NC(=O)N2CC(CC3CC3)C2)C1)Nc1ccn2nccc2n1,0.456,Nc1ccn2nccc2n1;NC1CN(CC(=O)O)C1;R8;C1CC1CC1CNC1;R36,2,,,
CCC1CN(CC(=O)Nc2cn3ncccc3n2)C1,O=C(CN1CC(NC(=O)C(=O)N2CC(CBr)C2)C1)Nc1ccn2nccc2n1,0.456,Nc1ccn2nccc2n1;NC1CN(CC(=O)O)C1;R8;BrCC1CNC1;R38,2,,,
CCC1CN(CC(=O)Nc2cn3ncccc3n2)C1,O=C(CN1CC(NC(=O)C(=O)N2CC(CO)C2)C1)Nc1ccn2nccc2n1,0.456,Nc1ccn2nccc2n1;NC1CN(CC(=O)O)C1;R8;OCC1CNC1;R38,2,,,
CCC1CN(CC(=O)Nc2cn3ncccc3n2)C1,CCC1CN(C(=O)NC2CN(CC(=O)Nc3ccn4nccc4n3)C2)C(CC)CN1,0.452,Nc1ccn2nccc2n1;NC1CN(CC(=O)O)C1;R8;CCC1CNC(CC)CN1;R36,2,,,
CCC1CN(CC(=O)Nc2cn3ncccc3n2)C1,CC1CN(CC(=O)Nc2cc(Cl)n3nccc3n2)C1,0.452,Nc1cc(Cl)n2nccc2n1;CC1CN(CC(=O)O)C1;R8,1,,,
CCC1CN(CC(=O)Nc2cn3ncccc3n2)C1,CS(=O)(=O)CC1CN(C(=O)C(=O)NC2CN(CC(=O)Nc3ccn4nccc4n3)C2)C1,0.451,Nc1ccn2nccc2n1;NC1CN(CC(=O)O)C1;R8;CS(=O)(=O)CC1CNC1;R38,2,,,
CCC1CN(CC(=O)Nc2cn3ncccc3n2)C1,CCCN1CC(C2CN(C(=O)C(=O)NC3CN(CC(=O)Nc4ccn5nccc5n4)C3)C2)C1,0.451,Nc1ccn2nccc2n1;NC1CN(CC(=O)O)C1;R8;C1NCC1C1CNC1;R38;CCC=O;R43,3,,,
CCC1CN(CC(=O)Nc2cn3ncccc3n2)C1,CCCN1C[C@@H]2[C@H](C1)[C@H]1CN(C(=O)C(=O)NC3CN(CC(=O)Nc4ccn5nccc5n4)C3)C[C@@H]21,0.451,Nc1ccn2nccc2n1;NC1CN(CC(=O)O)C1;R8;C1NC[C@H]2[C@@H]1[C@@H]1CNC[C@@H]12;R38;CCC=O;R43,3,,,
CCC1CN(CC(=O)Nc2cn3ncccc3n2)C1,O=C(O)CN1CCN(CC(=O)O)CCN(CC(=O)Nc2ccn3nccc3n2)CCN(CC(=O)O)CC1,0.450,Nc1ccn2nccc2n1;O=C(O)CN1CCN(CC(=O)O)CCN(CC(=O)O)CCN(CC(=O)O)CC1;R8,1,,,
CCC1CN(CC(=O)Nc2cn3ncccc3n2)C1,CN1CC(CC(=O)Nc2ccn3nccc3n2)C1,0.450,Nc1ccn2nccc2n1;CN1CC(CC(=O)O)C1;R8,1,,,
CCC1CN(CC(=O)Nc2cn3ncccc3n2)C1,CCC1CC(C(=O)Nc2ccn3nccc3n2)C1,0.450,Nc1ccn2nccc2n1;CCC1CC(C(=O)O)C1;R8,1,,,
CCC1CN(CC(=O)Nc2cn3ncccc3n2)C1,O=C(CN1CC(NC(=O)C(=O)N2CC(CC3CC3)C2)C1)Nc1ccn2nccc2n1,0.449,Nc1ccn2nccc2n1;NC1CN(CC(=O)O)C1;R8;C1CC1CC1CNC1;R38,2,,,
CCC1CN(CC(=O)Nc2cn3ncccc3n2)C1,CC(=O)N1CC2CN(C(=O)C(=O)NC3CN(CC(=O)Nc4ccn5nccc5n4)C3)CC2C1,0.449,Nc1ccn2nccc2n1;NC1CN(CC(=O)O)C1;R8;C1NCC2CNCC12;R38;CC(=O)Cl;R57,3,,,
CCC1CN(CC(=O)Nc2cn3ncccc3n2)C1,CC(=O)N1CC(C2CN(C(=O)C(=O)NC3CN(CC(=O)Nc4ccn5nccc5n4)C3)C2)C1,0.449,Nc1ccn2nccc2n1;NC1CN(CC(=O)O)C1;R8;C1NCC1C1CNC1;R38;CC(=O)O;R8,3,,,
CCC1CN(CC(=O)Nc2cn3ncccc3n2)C1,CCCCc1ccccc1CCN1CC(CNC(=O)NC2CN(CC(=O)Nc3ccn4nccc4n3)C2)C1,0.449,Nc1ccn2nccc2n1;NC1CN(CC(=O)O)C1;R8;NCC1CNC1;R36;BrCCc1ccccc1CCBr;R9;CCBr;R95,4,,,
CCC1CN(CC(=O)Nc2cn3ncccc3n2)C1,O=C(CN1CC(NC2=NCC3CN2C3)C1)Nc1ccn2nccc2n1,0.448,Nc1ccn2nccc2n1;NC1CN(CC(=O)O)C1;R8;NCC1CNC1;R73,2,,,
CCC1CN(CC(=O)Nc2cn3ncccc3n2)C1,CCC1CN(C(=O)C(=O)NC2CN(CC(=O)Nc3ccn4nccc4n3)C2)C(CC)CN1,0.446,Nc1ccn2nccc2n1;NC1CN(CC(=O)O)C1;R8;CCC1CNC(CC)CN1;R38,2,,,
CCC1CN(CC(=O)Nc2cn3ncccc3n2)C1,CCCCN1CC(C2CN(C(=O)NC3CN(CC(=O)Nc4ccn5nccc5n4)C3)C2)C1,0.444,Nc1ccn2nccc2n1;NC1CN(CC(=O)O)C1;R8;C1NCC1C1CNC1;R36;CCCC=O;R43,3,,,
CCC1CN(CC(=O)Nc2cn3ncccc3n2)C1,CCSCc1ccccc1CN1CC(CNC(=O)NC2CN(CC(=O)Nc3ccn4nccc4n3)C2)C1,0.443,Nc1ccn2nccc2n1;NC1CN(CC(=O)O)C1;R8;NCC1CNC1;R36;BrCc1ccccc1CBr;R9;CCI;R21,4,,,
CCC1CN(CC(=O)Nc2cn3ncccc3n2)C1,CCN(CC)Cc1ccccc1CN1CC(CNC(=O)NC2CN(CC(=O)Nc3ccn4nccc4n3)C2)C1,0.443,Nc1ccn2nccc2n1;NC1CN(CC(=O)O)C1;R8;NCC1CNC1;R36;BrCc1ccccc1CBr;R9;CCNCC;R9,4,,,
CCC1CN(CC(=O)Nc2cn3ncccc3n2)C1,CC(=O)CN1CC(C2CN(C(=O)C(=O)NC3CN(CC(=O)Nc4ccn5nccc5n4)C3)C2)C1,0.443,Nc1ccn2nccc2n1;NC1CN(CC(=O)O)C1;R8;C1NCC1C1CNC1;R38;CC(=O)C=O;R43,3,,,
CCC1CN(CC(=O)Nc2cn3ncccc3n2)C1,CCCc1ccccc1CNCC1CN(C(=O)NC2CN(CC(=O)Nc3ccn4nccc4n3)C2)C1,0.442,Nc1ccn2nccc2n1;NC1CN(CC(=O)O)C1;R8;NCC1CNC1;R36;CCCc1ccccc1CBr;R9,3,,,
CCC1CN(CC(=O)Nc2cn3ncccc3n2)C1,CCCCN1CC(C2CN(C(=O)C(=O)NC3CN(CC(=O)Nc4ccn5nccc5n4)C3)C2)C1,0.438,Nc1ccn2nccc2n1;NC1CN(CC(=O)O)C1;R8;C1NCC1C1CNC1;R38;CCCC=O;R43,3,,,
CCC1CN(CC(=O)Nc2cn3ncccc3n2)C1,CCN(C)Cc1ccccc1CN1CC(CNC(=O)NC2CN(CC(=O)Nc3ccn4nccc4n3)C2)C1,0.438,Nc1ccn2nccc2n1;NC1CN(CC(=O)O)C1;R8;NCC1CNC1;R36;BrCc1ccccc1CBr;R9;CCNC;R9,4,,,
CCC1CN(CC(=O)Nc2cn3ncccc3n2)C1,CCC1CCN(C(=O)CN2CC(NC(=O)C(=O)Nc3ccn4nccc4n3)C2)CC1,0.437,Nc1ccn2nccc2n1;NC1CN(CC(=O)O)C1;R38;CCC1CCNCC1;R8,2,,,
CCC1CN(CC(=O)Nc2cn3ncccc3n2)C1,CCC(=O)Nc1ccn2nccc2n1,0.436,Nc1ccn2nccc2n1;CCC(=O)O;R8,1,,,
CSCC1(NC(=O)C23CC(=O)C(C)(C2)C3)CC(F)(F)C1,CSCC1(NC(=O)C23CC(=O)C(C)(C2)C3)CC(F)(F)C1,1.000,CC12CC(C(=O)O)(CC1=O)C2;CSCC1(N)CC(F)(F)C1;R8,1,1.000,1.000,1.000
CSCC1(NC(=O)C23CC(=O)C(C)(C2)C3)CC(F)(F)C1,CSCC1(NC(=O)C23CC(=O)C(C)(C2)C3)CC(=O)C1,0.780,CC12CC(C(=O)O)(CC1=O)C2;CSCC1(N)CC(=O)C1;R8,1,0.706,0.958,0.789
CSCC1(NC(=O)C23CC(=O)C(C)(C2)C3)CC(F)(F)C1,CSCC1(NC(=O)C23CC(=O)C(C)(C2)C3)CC1,0.780,CC12CC(C(=O)O)(CC1=O)C2;CSCC1(N)CC1;R8,1,0.867,0.766,0.741
CSCC1(NC(=O)C23CC(=O)C(C)(C2)C3)CC(F)(F)C1,CSCC1(NC(=O)C23CC(=O)C(C)(C2)C3)CCC1,0.744,CC12CC(C(=O)O)(CC1=O)C2;CSCC1(N)CCC1;R8,1,1.000,0.766,0.844
CSCC1(NC(=O)C23CC(=O)C(C)(C2)C3)CC(F)(F)C1,CC12CC(C(=O)NC3(CO)CC(F)(F)C3)(CC1=O)C2,0.721,CC12CC(C(=O)O)(CC1=O)C2;NC1(CO)CC(F)(F)C1;R8,1,1.000,0.861,0.732
CSCC1(NC(=O)C23CC(=O)C(C)(C2)C3)CC(F)(F)C1,CSCC1(NC(=O)C23CC(=O)C(C)(C2)C3)CC(O)C1,0.696,CC12CC(C(=O)O)(CC1=O)C2;CSCC1(N)CC(O)C1;R8,1,1.000,0.693,0.771
CSCC1(NC(=O)C23CC(=O)C(C)(C2)C3)CC(F)(F)C1,COCC1(NC(=O)C23CC(=O)C(C)(C2)C3)CC(F)(F)C1,0.689,CC12CC(C(=O)O)(CC1=O)C2;COCC1(N)CC(F)(F)C1;R8,1,1.000,1.000,0.697
CSCC1(NC(=O)C23CC(=O)C(C)(C2)C3)CC(F)(F)C1,CC1(NC(=O)C23CC(=O)C(C)(C2)C3)CC(F)(F)C1,0.683,CC12CC(C(=O)O)(CC1=O)C2;CC1(N)CC(F)(F)C1;R8,1,1.000,0.816,0.803
CSCC1(NC(=O)C23CC(=O)C(C)(C2)C3)CC(F)(F)C1,CC12CC(C(=O)NC3(CS(C)(=O)=O)CC(F)(F)C3)(CC1=O)C2,0.674,CC12CC(C(=O)O)(CC1=O)C2;CS(=O)(=O)CC1(N)CC(F)(F)C1;R8,1,1.000,0.784,0.854
CSCC1(NC(=O)C23CC(=O)C(C)(C2)C3)CC(F)(F)C1,C=CCC1(NC(=O)C23CC(=O)C(C)(C2)C3)CC(F)(F)C1,0.674,CC12CC(C(=O)O)(CC1=O)C2;C=CCC1(N)CC(F)(F)C1;R8,1,1.000,0.816,0.718
CSCC1(NC(=O)C23CC(=O)C(C)(C2)C3)CC(F)(F)C1,CC12CC(C(=O)NC3(CC#N)CC(F)(F)C3)(CC1=O)C2,0.674,CC12CC(C(=O)O)(CC1=O)C2;N#CCC1(N)CC(F)(F)C1;R8,1,,,
CSCC1(NC(=O)C23CC(=O)C(C)(C2)C3)CC(F)(F)C1,CSCC1(NC(=O)C23CC(C)(C2)C3)CC(F)(F)C1,0.667,CC12CC(C(=O)O)(C1)C2;CSCC1(N)CC(F)(F)C1;R8,1,,,
CSCC1(NC(=O)C23CC(=O)C(C)(C2)C3)CC(F)(F)C1,CSCC1(CNC(=O)C23CC(=O)C(C)(C2)C3)CC(F)(F)C1,0.660,CC12CC(C(=O)O)(CC1=O)C2;CSCC1(CN)CC(F)(F)C1;R8,1,,,
CSCC1(NC(=O)C23CC(=O)C(C)(C2)C3)CC(F)(F)C1,CSCC1(NC(=O)C2(C)CC(=O)C2)CC(F)(F)C1,0.659,CC1(C(=O)O)CC(=O)C1;CSCC1(N)CC(F)(F)C1;R8,1,,,
CSCC1(NC(=O)C23CC(=O)C(C)(C2)C3)CC(F)(F)C1,CSCC1(NC(=O)C23CC4(C)CC(C)(CC(C)(C4)C2)C3)CC(F)(F)C1,0.651,CC12CC3(C)CC(C)(C1)CC(C(=O)O)(C2)C3;CSCC1(N)CC(F)(F)C1;R8,1,,,
CSCC1(NC(=O)C23CC(=O)C(C)(C2)C3)CC(F)(F)C1,CC12CC(C(=O)NC3(CS(C)(=N)=O)CC(F)(F)C3)(CC1=O)C2,0.646,CC12CC(C(=O)O)(CC1=O)C2;CS(=N)(=O)CC1(N)CC(F)(F)C1;R8,1,,,
CSCC1(NC(=O)C23CC(=O)C(C)(C2)C3)CC(F)(F)C1,CSCC1(NC(=O)C23CCC(C)(CC2)CC3)CC(F)(F)C1,0.636,CC12CCC(C(=O)O)(CC1)CC2;CSCC1(N)CC(F)(F)C1;R8,1,,,
CSCC1(NC(=O)C23CC(=O)C(C)(C2)C3)CC(F)(F)C1,CC1(NC(=O)C23CC(=O)C(C)(C2)C3)CC2(CC(F)(F)C2)C1,0.636,CC12CC(C(=O)O)(CC1=O)C2;CC1(N)CC2(C1)CC(F)(F)C2;R8,1,,,
CSCC1(NC(=O)C23CC(=O)C(C)(C2)C3)CC(F)(F)C1,CSCC1(NC(=O)C23CC(C(C)(C)C)(C2)C3)CC(F)(F)C1,0.622,CC(C)(C)C12CC(C(=O)O)(C1)C2;CSCC1(N)CC(F)(F)C1;R8,1,,,
CSCC1(NC(=O)C23CC(=O)C(C)(C2)C3)CC(F)(F)C1,CSCC1(NC(=O)C23CC(C(=O)O)(C2)C3)CC(F)(F)C1,0.600,O=C(O)C12CC(C(=O)O)(C1)C2;CSCC1(N)CC(F)(F)C1;R8,1,,,
CSCC1(NC(=O)C23CC(=O)C(C)(C2)C3)CC(F)(F)C1,CC1(NC(=O)C23CC(=O)C(C)(C2)C3)CCC(F)(F)C1,0.600,CC12CC(C(=O)O)(CC1=O)C2;CC1(N)CCC(F)(F)C1;R8,1,,,
CSCC1(NC(=O)C23CC(=O)C(C)(C2)C3)CC(F)(F)C1,CSCC1(NC(=O)C23CCC(C(=O)O)(CC2)CC3)CC(F)(F)C1,0.587,O=C(O)C12CCC(C(=O)O)(CC1)CC2;CSCC1(N)CC(F)(F)C1;R8,1,,,
CSCC1(NC(=O)C23CC(=O)C(C)(C2)C3)CC(F)(F)C1,CC12CC(C(=O)NC3(C)CC3(F)F)(CC1=O)C2,0.581,CC12CC(C(=O)O)(CC1=O)C2;CC1(N)CC1(F)F;R8,1,,,
CSCC1(NC(=O)C23CC(=O)C(C)(C2)C3)CC(F)(F)C1,CSCC1(NC(=O)C23CCC(C(=O)O)(CC2)C3)CC(F)(F)C1,0.574,O=C(O)C12CCC(C(=O)O)(CC1)C2;CSCC1(N)CC(F)(F)C1;R8,1,,,
CSCC1(NC(=O)C23CC(=O)C(C)(C2)C3)CC(F)(F)C1,CC1(CNC(=O)C23CC(=O)C(C)(C2)C3)CC(F)(F)C1,0.565,CC12CC(C(=O)O)(CC1=O)C2;CC1(CN)CC(F)(F)C1;R8,1,,,
CSCC1(NC(=O)C23CC(=O)C(C)(C2)C3)CC(F)(F)C1,CSCC1(COC(=O)C23CC(=O)C(C)(C2)C3)CC(F)(F)C1,0.560,CC12CC(C(=O)O)(CC1=O)C2;CSCC1(CBr)CC(F)(F)C1;R31,1,,,
CSCC1(NC(=O)C23CC(=O)C(C)(C2)C3)CC(F)(F)C1,CC12CC(C(=O)NC3(C)CC3(C)C)(CC1=O)C2,0.535,CC12CC(C(=O)O)(CC1=O)C2;CC1(C)CC1(C)N;R8,1,,,
CSCC1(NC(=O)C23CC(=O)C(C)(C2)C3)CC(F)(F)C1,CSCC1(NC2CC3(C(=O)O)CC2(C)C3)CC(F)(F)C1,0.426,CC12CC(C(=O)O)(CC1=O)C2;CSCC1(N)CC(F)(F)C1;R43,1,,,
CSCC1(NC(=O)C23CC(=O)C(C)(C2)C3)CC(F)(F)C1,CSCC1(C=C2CC3(C(=O)O)CC2(C)C3)CC(F)(F)C1,0.426,CC12CC(C(=O)O)(CC1=O)C2;CSCC1(CBr)CC(F)(F)C1;R102,1,,,
CSCC1(NC(=O)C23CC(=O)C(C)(C2)C3)CC(F)(F)C1,CSCC1(NC2CC(C)(C(=O)O)C2)CC(F)(F)C1,0.423,CC1(C(=O)O)CC(=O)C1;CSCC1(N)CC(F)(F)C1;R43,1,,,
CSCC1(NC(=O)C23CC(=O)C(C)(C2)C3)CC(F)(F)C1,COC(=O)C12CC(NC3(CSC)CC(F)(F)C3)C(C)(C1)C2,0.411,COC(=O)C12CC(=O)C(C)(C1)C2;CSCC1(N)CC(F)(F)C1;R43,1,,,
CSCC1(NC(=O)C23CC(=O)C(C)(C2)C3)CC(F)(F)C1,CSCC1(NC2CC3(C)CC2(C)C3)CC(F)(F)C1,0.373,CC12CC(=O)C(C)(C1)C2;CSCC1(N)CC(F)(F)C1;R43,1,,,
CSCC1(NC(=O)C23CC(=O)C(C)(C2)C3)CC(F)(F)C1,CSCC1(NC2CC3(C(=O)O)CC2(C)C3)CC(=O)C1,0.368,CC12CC(C(=O)O)(CC1=O)C2;CSCC1(N)CC(=O)C1;R43,1,,,
CSCC1(NC(=O)C23CC(=O)C(C)(C2)C3)CC(F)(F)C1,CSCC1(CC2(O)CC3(C(=O)O)CC2(C)C3)CC(F)(F)C1,0.339,CC12CC(C(=O)O)(CC1=O)C2;CSCC1(CBr)CC(F)(F)C1;R98,1,,,
CSCC1(NC(=O)C23CC(=O)C(C)(C2)C3)CC(F)(F)C1,CSCC1(CNC2CC3(C(=O)O)CC2(C)C3)CC(F)(F)C1,0.339,CC12CC(C(=O)O)(CC1=O)C2;CSCC1(CN)CC(F)(F)C1;R43,1,,,
CSCC1(NC(=O)C23CC(=O)C(C)(C2)C3)CC(F)(F)C1,CSCC1(NC2CC3(C(=O)O)CC2(C)C3)CC1,0.321,CC12CC(C(=O)O)(CC1=O)C2;CSCC1(N)CC1;R43,1,,,
CSCC1(NC(=O)C23CC(=O)C(C)(C2)C3)CC(F)(F)C1,CSCC1(NC2CC3(C(=O)O)CC2(C)C3)CCC1,0.310,CC12CC(C(=O)O)(CC1=O)C2;CSCC1(N)CCC1;R43,1,,,
CSCC1(NC(=O)C23CC(=O)C(C)(C2)C3)CC(F)(F)C1,COCC1(NC2CC3(C(=O)O)CC2(C)C3)CC(F)(F)C1,0.283,CC12CC(C(=O)O)(CC1=O)C2;COCC1(N)CC(F)(F)C1;R43,1,,,
CSCC1(NC(=O)C23CC(=O)C(C)(C2)C3)CC(F)(F)C1,CC12CC(C(=O)O)(CC1NC1(CS(C)(=O)=O)CC(F)(F)C1)C2,0.279,CC12CC(C(=O)O)(CC1=O)C2;CS(=O)(=O)CC1(N)CC(F)(F)C1;R43,1,,,
CSCC1(NC(=O)C23CC(=O)C(C)(C2)C3)CC(F)(F)C1,C=CCC1(NC2CC3(C(=O)O)CC2(C)C3)CC(F)(F)C1,0.279,CC12CC(C(=O)O)(CC1=O)C2;C=CCC1(N)CC(F)(F)C1;R43,1,,,
CSCC1(NC(=O)C23CC(=O)C(C)(C2)C3)CC(F)(F)C1,CC12CC(C(=O)O)(CC1NC1(CS(C)(=N)=O)CC(F)(F)C1)C2,0.270,CC12CC(C(=O)O)(CC1=O)C2;CS(=N)(=O)CC1(N)CC(F)(F)C1;R43,1,,,
CSCC1(NC(=O)C23CC(=O)C(C)(C2)C3)CC(F)(F)C1,CC1(CNC2CC3(C(=O)O)CC2(C)C3)CC(F)(F)C1,0.259,CC12CC(C(=O)O)(CC1=O)C2;CC1(CN)CC(F)(F)C1;R43,1,,,
CSCC1(NC(=O)C23CC(=O)C(C)(C2)C3)CC(F)(F)C1,CC1(NC2CC3(C(=O)O)CC2(C)C3)CC(F)(F)C1,0.250,CC12CC(C(=O)O)(CC1=O)C2;CC1(N)CC(F)(F)C1;R43,1,,,
CSCC1(NC(=O)C23CC(=O)C(C)(C2)C3)CC(F)(F)C1,CC1(NC2CC3(C(=O)O)CC2(C)C3)CC2(CC(F)(F)C2)C1,0.237,CC12CC(C(=O)O)(CC1=O)C2;CC1(N)CC2(C1)CC(F)(F)C2;R43,1,,,
CSCC1(NC(=O)C23CC(=O)C(C)(C2)C3)CC(F)(F)C1,CC1(NC2CC3(C(=O)O)CC2(C)C3)CCC(F)(F)C1,0.217,CC12CC(C(=O)O)(CC1=O)C2;CC1(N)CCC(F)(F)C1;R43,1,,,
CSCC1(NC(=O)C23CC(=O)C(C)(C2)C3)CC(F)(F)C1,CC12CC(C(=O)O)(CC1NC1(C)CC1(F)F)C2,0.211,CC12CC(C(=O)O)(CC1=O)C2;CC1(N)CC1(F)F;R43,1,,,
CSCC1(NC(=O)C23CC(=O)C(C)(C2)C3)CC(F)(F)C1,CC12CC(C(=O)O)(CC1NC1(C)CC1(C)C)C2,0.175,CC12CC(C(=O)O)(CC1=O)C2;CC1(C)CC1(C)N;R43,1,,,
CC(C)(C)OC(=O)CN(Cc1cnn(CCF)c1)[C@@H]1COC[C@H]1O,CC(C)(C)OC(=O)CN(Cc1cnn(CCF)c1)[C@@H]1COC[C@H]1O,1.000,O=Cc1cnn(CCF)c1;CC(C)(C)OC(=O)CN[C@@H]1COC[C@H]1O;R43,1,1.000,1.000,1.000
CC(C)(C)OC(=O)CN(Cc1cnn(CCF)c1)[C@@H]1COC[C@H]1O,CCCn1cc(CN(CC(=O)OC(C)(C)C)[C@@H]2COC[C@H]2O)cn1,0.847,CCCn1cc(C=O)cn1;CC(C)(C)OC(=O)CN[C@@H]1COC[C@H]1O;R43,1,1.000,0.888,0.921
CC(C)(C)OC(=O)CN(Cc1cnn(CCF)c1)[C@@H]1COC[C@H]1O,CC(C)(C)OC(=O)CN(Cc1cnn(CCO)c1)[C@@H]1COC[C@H]1O,0.847,O=Cc1cnn(CCO)c1;CC(C)(C)OC(=O)CN[C@@H]1COC[C@H]1O;R43,1,1.000,0.908,0.918
CC(C)(C)OC(=O)CN(Cc1cnn(CCF)c1)[C@@H]1COC[C@H]1O,CC(C)(C)OC(=O)CN(Cc1cnn(CCCl)c1)[C@@H]1COC[C@H]1O,0.833,O=Cc1cnn(CCCl)c1;CC(C)(C)OC(=O)CN[C@@H]1COC[C@H]1O;R43,1,1.000,0.888,0.927
CC(C)(C)OC(=O)CN(Cc1cnn(CCF)c1)[C@@H]1COC[C@H]1O,COCCn1cc(CN(CC(=O)OC(C)(C)C)[C@@H]2COC[C@H]2O)cn1,0.820,COCCn1cc(C=O)cn1;CC(C)(C)OC(=O)CN[C@@H]1COC[C@H]1O;R43,1,1.000,1.000,0.904
CC(C)(C)OC(=O)CN(Cc1cnn(CCF)c1)[C@@H]1COC[C@H]1O,CC(C)(C)OC(=O)CN(Cc1cnn(CC(F)F)c1)[C@@H]1COC[C@H]1O,0.803,O=Cc1cnn(CC(F)F)c1;CC(C)(C)OC(=O)CN[C@@H]1COC[C@H]1O;R43,1,1.000,0.993,0.976
CC(C)(C)OC(=O)CN(Cc1cnn(CCF)c1)[C@@H]1COC[C@H]1O,CC(C)(C)OC(=O)CN(Cc1cnn(CC(F)(F)F)c1)[C@@H]1COC[C@H]1O,0.803,O=Cc1cnn(CC(F)(F)F)c1;CC(C)(C)OC(=O)CN[C@@H]1COC[C@H]1O;R43,1,1.000,0.991,0.960
CC(C)(C)OC(=O)CN(Cc1cnn(CCF)c1)[C@@H]1COC[C@H]1O,CC(C)(C)OC(=O)CN(Cc1cnn(CCS(C)(=O)=O)c1)[C@@H]1COC[C@H]1O,0.794,CS(=O)(=O)CCn1cc(C=O)cn1;CC(C)(C)OC(=O)CN[C@@H]1COC[C@H]1O;R43,1,1.000,0.865,0.845
CC(C)(C)OC(=O)CN(Cc1cnn(CCF)c1)[C@@H]1COC[C@H]1O,Cn1cc(CN(CC(=O)OC(C)(C)C)[C@@H]2COC[C@H]2O)cn1,0.793,Cn1cc(C=O)cn1;CC(C)(C)OC(=O)CN[C@@H]1COC[C@H]1O;R43,1,1.000,0.888,0.889
CC(C)(C)OC(=O)CN(Cc1cnn(CCF)c1)[C@@H]1COC[C@H]1O,CC(C)Cn1cc(CN(CC(=O)OC(C)(C)C)[C@@H]2COC[C@H]2O)cn1,0.787,CC(C)Cn1cc(C=O)cn1;CC(C)(C)OC(=O)CN[C@@H]1COC[C@H]1O;R43,1,1.000,0.811,0.901
CC(C)(C)OC(=O)CN(Cc1cnn(CCF)c1)[C@@H]1COC[C@H]1O,CC(C)(C)OC(=O)CN(Cc1cnn(CC2CC2)c1)[C@@H]1COC[C@H]1O,0.774,O=Cc1cnn(CC2CC2)c1;CC(C)(C)OC(=O)CN[C@@H]1COC[C@H]1O;R43,1,,,
CC(C)(C)OC(=O)CN(Cc1cnn(CCF)c1)[C@@H]1COC[C@H]1O,C=CCn1cc(CN(CC(=O)OC(C)(C)C)[C@@H]2COC[C@H]2O)cn1,0.762,C=CCn1cc(C=O)cn1;CC(C)(C)OC(=O)CN[C@@H]1COC[C@H]1O;R43,1,,,
CC(C)(C)OC(=O)CN(Cc1cnn(CCF)c1)[C@@H]1COC[C@H]1O,CC(C)(C)OC(=O)CN(Cc1cnn(C(F)(F)F)c1)[C@@H]1COC[C@H]1O,0.754,O=Cc1cnn(C(F)(F)F)c1;CC(C)(C)OC(=O)CN[C@@H]1COC[C@H]1O;R43,1,,,
CC(C)(C)OC(=O)CN(Cc1cnn(CCF)c1)[C@@H]1COC[C@H]1O,CC(C)(C)OC(=O)CN(c1cnn(CCF)c1)[C@@H]1COC[C@H]1O,0.714,FCCn1cc(Br)cn1;CC(C)(C)OC(=O)CN[C@@H]1COC[C@H]1O;R9,1,,,
CC(C)(C)OC(=O)CN(Cc1cnn(CCF)c1)[C@@H]1COC[C@H]1O,CC(C)(C)OC(=O)CN(C(=O)c1cnn(CCF)c1)[C@@H]1COC[C@H]1O,0.703,O=C(O)c1cnn(CCF)c1;CC(C)(C)OC(=O)CN[C@@H]1COC[C@H]1O;R8,1,,,
CC(C)(C)OC(=O)CN(Cc1cnn(CCF)c1)[C@@H]1COC[C@H]1O,CC(C)(C)OC(=O)CN(Cc1cnn(CCF)c1)C1CCOCC1,0.698,O=Cc1cnn(CCF)c1;CC(C)(C)OC(=O)CNC1CCOCC1;R43,1,,,
CC(C)(C)OC(=O)CN(Cc1cnn(CCF)c1)[C@@H]1COC[C@H]1O,CC(C)(C)OC(=O)CN(Cc1cnn(CCF)c1)C1CCC1,0.689,O=Cc1cnn(CCF)c1;CC(C)(C)OC(=O)CNC1CCC1;R43,1,,,
CC(C)(C)OC(=O)CN(Cc1cnn(CCF)c1)[C@@H]1COC[C@H]1O,CCN(Cc1cnn(CCF)c1)[C@@H]1COC[C@H]1O,0.678,O=Cc1cnn(CCF)c1;CCN[C@@H]1COC[C@H]1O;R43,1,,,
CC(C)(C)OC(=O)CN(Cc1cnn(CCF)c1)[C@@H]1COC[C@H]1O,CC(C)(C)OC(=O)CN(CCn1cc(C=O)cn1)[C@@H]1COC[C@H]1O,0.642,O=Cc1cnn(CCCl)c1;CC(C)(C)OC(=O)CN[C@@H]1COC[C@H]1O;R9,1,,,
CC(C)(C)OC(=O)CN(Cc1cnn(CCF)c1)[C@@H]1COC[C@H]1O,CC(C)(C)N(Cc1cnn(CCF)c1)[C@@H]1COC[C@H]1O,0.639,O=Cc1cnn(CCF)c1;CC(C)(C)N[C@@H]1COC[C@H]1O;R43,1,,,
CC(C)(C)OC(=O)CN(Cc1cnn(CCF)c1)[C@@H]1COC[C@H]1O,CN(Cc1cnn(CCF)c1)[C@@H]1COC[C@H]1O,0.617,O=Cc1cnn(CCF)c1;CN[C@@H]1COC[C@H]1O;R43,1,,,
CC(C)(C)OC(=O)CN(Cc1cnn(CCF)c1)[C@@H]1COC[C@H]1O,CC(C)(C)OC(=O)CN[C@@H]1COC[C@H]1OCc1cnn(CCF)c1,0.528,FCCn1cc(CCl)cn1;CC(C)(C)OC(=O)CN[C@@H]1COC[C@H]1O;R56,1,,,
CC(C)(C)OC(=O)CN(Cc1cnn(CCF)c1)[C@@H]1COC[C@H]1O,CC(C)(C)OC(=O)CN[C@@H]1COC[C@H]1Oc1cnn(CCF)c1,0.479,FCCn1cc(Br)cn1;CC(C)(C)OC(=O)CN[C@@H]1COC[C@H]1O;R56,1,,,
CC(C)(C)OC(=O)CN(Cc1cnn(CCF)c1)[C@@H]1COC[C@H]1O,CC(C)(C)OC(=O)CN[C@@H]1COC[C@H]1OCCn1cc(C=O)cn1,0.375,O=Cc1cnn(CCCl)c1;CC(C)(C)OC(=O)CN[C@@H]1COC[C@H]1O;R56,1,,,
CC(C)N(C)CCCC(=O)N1CC(C)N(C(=O)c2ccc3nncn3c2)CC1C,CC(C)N(C)CCCC(=O)N1CC(C)N(C(=O)c2ccc3nncn3c2)CC1C,1.000,CN1CCC(Cl)(C(=O)O)CC1;CC(C)N(C)CCCC(=O)O;CC1CN(C(=O)OC(C)(C)C)C(C)CN1;O=C(O)c1ccc2nncn2c1;R69,1,1.000,1.000,1.000
CC(C)N(C)CCCC(=O)N1CC(C)N(C(=O)c2ccc3nncn3c2)CC1C,CC(C)N(C)CCCCC(=O)N1CC(C)N(C(=O)c2ccc3nncn3c2)CC1C,0.945,O=C(O)C1(CC(F)F)CCC1;CC(C)N(C)CCCCC(=O)O;CC1CN(C(=O)OC(C)(C)C)C(C)CN1;O=C(O)c1ccc2nncn2c1;R69,1,1.000,0.671,0.964
CC(C)N(C)CCCC(=O)N1CC(C)N(C(=O)c2ccc3nncn3c2)CC1C,CC(C)N(C)CCCC(=O)N1C(C)CN(C(=O)c2ccc3nncn3c2)C(C)C1C,0.820,CC1(C)CC1(C)C(=O)O;CC(C)N(C)CCCC(=O)O;CC1CN(C(=O)OC(C)(C)C)C(C)C(C)N1;O=C(O)c1ccc2nncn2c1;R69,1,1.000,0.984,0.967
CC(C)N(C)CCCC(=O)N1CC(C)N(C(=O)c2ccc3nncn3c2)CC1C,CC(C)N(C)CCCC(=O)N1CC(C)N(C(=O)c2ccc3nncn3c2)C(C)C1C,0.803,CC1(C)CC1(C)C(=O)O;CC(C)N(C)CCCC(=O)O;CC1CN(C(=O)OC(C)(C)C)C(C)C(C)N1;O=C(O)c1ccc2nncn2c1;R69,1,1.000,0.986,0.967
CC(C)N(C)CCCC(=O)N1CC(C)N(C(=O)c2ccc3nncn3c2)CC1C,CC(C)N(CCCC(=O)N1CC(C)N(C(=O)c2ccc3nncn3c2)CC1C)N=O,0.803,CN1CCC(C)(CO)CC1;O=C(O)c1ccc2nncn2c1;CC(C)N(CCCC(=O)O)N=O;CC1CN(C(=O)OC(C)(C)C)C(C)CN1;R69,1,1.000,0.883,0.948
CC(C)N(C)CCCC(=O)N1CC(C)N(C(=O)c2ccc3nncn3c2)CC1C,CC(C)N(C)CCCC(=O)N1CCCN(C(=O)c2ccc3nncn3c2)C(C)C1,0.794,CN1CCC(Cl)(C(=O)O)CC1;CC(C)N(C)CCCC(=O)O;CC1CN(C(=O)OC(C)(C)C)CCCN1;O=C(O)c1ccc2nncn2c1;R69,1,0.900,0.919,0.947
CC(C)N(C)CCCC(=O)N1CC(C)N(C(=O)c2ccc3nncn3c2)CC1C,CC1CN(C(=O)c2ccc3nncn3c2)C(C)CN1C(=O)CCCCCN(C)C,0.780,CN1CCC(C)(CO)CC1;O=C(O)c1ccc2nncn2c1;CN(C)CCCCCC(=O)O;CC1CN(C(=O)OC(C)(C)C)C(C)CN1;R69,1,1.000,0.570,0.964
CC(C)N(C)CCCC(=O)N1CC(C)N(C(=O)c2ccc3nncn3c2)CC1C,CC(C)N(C)CCCC(=O)N1CCCN(C(=O)c2ccc3nncn3c2)CC1C,0.778,CN1CCC(Cl)(C(=O)O)CC1;CC(C)N(C)CCCC(=O)O;CC1CN(C(=O)OC(C)(C)C)CCCN1;O=C(O)c1ccc2nncn2c1;R69,1,0.900,0.911,0.931
CC(C)N(C)CCCC(=O)N1CC(C)N(C(=O)c2ccc3nncn3c2)CC1C,CC1CN(C(=O)c2ccc3nncn3c2)C(C)CN1C(=O)CCN(C)C,0.772,CN1CCC(C)(CO)CC1;O=C(O)c1ccc2nncn2c1;CN(C)CCC(=O)O;CC1CN(C(=O)OC(C)(C)C)C(C)CN1;R69,1,1.000,0.804,0.940
CC(C)N(C)CCCC(=O)N1CC(C)N(C(=O)c2ccc3nncn3c2)CC1C,CC(C)N(C)CCCC(=O)N1[C@H](C)CN(C(=O)c2ccc3nncn3c2)C[C@@H]1C,0.770,CN1CCC(Cl)(C(=O)O)CC1;CC(C)N(C)CCCC(=O)O;C[C@@H]1CNC[C@H](C)N1C(=O)OC(C)(C)C;O=C(O)c1ccc2nncn2c1;R69,1,1.000,0.895,0.957
CC(C)N(C)CCCC(=O)N1CC(C)N(C(=O)c2ccc3nncn3c2)CC1C,CC(C)N(C)CCCC(=O)N1C[C@@H](C)N(C(=O)c2ccc3nncn3c2)[C@@H](C)C1,0.770,CN1CCC(Cl)(C(=O)O)CC1;CC(C)N(C)CCCC(=O)O;C[C@@H]1CNC[C@H](C)N1C(=O)OC(C)(C)C;O=C(O)c1ccc2nncn2c1;R69,1,,,
CC(C)N(C)CCCC(=O)N1CC(C)N(C(=O)c2ccc3nncn3c2)CC1C,CC(C)N(C)CCCC(=O)N1CC(C)N(C(=O)c2ccn3cnnc3c2)CC1C,0.754,CN1CCC(Cl)(C(=O)O)CC1;CC(C)N(C)CCCC(=O)O;CC1CN(C(=O)OC(C)(C)C)C(C)CN1;O=C(O)c1ccn2cnnc2c1;R69,1,,,
CC(C)N(C)CCCC(=O)N1CC(C)N(C(=O)c2ccc3nncn3c2)CC1C,CC(C)N(C)CCCC(=O)N1CC(C)N(C(=O)c2ccc3nccn3c2)CC1C,0.738,CN1CCC(Cl)(C(=O)O)CC1;CC(C)N(C)CCCC(=O)O;CC1CN(C(=O)OC(C)(C)C)C(C)CN1;O=C(O)c1ccc2nccn2c1;R69,1,,,
CC(C)N(C)CCCC(=O)N1CC(C)N(C(=O)c2ccc3nncn3c2)CC1C,Cc1cn2cc(C(=O)N3CC(C)N(C(=O)CCCN(C)C(C)C)CC3C)ccc2n1,0.738,CN1CCC(Cl)(C(=O)O)CC1;CC(C)N(C)CCCC(=O)O;CC1CN(C(=O)OC(C)(C)C)C(C)CN1;Cc1cn2cc(C(=O)O)ccc2n1;R69,1,,,
CC(C)N(C)CCCC(=O)N1CC(C)N(C(=O)c2ccc3nncn3c2)CC1C,CC(C)N(C)CCCC(=O)N1CC(C)N(C(=O)c2ccc3nc(O)cn3c2)CC1C,0.726,CN1CCC(Cl)(C(=O)O)CC1;CC(C)N(C)CCCC(=O)O;CC1CN(C(=O)OC(C)(C)C)C(C)CN1;O=C(O)c1ccc2nc(O)cn2c1;R69,1,,,
CC(C)N(C)CCCC(=O)N1CC(C)N(C(=O)c2ccc3nncn3c2)CC1C,CC(C)N(C)CCCC(=O)N1CC(C)N(C(=O)c2cn3cnnc3cn2)CC1C,0.726,CN1CCC(Cl)(C(=O)O)CC1;CC(C)N(C)CCCC(=O)O;CC1CN(C(=O)OC(C)(C)C)C(C)CN1;O=C(O)c1cn2cnnc2cn1;R69,1,,,
CC(C)N(C)CCCC(=O)N1CC(C)N(C(=O)c2ccc3nncn3c2)CC1C,CC1CN(C(=O)c2ccc3nncn3c2)C(C)CN1C(=O)CCCCCCCC(=O)O,0.717,CN1CCC(C)(CO)CC1;O=C(O)c1ccc2nncn2c1;O=C(O)CCCCCCCC(=O)O;CC1CN(C(=O)OC(C)(C)C)C(C)CN1;R69,1,,,
CC(C)N(C)CCCC(=O)N1CC(C)N(C(=O)c2ccc3nncn3c2)CC1C,CC1CN(C(=O)c2ccc3nncn3c2)C(C)CN1C(=O)CCCCCCCCC(=O)O,0.717,CN1CCC(C)(CO)CC1;O=C(O)c1ccc2nncn2c1;O=C(O)CCCCCCCCC(=O)O;CC1CN(C(=O)OC(C)(C)C)C(C)CN1;R69,1,,,
CC(C)N(C)CCCC(=O)N1CC(C)N(C(=O)c2ccc3nncn3c2)CC1C,Cc1nnc2ccc(C(=O)N3CC(C)N(C(=O)CCCN(C)C(C)C)CC3C)cn12,0.710,CN1CCC(Cl)(C(=O)O)CC1;CC(C)N(C)CCCC(=O)O;CC1CN(C(=O)OC(C)(C)C)C(C)CN1;Cc1nnc2ccc(C(=O)O)cn12;R69,1,,,
CC(C)N(C)CCCC(=O)N1CC(C)N(C(=O)c2ccc3nncn3c2)CC1C,CC(C)N(C)CCCC(=O)N1CC(C)N(C(=O)c2ccc3nnnn3c2)CC1C,0.710,CN1CCC(Cl)(C(=O)O)CC1;CC(C)N(C)CCCC(=O)O;CC1CN(C(=O)OC(C)(C)C)C(C)CN1;O=C(O)c1ccc2nnnn2c1;R69,1,,,
CC(C)N(C)CCCC(=O)N1CC(C)N(C(=O)c2ccc3nncn3c2)CC1C,CC(C)N(C)CCCC(=O)N1CC(C)N(C(=O)c2ccc3cncn3c2)CC1C,0.710,CN1CCC(Cl)(C(=O)O)CC1;CC(C)N(C)CCCC(=O)O;CC1CN(C(=O)OC(C)(C)C)C(C)CN1;O=C(O)c1ccc2cncn2c1;R69,1,,,
CC(C)N(C)CCCC(=O)N1CC(C)N(C(=O)c2ccc3nncn3c2)CC1C,CC(C)N(C)CCCC(=O)N1CC(C)N(C(=O)c2ccc3nc(CN)cn3c2)CC1C,0.703,CN1CCC(Cl)(C(=O)O)CC1;CC(C)N(C)CCCC(=O)O;CC1CN(C(=O)OC(C)(C)C)C(C)CN1;NCc1cn2cc(C(=O)O)ccc2n1;R69,1,,,
CC(C)N(C)CCCC(=O)N1CC(C)N(C(=O)c2ccc3nncn3c2)CC1C,CC(C)N(C)CCCC(=O)N1CC(C)N(C(=O)c2ccc3nc(C4CC4)cn3c2)CC1C,0.703,CN1CCC(Cl)(C(=O)O)CC1;CC(C)N(C)CCCC(=O)O;CC1CN(C(=O)OC(C)(C)C)C(C)CN1;O=C(O)c1ccc2nc(C3CC3)cn2c1;R69,1,,,
CC(C)N(C)CCCC(=O)N1CC(C)N(C(=O)c2ccc3nncn3c2)CC1C,CC(C)N(C)CCCC(=O)N1CC(C)N(C(=O)c2ccc3nnc(S)n3c2)CC1C,0.698,CN1CCC(Cl)(C(=O)O)CC1;CC(C)N(C)CCCC(=O)O;CC1CN(C(=O)OC(C)(C)C)C(C)CN1;O=C(O)c1ccc2nnc(S)n2c1;R69,1,,,
CC(C)N(C)CCCC(=O)N1CC(C)N(C(=O)c2ccc3nncn3c2)CC1C,CC(C)N(C)CCCC(=O)N1CC(C)N(C(=O)c2ccc3nc(C(F)(F)F)cn3c2)CC1C,0.692,CN1CCC(Cl)(C(=O)O)CC1;CC(C)N(C)CCCC(=O)O;CC1CN(C(=O)OC(C)(C)C)C(C)CN1;O=C(O)c1ccc2nc(C(F)(F)F)cn2c1;R69,1,,,
CC(C)N(C)CCCC(=O)N1CC(C)N(C(=O)c2ccc3nncn3c2)CC1C,CC(C)N(C)CCCC(=O)N1CC(C)N(C(=O)c2ccc3ncnn3c2)CC1C,0.683,CN1CCC(Cl)(C(=O)O)CC1;CC(C)N(C)CCCC(=O)O;CC1CN(C(=O)OC(C)(C)C)C(C)CN1;O=C(O)c1ccc2ncnn2c1;R69,1,,,
CC(C)N(C)CCCC(=O)N1CC(C)N(C(=O)c2ccc3nncn3c2)CC1C,CC(C)N(C)CCCC(=O)N1CC(C)N(C(=O)c2ccc(-n3cnnc3)cc2)CC1C,0.672,CN1CCC(Cl)(C(=O)O)CC1;CC(C)N(C)CCCC(=O)O;CC1CN(C(=O)OC(C)(C)C)C(C)CN1;O=C(O)c1ccc(-n2cnnc2)cc1;R69,1,,,
CC(C)N(C)CCCC(=O)N1CC(C)N(C(=O)c2ccc3nncn3c2)CC1C,CC(C)N(C)CCCC(=O)N1CC(C)N(C(=O)c2ccc3ncc(I)n3c2)CC1C,0.662,CN1CCC(Cl)(C(=O)O)CC1;CC(C)N(C)CCCC(=O)O;CC1CN(C(=O)OC(C)(C)C)C(C)CN1;O=C(O)c1ccc2ncc(I)n2c1;R69,1,,,
CC(C)N(C)CCCC(=O)N1CC(C)N(C(=O)c2ccc3nncn3c2)CC1C,CC(C)N(C)CCCC(=O)N1CC(C)N(C(=O)c2ccc(C(=O)O)cc2)CC1C,0.644,CN1CCC(Cl)(C(=O)O)CC1;CC(C)N(C)CCCC(=O)O;CC1CN(C(=O)OC(C)(C)C)C(C)CN1;O=C(O)c1ccc(C(=O)O)cc1;R69,1,,,
CC(C)N(C)CCCC(=O)N1CC(C)N(C(=O)c2ccc3nncn3c2)CC1C,CC(C)N(C)CCCC(=O)N1CC(C)N(C(=O)c2ccc(-c3ccc(C(=O)O)cc3)cc2)CC1C,0.613,CN1CCC(Cl)(C(=O)O)CC1;CC(C)N(C)CCCC(=O)O;CC1CN(C(=O)OC(C)(C)C)C(C)CN1;O=C(O)c1ccc(-c2ccc(C(=O)O)cc2)cc1;R69,1,,,
CC(C)N(C)CCCC(=O)N1CC(C)N(C(=O)c2ccc3nncn3c2)CC1C,CC1CN(C(=O)c2ccc3nncn3c2)C(C)CN1C(=O)OC(C)(C)C,0.571,CN1CCC(Cl)(C(=O)O)CC1;CC(C)N(C)CCCC(=O)O;CC1CN(C(=O)OC(C)(C)C)C(C)CN1;O=C(O)c1ccc2nncn2c1;R8,1,,,
CC(C)N(C)CCCC(=O)N1CC(C)N(C(=O)c2ccc3nncn3c2)CC1C,CC1CN(C(=O)OC(C)(C)C)CCCN1C(=O)c1ccc2nncn2c1,0.479,CN1CCC(Cl)(C(=O)O)CC1;CC(C)N(C)CCCC(=O)O;CC1CN(C(=O)OC(C)(C)C)CCCN1;O=C(O)c1ccc2nncn2c1;R8,1,,,
CC(C)N(C)CCCC(=O)N1CC(C)N(C(=O)c2ccc3nncn3c2)CC1C,CC(C)N(C)CCCC(=O)N1CC(C)N(C(=O)OC(C)(C)C)CC1C,0.476,CN1CCC(C)(CO)CC1;O=C(O)c1ccc2nncn2c1;CC(C)N(C)CCCC(=O)O;CC1CN(C(=O)OC(C)(C)C)C(C)CN1;R8,1,,,
CC(C)N(C)CCCC(=O)N1CC(C)N(C(=O)c2ccc3nncn3c2)CC1C,CC1C(C)N(C(=O)c2ccc3nncn3c2)C(C)CN1C(=O)OC(C)(C)C,0.471,CC1(C)CC1(C)C(=O)O;CC(C)N(C)CCCC(=O)O;CC1CN(C(=O)OC(C)(C)C)C(C)C(C)N1;O=C(O)c1ccc2nncn2c1;R8,1,,,
CC(C)N(C)CCCC(=O)N1CC(C)N(C(=O)c2ccc3nncn3c2)CC1C,C[C@@H]1CN(C(=O)c2ccc3nncn3c2)C[C@H](C)N1C(=O)OC(C)(C)C,0.449,CN1CCC(Cl)(C(=O)O)CC1;CC(C)N(C)CCCC(=O)O;C[C@@H]1CNC[C@H](C)N1C(=O)OC(C)(C)C;O=C(O)c1ccc2nncn2c1;R8,1,,,
CC(C)N(C)CCCC(=O)N1CC(C)N(C(=O)c2ccc3nncn3c2)CC1C,CC1CN(C(=O)c2ccn3cnnc3c2)C(C)CN1C(=O)OC(C)(C)C,0.408,CN1CCC(Cl)(C(=O)O)CC1;CC(C)N(C)CCCC(=O)O;CC1CN(C(=O)OC(C)(C)C)C(C)CN1;O=C(O)c1ccn2cnnc2c1;R8,1,,,
CC(C)N(C)CCCC(=O)N1CC(C)N(C(=O)c2ccc3nncn3c2)CC1C,CC1CN(c2ccc3nncn3c2)C(C)CN1C(=O)OC(C)(C)C,0.408,CN1CCC(Cl)(C(=O)O)CC1;CC(C)N(C)CCCC(=O)O;CC1CN(C(=O)OC(C)(C)C)C(C)CN1;Brc1ccc2nncn2c1;R9,1,,,
CC(C)N(C)CCCC(=O)N1CC(C)N(C(=O)c2ccc3nncn3c2)CC1C,CC1CN(C(=O)c2ccc3nc(CN)cn3c2)C(C)CN1C(=O)OC(C)(C)C,0.397,CN1CCC(Cl)(C(=O)O)CC1;CC(C)N(C)CCCC(=O)O;CC1CN(C(=O)OC(C)(C)C)C(C)CN1;NCc1cn2cc(C(=O)O)ccc2n1;R8,1,,,
CC(C)N(C)CCCC(=O)N1CC(C)N(C(=O)c2ccc3nncn3c2)CC1C,CC1CN(C(=O)c2ccc3nccn3c2)C(C)CN1C(=O)OC(C)(C)C,0.394,CN1CCC(Cl)(C(=O)O)CC1;CC(C)N(C)CCCC(=O)O;CC1CN(C(=O)OC(C)(C)C)C(C)CN1;O=C(O)c1ccc2nccn2c1;R8,1,,,
CC(C)N(C)CCCC(=O)N1CC(C)N(C(=O)c2ccc3nncn3c2)CC1C,Cc1cn2cc(C(=O)N3CC(C)N(C(=O)OC(C)(C)C)CC3C)ccc2n1,0.394,CN1CCC(Cl)(C(=O)O)CC1;CC(C)N(C)CCCC(=O)O;CC1CN(C(=O)OC(C)(C)C)C(C)CN1;Cc1cn2cc(C(=O)O)ccc2n1;R8,1,,,
CC(C)N(C)CCCC(=O)N1CC(C)N(C(=O)c2ccc3nncn3c2)CC1C,CC1CN(C(=O)c2ccc3nc(O)cn3c2)C(C)CN1C(=O)OC(C)(C)C,0.389,CN1CCC(Cl)(C(=O)O)CC1;CC(C)N(C)CCCC(=O)O;CC1CN(C(=O)OC(C)(C)C)C(C)CN1;O=C(O)c1ccc2nc(O)cn2c1;R8,1,,,
CC(C)N(C)CCCC(=O)N1CC(C)N(C(=O)c2ccc3nncn3c2)CC1C,CC1CN(C(=O)c2cn3cnnc3cn2)C(C)CN1C(=O)OC(C)(C)C,0.389,CN1CCC(Cl)(C(=O)O)CC1;CC(C)N(C)CCCC(=O)O;CC1CN(C(=O)OC(C)(C)C)C(C)CN1;O=C(O)c1cn2cnnc2cn1;R8,1,,,
CC(C)N(C)CCCC(=O)N1CC(C)N(C(=O)c2ccc3nncn3c2)CC1C,CC1CN(C(=O)c2ccc3nc(C(F)(F)F)cn3c2)C(C)CN1C(=O)OC(C)(C)C,0.378,CN1CCC(Cl)(C(=O)O)CC1;CC(C)N(C)CCCC(=O)O;CC1CN(C(=O)OC(C)(C)C)C(C)CN1;O=C(O)c1ccc2nc(C(F)(F)F)cn2c1;R8,1,,,
CC(C)N(C)CCCC(=O)N1CC(C)N(C(=O)c2ccc3nncn3c2)CC1C,CC1CN(C(=O)c2ccc3nc(C4CC4)cn3c2)C(C)CN1C(=O)OC(C)(C)C,0.378,CN1CCC(Cl)(C(=O)O)CC1;CC(C)N(C)CCCC(=O)O;CC1CN(C(=O)OC(C)(C)C)C(C)CN1;O=C(O)c1ccc2nc(C3CC3)cn2c1;R8,1,,,
CC(C)N(C)CCCC(=O)N1CC(C)N(C(=O)c2ccc3nncn3c2)CC1C,Cc1nnc2ccc(C(=O)N3CC(C)N(C(=O)OC(C)(C)C)CC3C)cn12,0.375,CN1CCC(Cl)(C(=O)O)CC1;CC(C)N(C)CCCC(=O)O;CC1CN(C(=O)OC(C)(C)C)C(C)CN1;Cc1nnc2ccc(C(=O)O)cn12;R8,1,,,
CC(C)N(C)CCCC(=O)N1CC(C)N(C(=O)c2ccc3nncn3c2)CC1C,CC1CN(C(=O)c2ccc3nnnn3c2)C(C)CN1C(=O)OC(C)(C)C,0.375,CN1CCC(Cl)(C(=O)O)CC1;CC(C)N(C)CCCC(=O)O;CC1CN(C(=O)OC(C)(C)C)C(C)CN1;O=C(O)c1ccc2nnnn2c1;R8,1,,,
CC(C)N(C)CCCC(=O)N1CC(C)N(C(=O)c2ccc3nncn3c2)CC1C,CC1CN(C(=O)c2ccc3cncn3c2)C(C)CN1C(=O)OC(C)(C)C,0.375,CN1CCC(Cl)(C(=O)O)CC1;CC(C)N(C)CCCC(=O)O;CC1CN(C(=O)OC(C)(C)C)C(C)CN1;O=C(O)c1ccc2cncn2c1;R8,1,,,
CC(C)N(C)CCCC(=O)N1CC(C)N(C(=O)c2ccc3nncn3c2)CC1C,CC1CN(C(=O)c2ccc3nnc(S)n3c2)C(C)CN1C(=O)OC(C)(C)C,0.370,CN1CCC(Cl)(C(=O)O)CC1;CC(C)N(C)CCCC(=O)O;CC1CN(C(=O)OC(C)(C)C)C(C)CN1;O=C(O)c1ccc2nnc(S)n2c1;R8,1,,,
CC(C)N(C)CCCC(=O)N1CC(C)N(C(=O)c2ccc3nncn3c2)CC1C,CC(C)N(CCCC(=O)N1CC(C)N(C(=O)OC(C)(C)C)CC1C)N=O,0.366,CN1CCC(C)(CO)CC1;O=C(O)c1ccc2nncn2c1;CC(C)N(CCCC(=O)O)N=O;CC1CN(C(=O)OC(C)(C)C)C(C)CN1;R8,1,,,
CC(C)N(C)CCCC(=O)N1CC(C)N(C(=O)c2ccc3nncn3c2)CC1C,CC1CN(C(=O)c2ccc3ncnn3c2)C(C)CN1C(=O)OC(C)(C)C,0.356,CN1CCC(Cl)(C(=O)O)CC1;CC(C)N(C)CCCC(=O)O;CC1CN(C(=O)OC(C)(C)C)C(C)CN1;O=C(O)c1ccc2ncnn2c1;R8,1,,,
CC(C)N(C)CCCC(=O)N1CC(C)N(C(=O)c2ccc3nncn3c2)CC1C,CC1CN(C(=O)c2ccc3ncc(I)n3c2)C(C)CN1C(=O)OC(C)(C)C,0.347,CN1CCC(Cl)(C(=O)O)CC1;CC(C)N(C)CCCC(=O)O;CC1CN(C(=O)OC(C)(C)C)C(C)CN1;O=C(O)c1ccc2ncc(I)n2c1;R8,1,,,
CC(C)N(C)CCCC(=O)N1CC(C)N(C(=O)c2ccc3nncn3c2)CC1C,CC1CN(C(=O)c2ccc(-n3cnnc3)cc2)C(C)CN1C(=O)OC(C)(C)C,0.338,CN1CCC(Cl)(C(=O)O)CC1;CC(C)N(C)CCCC(=O)O;CC1CN(C(=O)OC(C)(C)C)C(C)CN1;O=C(O)c1ccc(-n2cnnc2)cc1;R8,1,,,
CC(C)N(C)CCCC(=O)N1CC(C)N(C(=O)c2ccc3nncn3c2)CC1C,CC1CN(C(=O)OC(C)(C)C)C(C)CN1C(=O)CCCCCN(C)C,0.333,CN1CCC(C)(CO)CC1;O=C(O)c1ccc2nncn2c1;CN(C)CCCCCC(=O)O;CC1CN(C(=O)OC(C)(C)C)C(C)CN1;R8,1,,,
CC(C)N(C)CCCC(=O)N1CC(C)N(C(=O)c2ccc3nncn3c2)CC1C,CC(C)N(C)CCC(C)N1CC(C)N(C(=O)OC(C)(C)C)CC1C,0.324,CN1CCC(C)(CO)CC1;O=C(O)c1ccc2nncn2c1;CC(=O)CCN(C)C(C)C;CC1CN(C(=O)OC(C)(C)C)C(C)CN1;R43,1,,,
CC(C)N(C)CCCC(=O)N1CC(C)N(C(=O)c2ccc3nncn3c2)CC1C,CC1CN(C(=O)OC(C)(C)C)C(C)CN1C(=O)CCN(C)C,0.313,CN1CCC(C)(CO)CC1;O=C(O)c1ccc2nncn2c1;CN(C)CCC(=O)O;CC1CN(C(=O)OC(C)(C)C)C(C)CN1;R8,1,,,
CC(C)N(C)CCCC(=O)N1CC(C)N(C(=O)c2ccc3nncn3c2)CC1C,CC1CN(C(=O)c2ccc(C(=O)O)cc2)C(C)CN1C(=O)OC(C)(C)C,0.304,CN1CCC(Cl)(C(=O)O)CC1;CC(C)N(C)CCCC(=O)O;CC1CN(C(=O)OC(C)(C)C)C(C)CN1;O=C(O)c1ccc(C(=O)O)cc1;R8,1,,,
CC(C)N(C)CCCC(=O)N1CC(C)N(C(=O)c2ccc3nncn3c2)CC1C,CC(C)N(C)CCC(C)(C(=O)O)N1CC(C)N(C(=O)OC(C)(C)C)CC1C,0.303,CN1CCC(C)(CO)CC1;O=C(O)c1ccc2nncn2c1;CC(=O)CCN(C)C(C)C;CC1CN(C(=O)OC(C)(C)C)C(C)CN1;R71,1,,,
CC(C)N(C)CCCC(=O)N1CC(C)N(C(=O)c2ccc3nncn3c2)CC1C,CC1CN(C(=O)c2ccc(-c3ccc(C(=O)O)cc3)cc2)C(C)CN1C(=O)OC(C)(C)C,0.292,CN1CCC(Cl)(C(=O)O)CC1;CC(C)N(C)CCCC(=O)O;CC1CN(C(=O)OC(C)(C)C)C(C)CN1;O=C(O)c1ccc(-c2ccc(C(=O)O)cc2)cc1;R8,1,,,
CC(C)N(C)CCCC(=O)N1CC(C)N(C(=O)c2ccc3nncn3c2)CC1C,CC1CN(C(=O)OC(C)(C)C)C(C)CN1C(=O)CCCCCCCC(=O)O,0.286,CN1CCC(C)(CO)CC1;O=C(O)c1ccc2nncn2c1;O=C(O)CCCCCCCC(=O)O;CC1CN(C(=O)OC(C)(C)C)C(C)CN1;R8,1,,,
CC(C)N(C)CCCC(=O)N1CC(C)N(C(=O)c2ccc3nncn3c2)CC1C,CC1CN(C(=O)OC(C)(C)C)C(C)CN1C(=O)CCCCCCCCC(=O)O,0.286,CN1CCC(C)(CO)CC1;O=C(O)c1ccc2nncn2c1;O=C(O)CCCCCCCCC(=O)O;CC1CN(C(=O)OC(C)(C)C)C(C)CN1;R8,1,,,
CC(C)N(C)CCCC(=O)N1CC(C)N(C(=O)c2ccc3nncn3c2)CC1C,CC1CN(c2cnc3ccc(C(=O)O)cn23)C(C)CN1C(=O)OC(C)(C)C,0.272,CN1CCC(Cl)(C(=O)O)CC1;CC(C)N(C)CCCC(=O)O;CC1CN(C(=O)OC(C)(C)C)C(C)CN1;O=C(O)c1ccc2ncc(I)n2c1;R9,1,,,
CN(Cc1nnc2n1CCCC2)C1CCCC1(F)F,CN(Cc1nnc2n1CCCC2)C1CCCC1(F)F,1.000,ClCc1nnc2n1CCCC2;CNC1CCCC1(F)F;R9,1,1.000,1.000,1.000
CN(Cc1nnc2n1CCCC2)C1CCCC1(F)F,CN(Cc1nnc2n1CCCCC2)C1CCCC1(F)F,0.976,ClCc1nnc2n1CCCCC2;CNC1CCCC1(F)F;R9,1,0.970,0.846,0.961
CN(Cc1nnc2n1CCCC2)C1CCCC1(F)F,CN(Cc1nnc2n1CCC2)C1CCCC1(F)F,0.929,ClCc1nnc2n1CCC2;CNC1CCCC1(F)F;R9,1,0.909,0.759,0.897
CN(Cc1nnc2n1CCCC2)C1CCCC1(F)F,CN(Cc1nnc2n1CCCCC2)C1CCCCC1(F)F,0.909,CNCc1nnc2n1CCCCC2;O=C1CCCCC1(F)F;R43,1,0.970,0.725,0.915
CN(Cc1nnc2n1CCCC2)C1CCCC1(F)F,CN(Cc1nnc2n1CCCCC2)C1CCCCCCC1(F)F,0.909,CNCc1nnc2n1CCCCC2;O=C1CCCCCCC1(F)F;R43,1,0.970,0.646,0.910
CN(Cc1nnc2n1CCCC2)C1CCCC1(F)F,CN(Cc1nnc2n1CCCCC2)C1CCCCCCCC1(F)F,0.909,CNCc1nnc2n1CCCCC2;O=C1CCCCCCCC1(F)F;R43,1,0.970,0.626,0.910
CN(Cc1nnc2n1CCCC2)C1CCCC1(F)F,CN(Cc1nnc2n1CCCCC2)C1CCCCCC1(F)F,0.909,CNCc1nnc2n1CCCCC2;O=C1CCCCCC1(F)F;R43,1,0.970,0.694,0.910
CN(Cc1nnc2n1CCCC2)C1CCCC1(F)F,CN(Cc1nnc2n1CCC2)C1CCCCC1(F)F,0.864,CNCc1nnc2n1CCC2;O=C1CCCCC1(F)F;R43,1,0.882,0.671,0.853
CN(Cc1nnc2n1CCCC2)C1CCCC1(F)F,CN(Cc1nnc2n1CCC2)C1CCCCCCC1(F)F,0.844,CNCc1nnc2n1CCC2;O=C1CCCCCCC1(F)F;R43,1,0.882,0.585,0.849
CN(Cc1nnc2n1CCCC2)C1CCCC1(F)F,CN(Cc1nnc2n1CCC2)C1CCCCCCCC1(F)F,0.844,CNCc1nnc2n1CCC2;O=C1CCCCCCCC1(F)F;R43,1,0.882,0.563,0.849
CN(Cc1nnc2n1CCCC2)C1CCCC1(F)F,CN(Cc1nnc2n1CCC2)C1CCCCCC1(F)F,0.844,CNCc1nnc2n1CCC2;O=C1CCCCCC1(F)F;R43,1,,,
CN(Cc1nnc2n1CCCC2)C1CCCC1(F)F,CN(Cc1nnc2n1CCCCC2)C1CCC(F)(F)CCC1(F)F,0.792,CNCc1nnc2n1CCCCC2;O=C1CCC(F)(F)CCC1(F)F;R43,1,,,
CN(Cc1nnc2n1CCCC2)C1CCCC1(F)F,CN(Cc1nnc2n1CCCCC2)C1CCNCCC1(F)F,0.760,CNCc1nnc2n1CCCCC2;O=C1CCNCCC1(F)F;R43,1,,,
CN(Cc1nnc2n1CCCC2)C1CCCC1(F)F,CN(Cc1nnc2n1CCCCC2)C1CCOCCC1(F)F,0.760,CNCc1nnc2n1CCCCC2;O=C1CCOCCC1(F)F;R43,1,,,
CN(Cc1nnc2n1CCCC2)C1CCCC1(F)F,CN(Cc1nnc2n1CCCCC2)C1CCCC12CCCC2,0.745,CNCc1nnc2n1CCCCC2;O=C1CCCC12CCCC2;R43,1,,,
CN(Cc1nnc2n1CCCC2)C1CCCC1(F)F,CN(Cc1nnc2n1CCCCC2)C1CCCC12CCC2,0.745,CNCc1nnc2n1CCCCC2;O=C1CCCC12CCC2;R43,1,,,
CN(Cc1nnc2n1CCCC2)C1CCCC1(F)F,CN(Cc1nnc2n1CCCCC2)C1CCCC12CCCCC2,0.745,CNCc1nnc2n1CCCCC2;O=C1CCCC12CCCCC2;R43,1,,,
CN(Cc1nnc2n1CCCC2)C1CCCC1(F)F,CN(Cc1nnc2n1CCCCC2)C1CCCC12CC2,0.745,CNCc1nnc2n1CCCCC2;O=C1CCCC12CC2;R43,1,,,
CN(Cc1nnc2n1CCCC2)C1CCCC1(F)F,CN(Cc1nnc2n1CCCCC2)C1CCCCC12CCCC2,0.708,CNCc1nnc2n1CCCCC2;O=C1CCCCC12CCCC2;R43,1,,,
CN(Cc1nnc2n1CCCC2)C1CCCC1(F)F,CN(Cc1nnc2n1CCCCC2)C1CCCCCC12CCCCC2,0.708,CNCc1nnc2n1CCCCC2;O=C1CCCCCC12CCCCC2;R43,1,,,
CN(Cc1nnc2n1CCCC2)C1CCCC1(F)F,CN(Cc1nnc2n1CCCCC2)C1CCCCC12CCCCC2,0.708,CNCc1nnc2n1CCCCC2;O=C1CCCCC12CCCCC2;R43,1,,,
CN(Cc1nnc2n1CCCC2)C1CCCC1(F)F,CN(Cc1nnc2n1CCCCC2)C1CCCCCC12CCCC2,0.708,CNCc1nnc2n1CCCCC2;O=C1CCCCCC12CCCC2;R43,1,,,
CN(Cc1nnc2n1CCCC2)C1CCCC1(F)F,CN(Cc1nnc2n1CCOCC2)C1CCCCC1(F)F,0.706,CNCc1nnc2n1CCOCC2;O=C1CCCCC1(F)F;R43,1,,,
CN(Cc1nnc2n1CCCC2)C1CCCC1(F)F,CN(Cc1nnc2n1CCCCC2)C1CCCCC12CCC2,0.694,CNCc1nnc2n1CCCCC2;O=C1CCCCC12CCC2;R43,1,,,
CN(Cc1nnc2n1CCCC2)C1CCCC1(F)F,CN(Cc1nnc2n1CCCCC2)C1CCCCC12CC2,0.694,CNCc1nnc2n1CCCCC2;O=C1CCCCC12CC2;R43,1,,,
CN(Cc1nnc2n1CCCC2)C1CCCC1(F)F,CN(Cc1nnc2n1CCCCC2)C1CCCC(=O)C1(F)F,0.686,CNCc1nnc2n1CCCCC2;O=C1CCCC(=O)C1(F)F;R43,1,,,
CN(Cc1nnc2n1CCCC2)C1CCCC1(F)F,CN(C(=O)Cc1nnc2n1CCCC2)C1CCCC1(F)F,0.673,O=C([O-])Cc1nnc2n1CCCC2;CNC1CCCC1(F)F;R8,1,,,
CN(Cc1nnc2n1CCCC2)C1CCCC1(F)F,CN(Cc1nnc2n1CCCCC2)C1C(F)(F)CCCCC12CCC2,0.667,CNCc1nnc2n1CCCCC2;O=C1C(F)(F)CCCCC12CCC2;R43,1,,,
CN(Cc1nnc2n1CCCC2)C1CCCC1(F)F,CN(Cc1nnc2n1CCOC2)C1CCCCC1(F)F,0.654,CNCc1nnc2n1CCOC2;O=C1CCCCC1(F)F;R43,1,,,
CN(Cc1nnc2n1CCCC2)C1CCCC1(F)F,CN(c1nnc2n1CCCC2)C1CCCC1(F)F,0.646,Clc1nnc2n1CCCC2;CNC1CCCC1(F)F;R9,1,,,
CN(Cc1nnc2n1CCCC2)C1CCCC1(F)F,CN(Cc1nnc2n1CCOC2)C1CCCCCCCC1(F)F,0.642,CNCc1nnc2n1CCOC2;O=C1CCCCCCCC1(F)F;R43,1,,,
CN(Cc1nnc2n1CCCC2)C1CCCC1(F)F,CN(Cc1nnc2n1CCOC2)C1CCCCCCC1(F)F,0.642,CNCc1nnc2n1CCOC2;O=C1CCCCCCC1(F)F;R43,1,,,
CN(Cc1nnc2n1CCCC2)C1CCCC1(F)F,FC1(F)CCCC1NCc1nnc2n1CCCC2,0.569,NCc1nnc2n1CCCC2;FC1(F)CCCC1Br;R9,1,,,
CN(Cc1nnc2n1CCCC2)C1CCCC1(F)F,FC1(F)CCCC1NCCc1nnc2n1CCCC2,0.547,NCCc1nnc2n1CCCC2;FC1(F)CCCC1Br;R9,1,,,
CN(Cc1nnc2n1CCCC2)C1CCCC1(F)F,FC1(F)CCCC1NCCc1nnc2n1CCCCC2,0.537,NCCc1nnc2n1CCCCC2;FC1(F)CCCC1Br;R9,1,,,
CN(Cc1nnc2n1CCCC2)C1CCCC1(F)F,FC1(F)CCCC1NCCCc1nnc2n1CCCC2,0.527,NCCCc1nnc2n1CCCC2;FC1(F)CCCC1Br;R9,1,,,
CN(Cc1nnc2n1CCCC2)C1CCCC1(F)F,FC1(F)CCCCC1NCc1nnc2n1CCCCC2,0.519,NCc1nnc2n1CCCCC2;O=C1CCCCC1(F)F;R43,1,,,
CN(Cc1nnc2n1CCCC2)C1CCCC1(F)F,FC1(F)CCCCCCC1NCc1nnc2n1CCCCC2,0.519,NCc1nnc2n1CCCCC2;O=C1CCCCCCC1(F)F;R43,1,,,
CN(Cc1nnc2n1CCCC2)C1CCCC1(F)F,FC1(F)CCCCCCCC1NCc1nnc2n1CCCCC2,0.519,NCc1nnc2n1CCCCC2;O=C1CCCCCCCC1(F)F;R43,1,,,
CN(Cc1nnc2n1CCCC2)C1CCCC1(F)F,FC1(F)CCCCCC1NCc1nnc2n1CCCCC2,0.519,NCc1nnc2n1CCCCC2;O=C1CCCCCC1(F)F;R43,1,,,
CN(Cc1nnc2n1CCCC2)C1CCCC1(F)F,FC1(F)CCCC1NCCc1nnc2n1CCC2,0.500,NCCc1nnc2n1CCC2;FC1(F)CCCC1Br;R9,1,,,
CN(Cc1nnc2n1CCCC2)C1CCCC1(F)F,CN(Cc1nnc2n1CCCCC2)C1(C(=O)O)CCCCC1(F)F,0.492,CNCc1nnc2n1CCCCC2;O=C1CCCCC1(F)F;R71,1,,,
CN(Cc1nnc2n1CCCC2)C1CCCC1(F)F,CN(Cc1nnc2n1CCCCC2)C1(C(=O)O)CCCCCCC1(F)F,0.492,CNCc1nnc2n1CCCCC2;O=C1CCCCCCC1(F)F;R71,1,,,
CN(Cc1nnc2n1CCCC2)C1CCCC1(F)F,CN(Cc1nnc2n1CCCCC2)C1(C(=O)O)CCCCCCCC1(F)F,0.492,CNCc1nnc2n1CCCCC2;O=C1CCCCCCCC1(F)F;R71,1,,,
CN(Cc1nnc2n1CCCC2)C1CCCC1(F)F,CN(Cc1nnc2n1CCCCC2)C1(C(=O)O)CCCCCC1(F)F,0.492,CNCc1nnc2n1CCCCC2;O=C1CCCCCC1(F)F;R71,1,,,
CN(Cc1nnc2n1CCCC2)C1CCCC1(F)F,FC1(F)CCCCC1NCCCc1nnc2n1CCCC2,0.491,NCCCc1nnc2n1CCCC2;FC1(F)CCCCC1Br;R9,1,,,
CN(Cc1nnc2n1CCCC2)C1CCCC1(F)F,FC1(F)CCCCC1NCCCc1nnc2n1CCCCC2,0.483,NCCCc1nnc2n1CCCCC2;O=C1CCCCC1(F)F;R43,1,,,
CN(Cc1nnc2n1CCCC2)C1CCCC1(F)F,FC1(F)CCCCCCC1NCCCc1nnc2n1CCCCC2,0.483,NCCCc1nnc2n1CCCCC2;O=C1CCCCCCC1(F)F;R43,1,,,
CN(Cc1nnc2n1CCCC2)C1CCCC1(F)F,FC1(F)CCCCCCCC1NCCCc1nnc2n1CCCCC2,0.483,NCCCc1nnc2n1CCCCC2;O=C1CCCCCCCC1(F)F;R43,1,,,
CN(Cc1nnc2n1CCCC2)C1CCCC1(F)F,FC1(F)CCCCCC1NCCCc1nnc2n1CCCCC2,0.483,NCCCc1nnc2n1CCCCC2;O=C1CCCCCC1(F)F;R43,1,,,
CN(Cc1nnc2n1CCCC2)C1CCCC1(F)F,CN(Cc1nnc2n1CCC2)C1(C(=O)O)CCCCC1(F)F,0.458,CNCc1nnc2n1CCC2;O=C1CCCCC1(F)F;R71,1,,,
CN(Cc1nnc2n1CCCC2)C1CCCC1(F)F,CN(Cc1nnc2n1CCC2)C1(C(=O)O)CCCCCCC1(F)F,0.450,CNCc1nnc2n1CCC2;O=C1CCCCCCC1(F)F;R71,1,,,
CN(Cc1nnc2n1CCCC2)C1CCCC1(F)F,CN(Cc1nnc2n1CCC2)C1(C(=O)O)CCCCCCCC1(F)F,0.450,CNCc1nnc2n1CCC2;O=C1CCCCCCCC1(F)F;R71,1,,,
CN(Cc1nnc2n1CCCC2)C1CCCC1(F)F,CN(Cc1nnc2n1CCC2)C1(C(=O)O)CCCCCC1(F)F,0.450,CNCc1nnc2n1CCC2;O=C1CCCCCC1(F)F;R71,1,,,
O=C(Nc1nc2cc3c(cc2s1)OCO3)c1cn[nH]c1F,O=C(Nc1nc2cc3c(cc2s1)OCO3)c1cn[nH]c1F,1.000,Nc1nc2cc3c(cc2s1)OCO3;O=C(O)c1cn[nH]c1F;R8,1,1.000,1.000,1.000
O=C(Nc1nc2cc3c(cc2s1)OCO3)c1cn[nH]c1F,O=C(Nc1nc2cc3c(cc2s1)OCCO3)c1cn[nH]c1F,0.878,Nc1nc2cc3c(cc2s1)OCCO3;O=C(O)c1cn[nH]c1F;R8,1,0.870,0.988,0.920
O=C(Nc1nc2cc3c(cc2s1)OCO3)c1cn[nH]c1F,O=C(Nc1nc2cc3c(cc2s1)OCCCO3)c1cn[nH]c1F,0.843,Nc1nc2cc3c(cc2s1)OCCCO3;O=C(O)c1cn[nH]c1F;R8,1,0.833,0.988,0.917
O=C(Nc1nc2cc3c(cc2s1)OCO3)c1cn[nH]c1F,O=C(Nc1nc2cc3c(cc2s1)OCO3)c1cn[nH]c1Br,0.769,Nc1nc2cc3c(cc2s1)OCO3;O=C(O)c1cn[nH]c1Br;R8,1,1.000,0.961,0.849
O=C(Nc1nc2cc3c(cc2s1)OCO3)c1cn[nH]c1F,Nc1[nH]ncc1C(=O)Nc1nc2cc3c(cc2s1)OCO3,0.769,Nc1nc2cc3c(cc2s1)OCO3;Nc1[nH]ncc1C(=O)O;R8,1,1.000,0.930,0.847
O=C(Nc1nc2cc3c(cc2s1)OCO3)c1cn[nH]c1F,O=C(Nc1nc2cc3c(cc2s1)OCO3)c1cn[nH]c1I,0.769,Nc1nc2cc3c(cc2s1)OCO3;O=C(O)c1cn[nH]c1I;R8,1,1.000,0.961,0.845
O=C(Nc1nc2cc3c(cc2s1)OCO3)c1cn[nH]c1F,O=C(Nc1nc2cc3c(cc2s1)OCO3)c1cn[nH]c1Cl,0.769,Nc1nc2cc3c(cc2s1)OCO3;O=C(O)c1cn[nH]c1Cl;R8,1,1.000,0.961,0.842
O=C(Nc1nc2cc3c(cc2s1)OCO3)c1cn[nH]c1F,Cc1[nH]ncc1C(=O)Nc1nc2cc3c(cc2s1)OCO3,0.769,Nc1nc2cc3c(cc2s1)OCO3;Cc1[nH]ncc1C(=O)O;R8,1,1.000,0.961,0.841
O=C(Nc1nc2cc3c(cc2s1)OCO3)c1cn[nH]c1F,O=C(Nc1nc2cc3c(cc2s1)OCO3)c1cn[nH]c1C(F)(F)F,0.759,Nc1nc2cc3c(cc2s1)OCO3;O=C(O)c1cn[nH]c1C(F)(F)F;R8,1,1.000,0.864,0.773
O=C(Nc1nc2cc3c(cc2s1)OCO3)c1cn[nH]c1F,O=C(Nc1nc2cc3c(cc2s1)OC(F)(F)O3)c1cn[nH]c1F,0.755,Nc1nc2cc3c(cc2s1)OC(F)(F)O3;O=C(O)c1cn[nH]c1F;R8,1,1.000,0.957,0.940
O=C(Nc1nc2cc3c(cc2s1)OCO3)c1cn[nH]c1F,O=C(Nc1nc2cc3c(cc2s1)OCO3)c1cn[nH]c1-c1cc(F)cc(F)c1,0.750,Nc1nc2cc3c(cc2s1)OCO3;O=C(O)c1cn[nH]c1-c1cc(F)cc(F)c1;R8,1,,,
O=C(Nc1nc2cc3c(cc2s1)OCO3)c1cn[nH]c1F,O=C(Nc1nc2cc3c(cc2s1)OCO3)c1cn[nH]c1C(=O)O,0.741,Nc1nc2cc3c(cc2s1)OCO3;O=C(O)c1cn[nH]c1C(=O)O;R8,1,,,
O=C(Nc1nc2cc3c(cc2s1)OCO3)c1cn[nH]c1F,O=C(Nc1nc2cc3c(cc2s1)OCO3)c1cn[nH]c1C(F)(F)Cl,0.732,Nc1nc2cc3c(cc2s1)OCO3;O=C(O)c1cn[nH]c1C(F)(F)Cl;R8,1,,,
O=C(Nc1nc2cc3c(cc2s1)OCO3)c1cn[nH]c1F,CC(F)(F)c1[nH]ncc1C(=O)Nc1nc2cc3c(cc2s1)OCO3,0.732,Nc1nc2cc3c(cc2s1)OCO3;CC(F)(F)c1[nH]ncc1C(=O)O;R8,1,,,
O=C(Nc1nc2cc3c(cc2s1)OCO3)c1cn[nH]c1F,NCc1[nH]ncc1C(=O)Nc1nc2cc3c(cc2s1)OCO3,0.727,Nc1nc2cc3c(cc2s1)OCO3;NCc1[nH]ncc1C(=O)O;R8,1,,,
O=C(Nc1nc2cc3c(cc2s1)OCO3)c1cn[nH]c1F,CCc1[nH]ncc1C(=O)Nc1nc2cc3c(cc2s1)OCO3,0.727,Nc1nc2cc3c(cc2s1)OCO3;CCc1[nH]ncc1C(=O)O;R8,1,,,
O=C(Nc1nc2cc3c(cc2s1)OCO3)c1cn[nH]c1F,CC(C)c1[nH]ncc1C(=O)Nc1nc2cc3c(cc2s1)OCO3,0.727,Nc1nc2cc3c(cc2s1)OCO3;CC(C)c1[nH]ncc1C(=O)O;R8,1,,,
O=C(Nc1nc2cc3c(cc2s1)OCO3)c1cn[nH]c1F,O=C(Nc1nc2cc(F)c(F)cc2s1)c1cn[nH]c1F,0.720,Nc1nc2cc(F)c(F)cc2s1;CCOC(=O)c1cn[nH]c1F;R49,1,,,
O=C(Nc1nc2cc3c(cc2s1)OCO3)c1cn[nH]c1F,O=C(O)c1cn[nH]c1C(=O)Nc1nc2cc3c(cc2s1)OCO3,0.709,Nc1nc2cc3c(cc2s1)OCO3;O=C(O)c1cn[nH]c1C(=O)O;R8,1,,,
O=C(Nc1nc2cc3c(cc2s1)OCO3)c1cn[nH]c1F,O=C(Nc1nc2cc3c(cc2s1)OCO3)c1ccc(F)c2cn[nH]c12,0.707,Nc1nc2cc3c(cc2s1)OCO3;O=C(O)c1ccc(F)c2cn[nH]c12;R8,1,,,
O=C(Nc1nc2cc3c(cc2s1)OCO3)c1cn[nH]c1F,O=C(Nc1nc2cc3c(cc2s1)OCO3)c1ccc2cn[nH]c2c1F,0.707,Nc1nc2cc3c(cc2s1)OCO3;O=C(O)c1ccc2cn[nH]c2c1F;R8,1,,,
O=C(Nc1nc2cc3c(cc2s1)OCO3)c1cn[nH]c1F,O=C(Nc1nc2cc3c(cc2s1)OCO3)c1ccc(F)c2[nH]ncc12,0.707,Nc1nc2cc3c(cc2s1)OCO3;O=C(O)c1ccc(F)c2[nH]ncc12;R8,1,,,
O=C(Nc1nc2cc3c(cc2s1)OCO3)c1cn[nH]c1F,O=C(O)Cc1[nH]ncc1C(=O)Nc1nc2cc3c(cc2s1)OCO3,0.702,Nc1nc2cc3c(cc2s1)OCO3;O=C(O)Cc1[nH]ncc1C(=O)O;R8,1,,,
O=C(Nc1nc2cc3c(cc2s1)OCO3)c1cn[nH]c1F,Cc1cc2nc(NC(=O)c3cn[nH]c3F)sc2cc1C,0.692,Cc1cc2nc(N)sc2cc1C;O=C(O)c1cn[nH]c1F;R8,1,,,
O=C(Nc1nc2cc3c(cc2s1)OCO3)c1cn[nH]c1F,O=C(Nc1nc2cc3c(cc2s1)OCO3)c1[nH]ncc1Br,0.673,Nc1nc2cc3c(cc2s1)OCO3;O=C(O)c1[nH]ncc1Br;R8,1,,,
O=C(Nc1nc2cc3c(cc2s1)OCO3)c1cn[nH]c1F,Nc1[nH]ncc1C(=O)Nc1nc2cc3c(cc2s1)OCCO3,0.673,Nc1nc2cc3c(cc2s1)OCCO3;Nc1[nH]ncc1C(=O)O;R8,1,,,
O=C(Nc1nc2cc3c(cc2s1)OCO3)c1cn[nH]c1F,O=C(Nc1nc2cc3c(cc2s1)OCCO3)c1cn[nH]c1Br,0.673,Nc1nc2cc3c(cc2s1)OCCO3;O=C(O)c1cn[nH]c1Br;R8,1,,,
O=C(Nc1nc2cc3c(cc2s1)OCO3)c1cn[nH]c1F,O=C(Nc1nc2cc3c(cc2s1)OCCO3)c1cn[nH]c1I,0.673,Nc1nc2cc3c(cc2s1)OCCO3;O=C(O)c1cn[nH]c1I;R8,1,,,
O=C(Nc1nc2cc3c(cc2s1)OCO3)c1cn[nH]c1F,O=C(Nc1nc2cc3c(cc2s1)OCCO3)c1cn[nH]c1Cl,0.673,Nc1nc2cc3c(cc2s1)OCCO3;O=C(O)c1cn[nH]c1Cl;R8,1,,,
O=C(Nc1nc2cc3c(cc2s1)OCO3)c1cn[nH]c1F,Cc1[nH]ncc1C(=O)Nc1nc2cc3c(cc2s1)OCCO3,0.673,Nc1nc2cc3c(cc2s1)OCCO3;Cc1[nH]ncc1C(=O)O;R8,1,,,
O=C(Nc1nc2cc3c(cc2s1)OCO3)c1cn[nH]c1F,Cc1cc2nc(NC(=O)c3cn[nH]c3F)sc2cc1F,0.667,Cc1cc2nc(N)sc2cc1F;O=C(O)c1cn[nH]c1F;R8,1,,,
O=C(Nc1nc2cc3c(cc2s1)OCO3)c1cn[nH]c1F,O=C(Nc1nc2cc(F)c(Br)cc2s1)c1cn[nH]c1F,0.667,Nc1nc2cc(F)c(Br)cc2s1;O=C(O)c1cn[nH]c1F;R8,1,,,
O=C(Nc1nc2cc3c(cc2s1)OCO3)c1cn[nH]c1F,O=C(Nc1nc2cc3c(cc2s1)OCCO3)c1cn[nH]c1C(F)(F)F,0.667,Nc1nc2cc3c(cc2s1)OCCO3;O=C(O)c1cn[nH]c1C(F)(F)F;R8,1,,,
O=C(Nc1nc2cc3c(cc2s1)OCO3)c1cn[nH]c1F,O=C(Nc1nc2ccc(F)cc2s1)c1cn[nH]c1F,0.660,Nc1nc2ccc(F)cc2s1;O=C(O)c1cn[nH]c1F;R8,1,,,
O=C(Nc1nc2cc3c(cc2s1)OCO3)c1cn[nH]c1F,O=C(Nc1nc2cc(F)ccc2s1)c1cn[nH]c1F,0.660,Nc1nc2cc(F)ccc2s1;O=C(O)c1cn[nH]c1F;R8,1,,,
O=C(Nc1nc2cc3c(cc2s1)OCO3)c1cn[nH]c1F,O=C(O)c1cc(F)c(C(=O)Nc2nc3cc4c(cc3s2)OCO4)cc1F,0.655,Nc1nc2cc3c(cc2s1)OCO3;O=C(O)c1cc(F)c(C(=O)O)cc1F;R8,1,,,
O=C(Nc1nc2cc3c(cc2s1)OCO3)c1cn[nH]c1F,COc1cc2nc(NC(=O)c3cn[nH]c3F)sc2cc1OC,0.655,COc1cc2nc(N)sc2cc1OC;O=C(O)c1cn[nH]c1F;R8,1,,,
O=C(Nc1nc2cc3c(cc2s1)OCO3)c1cn[nH]c1F,O=C(Nc1nc2cc3c(cc2s1)OCCO3)c1cn[nH]c1C(=O)O,0.649,Nc1nc2cc3c(cc2s1)OCCO3;O=C(O)c1cn[nH]c1C(=O)O;R8,1,,,
O=C(Nc1nc2cc3c(cc2s1)OCO3)c1cn[nH]c1F,O=C(Nc1nc2cc3c(cc2s1)OCO3)Nc1[nH]ncc1C(=O)O,0.638,Nc1nc2cc3c(cc2s1)OCO3;Nc1[nH]ncc1C(=O)O;R36,1,,,
O=C(Nc1nc2cc3c(cc2s1)OCO3)c1cn[nH]c1F,O=C(Nc1nc2cc3c(cc2s1)OCO3)C(=O)Nc1[nH]ncc1C(=O)O,0.638,Nc1nc2cc3c(cc2s1)OCO3;Nc1[nH]ncc1C(=O)O;R38,1,,,
O=C(Nc1nc2cc3c(cc2s1)OCO3)c1cn[nH]c1F,NCc1[nH]ncc1C(=O)Nc1nc2cc3c(cc2s1)OCCO3,0.638,Nc1nc2cc3c(cc2s1)OCCO3;NCc1[nH]ncc1C(=O)O;R8,1,,,
O=C(Nc1nc2cc3c(cc2s1)OCO3)c1cn[nH]c1F,CCc1[nH]ncc1C(=O)Nc1nc2cc3c(cc2s1)OCCO3,0.638,Nc1nc2cc3c(cc2s1)OCCO3;CCc1[nH]ncc1C(=O)O;R8,1,,,
O=C(Nc1nc2cc3c(cc2s1)OCO3)c1cn[nH]c1F,CC(C)c1[nH]ncc1C(=O)Nc1nc2cc3c(cc2s1)OCCO3,0.638,Nc1nc2cc3c(cc2s1)OCCO3;CC(C)c1[nH]ncc1C(=O)O;R8,1,,,
O=C(Nc1nc2cc3c(cc2s1)OCO3)c1cn[nH]c1F,O=C(O)c1cnncc1C(=O)Nc1nc2cc3c(cc2s1)OCO3,0.636,Nc1nc2cc3c(cc2s1)OCO3;O=C(O)c1cnncc1C(=O)O;R8,1,,,
O=C(Nc1nc2cc3c(cc2s1)OCO3)c1cn[nH]c1F,O=C(Nc1nc2ccc(Cl)cc2s1)c1cn[nH]c1F,0.636,Nc1nc2ccc(Cl)cc2s1;CCOC(=O)c1cn[nH]c1F;R49,1,,,
O=C(Nc1nc2cc3c(cc2s1)OCO3)c1cn[nH]c1F,Nc1ccc2nc(NC(=O)c3cn[nH]c3F)sc2c1,0.636,Nc1ccc2nc(N)sc2c1;O=C(O)c1cn[nH]c1F;R8,1,,,
O=C(Nc1nc2cc3c(cc2s1)OCO3)c1cn[nH]c1F,O=C(Nc1nc2ccc(Br)cc2s1)c1cn[nH]c1F,0.636,Nc1nc2ccc(Br)cc2s1;O=C(O)c1cn[nH]c1F;R8,1,,,
O=C(Nc1nc2cc3c(cc2s1)OCO3)c1cn[nH]c1F,Cc1ccc2nc(NC(=O)c3cn[nH]c3F)sc2c1,0.636,Cc1ccc2nc(N)sc2c1;O=C(O)c1cn[nH]c1F;R8,1,,,
O=C(Nc1nc2cc3c(cc2s1)OCO3)c1cn[nH]c1F,O=C(Nc1nc2ccc(O)cc2s1)c1cn[nH]c1F,0.636,Nc1nc2ccc(O)cc2s1;O=C(O)c1cn[nH]c1F;R8,1,,,
O=C(Nc1nc2cc3c(cc2s1)OCO3)c1cn[nH]c1F,O=C(Nc1nc2ccc(I)cc2s1)c1cn[nH]c1F,0.636,Nc1nc2ccc(I)cc2s1;O=C(O)c1cn[nH]c1F;R8,1,,,
O=C(Nc1nc2cc3c(cc2s1)OCO3)c1cn[nH]c1F,O=C(Nc1nc2cc3c(cc2[nH]1)OCO3)c1cn[nH]c1F,0.625,Nc1nc2cc3c(cc2[nH]1)OCO3;O=C(O)c1cn[nH]c1F;R8,1,,,
O=C(Nc1nc2cc3c(cc2s1)OCO3)c1cn[nH]c1F,O=C(Nc1nc2ccccc2s1)c1cn[nH]c1F,0.623,Nc1nc2ccccc2s1;CCOC(=O)c1cn[nH]c1F;R49,1,,,
O=C(Nc1nc2cc3c(cc2s1)OCO3)c1cn[nH]c1F,O=C(O)c1cn[nH]c1C(=O)Nc1nc2cc3c(cc2s1)OCCO3,0.621,Nc1nc2cc3c(cc2s1)OCCO3;O=C(O)c1cn[nH]c1C(=O)O;R8,1,,,
O=C(Nc1nc2cc3c(cc2s1)OCO3)c1cn[nH]c1F,O=C(Cc1[nH]ncc1C(=O)O)Nc1nc2cc3c(cc2s1)OCO3,0.617,Nc1nc2cc3c(cc2s1)OCO3;O=C(O)Cc1[nH]ncc1C(=O)O;R8,1,,,
O=C(Nc1nc2cc3c(cc2s1)OCO3)c1cn[nH]c1F,O=C(O)c1cn[nH]c1Nc1nc2cc3c(cc2s1)OCO3,0.614,Nc1nc2cc3c(cc2s1)OCO3;O=C(O)c1cn[nH]c1I;R9,1,,,
O=C(Nc1nc2cc3c(cc2s1)OCO3)c1cn[nH]c1F,O=C(O)c1ccccc1C(=O)Nc1nc2cc3c(cc2s1)OCO3,0.607,Nc1nc2cc3c(cc2s1)OCO3;O=C(O)c1ccccc1C(=O)O;R8,1,,,
O=C(Nc1nc2cc3c(cc2s1)OCO3)c1cn[nH]c1F,O=C(NCc1[nH]ncc1C(=O)O)Nc1nc2cc3c(cc2s1)OCO3,0.597,Nc1nc2cc3c(cc2s1)OCO3;NCc1[nH]ncc1C(=O)O;R36,1,,,
O=C(Nc1nc2cc3c(cc2s1)OCO3)c1cn[nH]c1F,O=C(O)c1cn[nH]c1C(F)(F)Nc1nc2cc3c(cc2s1)OCO3,0.590,Nc1nc2cc3c(cc2s1)OCO3;O=C(O)c1cn[nH]c1C(F)(F)Cl;R9,1,,,
O=C(Nc1nc2cc3c(cc2s1)OCO3)c1cn[nH]c1F,O=C(NCc1[nH]ncc1C(=O)O)C(=O)Nc1nc2cc3c(cc2s1)OCO3,0.587,Nc1nc2cc3c(cc2s1)OCO3;NCc1[nH]ncc1C(=O)O;R38,1,,,
O=C(Nc1nc2cc3c(cc2s1)OCO3)c1cn[nH]c1F,O=C(O)c1[nH]ncc1Nc1nc2cc3c(cc2s1)OCO3,0.559,Nc1nc2cc3c(cc2s1)OCO3;O=C(O)c1[nH]ncc1Br;R9,1,,,
O=C(Nc1nc2cc3c(cc2s1)OCO3)c1cn[nH]c1F,Nc1nc2ccc(NC(=O)c3cn[nH]c3F)cc2s1,0.500,Nc1ccc2nc(N)sc2c1;O=C(O)c1cn[nH]c1F;R8,1,,,
O=C(Nc1nc2cc3c(cc2s1)OCO3)c1cn[nH]c1F,O=C(O)c1cn[nH]c1Cn1cnc2c(Nc3nc4cc5c(cc4s3)OCO5)ncnc21,0.455,Nc1nc2cc3c(cc2s1)OCO3;NCc1[nH]ncc1C(=O)O;R66,1,,,
O=C(Nc1nc2cc3c(cc2s1)OCO3)c1cn[nH]c1F,O=C(O)c1cn[nH]c1CNc1ncnc2c1ncn2-c1nc2cc3c(cc2s1)OCO3,0.400,Nc1nc2cc3c(cc2s1)OCO3;NCc1[nH]ncc1C(=O)O;R66,1,,,
N#Cc1ccsc1COC(=O)C12CCOC1CCOC2,N#Cc1ccsc1COC(=O)C12CCOC1CCOC2,1.000,N#Cc1ccsc1CO;O=C(O)C12CCOC1CCOC2;R72,1,1.000,1.000,1.000
N#Cc1ccsc1COC(=O)C12CCOC1CCOC2,N#Cc1ccsc1COC(=O)[C@]12CCC[C@H]1OCC2,0.782,N#Cc1ccsc1CO;O=C(O)[C@]12CCC[C@H]1OCC2;R72,1,0.755,0.702,0.899
N#Cc1ccsc1COC(=O)C12CCOC1CCOC2,N#Cc1ccsc1COC(=O)C1(C2CCCO2)CCOCC1,0.768,N#Cc1ccsc1CO;O=C(O)C1(C2CCCO2)CCOCC1;R72,1,0.725,0.557,0.907
N#Cc1ccsc1COC(=O)C12CCOC1CCOC2,N#Cc1ccsc1COC(=O)C12CCCCC1OCC2,0.768,N#Cc1ccsc1CO;O=C(O)C12CCCCC1OCC2;R72,1,0.740,0.544,0.895
N#Cc1ccsc1COC(=O)C12CCOC1CCOC2,N#Cc1ccsc1COC(=O)C1(C2CC2)CCOC1,0.764,N#Cc1ccsc1CO;O=C(O)C1(C2CC2)CCOC1;R72,1,0.735,0.959,0.784
N#Cc1ccsc1COC(=O)C12CCOC1CCOC2,N#Cc1ccsc1COC(=O)[C@@]12CCCCC[C@H]1OCC2,0.754,N#Cc1ccsc1CO;O=C(O)[C@@]12CCCCC[C@H]1OCC2;R72,1,0.725,0.440,0.899
N#Cc1ccsc1COC(=O)C12CCOC1CCOC2,N#Cc1ccsc1COC(=O)C1(C2CCCCO2)CCOCC1,0.754,N#Cc1ccsc1CO;O=C(O)C1(C2CCCCO2)CCOCC1;R72,1,0.712,0.414,0.891
N#Cc1ccsc1COC(=O)C12CCOC1CCOC2,N#Cc1ccsc1COC(=O)C1(C2CCCO2)CC1,0.745,N#Cc1ccsc1CO;O=C(O)C1(C2CCCO2)CC1;R72,1,0.700,0.662,0.815
N#Cc1ccsc1COC(=O)C12CCOC1CCOC2,Cc1ccsc1COC(=O)C12CCOC1CCOC2,0.732,Cc1ccsc1CO;O=C(O)C12CCOC1CCOC2;R72,1,1.000,0.822,0.923
N#Cc1ccsc1COC(=O)C12CCOC1CCOC2,N#Cc1ccsc1COC(=O)C1(C2CCCO2)CCCC1,0.732,N#Cc1ccsc1CO;O=C(O)C1(C2CCCO2)CCCC1;R72,1,0.686,0.576,0.855
N#Cc1ccsc1COC(=O)C12CCOC1CCOC2,N#Cc1ccsc1COC(=O)C1(C2CCCO2)CCC1,0.732,N#Cc1ccsc1CO;O=C(O)C1(C2CCCO2)CCC1;R72,1,,,
N#Cc1ccsc1COC(=O)C12CCOC1CCOC2,N#Cc1ccsc1COC(=O)C1(C2CCCCO2)CC1,0.732,N#Cc1ccsc1CO;O=C(O)C1(C2CCCCO2)CC1;R72,1,,,
N#Cc1ccsc1COC(=O)C12CCOC1CCOC2,N#Cc1ccsc1COC(=O)C1(C2CCCCO2)CCC1,0.719,N#Cc1ccsc1CO;O=C(O)C1(C2CCCCO2)CCC1;R72,1,,,
N#Cc1ccsc1COC(=O)C12CCOC1CCOC2,N#Cc1ccsc1COC(=O)C1(C2CCOCC2)CCOCC1,0.714,N#Cc1ccsc1CO;O=C(O)C1(C2CCOCC2)CCOCC1;R72,1,,,
N#Cc1ccsc1COC(=O)C12CCOC1CCOC2,N#Cc1ccsc1COC(=O)C1(C2CC2)CCOCC1,0.696,N#Cc1ccsc1CO;O=C(O)C1(C2CC2)CCOCC1;R72,1,,,
N#Cc1ccsc1COC(=O)C12CCOC1CCOC2,N#Cc1ccsc1COC(=O)C1(C2CCOCC2)CC1,0.696,N#Cc1ccsc1CO;O=C(O)C1(C2CCOCC2)CC1;R72,1,,,
N#Cc1ccsc1COC(=O)C12CCOC1CCOC2,N#Cc1ccsc1COC(=O)[C@]12CCO[C@H]1CNC2,0.695,N#Cc1ccsc1CO;O=C(O)[C@]12CCO[C@H]1CNC2;R72,1,,,
N#Cc1ccsc1COC(=O)C12CCOC1CCOC2,CS(=O)(=O)c1ccsc1COC(=O)C12CCOC1CCOC2,0.683,CS(=O)(=O)c1ccsc1CO;O=C(O)C12CCOC1CCOC2;R72,1,,,
N#Cc1ccsc1COC(=O)C12CCOC1CCOC2,N#Cc1ccsc1COC(=O)C12CCOC1CS(=O)(=O)C2,0.683,N#Cc1ccsc1CO;O=C(O)C12CCOC1CS(=O)(=O)C2;R72,1,,,
N#Cc1ccsc1COC(=O)C12CCOC1CCOC2,N#Cc1ccsc1COC(=O)[C@]12CNC[C@H]1CCOC2,0.672,N#Cc1ccsc1CO;O=C(O)[C@]12CNC[C@H]1CCOC2;R72,1,,,
N#Cc1ccsc1COC(=O)C12CCOC1CCOC2,N#Cc1ccsc1COC(=O)C1(C2CCCCCC2)CCOCC1,0.661,N#Cc1ccsc1CO;O=C(O)C1(C2CCCCCC2)CCOCC1;R72,1,,,
N#Cc1ccsc1COC(=O)C12CCOC1CCOC2,N#Cc1ccsc1COC(=O)C12CCC1CC2,0.636,N#Cc1ccsc1CO;O=C(O)C12CCC1CC2;R72,1,,,
N#Cc1ccsc1COC(=O)C12CCOC1CCOC2,N#Cc1ccsc1COC(=O)C1(C2CC2)CC1,0.636,N#Cc1ccsc1CO;O=C(O)C1(C2CC2)CC1;R72,1,,,
N#Cc1ccsc1COC(=O)C12CCOC1CCOC2,N#Cc1ccsc1COC(=O)C1(O)CCOC1,0.632,N#Cc1ccsc1CO;O=C(O)C1(O)CCOC1;R72,1,,,
N#Cc1ccsc1COC(=O)C12CCOC1CCOC2,N#Cc1ccsc1NC(=O)C12CCOC1CCOC2,0.617,N#Cc1ccsc1N;O=C(O)C12CCOC1CCOC2;R8,1,,,
N#Cc1ccsc1COC(=O)C12CCOC1CCOC2,N#Cc1ccsc1COC(=O)C1(C2CCCCC2)CC1,0.603,N#Cc1ccsc1CO;O=C(O)C1(C2CCCCC2)CC1;R72,1,,,
N#Cc1ccsc1COC(=O)C12CCOC1CCOC2,CN(C(=O)C12CCOC1CCOC2)c1sccc1C#N,0.597,CNc1sccc1C#N;O=C(O)C12CCOC1CCOC2;R8,1,,,
N#Cc1ccsc1COC(=O)C12CCOC1CCOC2,N#Cc1ccsc1S(=O)(=O)NC(=O)C12CCOC1CCOC2,0.578,N#Cc1ccsc1S(N)(=O)=O;O=C(O)C12CCOC1CCOC2;R8,1,,,
N#Cc1ccsc1COC(=O)C12CCOC1CCOC2,N#Cc1ccsc1COC(=O)C1CCO1,0.561,N#Cc1ccsc1CO;O=C(O)C1CCO1;R72,1,,,
N#Cc1ccsc1COC(=O)C12CCOC1CCOC2,N#Cc1ccsc1NC(=O)Cc1noc(C23CCOC2CCOC3)n1,0.447,N#CCC(=O)Nc1sccc1C#N;O=C(O)C12CCOC1CCOC2;R46,1,,,
N#Cc1ccsc1COC(=O)C12CCOC1CCOC2,N#Cc1ccsc1-c1noc(C23CCOC2CCOC3)n1,0.435,N#Cc1ccsc1C#N;O=C(O)C12CCOC1CCOC2;R46,1,,,
N#Cc1ccsc1COC(=O)C12CCOC1CCOC2,N#CCC(=O)Nc1sccc1-c1noc(C23CCOC2CCOC3)n1,0.392,N#CCC(=O)Nc1sccc1C#N;O=C(O)C12CCOC1CCOC2;R46,1,,,
N#Cc1ccsc1COC(=O)C12CCOC1CCOC2,N#Cc1sccc1-c1noc(C23CCOC2CCOC3)n1,0.370,N#Cc1ccsc1C#N;O=C(O)C12CCOC1CCOC2;R46,1,,,
N#Cc1ccsc1COC(=O)C12CCOC1CCOC2,Brc1ccsc1Cc1noc(C23CCOC2CCOC3)n1,0.370,N#CCc1sccc1Br;O=C(O)C12CCOC1CCOC2;R46,1,,,
N#Cc1ccsc1COC(=O)C12CCOC1CCOC2,OCc1sccc1-c1noc(C23CCOC2CCOC3)n1,0.370,N#Cc1ccsc1CO;O=C(O)C12CCOC1CCOC2;R46,1,,,
N#Cc1ccsc1COC(=O)C12CCOC1CCOC2,O=Cc1sccc1-c1noc(C23CCOC2CCOC3)n1,0.316,N#Cc1ccsc1C=O;O=C(O)C12CCOC1CCOC2;R46,1,,,
N#Cc1ccsc1COC(=O)C12CCOC1CCOC2,COc1sccc1-c1noc(C23CCOC2CCOC3)n1,0.316,COc1sccc1C#N;O=C(O)C12CCOC1CCOC2;R46,1,,,
N#Cc1ccsc1COC(=O)C12CCOC1CCOC2,Brc1sccc1-c1noc(C23CCOC2CCOC3)n1,0.311,N#Cc1ccsc1Br;O=C(O)C12CCOC1CCOC2;R46,1,,,
N#Cc1ccsc1COC(=O)C12CCOC1CCOC2,Nc1sccc1-c1noc(C23CCOC2CCOC3)n1,0.311,N#Cc1ccsc1N;O=C(O)C12CCOC1CCOC2;R46,1,,,
N#Cc1ccsc1COC(=O)C12CCOC1CCOC2,Clc1sccc1-c1noc(C23CCOC2CCOC3)n1,0.311,N#Cc1ccsc1Cl;O=C(O)C12CCOC1CCOC2;R46,1,,,
N#Cc1ccsc1COC(=O)C12CCOC1CCOC2,CS(=O)(=O)c1sccc1-c1noc(C23CCOC2CCOC3)n1,0.308,CS(=O)(=O)c1sccc1C#N;O=C(O)C12CCOC1CCOC2;R46,1,,,
N#Cc1ccsc1COC(=O)C12CCOC1CCOC2,FC(F)(F)c1sccc1-c1noc(C23CCOC2CCOC3)n1,0.299,N#Cc1ccsc1C(F)(F)F;O=C(O)C12CCOC1CCOC2;R46,1,,,
N#Cc1ccsc1COC(=O)C12CCOC1CCOC2,OCc1sccc1-c1noc(C2(C3CCCO3)CCOCC2)n1,0.299,N#Cc1ccsc1CO;O=C(O)C1(C2CCCO2)CCOCC1;R46,1,,,
N#Cc1ccsc1COC(=O)C12CCOC1CCOC2,OCc1sccc1-c1noc(C2(C3CCCCO3)CCOCC2)n1,0.295,N#Cc1ccsc1CO;O=C(O)C1(C2CCCCO2)CCOCC1;R46,1,,,
N#Cc1ccsc1COC(=O)C12CCOC1CCOC2,OCc1sccc1-c1noc(C2(C3CCCO3)CC2)n1,0.293,N#Cc1ccsc1CO;O=C(O)C1(C2CCCO2)CC1;R46,1,,,
N#Cc1ccsc1COC(=O)C12CCOC1CCOC2,c1ccn(-c2sccc2-c2noc(C34CCOC3CCOC4)n2)c1,0.291,N#Cc1ccsc1-n1cccc1;O=C(O)C12CCOC1CCOC2;R46,1,,,
N#Cc1ccsc1COC(=O)C12CCOC1CCOC2,OCc1sccc1-c1noc([C@]23CCC[C@H]2OCC3)n1,0.289,N#Cc1ccsc1CO;O=C(O)[C@]12CCC[C@H]1OCC2;R46,1,,,
N#Cc1ccsc1COC(=O)C12CCOC1CCOC2,OCc1sccc1-c1noc(C2(C3CCCO3)CCCC2)n1,0.289,N#Cc1ccsc1CO;O=C(O)C1(C2CCCO2)CCCC1;R46,1,,,
N#Cc1ccsc1COC(=O)C12CCOC1CCOC2,OCc1sccc1-c1noc(C2(C3CCCO3)CCC2)n1,0.289,N#Cc1ccsc1CO;O=C(O)C1(C2CCCO2)CCC1;R46,1,,,
N#Cc1ccsc1COC(=O)C12CCOC1CCOC2,OCc1sccc1-c1noc(C2(C3CCCCO3)CC2)n1,0.289,N#Cc1ccsc1CO;O=C(O)C1(C2CCCCO2)CC1;R46,1,,,
N#Cc1ccsc1COC(=O)C12CCOC1CCOC2,OCc1sccc1-c1noc(C23CCCCC2OCC3)n1,0.286,N#Cc1ccsc1CO;O=C(O)C12CCCCC1OCC2;R46,1,,,
N#Cc1ccsc1COC(=O)C12CCOC1CCOC2,OCc1sccc1-c1noc(C2(C3CCCCO3)CCC2)n1,0.286,N#Cc1ccsc1CO;O=C(O)C1(C2CCCCO2)CCC1;R46,1,,,
N#Cc1ccsc1COC(=O)C12CCOC1CCOC2,OCc1sccc1-c1noc([C@@]23CCCCC[C@H]2OCC3)n1,0.282,N#Cc1ccsc1CO;O=C(O)[C@@]12CCCCC[C@H]1OCC2;R46,1,,,
N#Cc1ccsc1COC(=O)C12CCOC1CCOC2,OCc1sccc1-c1noc(C2(C3CC3)CCOC2)n1,0.276,N#Cc1ccsc1CO;O=C(O)C1(C2CC2)CCOC1;R46,1,,,
N#Cc1ccsc1COC(=O)C12CCOC1CCOC2,O=S1(=O)CC2OCCC2(c2nc(-c3ccsc3CO)no2)C1,0.275,N#Cc1ccsc1CO;O=C(O)C12CCOC1CS(=O)(=O)C2;R46,1,,,
N#Cc1ccsc1COC(=O)C12CCOC1CCOC2,OCc1sccc1-c1noc(C2(C3CCOCC3)CC2)n1,0.267,N#Cc1ccsc1CO;O=C(O)C1(C2CCOCC2)CC1;R46,1,,,
N#Cc1ccsc1COC(=O)C12CCOC1CCOC2,OCc1sccc1-c1noc([C@]23CCO[C@H]2CNC3)n1,0.266,N#Cc1ccsc1CO;O=C(O)[C@]12CCO[C@H]1CNC2;R46,1,,,
N#Cc1ccsc1COC(=O)C12CCOC1CCOC2,OCc1sccc1-c1noc(C2(C3CCOCC3)CCOCC2)n1,0.263,N#Cc1ccsc1CO;O=C(O)C1(C2CCOCC2)CCOCC1;R46,1,,,
N#Cc1ccsc1COC(=O)C12CCOC1CCOC2,OCc1sccc1-c1noc([C@]23CNC[C@H]2CCOC3)n1,0.259,N#Cc1ccsc1CO;O=C(O)[C@]12CNC[C@H]1CCOC2;R46,1,,,
N#Cc1ccsc1COC(=O)C12CCOC1CCOC2,OCc1sccc1-c1noc(C2(C3CC3)CCOCC2)n1,0.250,N#Cc1ccsc1CO;O=C(O)C1(C2CC2)CCOCC1;R46,1,,,
N#Cc1ccsc1COC(=O)C12CCOC1CCOC2,OCc1sccc1-c1noc(C2(C3CCCCCC3)CCOCC2)n1,0.241,N#Cc1ccsc1CO;O=C(O)C1(C2CCCCCC2)CCOCC1;R46,1,,,
CNc1cc(Cl)ccc1C(=O)N1CC2CCC(NC(=O)C(C)C(F)F)(C2)C1,CNc1cc(Cl)ccc1C(=O)N1CC2CCC(NC(=O)C(C)Cl)(C2)C1,0.820,NC12CCC(CNC1)C2;CC(Cl)C(=O)O;R8;CNc1cc(Cl)ccc1C(=O)O;R8,2,1.000,0.918,0.913
CNc1cc(Cl)ccc1C(=O)N1CC2CCC(NC(=O)C(C)C(F)F)(C2)C1,CNc1cc(Cl)ccc1C(=O)N1CC2CCC(NC(=O)[C@H](C)[C@H](O)C(C)C)(C2)C1,0.812,NC12CCC(CNC1)C2;CC(C)[C@@H](O)[C@@H](C)C(=O)O;R8;CNc1cc(Cl)ccc1C(=O)O;R8,2,1.000,0.770,0.902
CNc1cc(Cl)ccc1C(=O)N1CC2CCC(NC(=O)C(C)C(F)F)(C2)C1,CNc1cc(Cl)ccc1C(=O)N1CC2CCC(NC(C)C(=O)O)(C2)C1,0.697,NC12CCC(CNC1)C2;CC(Cl)C(=O)O;R9;CNc1cc(Cl)ccc1C(=O)O;R8,2,1.000,0.596,0.872
CNc1cc(Cl)ccc1C(=O)N1CC2CCC(NC(=O)C(C)C(F)F)(C2)C1,CNc1cc(Cl)ccc1C(=O)NC12CCC(CN(C(=O)C(C)Cl)C1)C2,0.657,NC12CCC(CNC1)C2;CC(Cl)C(=O)O;R8;CNc1cc(Cl)ccc1C(=O)O;R8,2,0.306,0.627,0.783
CNc1cc(Cl)ccc1C(=O)N1CC2CCC(NC(=O)C(C)C(F)F)(C2)C1,CNc1cc(Cl)ccc1C(=O)NC12CCC(CN(C(=O)[C@H](C)[C@H](O)C(C)C)C1)C2,0.643,NC12CCC(CNC1)C2;CC(C)[C@@H](O)[C@@H](C)C(=O)O;R8;CNc1cc(Cl)ccc1C(=O)O;R8,2,0.306,0.590,0.779
CNc1cc(Cl)ccc1C(=O)N1CC2CCC(NC(=O)C(C)C(F)F)(C2)C1,CNc1cc(Cl)ccc1C(=O)N1CC2CCC(Nc3ncnc4c3ncn4C(C(=O)O)C(F)F)(C2)C1,0.578,NC12CCC(CNC1)C2;NC(C(=O)O)C(F)F;R66;CNc1cc(Cl)ccc1C(=O)O;R8,2,0.367,0.403,0.557
CNc1cc(Cl)ccc1C(=O)N1CC2CCC(NC(=O)C(C)C(F)F)(C2)C1,CNc1cc(Cl)ccc1C(=O)NC12CCC(CN(C(C)C(=O)O)C1)C2,0.577,NC12CCC(CNC1)C2;CC(Cl)C(=O)O;R9;CNc1cc(Cl)ccc1C(=O)O;R8,2,0.306,0.413,0.751
CNc1cc(Cl)ccc1C(=O)N1CC2CCC(NC(=O)C(C)C(F)F)(C2)C1,CNc1cc(Cl)ccc1C(=O)N1CC23CNCC2(C1)CN(C(=O)C(C)C(F)F)C3,0.551,C1NCC23CNCC12CNC3;CC(C(=O)O)C(F)F;R8;CNc1cc(Cl)ccc1C(=O)O;R8,2,0.486,0.264,0.685
CNc1cc(Cl)ccc1C(=O)N1CC2CCC(NC(=O)C(C)C(F)F)(C2)C1,CC(C(=O)NC12CCC(CN(C(=O)OC(C)(C)C)C1)C2)C(F)F,0.537,COC12CCC(CNC1)C2;CNc1cc(Cl)ccc1C(=O)O;R103;CC(C(=O)O)C(F)F;CC(C)(C)OC(=O)N1CC2CCC(N)(C2)C1;R8,2,0.212,0.409,0.508
CNc1cc(Cl)ccc1C(=O)N1CC2CCC(NC(=O)C(C)C(F)F)(C2)C1,CC(C)[C@@H](O)[C@@H](C)C(=O)NC12CCC(CN(C(=O)C(=O)N(C)c3cc(Cl)ccc3C(=O)O)C1)C2,0.525,NC12CCC(CNC1)C2;CC(C)[C@@H](O)[C@@H](C)C(=O)O;R8;CNc1cc(Cl)ccc1C(=O)O;R38,2,0.553,0.357,0.565
CNc1cc(Cl)ccc1C(=O)N1CC2CCC(NC(=O)C(C)C(F)F)(C2)C1,CNc1cc(Cl)ccc1C(=O)O[C@H](C(C)C)[C@@H](C)C(=O)NC12CCC(CNC1)C2,0.519,NC12CCC(CNC1)C2;CC(C)[C@@H](O)[C@@H](C)C(=O)O;R8;CNc1cc(Cl)ccc1C(=O)O;R72,2,,,
CNc1cc(Cl)ccc1C(=O)N1CC2CCC(NC(=O)C(C)C(F)F)(C2)C1,CNc1cc(N2CC3CCC(NC(=O)C(C)Cl)(C3)C2)ccc1C(=O)O,0.514,NC12CCC(CNC1)C2;CC(Cl)C(=O)O;R8;CNc1cc(Cl)ccc1C(=O)O;R9,2,,,
CNc1cc(Cl)ccc1C(=O)N1CC2CCC(NC(=O)C(C)C(F)F)(C2)C1,CNc1cc(N2CC3CCC(NC(=O)[C@H](C)[C@H](O)C(C)C)(C3)C2)ccc1C(=O)O,0.513,NC12CCC(CNC1)C2;CC(C)[C@@H](O)[C@@H](C)C(=O)O;R8;CNc1cc(Cl)ccc1C(=O)O;R9,2,,,
CNc1cc(Cl)ccc1C(=O)N1CC2CCC(NC(=O)C(C)C(F)F)(C2)C1,CC(Cl)C(=O)NC12CCC(CN(C(=O)C(=O)N(C)c3cc(Cl)ccc3C(=O)O)C1)C2,0.513,NC12CCC(CNC1)C2;CC(Cl)C(=O)O;R8;CNc1cc(Cl)ccc1C(=O)O;R38,2,,,
CNc1cc(Cl)ccc1C(=O)N1CC2CCC(NC(=O)C(C)C(F)F)(C2)C1,CNc1cc(Cl)ccc1C(=O)OC(C)C(=O)NC12CCC(CNC1)C2,0.507,NC12CCC(CNC1)C2;CC(Cl)C(=O)O;R8;CNc1cc(Cl)ccc1C(=O)O;R31,2,,,
CNc1cc(Cl)ccc1C(=O)N1CC2CCC(NC(=O)C(C)C(F)F)(C2)C1,CNc1cc(Cl)ccc1C(=O)OC(C)C(=O)N1CC2CCC(N)(C2)C1,0.507,NC12CCC(CNC1)C2;CC(Cl)C(=O)O;R8;CNc1cc(Cl)ccc1C(=O)O;R31,2,,,
CNc1cc(Cl)ccc1C(=O)N1CC2CCC(NC(=O)C(C)C(F)F)(C2)C1,COC12CCC(CN(C(=O)c3ccc(Cl)cc3N(C)C(=O)C(C)C(F)F)C1)C2,0.506,COC12CCC(CNC1)C2;CNc1cc(Cl)ccc1C(=O)O;R8;CC(C(=O)O)C(F)F;R8,2,,,
CNc1cc(Cl)ccc1C(=O)N1CC2CCC(NC(=O)C(C)C(F)F)(C2)C1,CNc1cc(Cl)ccc1C(=O)N1CC2CCC(n3cnc4c(NC(C(=O)O)C(F)F)ncnc43)(C2)C1,0.506,NC12CCC(CNC1)C2;NC(C(=O)O)C(F)F;R66;CNc1cc(Cl)ccc1C(=O)O;R8,2,,,
CNc1cc(Cl)ccc1C(=O)N1CC2CCC(NC(=O)C(C)C(F)F)(C2)C1,CNc1cc(Cl)ccc1C(=O)O[C@H](C(C)C)[C@@H](C)C(=O)N1CC2CCC(N)(C2)C1,0.500,NC12CCC(CNC1)C2;CC(C)[C@@H](O)[C@@H](C)C(=O)O;R8;CNc1cc(Cl)ccc1C(=O)O;R72,2,,,
CNc1cc(Cl)ccc1C(=O)N1CC2CCC(NC(=O)C(C)C(F)F)(C2)C1,CNc1cc(N2CC3CCC(OC)(C3)C2)ccc1C(=O)N1CC2CC(C1)CN(C(=O)C(C)C(F)F)C2,0.494,COC12CCC(CNC1)C2;CNc1cc(Cl)ccc1C(=O)O;R103;CC(C(=O)O)C(F)F;CC(C)(C)OC(=O)N1CC2CNCC(C2)C1;R69,2,,,
CNc1cc(Cl)ccc1C(=O)N1CC2CCC(NC(=O)C(C)C(F)F)(C2)C1,CNc1cc(NC23CCC(CN(C(=O)C(C)Cl)C2)C3)ccc1C(=O)O,0.493,NC12CCC(CNC1)C2;CC(Cl)C(=O)O;R8;CNc1cc(Cl)ccc1C(=O)O;R9,2,,,
CNc1cc(Cl)ccc1C(=O)N1CC2CCC(NC(=O)C(C)C(F)F)(C2)C1,CC(C)[C@@H](O)[C@@H](C)C(=O)N1CC2CCC(NC(=O)N(C)c3cc(Cl)ccc3C(=O)O)(C2)C1,0.481,NC12CCC(CNC1)C2;CC(C)[C@@H](O)[C@@H](C)C(=O)O;R8;CNc1cc(Cl)ccc1C(=O)O;R36,2,,,
CNc1cc(Cl)ccc1C(=O)N1CC2CCC(NC(=O)C(C)C(F)F)(C2)C1,CC(Cl)C(=O)N1CC2CCC(NC(=O)C(=O)N(C)c3cc(Cl)ccc3C(=O)O)(C2)C1,0.475,NC12CCC(CNC1)C2;CC(Cl)C(=O)O;R8;CNc1cc(Cl)ccc1C(=O)O;R38,2,,,
CNc1cc(Cl)ccc1C(=O)N1CC2CCC(NC(=O)C(C)C(F)F)(C2)C1,CC(C(=O)NC12CCC(CC1)C2)C(F)F,0.475,COC12CCC(CNC1)C2;CNc1cc(Cl)ccc1C(=O)O;R9;CC(C(=O)O)C(F)F;NC12CCC(CC1)C2;R8,2,,,
CNc1cc(Cl)ccc1C(=O)N1CC2CCC(NC(=O)C(C)C(F)F)(C2)C1,CC(C(=O)NC12CCC(C1)C2)C(F)F,0.475,COC12CCC(CNC1)C2;CNc1cc(Cl)ccc1C(=O)O;R9;CC(C(=O)O)C(F)F;NC12CCC(C1)C2;R8,2,,,
CNc1cc(Cl)ccc1C(=O)N1CC2CCC(NC(=O)C(C)C(F)F)(C2)C1,CNc1cc(NC23CCC(CN(C(=O)[C@H](C)[C@H](O)C(C)C)C2)C3)ccc1C(=O)O,0.474,NC12CCC(CNC1)C2;CC(C)[C@@H](O)[C@@H](C)C(=O)O;R8;CNc1cc(Cl)ccc1C(=O)O;R9,2,,,
CNc1cc(Cl)ccc1C(=O)N1CC2CCC(NC(=O)C(C)C(F)F)(C2)C1,CC(C)[C@@H](O)[C@@H](C)C(=O)N1CC2CCC(NC(=O)C(=O)N(C)c3cc(Cl)ccc3C(=O)O)(C2)C1,0.470,NC12CCC(CNC1)C2;CC(C)[C@@H](O)[C@@H](C)C(=O)O;R8;CNc1cc(Cl)ccc1C(=O)O;R38,2,,,
CNc1cc(Cl)ccc1C(=O)N1CC2CCC(NC(=O)C(C)C(F)F)(C2)C1,CC(NC12CCC(CN(C(=O)C(=O)N(C)c3cc(Cl)ccc3C(=O)O)C1)C2)C(=O)O,0.444,NC12CCC(CNC1)C2;CC(Cl)C(=O)O;R9;CNc1cc(Cl)ccc1C(=O)O;R38,2,,,
CNc1cc(Cl)ccc1C(=O)N1CC2CCC(NC(=O)C(C)C(F)F)(C2)C1,CC(C(=O)NC12CCC(CC1)CC2)C(F)F,0.441,COC12CCC(CNC1)C2;CNc1cc(Cl)ccc1C(=O)O;R9;CC(C(=O)O)C(F)F;NC12CCC(CC1)CC2;R8,2,,,
CNc1cc(Cl)ccc1C(=O)N1CC2CCC(NC(=O)C(C)C(F)F)(C2)C1,CC(C(=O)O)N1CC2CCC(NC(=O)N(C)c3cc(Cl)ccc3C(=O)O)(C2)C1,0.438,NC12CCC(CNC1)C2;CC(Cl)C(=O)O;R9;CNc1cc(Cl)ccc1C(=O)O;R36,2,,,
CNc1cc(Cl)ccc1C(=O)N1CC2CCC(NC(=O)C(C)C(F)F)(C2)C1,CNc1cc(N2CC3CCC(NC(C)C(=O)O)(C3)C2)ccc1C(=O)O,0.434,NC12CCC(CNC1)C2;CC(Cl)C(=O)O;R9;CNc1cc(Cl)ccc1C(=O)O;R9,2,,,
CNc1cc(Cl)ccc1C(=O)N1CC2CCC(NC(=O)C(C)C(F)F)(C2)C1,CNc1cc(NC23CCC(CN(C(C)C(=O)O)C2)C3)ccc1C(=O)O,0.429,NC12CCC(CNC1)C2;CC(Cl)C(=O)O;R9;CNc1cc(Cl)ccc1C(=O)O;R9,2,,,
CNc1cc(Cl)ccc1C(=O)N1CC2CCC(NC(=O)C(C)C(F)F)(C2)C1,CC(C(=O)O)N1CC2CCC(NC(=O)C(=O)N(C)c3cc(Cl)ccc3C(=O)O)(C2)C1,0.427,NC12CCC(CNC1)C2;CC(Cl)C(=O)O;R9;CNc1cc(Cl)ccc1C(=O)O;R38,2,,,
CNc1cc(Cl)ccc1C(=O)N1CC2CCC(NC(=O)C(C)C(F)F)(C2)C1,COC12CCC(CN(C(=O)c3ccc(Cl)cc3N(C)C(=O)C(C)C(C)C(=O)O)C1)C2,0.427,COC12CCC(CNC1)C2;CNc1cc(Cl)ccc1C(=O)O;R8;CC(C(=O)O)C(C)C(=O)O;R8,2,,,
CNc1cc(Cl)ccc1C(=O)N1CC2CCC(NC(=O)C(C)C(F)F)(C2)C1,CC(C(=O)NC12CCC(CNC1)C2)C(F)F,0.424,COC12CCC(CNC1)C2;CNc1cc(Cl)ccc1C(=O)O;R9;CC(C(=O)O)C(F)F;NC12CCC(CNC1)C2;R8,2,,,
CNc1cc(Cl)ccc1C(=O)N1CC2CCC(NC(=O)C(C)C(F)F)(C2)C1,CNc1cc(O[C@H](C(C)C)[C@@H](C)C(=O)NC23CCC(CNC2)C3)ccc1C(=O)O,0.415,NC12CCC(CNC1)C2;CC(C)[C@@H](O)[C@@H](C)C(=O)O;R8;CNc1cc(Cl)ccc1C(=O)O;R56,2,,,
CNc1cc(Cl)ccc1C(=O)N1CC2CCC(NC(=O)C(C)C(F)F)(C2)C1,CC(C)C(=O)NC12CCC(CN(C(=O)OC(C)(C)C)C1)C2,0.414,COC12CCC(CNC1)C2;CNc1cc(Cl)ccc1C(=O)O;R103;CC(C)C(=O)O;CC(C)(C)OC(=O)N1CC2CCC(N)(C2)C1;R8,2,,,
CNc1cc(Cl)ccc1C(=O)N1CC2CCC(NC(=O)C(C)C(F)F)(C2)C1,CC(C(=O)NC12CC(C1)C2)C(F)F,0.407,COC12CCC(CNC1)C2;CNc1cc(Cl)ccc1C(=O)O;R9;CC(C(=O)O)C(F)F;NC12CC(C1)C2;R8,2,,,
CNc1cc(Cl)ccc1C(=O)N1CC2CCC(NC(=O)C(C)C(F)F)(C2)C1,CC(C)(C)OC(=O)N1CC2CCC(NC(=O)C(F)C(=O)O)(C2)C1,0.405,COC12CCC(CNC1)C2;CNc1cc(Cl)ccc1C(=O)O;R38;O=C(O)C(O)O;CN1CC2(CNC2)OC1=O;R69;O=C(O)C(Br)C(Br)C(=O)O;R21;O=C(O)C(F)C(=O)O;CC(C)(C)OC(=O)N1CC2CCC(N)(C2)C1;R8,4,,,
CNc1cc(Cl)ccc1C(=O)N1CC2CCC(NC(=O)C(C)C(F)F)(C2)C1,CNc1cc(SC(C)C(=O)NC23CCC(CNC2)C3)ccc1C(=O)O,0.400,NC12CCC(CNC1)C2;CC(Cl)C(=O)O;R8;CNc1cc(Cl)ccc1C(=O)O;R21,2,,,
CNc1cc(Cl)ccc1C(=O)N1CC2CCC(NC(=O)C(C)C(F)F)(C2)C1,CNc1cc(SC(C)C(=O)N2CC3CCC(N)(C3)C2)ccc1C(=O)O,0.400,NC12CCC(CNC1)C2;CC(Cl)C(=O)O;R8;CNc1cc(Cl)ccc1C(=O)O;R21,2,,,
CNc1cc(Cl)ccc1C(=O)N1CC2CCC(NC(=O)C(C)C(F)F)(C2)C1,CNc1cc(O[C@H](C(C)C)[C@@H](C)C(=O)N2CC3CCC(N)(C3)C2)ccc1C(=O)O,0.398,NC12CCC(CNC1)C2;CC(C)[C@@H](O)[C@@H](C)C(=O)O;R8;CNc1cc(Cl)ccc1C(=O)O;R56,2,,,
CNc1cc(Cl)ccc1C(=O)N1CC2CCC(NC(=O)C(C)C(F)F)(C2)C1,CNc1cc(Cl)ccc1C(=O)N(C(C)C(=O)O)C12CCC(CNC1)C2,0.395,NC12CCC(CNC1)C2;CC(Cl)C(=O)O;R9;CNc1cc(Cl)ccc1C(=O)O;R8,2,,,
CNc1cc(Cl)ccc1C(=O)N1CC2CCC(NC(=O)C(C)C(F)F)(C2)C1,CC(C(=O)NC12CCC(CNC1)C2)N(C)c1cc(Cl)ccc1C(=O)O,0.395,NC12CCC(CNC1)C2;CC(Cl)C(=O)O;R8;CNc1cc(Cl)ccc1C(=O)O;R9,2,,,
CNc1cc(Cl)ccc1C(=O)N1CC2CCC(NC(=O)C(C)C(F)F)(C2)C1,CC(C(=O)NC12CC3CC(CC(C3)C1)C2)C(F)F,0.393,COC12CCC(CNC1)C2;CNc1cc(Cl)ccc1C(=O)O;R9;CC(C(=O)O)C(F)F;NC12CC3CC(CC(C3)C1)C2;R8,2,,,
CNc1cc(Cl)ccc1C(=O)N1CC2CCC(NC(=O)C(C)C(F)F)(C2)C1,CNc1cc(S(=O)(=O)C(C)C(=O)NC23CCC(CNC2)C3)ccc1C(=O)O,0.390,NC12CCC(CNC1)C2;CC(Cl)C(=O)O;R8;CNc1cc(Cl)ccc1C(=O)O;R33,2,,,
CNc1cc(Cl)ccc1C(=O)N1CC2CCC(NC(=O)C(C)C(F)F)(C2)C1,CNc1cc(S(=O)(=O)C(C)C(=O)N2CC3CCC(N)(C3)C2)ccc1C(=O)O,0.390,NC12CCC(CNC1)C2;CC(Cl)C(=O)O;R8;CNc1cc(Cl)ccc1C(=O)O;R33,2,,,
CNc1cc(Cl)ccc1C(=O)N1CC2CCC(NC(=O)C(C)C(F)F)(C2)C1,CN(C(=O)C(=O)N1CC2CCC(Nc3ncnc4c3ncn4C(C(=O)O)C(F)F)(C2)C1)c1cc(Cl)ccc1C(=O)O,0.388,NC12CCC(CNC1)C2;NC(C(=O)O)C(F)F;R66;CNc1cc(Cl)ccc1C(=O)O;R38,2,,,
CNc1cc(Cl)ccc1C(=O)N1CC2CCC(NC(=O)C(C)C(F)F)(C2)C1,CC(C(=O)N1CC2CCC(N)(C2)C1)N(C)c1cc(Cl)ccc1C(=O)O,0.383,NC12CCC(CNC1)C2;CC(Cl)C(=O)O;R8;CNc1cc(Cl)ccc1C(=O)O;R9,2,,,
CNc1cc(Cl)ccc1C(=O)N1CC2CCC(NC(=O)C(C)C(F)F)(C2)C1,CNC(=O)[C@H](C)[C@H](O)C(C)C.COC12CCC(CN(C(=O)C(=O)N(C)c3cc(Cl)ccc3C(N)=O)C1)C2,0.376,COC12CCC(CNC1)C2;CNc1cc(Cl)ccc1C(=O)O;R38;CC(C)[C@@H](O)[C@@H](C)C(=O)O;CN1CC2(CNC2)OC1=O;R69,2,,,
CNc1cc(Cl)ccc1C(=O)N1CC2CCC(NC(=O)C(C)C(F)F)(C2)C1,CC(C(=O)N1CC2CCC(F)(C2)C1)C(F)F,0.373,COC12CCC(CNC1)C2;CNc1cc(Cl)ccc1C(=O)O;R9;CC(C(=O)O)C(F)F;FC12CCC(CNC1)C2;R8,2,,,
CNc1cc(Cl)ccc1C(=O)N1CC2CCC(NC(=O)C(C)C(F)F)(C2)C1,CNc1cc(N2CC3CCC(Nc4ncnc5c4ncn5C(C(=O)O)C(F)F)(C3)C2)ccc1C(=O)O,0.372,NC12CCC(CNC1)C2;NC(C(=O)O)C(F)F;R66;CNc1cc(Cl)ccc1C(=O)O;R9,2,,,
CNc1cc(Cl)ccc1C(=O)N1CC2CCC(NC(=O)C(C)C(F)F)(C2)C1,CC(C(=O)N1CC2CCC(N)(C2)C1)C(F)F,0.368,COC12CCC(CNC1)C2;CNc1cc(Cl)ccc1C(=O)O;R9;CC(C(=O)O)C(F)F;NC12CCC(CNC1)C2;R8,2,,,
CNc1cc(Cl)ccc1C(=O)N1CC2CCC(NC(=O)C(C)C(F)F)(C2)C1,CC(C(=O)N1CC2CCC(C(F)F)(C2)C1)C(F)F,0.368,COC12CCC(CNC1)C2;CNc1cc(Cl)ccc1C(=O)O;R9;CC(C(=O)O)C(F)F;FC(F)C12CCC(CNC1)C2;R8,2,,,
CNc1cc(Cl)ccc1C(=O)N1CC2CCC(NC(=O)C(C)C(F)F)(C2)C1,CNc1cc(N2CC34CNCC3(CN(C(=O)C(C)C(F)F)C4)C2)ccc1C(=O)O,0.362,C1NCC23CNCC12CNC3;CC(C(=O)O)C(F)F;R8;CNc1cc(Cl)ccc1C(=O)O;R9,2,,,
CNc1cc(Cl)ccc1C(=O)N1CC2CCC(NC(=O)C(C)C(F)F)(C2)C1,CC(C(=O)N1CC2CCC(C(=O)O)(C2)C1)C(F)F,0.362,COC12CCC(CNC1)C2;CNc1cc(Cl)ccc1C(=O)O;R9;CC(C(=O)O)C(F)F;O=C(O)C12CCC(CNC1)C2;R8,2,,,
CNc1cc(Cl)ccc1C(=O)N1CC2CCC(NC(=O)C(C)C(F)F)(C2)C1,CC(C)[C@@H](O)[C@@H](C)C(N)=O.CNC(=O)c1ccc(Cl)cc1N(C)C(=O)C(=O)N1CC2CCC(OC)(C2)C1,0.362,COC12CCC(CNC1)C2;CNc1cc(Cl)ccc1C(=O)O;R38;CC(C)[C@@H](O)[C@@H](C)C(=O)O;CN1CC2(CNC2)OC1=O;R69,2,,,
CNc1cc(Cl)ccc1C(=O)N1CC2CCC(NC(=O)C(C)C(F)F)(C2)C1,CNc1cc(Cl)ccc1C(=O)N(c1ncnc2c1ncn2C(C(=O)O)C(F)F)C12CCC(CNC1)C2,0.357,NC12CCC(CNC1)C2;NC(C(=O)O)C(F)F;R66;CNc1cc(Cl)ccc1C(=O)O;R8,2,,,
CNc1cc(Cl)ccc1C(=O)N1CC2CCC(NC(=O)C(C)C(F)F)(C2)C1,COC12CCC(CN(C(=O)C(C)C(F)F)C1)C2,0.357,COC12CCC(CNC1)C2;CNc1cc(Cl)ccc1C(=O)O;R9;CC(C(=O)O)C(F)F;COC12CCC(CNC1)C2;R8,2,,,
CNc1cc(Cl)ccc1C(=O)N1CC2CCC(NC(=O)C(C)C(F)F)(C2)C1,CNc1cc(Cl)ccc1C(=O)N(c1ncnc2c1ncn2C12CCC(CNC1)C2)C(C(=O)O)C(F)F,0.354,NC12CCC(CNC1)C2;NC(C(=O)O)C(F)F;R66;CNc1cc(Cl)ccc1C(=O)O;R8,2,,,
CNc1cc(Cl)ccc1C(=O)N1CC2CCC(NC(=O)C(C)C(F)F)(C2)C1,CC(C(=O)NC12CC3CC(CC(N)(C3)C1)C2)C(F)F,0.353,COC12CCC(CNC1)C2;CNc1cc(Cl)ccc1C(=O)O;R9;CC(C(=O)O)C(F)F;NC12CC3CC(C1)CC(N)(C3)C2;R8,2,,,
CNc1cc(Cl)ccc1C(=O)N1CC2CCC(NC(=O)C(C)C(F)F)(C2)C1,CC(C(=O)N1CC2CCC(CO)(C2)C1)C(F)F,0.352,COC12CCC(CNC1)C2;CNc1cc(Cl)ccc1C(=O)O;R9;CC(C(=O)O)C(F)F;OCC12CCC(CNC1)C2;R8,2,,,
CNc1cc(Cl)ccc1C(=O)N1CC2CCC(NC(=O)C(C)C(F)F)(C2)C1,CC(=O)NC12CCC(CN(C(=O)OC(C)(C)C)C1)C2,0.352,COC12CCC(CNC1)C2;CNc1cc(Cl)ccc1C(=O)O;R38;O=C(O)C(O)O;CN1CC2(CNC2)OC1=O;R69;O=C(O)C(Br)C(Br)C(=O)O;R21;CC(=O)O;CC(C)(C)OC(=O)N1CC2CCC(N)(C2)C1;R8,4,,,
CNc1cc(Cl)ccc1C(=O)N1CC2CCC(NC(=O)C(C)C(F)F)(C2)C1,CNC(=O)c1ccc(OC(O)C(=O)NC23CCC(CC2)C3)cc1N(C)C(=O)C(=O)N1CC2CCC(OC)(C2)C1,0.351,COC12CCC(CNC1)C2;CNc1cc(Cl)ccc1C(=O)O;R38;O=C(O)C(O)O;CN1CC2(CNC2)OC1=O;R69;O=C(O)C(O)O;R56;NC12CCC(CC1)C2;R8,4,,,
CNc1cc(Cl)ccc1C(=O)N1CC2CCC(NC(=O)C(C)C(F)F)(C2)C1,CNC(=O)c1ccc(OC(O)C(=O)NC23CCC(C2)C3)cc1N(C)C(=O)C(=O)N1CC2CCC(OC)(C2)C1,0.351,COC12CCC(CNC1)C2;CNc1cc(Cl)ccc1C(=O)O;R38;O=C(O)C(O)O;CN1CC2(CNC2)OC1=O;R69;O=C(O)C(O)O;R56;NC12CCC(C1)C2;R8,4,,,
CNc1cc(Cl)ccc1C(=O)N1CC2CCC(NC(=O)C(C)C(F)F)(C2)C1,CC(C(=O)N(C)c1cc(Cl)ccc1C(=O)O)N1CC2CCC(N)(C2)C1,0.349,NC12CCC(CNC1)C2;CC(Cl)C(=O)O;R9;CNc1cc(Cl)ccc1C(=O)O;R8,2,,,
CNc1cc(Cl)ccc1C(=O)N1CC2CCC(NC(=O)C(C)C(F)F)(C2)C1,CC(NC12CCC(CNC1)C2)C(=O)N(C)c1cc(Cl)ccc1C(=O)O,0.345,NC12CCC(CNC1)C2;CC(Cl)C(=O)O;R9;CNc1cc(Cl)ccc1C(=O)O;R8,2,,,
CNc1cc(Cl)ccc1C(=O)N1CC2CCC(NC(=O)C(C)C(F)F)(C2)C1,CC(C(=O)N1CC23CNCC2(CN(C(=O)C(=O)N(C)c2cc(Cl)ccc2C(=O)O)C3)C1)C(F)F,0.345,C1NCC23CNCC12CNC3;CC(C(=O)O)C(F)F;R8;CNc1cc(Cl)ccc1C(=O)O;R38,2,,,
CNc1cc(Cl)ccc1C(=O)N1CC2CCC(NC(=O)C(C)C(F)F)(C2)C1,COC12CCC(CN(C(=O)C(=O)N(C)c3cc(Cl)ccc3C(=O)N(C)C(C)(C(=O)O)C(F)F)C1)C2,0.344,COC12CCC(CNC1)C2;CNc1cc(Cl)ccc1C(=O)O;R38;O=C(O)C(O)O;CN1CC2(CNC2)OC1=O;R69;CC(=O)C(F)F;R71,3,,,
CNc1cc(Cl)ccc1C(=O)N1CC2CCC(NC(=O)C(C)C(F)F)(C2)C1,CNC(=O)c1ccc(OC(C(=O)O)C(=O)NC23CCC(C2)C3)cc1N(C)C(=O)C(=O)N1CC2CCC(OC)(C2)C1,0.344,COC12CCC(CNC1)C2;CNc1cc(Cl)ccc1C(=O)O;R38;O=C(O)C(O)O;CN1CC2(CNC2)OC1=O;R69;O=C(O)C(O)C(=O)O;R56;NC12CCC(C1)C2;R8,4,,,
CNc1cc(Cl)ccc1C(=O)N1CC2CCC(NC(=O)C(C)C(F)F)(C2)C1,COC12CCC(CN(C(=O)C(=O)N(C)c3cc(OC(O)C(=O)NC45CCC(CC4)C5)ccc3C(N)=O)C1)C2,0.340,COC12CCC(CNC1)C2;CNc1cc(Cl)ccc1C(=O)O;R38;O=C(O)C(O)O;CN1CC2(CNC2)OC1=O;R69;O=C(O)C(O)O;R56;NC12CCC(CC1)C2;R8,4,,,
CNc1cc(Cl)ccc1C(=O)N1CC2CCC(NC(=O)C(C)C(F)F)(C2)C1,COC12CCC(CN(C(=O)C(=O)N(C)c3cc(OC(O)C(=O)NC45CCC(C4)C5)ccc3C(N)=O)C1)C2,0.340,COC12CCC(CNC1)C2;CNc1cc(Cl)ccc1C(=O)O;R38;O=C(O)C(O)O;CN1CC2(CNC2)OC1=O;R69;O=C(O)C(O)O;R56;NC12CCC(C1)C2;R8,4,,,
CNc1cc(Cl)ccc1C(=O)N1CC2CCC(NC(=O)C(C)C(F)F)(C2)C1,CNC(=O)c1ccc(OC(O)C(=O)NC23CCC(CC2)CC3)cc1N(C)C(=O)C(=O)N1CC2CCC(OC)(C2)C1,0.340,COC12CCC(CNC1)C2;CNc1cc(Cl)ccc1C(=O)O;R38;O=C(O)C(O)O;CN1CC2(CNC2)OC1=O;R69;O=C(O)C(O)O;R56;NC12CCC(CC1)CC2;R8,4,,,
CNc1cc(Cl)ccc1C(=O)N1CC2CCC(NC(=O)C(C)C(F)F)(C2)C1,CN(C(=O)C(=O)N1CC2CCC(n3cnc4c(NC(C(=O)O)C(F)F)ncnc43)(C2)C1)c1cc(Cl)ccc1C(=O)O,0.333,NC12CCC(CNC1)C2;NC(C(=O)O)C(F)F;R66;CNc1cc(Cl)ccc1C(=O)O;R38,2,,,
CNc1cc(Cl)ccc1C(=O)N1CC2CCC(NC(=O)C(C)C(F)F)(C2)C1,CC(C(=O)NC12CCC(N)(CC1)CC2)C(F)F,0.333,COC12CCC(CNC1)C2;CNc1cc(Cl)ccc1C(=O)O;R9;CC(C(=O)O)C(F)F;NC12CCC(N)(CC1)CC2;R8,2,,,
CNc1cc(Cl)ccc1C(=O)N1CC2CCC(NC(=O)C(C)C(F)F)(C2)C1,CNC(=O)c1ccc(OC(C(F)F)C(F)F)cc1N(C)C(=O)C(=O)N1CC2CCC(OC)(C2)C1,0.333,COC12CCC(CNC1)C2;CNc1cc(Cl)ccc1C(=O)O;R38;O=C(O)C(O)O;CN1CC2(CNC2)OC1=O;R69;OC(C(F)F)C(F)F;R56,3,,,
CNc1cc(Cl)ccc1C(=O)N1CC2CCC(NC(=O)C(C)C(F)F)(C2)C1,COC12CCC(CN(C(=O)C(=O)N(C)c3cc(OC(C(=O)O)C(=O)NC45CCC(C4)C5)ccc3C(N)=O)C1)C2,0.333,COC12CCC(CNC1)C2;CNc1cc(Cl)ccc1C(=O)O;R38;O=C(O)C(O)O;CN1CC2(CNC2)OC1=O;R69;O=C(O)C(O)C(=O)O;R56;NC12CCC(C1)C2;R8,4,,,
CNc1cc(Cl)ccc1C(=O)N1CC2CCC(NC(=O)C(C)C(F)F)(C2)C1,CNc1cc(N2CC3CCC(n4cnc5c(NC(C(=O)O)C(F)F)ncnc54)(C3)C2)ccc1C(=O)O,0.330,NC12CCC(CNC1)C2;NC(C(=O)O)C(F)F;R66;CNc1cc(Cl)ccc1C(=O)O;R9,2,,,
CNc1cc(Cl)ccc1C(=O)N1CC2CCC(NC(=O)C(C)C(F)F)(C2)C1,COC12CCC(CN(C(=O)C(=O)N(C)c3cc(OC(O)C(=O)NC45CCC(CC4)CC5)ccc3C(N)=O)C1)C2,0.330,COC12CCC(CNC1)C2;CNc1cc(Cl)ccc1C(=O)O;R38;O=C(O)C(O)O;CN1CC2(CNC2)OC1=O;R69;O=C(O)C(O)O;R56;NC12CCC(CC1)CC2;R8,4,,,
CNc1cc(Cl)ccc1C(=O)N1CC2CCC(NC(=O)C(C)C(F)F)(C2)C1,CNC(=O)c1ccc(OC(C(=O)O)C(F)F)cc1N(C)C(=O)C(=O)N1CC2CCC(OC)(C2)C1,0.323,COC12CCC(CNC1)C2;CNc1cc(Cl)ccc1C(=O)O;R38;O=C(O)C(O)O;CN1CC2(CNC2)OC1=O;R69;O=C(O)C(O)C(F)F;R56,3,,,
CNc1cc(Cl)ccc1C(=O)N1CC2CCC(NC(=O)C(C)C(F)F)(C2)C1,CNC(=O)c1ccc(C(C)(O)C(F)F)cc1N(C)C(=O)C(=O)N1CC2CCC(OC)(C2)C1,0.323,COC12CCC(CNC1)C2;CNc1cc(Cl)ccc1C(=O)O;R38;O=C(O)C(O)O;CN1CC2(CNC2)OC1=O;R69;CC(=O)C(F)F;R98,3,,,
CNc1cc(Cl)ccc1C(=O)N1CC2CCC(NC(=O)C(C)C(F)F)(C2)C1,CC(C(=O)O)C(C)C(=O)NC12CCC(CNC1)C2,0.319,COC12CCC(CNC1)C2;CNc1cc(Cl)ccc1C(=O)O;R103;CC(C(=O)O)C(C)C(=O)O;NC12CCC(CNC1)C2;R8,2,,,
CNc1cc(Cl)ccc1C(=O)N1CC2CCC(NC(=O)C(C)C(F)F)(C2)C1,CNC(=O)c1ccc(NC(C(=O)O)C(F)F)cc1N(C)C(=O)C(=O)N1CC2CCC(OC)(C2)C1,0.316,COC12CCC(CNC1)C2;CNc1cc(Cl)ccc1C(=O)O;R38;O=C(O)C(O)O;CN1CC2(CNC2)OC1=O;R69;NC(C(=O)O)C(F)F;R9,3,,,
CNc1cc(Cl)ccc1C(=O)N1CC2CCC(NC(=O)C(C)C(F)F)(C2)C1,CN(C(=O)C(C(F)F)n1cnc2c(NC34CCC(CNC3)C4)ncnc21)c1cc(Cl)ccc1C(=O)O,0.314,NC12CCC(CNC1)C2;NC(C(=O)O)C(F)F;R66;CNc1cc(Cl)ccc1C(=O)O;R8,2,,,
CNc1cc(Cl)ccc1C(=O)N1CC2CCC(NC(=O)C(C)C(F)F)(C2)C1,CC(C(=O)N1CC2CC(F)(C2)C1)C(F)F,0.313,COC12CCC(CNC1)C2;CNc1cc(Cl)ccc1C(=O)O;R9;CC(C(=O)O)C(F)F;FC12CNCC(C1)C2;R8,2,,,
CNc1cc(Cl)ccc1C(=O)N1CC2CCC(NC(=O)C(C)C(F)F)(C2)C1,COC12CCC(CN(C(=O)C(=O)N(C)c3cc(OC(C(F)F)C(F)F)ccc3C(N)=O)C1)C2,0.311,COC12CCC(CNC1)C2;CNc1cc(Cl)ccc1C(=O)O;R38;O=C(O)C(O)O;CN1CC2(CNC2)OC1=O;R69;OC(C(F)F)C(F)F;R56,3,,,
CNc1cc(Cl)ccc1C(=O)N1CC2CCC(NC(=O)C(C)C(F)F)(C2)C1,CC(C(=O)N1CC2CC(O)(C2)C1)C(F)F,0.309,COC12CCC(CNC1)C2;CNc1cc(Cl)ccc1C(=O)O;R9;CC(C(=O)O)C(F)F;OC12CNCC(C1)C2;R8,2,,,
CNc1cc(Cl)ccc1C(=O)N1CC2CCC(NC(=O)C(C)C(F)F)(C2)C1,CNc1cc(N(C(C)C(=O)O)C23CCC(CNC2)C3)ccc1C(=O)O,0.306,NC12CCC(CNC1)C2;CC(Cl)C(=O)O;R9;CNc1cc(Cl)ccc1C(=O)O;R9,2,,,
CNc1cc(Cl)ccc1C(=O)N1CC2CCC(NC(=O)C(C)C(F)F)(C2)C1,CC(C(=O)N(C)c1cc(Cl)ccc1C(=O)O)C(F)F,0.306,NC12CCC(CNC1)C2;CC(C(=O)O)C(F)F;R107;CNc1cc(Cl)ccc1C(=O)O;R9,2,,,
CNc1cc(Cl)ccc1C(=O)N1CC2CCC(NC(=O)C(C)C(F)F)(C2)C1,COC12CCC(CN(C(=O)C(=O)N(C)c3cc(NC(C(=O)O)C(F)F)ccc3C(N)=O)C1)C2,0.305,COC12CCC(CNC1)C2;CNc1cc(Cl)ccc1C(=O)O;R38;O=C(O)C(O)O;CN1CC2(CNC2)OC1=O;R69;NC(C(=O)O)C(F)F;R9,3,,,
CNc1cc(Cl)ccc1C(=O)N1CC2CCC(NC(=O)C(C)C(F)F)(C2)C1,CNC(=O)c1ccc(OC(C(=O)O)C(F)C(=O)O)cc1N(C)C(=O)C(=O)N1CC2CCC(OC)(C2)C1,0.305,COC12CCC(CNC1)C2;CNc1cc(Cl)ccc1C(=O)O;R38;O=C(O)C(O)O;CN1CC2(CNC2)OC1=O;R69;O=C(O)C(O)C(F)C(=O)O;R56,3,,,
CNc1cc(Cl)ccc1C(=O)N1CC2CCC(NC(=O)C(C)C(F)F)(C2)C1,CC(C(=O)OC(C)(C(=O)O)C12CCC(CN(C(=O)OC(C)(C)C)C1)C2)C(F)F,0.305,COC12CCC(CNC1)C2;CNc1cc(Cl)ccc1C(=O)O;R103;CC(C(=O)O)C(F)F;CC(=O)C12CCC(CN(C(=O)OC(C)(C)C)C1)C2;R71,2,,,
CNc1cc(Cl)ccc1C(=O)N1CC2CCC(NC(=O)C(C)C(F)F)(C2)C1,CNC(=O)c1ccc(OC(C(=O)N[C@H](C(=O)OC)[C@@H](C)F)C(O)C(=O)O)cc1N(C)C(=O)C(=O)N1CC2CCC(OC)(C2)C1,0.305,COC12CCC(CNC1)C2;CNc1cc(Cl)ccc1C(=O)O;R38;O=C(O)C(O)O;CN1CC2(CNC2)OC1=O;R69;O=C(O)C(O)C(O)C(=O)O;R56;COC(=O)[C@@H](N)[C@@H](C)F;R8,4,,,
CNc1cc(Cl)ccc1C(=O)N1CC2CCC(NC(=O)C(C)C(F)F)(C2)C1,CNC(=O)c1ccc(SC(C(=O)O)C(OC(C)C(F)F)C(=O)O)cc1N(C)C(=O)C(=O)N1CC2CCC(OC)(C2)C1,0.304,COC12CCC(CNC1)C2;CNc1cc(Cl)ccc1C(=O)O;R38;O=C(O)C(O)O;CN1CC2(CNC2)OC1=O;R69;O=C(O)C(Br)C(Br)C(=O)O;R21;CC(O)C(F)F;R56,4,,,
CNc1cc(Cl)ccc1C(=O)N1CC2CCC(NC(=O)C(C)C(F)F)(C2)C1,CC(C(=O)N1CC2CCC(CC2)C1)C(F)F,0.302,COC12CCC(CNC1)C2;CNc1cc(Cl)ccc1C(=O)O;R9;CC(C(=O)O)C(F)F;C1CC2CCC1CNC2;R8,2,,,
CNc1cc(Cl)ccc1C(=O)N1CC2CCC(NC(=O)C(C)C(F)F)(C2)C1,COC12CCC(CN(C(=O)C(=O)N(C)c3cc(OC(C(=O)O)C(F)F)ccc3C(N)=O)C1)C2,0.301,COC12CCC(CNC1)C2;CNc1cc(Cl)ccc1C(=O)O;R38;O=C(O)C(O)O;CN1CC2(CNC2)OC1=O;R69;O=C(O)C(O)C(F)F;R56,3,,,
CNc1cc(Cl)ccc1C(=O)N1CC2CCC(NC(=O)C(C)C(F)F)(C2)C1,COC12CCC(CN(C(=O)C(=O)N(C)c3cc(C(C)(O)C(F)F)ccc3C(N)=O)C1)C2,0.301,COC12CCC(CNC1)C2;CNc1cc(Cl)ccc1C(=O)O;R38;O=C(O)C(O)O;CN1CC2(CNC2)OC1=O;R69;CC(=O)C(F)F;R98,3,,,
CNc1cc(Cl)ccc1C(=O)N1CC2CCC(NC(=O)C(C)C(F)F)(C2)C1,CC(C(=O)N[C@]12CC[C@H]1CNC2)C(F)F,0.300,COC12CCC(CNC1)C2;CNc1cc(Cl)ccc1C(=O)O;R9;CC(C(=O)O)C(F)F;N[C@]12CC[C@H]1CNC2;R8,2,,,
CNc1cc(Cl)ccc1C(=O)N1CC2CCC(NC(=O)C(C)C(F)F)(C2)C1,CNC(=O)c1ccc(NC(C)C(=O)O)cc1N(C)C(=O)C(=O)N1CC2CCC(OC)(C2)C1,0.298,COC12CCC(CNC1)C2;CNc1cc(Cl)ccc1C(=O)O;R38;O=C(O)C(O)O;CN1CC2(CNC2)OC1=O;R69;CC(N)C(=O)O;R9,3,,,
CNc1cc(Cl)ccc1C(=O)N1CC2CCC(NC(=O)C(C)C(F)F)(C2)C1,COC(=O)[C@@H](NC(=O)C(Oc1ccc(C(N)=O)c(N(C)C(=O)C(=O)N2CC3CCC(OC)(C3)C2)c1)C(O)C(=O)O)[C@@H](C)F,0.295,COC12CCC(CNC1)C2;CNc1cc(Cl)ccc1C(=O)O;R38;O=C(O)C(O)O;CN1CC2(CNC2)OC1=O;R69;O=C(O)C(O)C(O)C(=O)O;R56;COC(=O)[C@@H](N)[C@@H](C)F;R8,4,,,
Cc1ccc(C(C)C(=O)N2CCN(CC3CN(C(=O)C(F)(F)CO)C3)CC2)o1,Cc1ccc(C(C)C(=O)N2CCN(CC3CN(C(=O)C(F)(F)CBr)C3)CC2)o1,0.825,CN(CCO)C(=O)OC(C)(C)C;O=C(O)C(F)(F)CBr;CC(C)(C)OC(=O)N1CCN(CC2CNC2)CC1;Cc1ccc(C(C)C(=O)O)o1;R69,1,1.000,0.822,0.893
Cc1ccc(C(C)C(=O)N2CCN(CC3CN(C(=O)C(F)(F)CO)C3)CC2)o1,Cc1ccc(C(C)C(=O)N2CCN(CC3CN(C(=O)C(F)(F)F)C3)CC2)o1,0.818,CN(C(=O)OC(C)(C)C)C1(CO)CNC1;O=C(O)C(F)(F)F;CC(C)(C)OC(=O)N1CCN(CC2CNC2)CC1;Cc1ccc(C(C)C(=O)O)o1;R69,1,1.000,0.821,0.874
Cc1ccc(C(C)C(=O)N2CCN(CC3CN(C(=O)C(F)(F)CO)C3)CC2)o1,Cc1ccc(C(C)C(=O)N2CCN(CC3CN(C(=O)C(F)(F)CN4CC(CN5CCN(C)CC5)C4)C3)CC2)o1,0.770,CN(CCO)C(=O)OC(C)(C)C;O=C(O)C(F)(F)CBr;CN1CCN(CC2CNC2)CC1;R9;Cc1ccc(C(C)C(=O)O)o1;CC(C)(C)OC(=O)N1CCN(CC2CNC2)CC1;R69,2,0.655,0.606,0.901
Cc1ccc(C(C)C(=O)N2CCN(CC3CN(C(=O)C(F)(F)CO)C3)CC2)o1,Cc1ccc(C(C)C(=O)N2CC(CN3CCN(C(=O)C(F)(F)CBr)CC3)C2)o1,0.763,CN(CCO)C(=O)OC(C)(C)C;O=C(O)C(F)(F)CBr;CC(C)(C)OC(=O)N1CCN(CC2CNC2)CC1;Cc1ccc(C(C)C(=O)O)o1;R69,1,0.688,0.582,0.846
Cc1ccc(C(C)C(=O)N2CCN(CC3CN(C(=O)C(F)(F)CO)C3)CC2)o1,Cc1ccc(C(C)C(=O)N2CC(CN3CCN(C(=O)C(F)(F)F)CC3)C2)o1,0.754,CN(C(=O)OC(C)(C)C)C1(CO)CNC1;O=C(O)C(F)(F)F;CC(C)(C)OC(=O)N1CCN(CC2CNC2)CC1;Cc1ccc(C(C)C(=O)O)o1;R69,1,0.688,0.581,0.839
Cc1ccc(C(C)C(=O)N2CCN(CC3CN(C(=O)C(F)(F)CO)C3)CC2)o1,Cc1ccc(C(C)C(=O)N2CCN(C(=O)C(F)(F)CN3CC(CN4CCN(C)CC4)C3)CC2)o1,0.726,CN(CCO)C(=O)OC(C)(C)C;O=C(O)C(F)(F)CBr;CN1CCN(CC2CNC2)CC1;R9;Cc1ccc(C(C)C(=O)O)o1;CC(C)(C)OC(=O)N1CCNCC1;R69,2,0.660,0.529,0.858
Cc1ccc(C(C)C(=O)N2CCN(CC3CN(C(=O)C(F)(F)CO)C3)CC2)o1,Cc1ccc(C(C)C(=O)N2CC(CN3CCN(C(=O)C(F)(F)CN4CC(CN5CCN(C)CC5)C4)CC3)C2)o1,0.714,CN(CCO)C(=O)OC(C)(C)C;O=C(O)C(F)(F)CBr;CN1CCN(CC2CNC2)CC1;R9;Cc1ccc(C(C)C(=O)O)o1;CC(C)(C)OC(=O)N1CCN(CC2CNC2)CC1;R69,2,0.655,0.481,0.861
Cc1ccc(C(C)C(=O)N2CCN(CC3CN(C(=O)C(F)(F)CO)C3)CC2)o1,Cc1ccc(C(C)C(=O)N2CCN(CCN3CCN(C(=O)C(F)(F)CN4CC(CN5CCN(C)CC5)C4)CC3)CC2)o1,0.703,CN(CCO)C(=O)OC(C)(C)C;O=C(O)C(F)(F)CBr;CN1CCN(CC2CNC2)CC1;R9;Cc1ccc(C(C)C(=O)O)o1;CC(C)(C)OC(=O)N1CCN(CCN2CCNCC2)CC1;R69,2,0.655,0.462,0.855
Cc1ccc(C(C)C(=O)N2CCN(CC3CN(C(=O)C(F)(F)CO)C3)CC2)o1,Cc1ccc(C(C)C(=O)N2CC(CC3CN(C(=O)C(F)(F)CN4CC(CN5CCN(C)CC5)C4)C3)C2)o1,0.692,CN(CCO)C(=O)OC(C)(C)C;O=C(O)C(F)(F)CBr;CN1CCN(CC2CNC2)CC1;R9;Cc1ccc(C(C)C(=O)O)o1;CC(C)(C)OC(=O)N1CC(CC2CNC2)C1;R69,2,0.569,0.370,0.807
Cc1ccc(C(C)C(=O)N2CCN(CC3CN(C(=O)C(F)(F)CO)C3)CC2)o1,Cc1ccc(C(C)C(=O)N2CCN(C3CN(C(=O)C(F)(F)CN4CC(CN5CCN(C)CC5)C4)C3)CC2)o1,0.687,CN(CCO)C(=O)OC(C)(C)C;O=C(O)C(F)(F)CBr;CN1CCN(CC2CNC2)CC1;R9;Cc1ccc(C(C)C(=O)O)o1;CC(C)(C)OC(=O)N1CCN(C2CNC2)CC1;R69,2,0.583,0.483,0.820
Cc1ccc(C(C)C(=O)N2CCN(CC3CN(C(=O)C(F)(F)CO)C3)CC2)o1,Cc1ccc(C(C)C(=O)N2CCC(CN3CCN(C(=O)C(F)(F)CN4CC(CN5CCN(C)CC5)C4)CC3)CC2)o1,0.682,CN(CCO)C(=O)OC(C)(C)C;O=C(O)C(F)(F)CBr;CN1CCN(CC2CNC2)CC1;R9;Cc1ccc(C(C)C(=O)O)o1;CC(C)(C)OC(=O)N1CCN(CC2CCNCC2)CC1;R69,2,,,
Cc1ccc(C(C)C(=O)N2CCN(CC3CN(C(=O)C(F)(F)CO)C3)CC2)o1,Cc1ccc(C(C)C(=O)N2CCN(CC3CCN(C(=O)C(F)(F)CN4CC(CN5CCN(C)CC5)C4)CC3)CC2)o1,0.682,CN(CCO)C(=O)OC(C)(C)C;O=C(O)C(F)(F)CBr;CN1CCN(CC2CNC2)CC1;R9;Cc1ccc(C(C)C(=O)O)o1;CC(C)(C)OC(=O)N1CCN(CC2CCNCC2)CC1;R69,2,,,
Cc1ccc(C(C)C(=O)N2CCN(CC3CN(C(=O)C(F)(F)CO)C3)CC2)o1,Cc1ccc(C(C)C(=O)N2CCN(CC3CN(C(=O)OC(C)(C)C)C3)CC2)o1,0.672,CN(C(=O)OC(C)(C)C)C1(CO)CNC1;O=C(O)C(F)(F)CBr;CC(C)(C)OC(=O)N1CC(CN2CCNCC2)C1;Cc1ccc(C(C)C(=O)O)o1;R8,1,,,
Cc1ccc(C(C)C(=O)N2CCN(CC3CN(C(=O)C(F)(F)CO)C3)CC2)o1,Cc1ccc(C(C)C(=O)N2CCNCCN(C(=O)C(F)(F)CN3CC(CN4CCN(C)CC4)C3)CC2)o1,0.662,CN(CCO)C(=O)OC(C)(C)C;O=C(O)C(F)(F)CBr;CN1CCN(CC2CNC2)CC1;R9;Cc1ccc(C(C)C(=O)O)o1;CC(C)(C)OC(=O)N1CCNCCNCC1;R69,2,,,
Cc1ccc(C(C)C(=O)N2CCN(CC3CN(C(=O)C(F)(F)CO)C3)CC2)o1,Cc1ccc(C(C)C(=O)N2CCC(C3CN(C(=O)C(F)(F)CN4CC(CN5CCN(C)CC5)C4)C3)CC2)o1,0.662,CN(CCO)C(=O)OC(C)(C)C;O=C(O)C(F)(F)CBr;CN1CCN(CC2CNC2)CC1;R9;Cc1ccc(C(C)C(=O)O)o1;CC(C)(C)OC(=O)N1CCC(C2CNC2)CC1;R69,2,,,
Cc1ccc(C(C)C(=O)N2CCN(CC3CN(C(=O)C(F)(F)CO)C3)CC2)o1,Cc1ccc(C(C)C(=O)N2CCN(C(=O)OC(C)(C)C)CCN(C(=O)C(F)(F)CO)CC2)o1,0.661,CN(C(=O)OC(C)(C)C)C1(CO)CNC1;CCC(F)(F)C(=O)O;R8;Cc1ccc(C(C)C(=O)O)o1;CC(C)(C)OC(=O)N1CCNCCNCC1;R8;CCOC(=O)C(F)(F)CO;R49,3,,,
Cc1ccc(C(C)C(=O)N2CCN(CC3CN(C(=O)C(F)(F)CO)C3)CC2)o1,Cc1ccc(C(C)C(=O)N2CCN(S(=O)(=O)C3CN(C(=O)C(F)(F)CN4CC(CN5CCN(C)CC5)C4)C3)CC2)o1,0.657,CN(CCO)C(=O)OC(C)(C)C;O=C(O)C(F)(F)CBr;CN1CCN(CC2CNC2)CC1;R9;Cc1ccc(C(C)C(=O)O)o1;CC(C)(C)OC(=O)N1CCN(S(=O)(=O)C2CNC2)CC1;R69,2,,,
Cc1ccc(C(C)C(=O)N2CCN(CC3CN(C(=O)C(F)(F)CO)C3)CC2)o1,Cc1ccc(C(C)C(=O)N2CC(CN3CCN(C(=O)OC(C)(C)C)CC3)C2)o1,0.645,CN(CCO)C(=O)OC(C)(C)C;O=C(O)C(F)(F)CBr;CC(C)(C)OC(=O)N1CCN(CC2CNC2)CC1;Cc1ccc(C(C)C(=O)O)o1;R8,1,,,
Cc1ccc(C(C)C(=O)N2CCN(CC3CN(C(=O)C(F)(F)CO)C3)CC2)o1,Cc1ccc(C(C)C(=O)N2CCC(CCN3CCN(C(=O)C(F)(F)CN4CC(CN5CCN(C)CC5)C4)CC3)CC2)o1,0.643,CN(CCO)C(=O)OC(C)(C)C;O=C(O)C(F)(F)CBr;CN1CCN(CC2CNC2)CC1;R9;Cc1ccc(C(C)C(=O)O)o1;CC(C)(C)OC(=O)N1CCN(CCC2CCNCC2)CC1;R69,2,,,
Cc1ccc(C(C)C(=O)N2CCN(CC3CN(C(=O)C(F)(F)CO)C3)CC2)o1,Cc1ccc(C(C)C(=O)N2CCN(CCC3CCN(C(=O)C(F)(F)CN4CC(CN5CCN(C)CC5)C4)CC3)CC2)o1,0.643,CN(CCO)C(=O)OC(C)(C)C;O=C(O)C(F)(F)CBr;CN1CCN(CC2CNC2)CC1;R9;Cc1ccc(C(C)C(=O)O)o1;CC(C)(C)OC(=O)N1CCN(CCC2CCNCC2)CC1;R69,2,,,
Cc1ccc(C(C)C(=O)N2CCN(CC3CN(C(=O)C(F)(F)CO)C3)CC2)o1,Cc1ccc(C(C)C(=O)N2CC(N3CCN(C(=O)C(F)(F)CN4CC(CN5CCN(C)CC5)C4)CC3)C2)o1,0.638,CN(CCO)C(=O)OC(C)(C)C;O=C(O)C(F)(F)CBr;CN1CCN(CC2CNC2)CC1;R9;Cc1ccc(C(C)C(=O)O)o1;CC(C)(C)OC(=O)N1CCN(C2CNC2)CC1;R69,2,,,
Cc1ccc(C(C)C(=O)N2CCN(CC3CN(C(=O)C(F)(F)CO)C3)CC2)o1,Cc1ccc(C(C)C(=O)N2CCN(CC3CN(C(=O)C(F)(F)C(=O)N4CC(CO)(N(C)C(=O)OC(C)(C)C)C4)C3)CC2)o1,0.635,CN(C(=O)OC(C)(C)C)C1(CO)CNC1;O=C(O)C(F)(F)C(=O)O;R8;Cc1ccc(C(C)C(=O)O)o1;CC(C)(C)OC(=O)N1CCN(CC2CNC2)CC1;R69,2,,,
Cc1ccc(C(C)C(=O)N2CCN(CC3CN(C(=O)C(F)(F)CO)C3)CC2)o1,Cc1ccc(C(C)C(=O)N2CCN(CC3CN(C(=O)C(F)(F)C(F)(F)C(=O)N4CC(CO)(N(C)C(=O)OC(C)(C)C)C4)C3)CC2)o1,0.635,CN(C(=O)OC(C)(C)C)C1(CO)CNC1;O=C(O)C(F)(F)C(F)(F)C(=O)O;R8;Cc1ccc(C(C)C(=O)O)o1;CC(C)(C)OC(=O)N1CC(CN2CCNCC2)C1;R69,2,,,
Cc1ccc(C(C)C(=O)N2CCN(CC3CN(C(=O)C(F)(F)CO)C3)CC2)o1,Cc1ccc(C(C)C(=O)N2CCN(C(=O)OC(C)(C)C)CCN(C(=O)C(F)(F)CN3CC(CN4CCN(C)CC4)C3)CC2)o1,0.634,CN(CCO)C(=O)OC(C)(C)C;O=C(O)C(F)(F)CBr;CN1CCN(CC2CNC2)CC1;R9;Cc1ccc(C(C)C(=O)O)o1;CC(C)(C)OC(=O)N1CCNCCN(C(=O)OC(C)(C)C)CC1;R69,2,,,
Cc1ccc(C(C)C(=O)N2CCN(CC3CN(C(=O)C(F)(F)CO)C3)CC2)o1,Cc1ccc(C(C)C(=O)N2CCN(CCCC3CCN(C(=O)C(F)(F)CN4CC(CN5CCN(C)CC5)C4)CC3)CC2)o1,0.625,CN(CCO)C(=O)OC(C)(C)C;O=C(O)C(F)(F)CBr;CN1CCN(CC2CNC2)CC1;R9;Cc1ccc(C(C)C(=O)O)o1;CC(C)(C)OC(=O)N1CCN(CCCC2CCNCC2)CC1;R69,2,,,
Cc1ccc(C(C)C(=O)N2CCN(CC3CN(C(=O)C(F)(F)CO)C3)CC2)o1,Cc1ccc(C(C)C(=O)N2CCC(CCCN3CCN(C(=O)C(F)(F)CN4CC(CN5CCN(C)CC5)C4)CC3)CC2)o1,0.625,CN(CCO)C(=O)OC(C)(C)C;O=C(O)C(F)(F)CBr;CN1CCN(CC2CNC2)CC1;R9;Cc1ccc(C(C)C(=O)O)o1;CC(C)(C)OC(=O)N1CCN(CCCC2CCNCC2)CC1;R69,2,,,
Cc1ccc(C(C)C(=O)N2CCN(CC3CN(C(=O)C(F)(F)CO)C3)CC2)o1,Cc1ccc(C(C)C(=O)N2CCN(CCN3CCN(C(=O)C(F)(F)CBr)CC3)CC2)o1,0.623,CN(CCO)C(=O)OC(C)(C)C;O=C(O)C(F)(F)CBr;CC(C)(C)OC(=O)N1CCN(CCN2CCNCC2)CC1;Cc1ccc(C(C)C(=O)O)o1;R69,1,,,
Cc1ccc(C(C)C(=O)N2CCN(CC3CN(C(=O)C(F)(F)CO)C3)CC2)o1,Cc1ccc(C(C)C(=O)N2CC(CC3CN(C(=O)C(F)(F)CBr)C3)C2)o1,0.623,CN(CCO)C(=O)OC(C)(C)C;O=C(O)C(F)(F)CBr;CC(C)(C)OC(=O)N1CC(CC2CNC2)C1;Cc1ccc(C(C)C(=O)O)o1;R69,1,,,
Cc1ccc(C(C)C(=O)N2CCN(CC3CN(C(=O)C(F)(F)CO)C3)CC2)o1,Cc1ccc(C(C)C(=O)N2CCN(C(=O)C(F)(F)CBr)CC2)o1,0.621,CN(CCO)C(=O)OC(C)(C)C;O=C(O)C(F)(F)CBr;CC(C)(C)OC(=O)N1CCNCC1;Cc1ccc(C(C)C(=O)O)o1;R69,1,,,
Cc1ccc(C(C)C(=O)N2CCN(CC3CN(C(=O)C(F)(F)CO)C3)CC2)o1,Cc1ccc(C(C)C(=O)N2CCN(CC3CCN(C(=O)OC(C)(C)C)C3)CC2)o1,0.615,CN(C(=O)OC(C)(C)C)C1(CO)CNC1;CCC(F)(F)C(=O)O;R8;Cc1ccc(C(C)C(=O)O)o1;CC(C)(C)OC(=O)N1CCC(CN2CCNCC2)C1;R8,2,,,
Cc1ccc(C(C)C(=O)N2CCN(CC3CN(C(=O)C(F)(F)CO)C3)CC2)o1,Cc1ccc(C(C)C(=O)N2CC(C3CCN(C(=O)C(F)(F)CN4CC(CN5CCN(C)CC5)C4)CC3)C2)o1,0.614,CN(CCO)C(=O)OC(C)(C)C;O=C(O)C(F)(F)CBr;CN1CCN(CC2CNC2)CC1;R9;Cc1ccc(C(C)C(=O)O)o1;CC(C)(C)OC(=O)N1CCC(C2CNC2)CC1;R69,2,,,
Cc1ccc(C(C)C(=O)N2CCN(CC3CN(C(=O)C(F)(F)CO)C3)CC2)o1,Cc1ccc(C(C)C(=O)N2CC(S(=O)(=O)N3CCN(C(=O)C(F)(F)CN4CC(CN5CCN(C)CC5)C4)CC3)C2)o1,0.611,CN(CCO)C(=O)OC(C)(C)C;O=C(O)C(F)(F)CBr;CN1CCN(CC2CNC2)CC1;R9;Cc1ccc(C(C)C(=O)O)o1;CC(C)(C)OC(=O)N1CCN(S(=O)(=O)C2CNC2)CC1;R69,2,,,
Cc1ccc(C(C)C(=O)N2CCN(CC3CN(C(=O)C(F)(F)CO)C3)CC2)o1,Cc1ccc(C(C)C(=O)N2CCN(CC3CCCN(C(=O)OC(C)(C)C)C3)CC2)o1,0.597,CN(C(=O)OC(C)(C)C)C1(CO)CNC1;CCC(F)(F)C(=O)O;R8;Cc1ccc(C(C)C(=O)O)o1;CC(C)(C)OC(=O)N1CCCC(CN2CCNCC2)C1;R8,2,,,
Cc1ccc(C(C)C(=O)N2CCN(CC3CN(C(=O)C(F)(F)CO)C3)CC2)o1,Cc1ccc(C(C)C(=O)N2CCC(C3CN(C(=O)C(F)(F)CBr)C3)CC2)o1,0.594,CN(CCO)C(=O)OC(C)(C)C;O=C(O)C(F)(F)CBr;CC(C)(C)OC(=O)N1CCC(C2CNC2)CC1;Cc1ccc(C(C)C(=O)O)o1;R69,1,,,
Cc1ccc(C(C)C(=O)N2CCN(CC3CN(C(=O)C(F)(F)CO)C3)CC2)o1,Cc1ccc(C(C)C(=O)N2CC(CN3CCN(C(=O)C(F)(F)C(=O)N4CC(CO)(N(C)C(=O)OC(C)(C)C)C4)CC3)C2)o1,0.592,CN(C(=O)OC(C)(C)C)C1(CO)CNC1;O=C(O)C(F)(F)C(=O)O;R8;Cc1ccc(C(C)C(=O)O)o1;CC(C)(C)OC(=O)N1CCN(CC2CNC2)CC1;R69,2,,,
Cc1ccc(C(C)C(=O)N2CCN(CC3CN(C(=O)C(F)(F)CO)C3)CC2)o1,Cc1ccc(C(C)C(=O)N2CC(CN3CCN(C(=O)C(F)(F)C(F)(F)C(=O)N4CC(CO)(N(C)C(=O)OC(C)(C)C)C4)CC3)C2)o1,0.592,CN(C(=O)OC(C)(C)C)C1(CO)CNC1;O=C(O)C(F)(F)C(F)(F)C(=O)O;R8;Cc1ccc(C(C)C(=O)O)o1;CC(C)(C)OC(=O)N1CC(CN2CCNCC2)C1;R69,2,,,
Cc1ccc(C(C)C(=O)N2CCN(CC3CN(C(=O)C(F)(F)CO)C3)CC2)o1,Cc1ccc(C(C)C(=O)N2CCN(CC3CCN(C(=O)OC(C)(C)C)CC3)CC2)o1,0.585,CN(C(=O)OC(C)(C)C)C1(CO)CNC1;CCC(F)(F)C(=O)O;R8;Cc1ccc(C(C)C(=O)O)o1;CC(C)(C)OC(=O)N1CCC(CN2CCNCC2)CC1;R8,2,,,
Cc1ccc(C(C)C(=O)N2CCN(CC3CN(C(=O)C(F)(F)CO)C3)CC2)o1,Cc1ccc(C(C)C(=O)N2CCC(CN3CCN(C(=O)OC(C)(C)C)CC3)CC2)o1,0.585,CN(C(=O)OC(C)(C)C)C1(CO)CNC1;O=C(O)C(F)(F)C(=O)O;R8;Cc1ccc(C(C)C(=O)O)o1;CC(C)(C)OC(=O)N1CCN(CC2CCNCC2)CC1;R8,2,,,
Cc1ccc(C(C)C(=O)N2CCN(CC3CN(C(=O)C(F)(F)CO)C3)CC2)o1,Cc1ccc(C(C)C(=O)OC(C)(CN2CCN(C(=O)OC(C)(C)C)CC2)C(=O)N2CCN(CC3CN(C(=O)C(F)(F)CF)C3)CC2)o1,0.566,CN(CCO)C(=O)OC(C)(C)C;O=C(O)C(F)(F)CBr;CN1CCN(CC2CNC2)CC1;R9;Cc1ccc(C(C)C(=O)O)o1;CC(=O)CN1CCN(C(=O)OC(C)(C)C)CC1;R71;O=C(O)C(F)(F)CF;CC(C)(C)OC(=O)N1CCN(CC2CNC2)CC1;R69,3,,,
Cc1ccc(C(C)C(=O)N2CCN(CC3CN(C(=O)C(F)(F)CO)C3)CC2)o1,Cc1ccc(C(C)C(=O)OC(C)(CN2CCN(C(=O)OC(C)(C)C)CC2)C(=O)N2CC(CN3CCN(C(=O)C(F)(F)CF)CC3)C2)o1,0.566,CN(CCO)C(=O)OC(C)(C)C;O=C(O)C(F)(F)CBr;CN1CCN(CC2CNC2)CC1;R9;Cc1ccc(C(C)C(=O)O)o1;CC(=O)CN1CCN(C(=O)OC(C)(C)C)CC1;R71;O=C(O)C(F)(F)CF;CC(C)(C)OC(=O)N1CCN(CC2CNC2)CC1;R69,3,,,
Cc1ccc(C(C)C(=O)N2CCN(CC3CN(C(=O)C(F)(F)CO)C3)CC2)o1,CCC(F)(F)C(=O)N1CCN(CC2CN(C(=O)C(C)(CN3CCN(C(=O)OC(C)(C)C)CC3)OC(=O)C(C)c3ccc(C)o3)C2)CC1,0.566,CN(CCO)C(=O)OC(C)(C)C;O=C(O)C(F)(F)CBr;CN1CCN(CC2CNC2)CC1;R9;Cc1ccc(C(C)C(=O)O)o1;CC(=O)CN1CCN(C(=O)OC(C)(C)C)CC1;R71;CCC(F)(F)C(=O)O;CC(C)(C)OC(=O)N1CCN(CC2CNC2)CC1;R69,3,,,
Cc1ccc(C(C)C(=O)N2CCN(CC3CN(C(=O)C(F)(F)CO)C3)CC2)o1,CCC(F)(F)C(=O)N1CC(CN2CCN(C(=O)C(C)(CN3CCN(C(=O)OC(C)(C)C)CC3)OC(=O)C(C)c3ccc(C)o3)CC2)C1,0.566,CN(CCO)C(=O)OC(C)(C)C;O=C(O)C(F)(F)CBr;CN1CCN(CC2CNC2)CC1;R9;Cc1ccc(C(C)C(=O)O)o1;CC(=O)CN1CCN(C(=O)OC(C)(C)C)CC1;R71;CCC(F)(F)C(=O)O;CC(C)(C)OC(=O)N1CCN(CC2CNC2)CC1;R69,3,,,
Cc1ccc(C(C)C(=O)N2CCN(CC3CN(C(=O)C(F)(F)CO)C3)CC2)o1,Cc1ccc(C(C)C(=O)OC(C)(CN2CCN(C(=O)OC(C)(C)C)CC2)C(=O)N2CC(CN3CCN(C(=O)C(F)(F)CBr)CC3)C2)o1,0.558,CN(CCO)C(=O)OC(C)(C)C;O=C(O)C(F)(F)CBr;CN1CCN(CC2CNC2)CC1;R9;Cc1ccc(C(C)C(=O)O)o1;CC(=O)CN1CCN(C(=O)OC(C)(C)C)CC1;R71;O=C(O)C(F)(F)CBr;CC(C)(C)OC(=O)N1CC(CN2CCNCC2)C1;R69,3,,,
Cc1ccc(C(C)C(=O)N2CCN(CC3CN(C(=O)C(F)(F)CO)C3)CC2)o1,Cc1ccc(C(C)C(=O)OC(C)(CN2CCN(C(=O)OC(C)(C)C)CC2)C(=O)N2CCN(CC3CN(C(=O)C(F)(F)CBr)C3)CC2)o1,0.558,CN(CCO)C(=O)OC(C)(C)C;O=C(O)C(F)(F)CBr;CN1CCN(CC2CNC2)CC1;R9;Cc1ccc(C(C)C(=O)O)o1;CC(=O)CN1CCN(C(=O)OC(C)(C)C)CC1;R71;O=C(O)C(F)(F)CBr;CC(C)(C)OC(=O)N1CC(CN2CCNCC2)C1;R69,3,,,
Cc1ccc(C(C)C(=O)N2CCN(CC3CN(C(=O)C(F)(F)CO)C3)CC2)o1,Cc1ccc(C(C)C(=O)OC(C)(CN2CCN(C(=O)OC(C)(C)C)CC2)C(=O)N2CCN(CC3CN(C(=O)C(F)(F)CN)C3)CC2)o1,0.558,CN(CCO)C(=O)OC(C)(C)C;O=C(O)C(F)(F)CBr;CN1CCN(CC2CNC2)CC1;R9;Cc1ccc(C(C)C(=O)O)o1;CC(=O)CN1CCN(C(=O)OC(C)(C)C)CC1;R71;NCC(F)(F)C(=O)O;CC(C)(C)OC(=O)N1CCN(CC2CNC2)CC1;R69,3,,,
Cc1ccc(C(C)C(=O)N2CCN(CC3CN(C(=O)C(F)(F)CO)C3)CC2)o1,Cc1ccc(C(C)C(=O)OC(C)(CN2CCN(C(=O)OC(C)(C)C)CC2)C(=O)N2CC(CN3CCN(C(=O)C(F)(F)CN)CC3)C2)o1,0.558,CN(CCO)C(=O)OC(C)(C)C;O=C(O)C(F)(F)CBr;CN1CCN(CC2CNC2)CC1;R9;Cc1ccc(C(C)C(=O)O)o1;CC(=O)CN1CCN(C(=O)OC(C)(C)C)CC1;R71;NCC(F)(F)C(=O)O;CC(C)(C)OC(=O)N1CCN(CC2CNC2)CC1;R69,3,,,
Cc1ccc(C(C)C(=O)N2CCN(CC3CN(C(=O)C(F)(F)CO)C3)CC2)o1,Cc1ccc(C(C)C(=O)OC(C)(CN2CCN(C(=O)OC(C)(C)C)CC2)C(=O)N2CC(CN3CCN(C(=O)C(O)(CO)C(F)(F)F)CC3)C2)o1,0.557,CN(CCO)C(=O)OC(C)(C)C;O=C(O)C(F)(F)CBr;CN1CCN(CC2CNC2)CC1;R9;Cc1ccc(C(C)C(=O)O)o1;CC(=O)CN1CCN(C(=O)OC(C)(C)C)CC1;R71;O=C(O)C(O)(CO)C(F)(F)F;CC(C)(C)OC(=O)N1CCN(CC2CNC2)CC1;R69,3,,,
Cc1ccc(C(C)C(=O)N2CCN(CC3CN(C(=O)C(F)(F)CO)C3)CC2)o1,Cc1ccc(C(C)C(=O)OC(C)(CN2CCN(C(=O)OC(C)(C)C)CC2)C(=O)N2CCN(CC3CN(C(=O)C(O)(CO)C(F)(F)F)C3)CC2)o1,0.557,CN(CCO)C(=O)OC(C)(C)C;O=C(O)C(F)(F)CBr;CN1CCN(CC2CNC2)CC1;R9;Cc1ccc(C(C)C(=O)O)o1;CC(=O)CN1CCN(C(=O)OC(C)(C)C)CC1;R71;O=C(O)C(O)(CO)C(F)(F)F;CC(C)(C)OC(=O)N1CCN(CC2CNC2)CC1;R69,3,,,
Cc1ccc(C(C)C(=O)N2CCN(CC3CN(C(=O)C(F)(F)CO)C3)CC2)o1,Cc1ccc(C(C)C(=O)N2CCN(C(=O)OC(C)(C)C)CC(CO)C2)o1,0.554,CN(C(=O)OC(C)(C)C)C1(CO)CNC1;CCC(F)(F)C(=O)O;R8;Cc1ccc(C(C)C(=O)O)o1;CC(C)(C)OC(=O)N1CCNCC(CO)C1;R8,2,,,
Cc1ccc(C(C)C(=O)N2CCN(CC3CN(C(=O)C(F)(F)CO)C3)CC2)o1,CCCC(F)(F)C(=O)N1CC(CN2CCN(C(=O)C(C)(CN3CCN(C(=O)OC(C)(C)C)CC3)OC(=O)C(C)c3ccc(C)o3)CC2)C1,0.551,CN(CCO)C(=O)OC(C)(C)C;O=C(O)C(F)(F)CBr;CN1CCN(CC2CNC2)CC1;R9;Cc1ccc(C(C)C(=O)O)o1;CC(=O)CN1CCN(C(=O)OC(C)(C)C)CC1;R71;CCCC(F)(F)C(=O)O;CC(C)(C)OC(=O)N1CC(CN2CCNCC2)C1;R69,3,,,
Cc1ccc(C(C)C(=O)N2CCN(CC3CN(C(=O)C(F)(F)CO)C3)CC2)o1,CCCC(F)(F)C(=O)N1CCN(CC2CN(C(=O)C(C)(CN3CCN(C(=O)OC(C)(C)C)CC3)OC(=O)C(C)c3ccc(C)o3)C2)CC1,0.551,CN(CCO)C(=O)OC(C)(C)C;O=C(O)C(F)(F)CBr;CN1CCN(CC2CNC2)CC1;R9;Cc1ccc(C(C)C(=O)O)o1;CC(=O)CN1CCN(C(=O)OC(C)(C)C)CC1;R71;CCCC(F)(F)C(=O)O;CC(C)(C)OC(=O)N1CC(CN2CCNCC2)C1;R69,3,,,
Cc1ccc(C(C)C(=O)N2CCN(CC3CN(C(=O)C(F)(F)CO)C3)CC2)o1,Cc1ccc(C(C)C(=O)OC(C)(CN2CCN(C(=O)OC(C)(C)C)CC2)C(=O)N2CCN(CC3CN(C(=O)C(C)(C)F)C3)CC2)o1,0.547,CN(CCO)C(=O)OC(C)(C)C;O=C(O)C(F)(F)CBr;CN1CCN(CC2CNC2)CC1;R9;Cc1ccc(C(C)C(=O)O)o1;CC(=O)CN1CCN(C(=O)OC(C)(C)C)CC1;R71;CC(C)(F)C(=O)O;CC(C)(C)OC(=O)N1CC(CN2CCNCC2)C1;R69,3,,,
Cc1ccc(C(C)C(=O)N2CCN(CC3CN(C(=O)C(F)(F)CO)C3)CC2)o1,Cc1ccc(C(C)C(=O)OC(C)(CN2CCN(C(=O)OC(C)(C)C)CC2)C(=O)N2CC(CN3CCN(C(=O)C(C)(C)F)CC3)C2)o1,0.547,CN(CCO)C(=O)OC(C)(C)C;O=C(O)C(F)(F)CBr;CN1CCN(CC2CNC2)CC1;R9;Cc1ccc(C(C)C(=O)O)o1;CC(=O)CN1CCN(C(=O)OC(C)(C)C)CC1;R71;CC(C)(F)C(=O)O;CC(C)(C)OC(=O)N1CC(CN2CCNCC2)C1;R69,3,,,
Cc1ccc(C(C)C(=O)N2CCN(CC3CN(C(=O)C(F)(F)CO)C3)CC2)o1,Cc1ccc(C(C)C(=O)OC(C)(CN2CCN(C(=O)OC(C)(C)C)CC2)C(=O)N2CC(CN3CCN(C(=O)C(C)(F)F)CC3)C2)o1,0.547,CN(CCO)C(=O)OC(C)(C)C;O=C(O)C(F)(F)CBr;CN1CCN(CC2CNC2)CC1;R9;Cc1ccc(C(C)C(=O)O)o1;CC(=O)CN1CCN(C(=O)OC(C)(C)C)CC1;R71;CC(F)(F)C(=O)O;CC(C)(C)OC(=O)N1CCN(CC2CNC2)CC1;R69,3,,,
Cc1ccc(C(C)C(=O)N2CCN(CC3CN(C(=O)C(F)(F)CO)C3)CC2)o1,Cc1ccc(C(C)C(=O)OC(C)(CN2CCN(C(=O)OC(C)(C)C)CC2)C(=O)N2CCN(CC3CN(C(=O)C(C)(F)F)C3)CC2)o1,0.547,CN(CCO)C(=O)OC(C)(C)C;O=C(O)C(F)(F)CBr;CN1CCN(CC2CNC2)CC1;R9;Cc1ccc(C(C)C(=O)O)o1;CC(=O)CN1CCN(C(=O)OC(C)(C)C)CC1;R71;CC(F)(F)C(=O)O;CC(C)(C)OC(=O)N1CCN(CC2CNC2)CC1;R69,3,,,
Cc1ccc(C(C)C(=O)N2CCN(CC3CN(C(=O)C(F)(F)CO)C3)CC2)o1,Cc1ccc(C(C)C(=O)OC(C)(CN2CCN(C(=O)OC(C)(C)C)CC2)C(=O)N2CCN(CC3CN(C(=O)C(F)(F)F)C3)CC2)o1,0.547,CN(CCO)C(=O)OC(C)(C)C;O=C(O)C(F)(F)CBr;CN1CCN(CC2CNC2)CC1;R9;Cc1ccc(C(C)C(=O)O)o1;CC(=O)CN1CCN(C(=O)OC(C)(C)C)CC1;R71;O=C(O)C(F)(F)F;CC(C)(C)OC(=O)N1CCN(CC2CNC2)CC1;R69,3,,,
Cc1ccc(C(C)C(=O)N2CCN(CC3CN(C(=O)C(F)(F)CO)C3)CC2)o1,Cc1ccc(C(C)C(=O)OC(C)(CN2CCN(C(=O)OC(C)(C)C)CC2)C(=O)N2CC(CN3CCN(C(=O)C(F)(F)F)CC3)C2)o1,0.547,CN(CCO)C(=O)OC(C)(C)C;O=C(O)C(F)(F)CBr;CN1CCN(CC2CNC2)CC1;R9;Cc1ccc(C(C)C(=O)O)o1;CC(=O)CN1CCN(C(=O)OC(C)(C)C)CC1;R71;O=C(O)C(F)(F)F;CC(C)(C)OC(=O)N1CCN(CC2CNC2)CC1;R69,3,,,
Cc1ccc(C(C)C(=O)N2CCN(CC3CN(C(=O)C(F)(F)CO)C3)CC2)o1,Cc1ccc(C(C)C(=O)N2CC(C3CCN(C(=O)C(F)(F)CBr)CC3)C2)o1,0.545,CN(CCO)C(=O)OC(C)(C)C;O=C(O)C(F)(F)CBr;CC(C)(C)OC(=O)N1CCC(C2CNC2)CC1;Cc1ccc(C(C)C(=O)O)o1;R69,1,,,
Cc1ccc(C(C)C(=O)N2CCN(CC3CN(C(=O)C(F)(F)CO)C3)CC2)o1,CCC(F)(F)C(=O)N1CCN(C(=O)OC(C)(C)C)CCN(C(=O)C(C)c2ccc(C)o2)CC1,0.545,CN(C(=O)OC(C)(C)C)C1(CO)CNC1;CCC(F)(F)C(=O)O;R8;Cc1ccc(C(C)C(=O)O)o1;CC(C)(C)OC(=O)N1CCNCCNCC1;R8;CCOC(=O)C(F)(F)CC;R49,3,,,
Cc1ccc(C(C)C(=O)N2CCN(CC3CN(C(=O)C(F)(F)CO)C3)CC2)o1,Cc1ccc(C(C)C(=O)N2CCC(CN3CCN(C(=O)C(F)(F)C(=O)N4CC(CO)(N(C)C(=O)OC(C)(C)C)C4)CC3)CC2)o1,0.544,CN(C(=O)OC(C)(C)C)C1(CO)CNC1;O=C(O)C(F)(F)C(=O)O;R8;Cc1ccc(C(C)C(=O)O)o1;CC(C)(C)OC(=O)N1CCN(CC2CCNCC2)CC1;R69,2,,,
Cc1ccc(C(C)C(=O)N2CCN(CC3CN(C(=O)C(F)(F)CO)C3)CC2)o1,Cc1ccc(C(C)C(=O)N2CCN(CC3CCN(C(=O)C(F)(F)C(=O)N4CC(CO)(N(C)C(=O)OC(C)(C)C)C4)CC3)CC2)o1,0.544,CN(C(=O)OC(C)(C)C)C1(CO)CNC1;O=C(O)C(F)(F)C(=O)O;R8;Cc1ccc(C(C)C(=O)O)o1;CC(C)(C)OC(=O)N1CCN(CC2CCNCC2)CC1;R69,2,,,
Cc1ccc(C(C)C(=O)N2CCN(CC3CN(C(=O)C(F)(F)CO)C3)CC2)o1,Cc1ccc(C(C)C(=O)OC(C)(CN2CCN(C(=O)OC(C)(C)C)CC2)C(=O)N2CC(CN3CCN(C(=O)C(F)(F)C(=O)O)CC3)C2)o1,0.538,CN(CCO)C(=O)OC(C)(C)C;O=C(O)C(F)(F)CBr;CN1CCN(CC2CNC2)CC1;R9;Cc1ccc(C(C)C(=O)O)o1;CC(=O)CN1CCN(C(=O)OC(C)(C)C)CC1;R71;O=C(O)C(F)(F)C(=O)O;CC(C)(C)OC(=O)N1CCN(CC2CNC2)CC1;R69,3,,,
Cc1ccc(C(C)C(=O)N2CCN(CC3CN(C(=O)C(F)(F)CO)C3)CC2)o1,Cc1ccc(C(C)C(=O)OC(C)(CN2CCN(C(=O)OC(C)(C)C)CC2)C(=O)N2CCN(CC3CN(C(=O)C(F)(F)C(=O)O)C3)CC2)o1,0.538,CN(CCO)C(=O)OC(C)(C)C;O=C(O)C(F)(F)CBr;CN1CCN(CC2CNC2)CC1;R9;Cc1ccc(C(C)C(=O)O)o1;CC(=O)CN1CCN(C(=O)OC(C)(C)C)CC1;R71;O=C(O)C(F)(F)C(=O)O;CC(C)(C)OC(=O)N1CCN(CC2CNC2)CC1;R69,3,,,
Cc1ccc(C(C)C(=O)N2CCN(CC3CN(C(=O)C(F)(F)CO)C3)CC2)o1,Cc1ccc(C(C)C(=O)N2CCN(C(=O)OC(C)(C)C)CCN(C(=O)C(F)(F)CN)CC2)o1,0.537,CN(C(=O)OC(C)(C)C)C1(CO)CNC1;CCC(F)(F)C(=O)O;R8;Cc1ccc(C(C)C(=O)O)o1;CC(C)(C)OC(=O)N1CCNCCNCC1;R8;CCOC(=O)C(F)(F)CN;R49,3,,,
Cc1ccc(C(C)C(=O)N2CCN(CC3CN(C(=O)C(F)(F)CO)C3)CC2)o1,Cc1ccc(C(C)C(=O)N2CCN(C(=O)OC(C)(C)C)CCN(C(=O)C(F)(F)CBr)CC2)o1,0.537,CN(C(=O)OC(C)(C)C)C1(CO)CNC1;CCC(F)(F)C(=O)O;R8;Cc1ccc(C(C)C(=O)O)o1;CC(C)(C)OC(=O)N1CCNCCNCC1;R8;CCOC(=O)C(F)(F)CBr;R49,3,,,
Cc1ccc(C(C)C(=O)N2CCN(CC3CN(C(=O)C(F)(F)CO)C3)CC2)o1,Cc1ccc(C(C)C(=O)OC(C)(CN2CCN(C(=O)OC(C)(C)C)CC2)C(=O)N2CC(CN3CCN(C(=O)C(F)(Cl)Cl)CC3)C2)o1,0.532,CN(CCO)C(=O)OC(C)(C)C;O=C(O)C(F)(F)CBr;CN1CCN(CC2CNC2)CC1;R9;Cc1ccc(C(C)C(=O)O)o1;CC(=O)CN1CCN(C(=O)OC(C)(C)C)CC1;R71;O=C(O)C(F)(Cl)Cl;CC(C)(C)OC(=O)N1CC(CN2CCNCC2)C1;R69,3,,,
Cc1ccc(C(C)C(=O)N2CCN(CC3CN(C(=O)C(F)(F)CO)C3)CC2)o1,Cc1ccc(C(C)C(=O)OC(C)(CN2CCN(C(=O)OC(C)(C)C)CC2)C(=O)N2CCN(CC3CN(C(=O)C(F)(Cl)Cl)C3)CC2)o1,0.532,CN(CCO)C(=O)OC(C)(C)C;O=C(O)C(F)(F)CBr;CN1CCN(CC2CNC2)CC1;R9;Cc1ccc(C(C)C(=O)O)o1;CC(=O)CN1CCN(C(=O)OC(C)(C)C)CC1;R71;O=C(O)C(F)(Cl)Cl;CC(C)(C)OC(=O)N1CC(CN2CCNCC2)C1;R69,3,,,
Cc1ccc(C(C)C(=O)N2CCN(CC3CN(C(=O)C(F)(F)CO)C3)CC2)o1,Cc1ccc(C(C)C(=O)OC(C)(CN2CCN(C(=O)OC(C)(C)C)CC2)C(=O)N2CC(CN3CCN(C(=O)C(F)(F)Br)CC3)C2)o1,0.532,CN(CCO)C(=O)OC(C)(C)C;O=C(O)C(F)(F)CBr;CN1CCN(CC2CNC2)CC1;R9;Cc1ccc(C(C)C(=O)O)o1;CC(=O)CN1CCN(C(=O)OC(C)(C)C)CC1;R71;O=C(O)C(F)(F)Br;CC(C)(C)OC(=O)N1CCN(CC2CNC2)CC1;R69,3,,,
Cc1ccc(C(C)C(=O)N2CCN(CC3CN(C(=O)C(F)(F)CO)C3)CC2)o1,Cc1ccc(C(C)C(=O)OC(C)(CN2CCN(C(=O)OC(C)(C)C)CC2)C(=O)N2CCN(CC3CN(C(=O)C(F)(F)Br)C3)CC2)o1,0.532,CN(CCO)C(=O)OC(C)(C)C;O=C(O)C(F)(F)CBr;CN1CCN(CC2CNC2)CC1;R9;Cc1ccc(C(C)C(=O)O)o1;CC(=O)CN1CCN(C(=O)OC(C)(C)C)CC1;R71;O=C(O)C(F)(F)Br;CC(C)(C)OC(=O)N1CCN(CC2CNC2)CC1;R69,3,,,
Cc1ccc(C(C)C(=O)N2CCN(CC3CN(C(=O)C(F)(F)CO)C3)CC2)o1,Cc1ccc(C(C)C(=O)OC(C)(CN2CCN(C(=O)OC(C)(C)C)CC2)C(=O)N2CC(CN3CCN(C(=O)C(F)(F)Cl)CC3)C2)o1,0.532,CN(CCO)C(=O)OC(C)(C)C;O=C(O)C(F)(F)CBr;CN1CCN(CC2CNC2)CC1;R9;Cc1ccc(C(C)C(=O)O)o1;CC(=O)CN1CCN(C(=O)OC(C)(C)C)CC1;R71;O=C(O)C(F)(F)Cl;CC(C)(C)OC(=O)N1CCN(CC2CNC2)CC1;R69,3,,,
Cc1ccc(C(C)C(=O)N2CCN(CC3CN(C(=O)C(F)(F)CO)C3)CC2)o1,Cc1ccc(C(C)C(=O)OC(C)(CN2CCN(C(=O)OC(C)(C)C)CC2)C(=O)N2CCN(CC3CN(C(=O)C(F)(F)Cl)C3)CC2)o1,0.532,CN(CCO)C(=O)OC(C)(C)C;O=C(O)C(F)(F)CBr;CN1CCN(CC2CNC2)CC1;R9;Cc1ccc(C(C)C(=O)O)o1;CC(=O)CN1CCN(C(=O)OC(C)(C)C)CC1;R71;O=C(O)C(F)(F)Cl;CC(C)(C)OC(=O)N1CCN(CC2CNC2)CC1;R69,3,,,
Cc1ccc(C(C)C(=O)N2CCN(CC3CN(C(=O)C(F)(F)CO)C3)CC2)o1,Cc1ccc(C(C)C(=O)OC(C)(CN2CCN(C(=O)OC(C)(C)C)CC2)C(=O)N2CCN(CC3CN(C(=O)C(F)(F)C(F)(F)C(=O)O)C3)CC2)o1,0.532,CN(CCO)C(=O)OC(C)(C)C;O=C(O)C(F)(F)CBr;CN1CCN(CC2CNC2)CC1;R9;Cc1ccc(C(C)C(=O)O)o1;CC(=O)CN1CCN(C(=O)OC(C)(C)C)CC1;R71;O=C(O)C(F)(F)C(F)(F)C(=O)O;CC(C)(C)OC(=O)N1CCN(CC2CNC2)CC1;R69,3,,,
Cc1ccc(C(C)C(=O)N2CCN(CC3CN(C(=O)C(F)(F)CO)C3)CC2)o1,Cc1ccc(C(C)C(=O)OC(C)(CN2CCN(C(=O)OC(C)(C)C)CC2)C(=O)N2CC(CN3CCN(C(=O)C(F)(F)C(F)(F)C(=O)O)CC3)C2)o1,0.532,CN(CCO)C(=O)OC(C)(C)C;O=C(O)C(F)(F)CBr;CN1CCN(CC2CNC2)CC1;R9;Cc1ccc(C(C)C(=O)O)o1;CC(=O)CN1CCN(C(=O)OC(C)(C)C)CC1;R71;O=C(O)C(F)(F)C(F)(F)C(=O)O;CC(C)(C)OC(=O)N1CCN(CC2CNC2)CC1;R69,3,,,
Cc1ccc(C(C)C(=O)N2CCN(CC3CN(C(=O)C(F)(F)CO)C3)CC2)o1,Cc1ccc(C(C)C(=O)N2CCN(C(=O)OC(C)(C)C)CCN(C(=O)C(C)(C)CO)CC2)o1,0.530,CN(C(=O)OC(C)(C)C)C1(CO)CNC1;CCC(F)(F)C(=O)O;R8;Cc1ccc(C(C)C(=O)O)o1;CC(C)(C)OC(=O)N1CCNCCNCC1;R8;CCOC(=O)C(C)(C)CO;R49,3,,,
Cc1ccc(C(C)C(=O)N2CCN(CC3CN(C(=O)C(F)(F)CO)C3)CC2)o1,CNCC(F)(F)C(=O)N1CCN(C(=O)OC(C)(C)C)CCN(C(=O)C(C)c2ccc(C)o2)CC1,0.522,CN(C(=O)OC(C)(C)C)C1(CO)CNC1;CCC(F)(F)C(=O)O;R8;Cc1ccc(C(C)C(=O)O)o1;CC(C)(C)OC(=O)N1CCNCCNCC1;R8;CCOC(=O)C(F)(F)CNC;R49,3,,,
Cc1ccc(C(C)C(=O)N2CCN(CC3CN(C(=O)C(F)(F)CO)C3)CC2)o1,Cc1ccc(C(C)C(=O)N2CCN(C(=O)OC(C)(C)C)CCN(C(=O)C(F)(F)CCN)CC2)o1,0.522,CN(C(=O)OC(C)(C)C)C1(CO)CNC1;CCC(F)(F)C(=O)O;R8;Cc1ccc(C(C)C(=O)O)o1;CC(C)(C)OC(=O)N1CCNCCNCC1;R8;CCOC(=O)C(F)(F)CCN;R49,3,,,
Cc1ccc(C(C)C(=O)N2CCN(CC3CN(C(=O)C(F)(F)CO)C3)CC2)o1,Cc1ccc(C(C)C(=O)N2CCN(C(=O)OC(C)(C)C)CCN(C(=O)C(F)(F)CCBr)CC2)o1,0.522,CN(C(=O)OC(C)(C)C)C1(CO)CNC1;CCC(F)(F)C(=O)O;R8;Cc1ccc(C(C)C(=O)O)o1;CC(C)(C)OC(=O)N1CCNCCNCC1;R8;CCOC(=O)C(F)(F)CCBr;R49,3,,,
Cc1ccc(C(C)C(=O)N2CCN(CC3CN(C(=O)C(F)(F)CO)C3)CC2)o1,Cc1ccc(C(C)C(=O)OC(C)(CN2CCN(C(=O)OC(C)(C)C)CC2)C(=O)N2CC(CN3CCN(C(=O)C(F)(F)C(F)(F)C(F)(F)C(F)(F)C(=O)O)CC3)C2)o1,0.519,CN(CCO)C(=O)OC(C)(C)C;O=C(O)C(F)(F)CBr;CN1CCN(CC2CNC2)CC1;R9;Cc1ccc(C(C)C(=O)O)o1;CC(=O)CN1CCN(C(=O)OC(C)(C)C)CC1;R71;O=C(O)C(F)(F)C(F)(F)C(F)(F)C(F)(F)C(=O)O;CC(C)(C)OC(=O)N1CCN(CC2CNC2)CC1;R69,3,,,
Cc1ccc(C(C)C(=O)N2CCN(CC3CN(C(=O)C(F)(F)CO)C3)CC2)o1,Cc1ccc(C(C)C(=O)OC(C)(CN2CCN(C(=O)OC(C)(C)C)CC2)C(=O)N2CCN(CC3CN(C(=O)C(F)(F)C(F)(F)C(F)(F)C(F)(F)C(=O)O)C3)CC2)o1,0.519,CN(CCO)C(=O)OC(C)(C)C;O=C(O)C(F)(F)CBr;CN1CCN(CC2CNC2)CC1;R9;Cc1ccc(C(C)C(=O)O)o1;CC(=O)CN1CCN(C(=O)OC(C)(C)C)CC1;R71;O=C(O)C(F)(F)C(F)(F)C(F)(F)C(F)(F)C(=O)O;CC(C)(C)OC(=O)N1CCN(CC2CNC2)CC1;R69,3,,,
Cc1ccc(C(C)C(=O)N2CCN(CC3CN(C(=O)C(F)(F)CO)C3)CC2)o1,Cc1ccc(C(C)C(=O)N2CCN(CCN3CCN(C(=O)OC(C)(C)C)CC3)CC2)o1,0.516,CN(CCO)C(=O)OC(C)(C)C;O=C(O)C(F)(F)CBr;CC(C)(C)OC(=O)N1CCN(CCN2CCNCC2)CC1;Cc1ccc(C(C)C(=O)O)o1;R8,1,,,
Cc1ccc(C(C)C(=O)N2CCN(CC3CN(C(=O)C(F)(F)CO)C3)CC2)o1,COCCC(F)(F)C(=O)N1CCN(C(=O)OC(C)(C)C)CCN(C(=O)C(C)c2ccc(C)o2)CC1,0.514,CN(C(=O)OC(C)(C)C)C1(CO)CNC1;CCC(F)(F)C(=O)O;R8;Cc1ccc(C(C)C(=O)O)o1;CC(C)(C)OC(=O)N1CCNCCNCC1;R8;CCOC(=O)C(F)(F)CCOC;R49,3,,,
Cc1ccc(C(C)C(=O)N2CCN(CC3CN(C(=O)C(F)(F)CO)C3)CC2)o1,Cc1ccc(C(C)C(=O)N2CCN(C(=O)OC(C)(C)C)CCN(C(=O)C(C)(F)F)CC2)o1,0.508,CN(C(=O)OC(C)(C)C)C1(CO)CNC1;CCC(F)(F)C(=O)O;R8;Cc1ccc(C(C)C(=O)O)o1;CC(C)(C)OC(=O)N1CCNCCNCC1;R8;CCOC(=O)C(C)(F)F;R49,3,,,
Cc1ccc(C(C)C(=O)N2CCN(CC3CN(C(=O)C(F)(F)CO)C3)CC2)o1,Cc1ccc(C(C)C(=O)N2CCN(C(=O)OC(C)(C)C)CCN(C(=O)C(F)(F)F)CC2)o1,0.508,CN(C(=O)OC(C)(C)C)C1(CO)CNC1;CCC(F)(F)C(=O)O;R8;Cc1ccc(C(C)C(=O)O)o1;CC(C)(C)OC(=O)N1CCNCCNCC1;R8;CCOC(=O)C(F)(F)F;R49,3,,,
Cc1ccc(C(C)C(=O)N2CCN(CC3CN(C(=O)C(F)(F)CO)C3)CC2)o1,CCOC(=O)C(F)(F)CN1CCN(C(=O)OC(C)(C)C)CCN(C(=O)C(C)c2ccc(C)o2)CC1,0.507,CN(C(=O)OC(C)(C)C)C1(CO)CNC1;CCC(F)(F)C(=O)O;R8;Cc1ccc(C(C)C(=O)O)o1;CC(C)(C)OC(=O)N1CCNCCNCC1;R8;CCOC(=O)C(F)(F)CBr;R9,3,,,
Cc1ccc(C(C)C(=O)N2CCN(CC3CN(C(=O)C(F)(F)CO)C3)CC2)o1,Cc1ccc(C(C)C(=O)N2CCN(CCC3CCN(C(=O)OC(C)(C)C)CC3)CC2)o1,0.500,CN(C(=O)OC(C)(C)C)C1(CO)CNC1;CCC(F)(F)C(=O)O;R8;Cc1ccc(C(C)C(=O)O)o1;CC(C)(C)OC(=O)N1CCC(CCN2CCNCC2)CC1;R8,2,,,
Cc1ccc(C(C)C(=O)N2CCN(CC3CN(C(=O)C(F)(F)CO)C3)CC2)o1,Cc1ccc(C(C)C(=O)N2CCC(CCN3CCN(C(=O)OC(C)(C)C)CC3)CC2)o1,0.500,CN(C(=O)OC(C)(C)C)C1(CO)CNC1;O=C(O)C(F)(F)C(=O)O;R8;Cc1ccc(C(C)C(=O)O)o1;CC(C)(C)OC(=O)N1CCN(CCC2CCNCC2)CC1;R8,2,,,
Cc1ccc(C(C)C(=O)N2CCN(CC3CN(C(=O)C(F)(F)CO)C3)CC2)o1,Cc1ccc(C(C)C(=O)N2CC(CC(=O)OC(C)(C)C)C2)o1,0.500,CN(CCO)C(=O)OC(C)(C)C;O=C(O)C(F)(F)CBr;CN1CCN(CC2CNC2)CC1;R9;Cc1ccc(C(C)C(=O)O)o1;CC(C)(C)OC(=O)CC1CNC1;R8,2,,,
Cc1ccc(C(C)C(=O)N2CCN(CC3CN(C(=O)C(F)(F)CO)C3)CC2)o1,CCOC(=O)CCC(F)(F)C(=O)N1CCN(C(=O)OC(C)(C)C)CCN(C(=O)C(C)c2ccc(C)o2)CC1,0.493,CN(C(=O)OC(C)(C)C)C1(CO)CNC1;CCC(F)(F)C(=O)O;R8;Cc1ccc(C(C)C(=O)O)o1;CC(C)(C)OC(=O)N1CCNCCNCC1;R8;CCOC(=O)CCC(F)(F)C(=O)OCC;R49,3,,,
Cc1ccc(C(C)C(=O)N2CCN(CC3CN(C(=O)C(F)(F)CO)C3)CC2)o1,CCOC(=O)C(F)(F)CCN1CCN(C(=O)OC(C)(C)C)CCN(C(=O)C(C)c2ccc(C)o2)CC1,0.493,CN(C(=O)OC(C)(C)C)C1(CO)CNC1;CCC(F)(F)C(=O)O;R8;Cc1ccc(C(C)C(=O)O)o1;CC(C)(C)OC(=O)N1CCNCCNCC1;R8;CCOC(=O)C(F)(F)CCBr;R9,3,,,
Cc1ccc(C(C)C(=O)N2CCN(CC3CN(C(=O)C(F)(F)CO)C3)CC2)o1,Cc1ccc(C(C)C(=O)N2CCN(C(=O)OC(C)(C)C)CCN(C(=O)C(F)(F)C(F)(F)F)CC2)o1,0.493,CN(C(=O)OC(C)(C)C)C1(CO)CNC1;CCC(F)(F)C(=O)O;R8;Cc1ccc(C(C)C(=O)O)o1;CC(C)(C)OC(=O)N1CCNCCNCC1;R8;CCOC(=O)C(F)(F)C(F)(F)F;R49,3,,,
Cc1ccc(C(C)C(=O)N2CCN(CC3CN(C(=O)C(F)(F)CO)C3)CC2)o1,Cc1ccc(C(C)C(=O)N2CCN(C(=O)OC(C)(C)C)CCN(C(=O)C(F)(F)I)CC2)o1,0.493,CN(C(=O)OC(C)(C)C)C1(CO)CNC1;CCC(F)(F)C(=O)O;R8;Cc1ccc(C(C)C(=O)O)o1;CC(C)(C)OC(=O)N1CCNCCNCC1;R8;CCOC(=O)C(F)(F)I;R49,3,,,
Cc1ccc(C(C)C(=O)N2CCN(CC3CN(C(=O)C(F)(F)CO)C3)CC2)o1,Cc1ccc(C(C)C(=O)N2CCN(C(=O)OC(C)(C)C)CCN(C(=O)C(F)(F)Cl)CC2)o1,0.493,CN(C(=O)OC(C)(C)C)C1(CO)CNC1;CCC(F)(F)C(=O)O;R8;Cc1ccc(C(C)C(=O)O)o1;CC(C)(C)OC(=O)N1CCNCCNCC1;R8;CCOC(=O)C(F)(F)Cl;R49,3,,,
Cc1ccc(C(C)C(=O)N2CCN(CC3CN(C(=O)C(F)(F)CO)C3)CC2)o1,Cc1ccc(C(C)C(=O)N2CCN(C(=O)OC(C)(C)C)CCN(C(=O)C(F)(F)Br)CC2)o1,0.493,CN(C(=O)OC(C)(C)C)C1(CO)CNC1;CCC(F)(F)C(=O)O;R8;Cc1ccc(C(C)C(=O)O)o1;CC(C)(C)OC(=O)N1CCNCCNCC1;R8;CCOC(=O)C(F)(F)Br;R49,3,,,
Cc1ccc(C(C)C(=O)N2CCN(CC3CN(C(=O)C(F)(F)CO)C3)CC2)o1,Cc1ccc(C(C)C(=O)N2CCN(C(=O)OC(C)(C)C)CCN(C(=O)C(F)(Br)Br)CC2)o1,0.493,CN(C(=O)OC(C)(C)C)C1(CO)CNC1;CCC(F)(F)C(=O)O;R8;Cc1ccc(C(C)C(=O)O)o1;CC(C)(C)OC(=O)N1CCNCCNCC1;R8;CCOC(=O)C(F)(Br)Br;R49,3,,,
Cc1ccc(C(C)C(=O)N2CCN(CC3CN(C(=O)C(F)(F)CO)C3)CC2)o1,Cc1ccc(C(C)C(=O)N2CC(CC3CN(C(=O)OC(C)(C)C)C3)C2)o1,0.492,CN(CCO)C(=O)OC(C)(C)C;O=C(O)C(F)(F)CBr;CC(C)(C)OC(=O)N1CC(CC2CNC2)C1;Cc1ccc(C(C)C(=O)O)o1;R8,1,,,
Cc1ccc(C(C)C(=O)N2CCN(CC3CN(C(=O)C(F)(F)CO)C3)CC2)o1,Cc1ccc(C(C)C(=O)N2CCN(C(=O)OC(C)(C)C)CC2)o1,0.492,CN(CCO)C(=O)OC(C)(C)C;O=C(O)C(F)(F)CBr;CC(C)(C)OC(=O)N1CCNCC1;Cc1ccc(C(C)C(=O)O)o1;R8,1,,,
Cc1ccc(C(C)C(=O)N2CCN(CC3CN(C(=O)C(F)(F)CO)C3)CC2)o1,Cc1ccc(C(C)C(=O)N2CCN(C(=O)OC(C)(C)C)CCN(C(=O)OC(C)(C)C)CC2)o1,0.492,CN(C(=O)OC(C)(C)C)C1(CO)CNC1;CCC(F)(F)C(=O)O;R8;Cc1ccc(C(C)C(=O)O)o1;CC(C)(C)OC(=O)N1CCNCCN(C(=O)OC(C)(C)C)CC1;R8,2,,,
Cc1ccc(C(C)C(=O)N2CCN(CC3CN(C(=O)C(F)(F)CO)C3)CC2)o1,Cc1ccc(C(C)C(=O)N2CCN(C3CN(C(=O)C(F)(F)C(=O)N4CC(CO)(N(C)C(=O)OC(C)(C)C)C4)C3)CC2)o1,0.487,CN(C(=O)OC(C)(C)C)C1(CO)CNC1;O=C(O)C(F)(F)C(=O)O;R8;Cc1ccc(C(C)C(=O)O)o1;CC(C)(C)OC(=O)N1CCN(C2CNC2)CC1;R69,2,,,
Cc1ccc(C(C)C(=O)N2CCN(CC3CN(C(=O)C(F)(F)CO)C3)CC2)o1,Cc1ccc(C(C)C(=O)N2CCN(CCN3CCN(C(=O)C(F)(F)C(=O)N4CC(CO)(N(C)C(=O)OC(C)(C)C)C4)CC3)CC2)o1,0.487,CN(C(=O)OC(C)(C)C)C1(CO)CNC1;O=C(O)C(F)(F)C(=O)O;R8;Cc1ccc(C(C)C(=O)O)o1;CC(C)(C)OC(=O)N1CCN(CCN2CCNCC2)CC1;R69,2,,,
Cc1ccc(C(C)C(=O)N2CCN(CC3CN(C(=O)C(F)(F)CO)C3)CC2)o1,Cc1ccc(C(C)C(=O)N2CC(CC3CN(C(=O)C(F)(F)C(=O)N4CC(CO)(N(C)C(=O)OC(C)(C)C)C4)C3)C2)o1,0.487,CN(C(=O)OC(C)(C)C)C1(CO)CNC1;O=C(O)C(F)(F)C(=O)O;R8;Cc1ccc(C(C)C(=O)O)o1;CC(C)(C)OC(=O)N1CC(CC2CNC2)C1;R69,2,,,
CC(C)(NCc1ccc(Oc2ccccc2)o1)C1CCS(=O)(=O)CC1,CC(C)(NCc1ccc(Oc2ccccc2)o1)C1CCS(=O)(=O)CC1,1.000,CC(C)(N)C1CCS(=O)(=O)CC1;O=Cc1ccc(Oc2ccccc2)o1;R43,1,1.000,1.000,1.000
CC(C)(NCc1ccc(Oc2ccccc2)o1)C1CCS(=O)(=O)CC1,CC(C)(NCc1ccc(Oc2ccccc2)o1)C1CC1,0.804,CC(C)(N)C1CC1;O=Cc1ccc(Oc2ccccc2)o1;R43,1,0.786,0.477,0.745
CC(C)(NCc1ccc(Oc2ccccc2)o1)C1CCS(=O)(=O)CC1,CC(C)(NCc1ccc(Oc2ccccc2)o1)C1CCCC1,0.771,CC(C)(N)C1CCCC1;O=Cc1ccc(Oc2ccccc2)o1;R43,1,0.750,0.719,0.763
CC(C)(NCc1ccc(Oc2ccccc2)o1)C1CCS(=O)(=O)CC1,CC(C)(NCc1ccc(Oc2ccccc2)o1)C1CCC1,0.771,CC(C)(N)C1CCC1;O=Cc1ccc(Oc2ccccc2)o1;R43,1,0.750,0.465,0.759
CC(C)(NCc1ccc(Oc2ccccc2)o1)C1CCS(=O)(=O)CC1,CC(C)(NCc1ccc(Oc2ccccc2)o1)C1CCCCC1,0.755,CC(C)(N)C1CCCCC1;O=Cc1ccc(Oc2ccccc2)o1;R43,1,0.733,0.701,0.756
CC(C)(NCc1ccc(Oc2ccccc2)o1)C1CCS(=O)(=O)CC1,CC(C)(NCc1ccc(Oc2ccccc2)o1)C1CCOCC1,0.740,CC(C)(N)C1CCOCC1;O=Cc1ccc(Oc2ccccc2)o1;R43,1,0.717,0.796,0.754
CC(C)(NCc1ccc(Oc2ccccc2)o1)C1CCS(=O)(=O)CC1,COc1ccc(CNC(C)(C)C2CCS(=O)(=O)CC2)o1,0.735,CC(C)(N)C1CCS(=O)(=O)CC1;COc1ccc(C=O)o1;R43,1,0.562,0.894,0.706
CC(C)(NCc1ccc(Oc2ccccc2)o1)C1CCS(=O)(=O)CC1,CC(C)(NCc1ccc(Oc2ccccc2)o1)C1CCSCC1,0.725,CC(C)(N)C1CCSCC1;O=Cc1ccc(Oc2ccccc2)o1;R43,1,0.702,0.796,0.900
CC(C)(NCc1ccc(Oc2ccccc2)o1)C1CCS(=O)(=O)CC1,CC(C)(NCc1ccc(Oc2ccccc2)o1)C1CCNCC1,0.725,CC(C)(N)C1CCNCC1;O=Cc1ccc(Oc2ccccc2)o1;R43,1,0.702,0.655,0.759
CC(C)(NCc1ccc(Oc2ccccc2)o1)C1CCS(=O)(=O)CC1,CCOc1ccc(CNC(C)(C)C2CCS(=O)(=O)CC2)o1,0.706,CC(C)(N)C1CCS(=O)(=O)CC1;CCOc1ccc(C=O)o1;R43,1,0.562,0.894,0.689
CC(C)(NCc1ccc(Oc2ccccc2)o1)C1CCS(=O)(=O)CC1,CC(C)Oc1ccc(CNC(C)(C)C2CCS(=O)(=O)CC2)o1,0.692,CC(C)(N)C1CCS(=O)(=O)CC1;CC(C)Oc1ccc(C=O)o1;R43,1,,,
CC(C)(NCc1ccc(Oc2ccccc2)o1)C1CCS(=O)(=O)CC1,CC(C)(NCc1ccc(-c2ccccc2)o1)C1CCS(=O)(=O)CC1,0.673,CC(C)(N)C1CCS(=O)(=O)CC1;O=Cc1ccc(-c2ccccc2)o1;R43,1,,,
CC(C)(NCc1ccc(Oc2ccccc2)o1)C1CCS(=O)(=O)CC1,CC(C)(NCc1ccc(Oc2ccccc2)cc1)C1CCS(=O)(=O)CC1,0.667,CC(C)(N)C1CCS(=O)(=O)CC1;O=Cc1ccc(Oc2ccccc2)cc1;R43,1,,,
CC(C)(NCc1ccc(Oc2ccccc2)o1)C1CCS(=O)(=O)CC1,O=S1(=O)CCC(NCc2ccc(Oc3ccccc3)o2)CC1,0.667,NC1CCS(=O)(=O)CC1;O=Cc1ccc(Oc2ccccc2)o1;R43,1,,,
CC(C)(NCc1ccc(Oc2ccccc2)o1)C1CCS(=O)(=O)CC1,CC(NCc1ccc(Oc2ccccc2)o1)(C1CC1)C1CC1,0.660,CC(N)(C1CC1)C1CC1;O=Cc1ccc(Oc2ccccc2)o1;R43,1,,,
CC(C)(NCc1ccc(Oc2ccccc2)o1)C1CCS(=O)(=O)CC1,CCCCOc1ccc(CNC(C)(C)C2CCS(=O)(=O)CC2)o1,0.655,CC(C)(N)C1CCS(=O)(=O)CC1;CCCCOc1ccc(C=O)o1;R43,1,,,
CC(C)(NCc1ccc(Oc2ccccc2)o1)C1CCS(=O)(=O)CC1,O=S1(=O)CCC(CNCc2ccc(Oc3ccccc3)o2)CC1,0.654,NCC1CCS(=O)(=O)CC1;O=Cc1ccc(Oc2ccccc2)o1;R43,1,,,
CC(C)(NCc1ccc(Oc2ccccc2)o1)C1CCS(=O)(=O)CC1,Cc1ccc(CNC(C)(C)C2CCS(=O)(=O)CC2)o1,0.640,CC(C)(N)C1CCS(=O)(=O)CC1;Cc1ccc(C=O)o1;R43,1,,,
CC(C)(NCc1ccc(Oc2ccccc2)o1)C1CCS(=O)(=O)CC1,CCc1ccc(CNC(C)(C)C2CCS(=O)(=O)CC2)o1,0.640,CC(C)(N)C1CCS(=O)(=O)CC1;CCc1ccc(C=O)o1;R43,1,,,
CC(C)(NCc1ccc(Oc2ccccc2)o1)C1CCS(=O)(=O)CC1,CC(C)(NCc1cccc(Oc2ccccc2)c1)C1CCS(=O)(=O)CC1,0.630,CC(C)(N)C1CCS(=O)(=O)CC1;O=Cc1cccc(Oc2ccccc2)c1;R43,1,,,
CC(C)(NCc1ccc(Oc2ccccc2)o1)C1CCS(=O)(=O)CC1,CC(C)(NC(=O)c1ccc(Oc2ccccc2)o1)C1CCS(=O)(=O)CC1,0.625,CC(C)(N)C1CCS(=O)(=O)CC1;O=C(O)c1ccc(Oc2ccccc2)o1;R8,1,,,
CC(C)(NCc1ccc(Oc2ccccc2)o1)C1CCS(=O)(=O)CC1,O=S1(=O)CCC(CCNCc2ccc(Oc3ccccc3)o2)CC1,0.618,NCCC1CCS(=O)(=O)CC1;O=Cc1ccc(Oc2ccccc2)o1;R43,1,,,
CC(C)(NCc1ccc(Oc2ccccc2)o1)C1CCS(=O)(=O)CC1,CC(C)(NCc1ccc([Si](C)(C)C)o1)C1CCS(=O)(=O)CC1,0.615,CC(C)(N)C1CCS(=O)(=O)CC1;C[Si](C)(C)c1ccc(C=O)o1;R43,1,,,
CC(C)(NCc1ccc(Oc2ccccc2)o1)C1CCS(=O)(=O)CC1,O=S1(=O)CCC(NCc2ccc(Oc3ccccc3)o2)C1,0.611,NC1CCS(=O)(=O)C1;O=Cc1ccc(Oc2ccccc2)o1;R43,1,,,
CC(C)(NCc1ccc(Oc2ccccc2)o1)C1CCS(=O)(=O)CC1,CC(C)(NCc1ccc(C(F)F)o1)C1CCS(=O)(=O)CC1,0.593,CC(C)(N)C1CCS(=O)(=O)CC1;O=Cc1ccc(C(F)F)o1;R43,1,,,
CC(C)(NCc1ccc(Oc2ccccc2)o1)C1CCS(=O)(=O)CC1,CC(C)(NCc1ccc(-c2ccc(C=O)o2)o1)C1CCS(=O)(=O)CC1,0.589,CC(C)(N)C1CCS(=O)(=O)CC1;O=Cc1ccc(-c2ccc(C=O)o2)o1;R43,1,,,
CC(C)(NCc1ccc(Oc2ccccc2)o1)C1CCS(=O)(=O)CC1,CN(Cc1ccc(Oc2ccccc2)o1)C1CCS(=O)(=O)CC1,0.582,CNC1CCS(=O)(=O)CC1;O=Cc1ccc(Oc2ccccc2)o1;R43,1,,,
CC(C)(NCc1ccc(Oc2ccccc2)o1)C1CCS(=O)(=O)CC1,COc1ccc(CNC(C)(C)C2CC2)o1,0.560,CC(C)(N)C1CC1;COc1ccc(C=O)o1;R43,1,,,
CC(C)(NCc1ccc(Oc2ccccc2)o1)C1CCS(=O)(=O)CC1,COc1ccc(CNC(C)(C)C2CCCC2)o1,0.538,CC(C)(N)C1CCCC1;COc1ccc(C=O)o1;R43,1,,,
CC(C)(NCc1ccc(Oc2ccccc2)o1)C1CCS(=O)(=O)CC1,COc1ccc(CNC(C)(C)C2CCC2)o1,0.538,CC(C)(N)C1CCC1;COc1ccc(C=O)o1;R43,1,,,
CC(C)(NCc1ccc(Oc2ccccc2)o1)C1CCS(=O)(=O)CC1,CCOc1ccc(CNC(C)(C)C2CC2)o1,0.538,CC(C)(N)C1CC1;CCOc1ccc(C=O)o1;R43,1,,,
CC(C)(NCc1ccc(Oc2ccccc2)o1)C1CCS(=O)(=O)CC1,CC(C)Oc1ccc(CNC(C)(C)C2CC2)o1,0.528,CC(C)(N)C1CC1;CC(C)Oc1ccc(C=O)o1;R43,1,,,
CC(C)(NCc1ccc(Oc2ccccc2)o1)C1CCS(=O)(=O)CC1,CC(C)(NCc1ccc(-c2ccccc2)o1)C1CC1,0.509,CC(C)(N)C1CC1;O=Cc1ccc(-c2ccccc2)o1;R43,1,,,
CC(C)(NCc1ccc(Oc2ccccc2)o1)C1CCS(=O)(=O)CC1,CC(C)(NCc1ccc(Oc2ccccc2)cc1)C1CC1,0.500,CC(C)(N)C1CC1;O=Cc1ccc(Oc2ccccc2)cc1;R43,1,,,
CC(C)(NCc1ccc(Oc2ccccc2)o1)C1CCS(=O)(=O)CC1,CC(C)(NC(=O)Nc1ccc(Oc2ccccc2)cc1)C1CCS(=O)(=O)CC1,0.492,CC(C)(N)C1CCS(=O)(=O)CC1;Nc1ccc(Oc2ccccc2)cc1;R36,1,,,
CC(C)(NCc1ccc(Oc2ccccc2)o1)C1CCS(=O)(=O)CC1,CC(C)(NC(=O)c1ccc(Oc2ccccc2)o1)C1CC1,0.491,CC(C)(N)C1CC1;O=C(O)c1ccc(Oc2ccccc2)o1;R8,1,,,
CC(C)(NCc1ccc(Oc2ccccc2)o1)C1CCS(=O)(=O)CC1,CC(C)(NC(=O)C(=O)Nc1ccc(Oc2ccccc2)cc1)C1CCS(=O)(=O)CC1,0.483,CC(C)(N)C1CCS(=O)(=O)CC1;Nc1ccc(Oc2ccccc2)cc1;R38,1,,,
CC(C)(NCc1ccc(Oc2ccccc2)o1)C1CCS(=O)(=O)CC1,CC(C)(N)C1CCN(Cc2ccc(Oc3ccccc3)o2)CC1,0.475,CC(C)(N)C1CCNCC1;O=Cc1ccc(Oc2ccccc2)o1;R43,1,,,
CC(C)(NCc1ccc(Oc2ccccc2)o1)C1CCS(=O)(=O)CC1,O=S1(=O)CCC(NN=Cc2ccc(Oc3ccccc3)o2)CC1,0.467,NNC1CCS(=O)(=O)CC1;O=Cc1ccc(Oc2ccccc2)o1;R2,1,,,
CC(C)(NCc1ccc(Oc2ccccc2)o1)C1CCS(=O)(=O)CC1,CC(C)(NCc1ccc(-c2ccc(C=O)o2)o1)C1CC1,0.456,CC(C)(N)C1CC1;O=Cc1ccc(-c2ccc(C=O)o2)o1;R43,1,,,
CC(C)(NCc1ccc(Oc2ccccc2)o1)C1CCS(=O)(=O)CC1,CC(C)(NCc1ccc(-c2ccc(C=O)o2)o1)C1CCC1,0.448,CC(C)(N)C1CCC1;O=Cc1ccc(-c2ccc(C=O)o2)o1;R43,1,,,
CC(C)(NCc1ccc(Oc2ccccc2)o1)C1CCS(=O)(=O)CC1,CC(C)(NCc1ccc(-c2ccc(C=O)o2)o1)C1CCCC1,0.441,CC(C)(N)C1CCCC1;O=Cc1ccc(-c2ccc(C=O)o2)o1;R43,1,,,
CC(C)(NCc1ccc(Oc2ccccc2)o1)C1CCS(=O)(=O)CC1,CC(C)(Nc1ncnc2c1ncn2-c1ccc(Oc2ccccc2)cc1)C1CCS(=O)(=O)CC1,0.408,CC(C)(N)C1CCS(=O)(=O)CC1;Nc1ccc(Oc2ccccc2)cc1;R66,1,,,
CC(C)(NCc1ccc(Oc2ccccc2)o1)C1CCS(=O)(=O)CC1,CC(C)(C1CCS(=O)(=O)CC1)n1cnc2c(Nc3ccc(Oc4ccccc4)cc3)ncnc21,0.370,CC(C)(N)C1CCS(=O)(=O)CC1;Nc1ccc(Oc2ccccc2)cc1;R66,1,,,
O=C(NCCc1ccc(-n2cnnc2)cc1)c1cccc(-c2nccs2)c1,O=C(NCCc1ccc(-n2cnnc2)cc1)c1cccc(Sc2ccc(-c3nccs3)cc2)c1,0.787,O=C(O)c1cccc(O)c1;R109;NCCc1ccc(-n2cnnc2)cc1;R8;Brc1ccc(-c2nccs2)cc1;R21,3,0.787,0.648,0.711
O=C(NCCc1ccc(-n2cnnc2)cc1)c1cccc(-c2nccs2)c1,O=C(NCCc1ccc(-n2cnnc2)cc1)c1cccc(Sc2nccnc2Sc2ccc(-c3nccs3)cc2)c1,0.738,O=C(O)c1cccc(O)c1;R109;NCCc1ccc(-n2cnnc2)cc1;R8;Brc1nccnc1Br;R21;Brc1ccc(-c2nccs2)cc1;R21,4,0.738,0.483,0.626
O=C(NCCc1ccc(-n2cnnc2)cc1)c1cccc(-c2nccs2)c1,O=C(NCc1ccc(-c2nccs2)cc1)c1cccc(NCCc2ccc(-n3cnnc3)cc2)c1,0.730,O=C(O)c1cccc(O)c1;R109;NCCc1ccc(-n2cnnc2)cc1;R103;NCc1ccc(-c2nccs2)cc1;R8,3,0.730,0.436,0.647
O=C(NCCc1ccc(-n2cnnc2)cc1)c1cccc(-c2nccs2)c1,O=C(Nc1cccc(-c2nccs2)c1)c1cccc(NCCc2ccc(-n3cnnc3)cc2)c1,0.730,O=C(O)c1cccc(O)c1;R109;NCCc1ccc(-n2cnnc2)cc1;R103;Nc1cccc(-c2nccs2)c1;R8,3,0.730,0.433,0.577
O=C(NCCc1ccc(-n2cnnc2)cc1)c1cccc(-c2nccs2)c1,O=C(NCCc1ccc(-n2cnnc2)cc1)c1cccc(Sc2nccn2-c2cccc(-c3nccs3)c2)c1,0.725,O=C(O)c1cccc(O)c1;R109;NCCc1ccc(-n2cnnc2)cc1;R8;Brc1ncc[nH]1;R21;OB(O)c1cccc(Br)c1;R99;Brc1nccs1;R95,5,0.725,0.505,0.579
O=C(NCCc1ccc(-n2cnnc2)cc1)c1cccc(-c2nccs2)c1,O=C(NCCc1ccc(-n2cnnc2)cc1)c1cccc(Sc2nccnc2-c2ccc(-c3nccs3)cc2)c1,0.716,O=C(O)c1cccc(O)c1;R109;NCCc1ccc(-n2cnnc2)cc1;R8;Brc1nccnc1Br;R21;Brc1ccc(-c2nccs2)cc1;R95,4,0.716,0.457,0.575
O=C(NCCc1ccc(-n2cnnc2)cc1)c1cccc(-c2nccs2)c1,O=C(NCCc1ccc(-n2cnnc2)cc1)c1cccc(Nc2nccs2)c1,0.705,O=C(O)c1cccc(O)c1;R109;NCCc1ccc(-n2cnnc2)cc1;R8;Nc1nccs1;R9,3,0.705,0.555,0.508
O=C(NCCc1ccc(-n2cnnc2)cc1)c1cccc(-c2nccs2)c1,O=C(NCCc1ccc(-n2cnnc2)cc1)c1cccc(Sc2nccnc2-c2nccs2)c1,0.697,O=C(O)c1cccc(O)c1;R109;NCCc1ccc(-n2cnnc2)cc1;R8;Brc1nccnc1Br;R21;Brc1nccs1;R95,4,0.697,0.467,0.481
O=C(NCCc1ccc(-n2cnnc2)cc1)c1cccc(-c2nccs2)c1,O=C(NCCc1ccc(-n2cnnc2)cc1)c1cccc(Sc2nccs2)c1,0.694,O=C(O)c1cccc(O)c1;R109;NCCc1ccc(-n2cnnc2)cc1;R8;Brc1nccs1;R21,3,0.694,0.646,0.507
O=C(NCCc1ccc(-n2cnnc2)cc1)c1cccc(-c2nccs2)c1,O=C(Nc1ccc(-c2nccs2)cc1)c1cccc(NCCc2ccc(-n3cnnc3)cc2)c1,0.688,O=C(O)c1cccc(O)c1;R109;NCCc1ccc(-n2cnnc2)cc1;R103;Nc1ccc(-c2nccs2)cc1;R8,3,0.688,0.467,0.591
O=C(NCCc1ccc(-n2cnnc2)cc1)c1cccc(-c2nccs2)c1,O=C(NCCc1ccc(-n2cnnc2)cc1)c1cccc(Sc2nccnc2Sc2nccnc2-c2nccs2)c1,0.687,O=C(O)c1cccc(O)c1;R109;NCCc1ccc(-n2cnnc2)cc1;R8;Brc1nccnc1Br;R21;Brc1nccnc1Br;R21;Ic1nccs1;R95,5,,,
O=C(NCCc1ccc(-n2cnnc2)cc1)c1cccc(-c2nccs2)c1,O=C(NCCc1ccc(-n2cnnc2)cc1)c1cccc(NCc2nccs2)c1,0.683,O=C(O)c1cccc(O)c1;R109;NCCc1ccc(-n2cnnc2)cc1;R8;NCc1nccs1;R103,3,,,
O=C(NCCc1ccc(-n2cnnc2)cc1)c1cccc(-c2nccs2)c1,O=C(NCCc1ccc(-n2cnnc2)cc1)c1cccc(OCc2nccs2)c1,0.683,O=C(O)c1cccc(O)c1;R109;NCCc1ccc(-n2cnnc2)cc1;R8;OCc1nccs1;R56,3,,,
O=C(NCCc1ccc(-n2cnnc2)cc1)c1cccc(-c2nccs2)c1,O=C(NCCc1ccc(-n2cnnc2)cc1)c1cccc(S(=O)(=O)c2nccs2)c1,0.683,O=C(O)c1cccc(O)c1;R109;NCCc1ccc(-n2cnnc2)cc1;R8;Clc1nccs1;R33,3,,,
O=C(NCCc1ccc(-n2cnnc2)cc1)c1cccc(-c2nccs2)c1,O=C(NCCc1ccc(-n2cnnc2)cc1)c1cccc(Sc2nccn2-c2cccc(-c3ccc(-c4nccs4)cc3)c2)c1,0.681,O=C(O)c1cccc(O)c1;R109;NCCc1ccc(-n2cnnc2)cc1;R8;Brc1ncc[nH]1;R21;OB(O)c1cccc(Cl)c1;R99;CC1(C)OB(c2ccc(-c3nccs3)cc2)OC1(C)C;R50,5,,,
O=C(NCCc1ccc(-n2cnnc2)cc1)c1cccc(-c2nccs2)c1,O=C(NCCc1ccc(-n2cnnc2)cc1)c1cccc(SCc2nccs2)c1,0.672,O=C(O)c1cccc(O)c1;R109;NCCc1ccc(-n2cnnc2)cc1;R8;BrCc1nccs1;R21,3,,,
O=C(NCCc1ccc(-n2cnnc2)cc1)c1cccc(-c2nccs2)c1,O=C(NCCc1ccc(-n2cnnc2)cc1)c1cccc(C(O)c2nccs2)c1,0.672,O=C(O)c1cccc(O)c1;R109;NCCc1ccc(-n2cnnc2)cc1;R8;O=Cc1nccs1;R98,3,,,
O=C(NCCc1ccc(-n2cnnc2)cc1)c1cccc(-c2nccs2)c1,O=C(NCCc1ccc(-n2cnnc2)cc1)c1cccc(S(=O)(=O)Cc2nccs2)c1,0.662,O=C(O)c1cccc(O)c1;R109;NCCc1ccc(-n2cnnc2)cc1;R8;ClCc1nccs1;R33,3,,,
O=C(NCCc1ccc(-n2cnnc2)cc1)c1cccc(-c2nccs2)c1,O=C(Nc1nnc(-c2cccc(-c3nccs3)c2)s1)c1cccc(NCCc2ccc(-n3cnnc3)cc2)c1,0.657,O=C(O)c1cccc(O)c1;R109;NCCc1ccc(-n2cnnc2)cc1;R103;Nc1nnc(-c2cccc(Br)c2)s1;R8;Brc1nccs1;R95,4,,,
O=C(NCCc1ccc(-n2cnnc2)cc1)c1cccc(-c2nccs2)c1,CC(O)(c1cccc(C(=O)NCCc2ccc(-n3cnnc3)cc2)c1)c1nccs1,0.652,O=C(O)c1cccc(O)c1;R109;NCCc1ccc(-n2cnnc2)cc1;R8;CC(=O)c1nccs1;R98,3,,,
O=C(NCCc1ccc(-n2cnnc2)cc1)c1cccc(-c2nccs2)c1,CC(Sc1cccc(C(=O)NCCc2ccc(-n3cnnc3)cc2)c1)c1nccs1,0.642,O=C(O)c1cccc(O)c1;R109;NCCc1ccc(-n2cnnc2)cc1;R8;CC(Br)c1nccs1;R21,3,,,
O=C(NCCc1ccc(-n2cnnc2)cc1)c1cccc(-c2nccs2)c1,O=C(NCCc1ccc(-n2cnnc2)cc1)c1cccc(Sc2nccnc2Sc2nccs2)c1,0.642,O=C(O)c1cccc(O)c1;R109;NCCc1ccc(-n2cnnc2)cc1;R8;Brc1nccnc1Br;R21;Brc1nccs1;R21,4,,,
O=C(NCCc1ccc(-n2cnnc2)cc1)c1cccc(-c2nccs2)c1,O=C(NCCc1ccc(-n2cnnc2)cc1)c1cccc(Sc2nccnc2Sc2nccnc2Sc2nccs2)c1,0.642,O=C(O)c1cccc(O)c1;R109;NCCc1ccc(-n2cnnc2)cc1;R8;Brc1nccnc1Br;R21;Brc1nccnc1Br;R21;Ic1nccs1;R21,5,,,
O=C(NCCc1ccc(-n2cnnc2)cc1)c1cccc(-c2nccs2)c1,O=C(Nc1cccc(-n2cnnc2)c1)c1cccc(-c2nccs2)c1,0.633,Nc1cccc(-n2cnnc2)c1;O=C(O)c1cccc(-c2nccs2)c1;R8,1,,,
O=C(NCCc1ccc(-n2cnnc2)cc1)c1cccc(-c2nccs2)c1,CC(Nc1ccc(C(=O)NCCc2ccc(-n3cnnc3)cc2)cc1-c1nccs1)c1cccc(-n2cnnc2)c1,0.625,CC(=O)c1cccc(-n2cnnc2)c1;Nc1ccc(C(=O)O)cc1-c1nccs1;R43;NCCc1ccc(-n2cnnc2)cc1;R8,2,,,
O=C(NCCc1ccc(-n2cnnc2)cc1)c1cccc(-c2nccs2)c1,O=C(O)c1cccc(N(CCc2ccc(-n3cnnc3)cc2)c2cccc(-c3nccs3)c2)c1,0.621,O=C(O)c1cccc(O)c1;R109;NCCc1ccc(-n2cnnc2)cc1;R103;Brc1cccc(-c2nccs2)c1;R9,3,,,
O=C(NCCc1ccc(-n2cnnc2)cc1)c1cccc(-c2nccs2)c1,O=C(NCCc1ccc(-n2cnnc2)cc1)c1cccc(-n2cccc2)c1,0.621,O=C(O)c1cccc(-n2cccc2)c1;NCCc1ccc(-n2cnnc2)cc1;R8,1,,,
O=C(NCCc1ccc(-n2cnnc2)cc1)c1cccc(-c2nccs2)c1,O=C(NCCc1ccc(-n2cnnc2)cc1)c1ccccc1,0.611,O=C(O)c1ccccc1;NCCc1ccc(-n2cnnc2)cc1;R8,1,,,
O=C(NCCc1ccc(-n2cnnc2)cc1)c1cccc(-c2nccs2)c1,O=C(O)c1cccc(N(CCc2ccc(-n3cnnc3)cc2)C(=O)c2cccc(-c3nccs3)c2)c1,0.609,O=C(O)c1cccc(O)c1;R109;NCCc1ccc(-n2cnnc2)cc1;R9;O=C(O)c1cccc(-c2nccs2)c1;R8,3,,,
O=C(NCCc1ccc(-n2cnnc2)cc1)c1cccc(-c2nccs2)c1,O=C(NCCc1ccc(-n2cnnc2)cc1)c1cccc(Sc2nccnc2SCc2nccs2)c1,0.606,O=C(O)c1cccc(O)c1;R109;NCCc1ccc(-n2cnnc2)cc1;R8;Brc1nccnc1Br;R21;BrCc1nccs1;R21,4,,,
O=C(NCCc1ccc(-n2cnnc2)cc1)c1cccc(-c2nccs2)c1,O=C(NCCc1ccc(-n2cnnc2)cc1)c1cccc(Sc2nccnc2Nc2nccs2)c1,0.606,O=C(O)c1cccc(O)c1;R109;NCCc1ccc(-n2cnnc2)cc1;R8;Brc1nccnc1Br;R21;Nc1nccs1;R9,4,,,
O=C(NCCc1ccc(-n2cnnc2)cc1)c1cccc(-c2nccs2)c1,O=C(NCCc1ccc(-n2cnnc2)cc1)c1cccc(Sc2nccnc2C(=O)c2nccs2)c1,0.606,O=C(O)c1cccc(O)c1;R109;NCCc1ccc(-n2cnnc2)cc1;R8;Brc1nccnc1Br;R21;N#Cc1nccs1;R97,4,,,
O=C(NCCc1ccc(-n2cnnc2)cc1)c1cccc(-c2nccs2)c1,O=C(NCCc1ccc(-n2cnnc2)cc1)c1cccc(Sc2ncccn2)c1,0.603,O=C(O)c1cccc(O)c1;R109;NCCc1ccc(-n2cnnc2)cc1;R8;Brc1ncccn1;R21,3,,,
O=C(NCCc1ccc(-n2cnnc2)cc1)c1cccc(-c2nccs2)c1,O=C(NCCc1ccc(-n2cnnc2)cc1)c1cccc(Sc2nccnc2Sc2nccnc2Nc2nccs2)c1,0.597,O=C(O)c1cccc(O)c1;R109;NCCc1ccc(-n2cnnc2)cc1;R8;Brc1nccnc1Br;R21;Brc1nccnc1Br;R21;Nc1nccs1;R9,5,,,
O=C(NCCc1ccc(-n2cnnc2)cc1)c1cccc(-c2nccs2)c1,O=C(NCCc1ccc(-n2cnnc2)cc1)c1cccc(-n2ccnn2)c1,0.597,O=C(O)c1cccc(-n2ccnn2)c1;NCCc1ccc(-n2cnnc2)cc1;R8,1,,,
O=C(NCCc1ccc(-n2cnnc2)cc1)c1cccc(-c2nccs2)c1,O=C(NCCc1ccc(-n2cnnc2)cc1)c1cccc(-n2cccn2)c1,0.597,O=C(O)c1cccc(-n2cccn2)c1;NCCc1ccc(-n2cnnc2)cc1;R8,1,,,
O=C(NCCc1ccc(-n2cnnc2)cc1)c1cccc(-c2nccs2)c1,O=C(NCCc1ccc(-n2cnnc2)cc1)c1cccc(N2CCCC2)c1,0.590,O=C(O)c1cccc(N2CCCC2)c1;NCCc1ccc(-n2cnnc2)cc1;R8,1,,,
O=C(NCCc1ccc(-n2cnnc2)cc1)c1cccc(-c2nccs2)c1,O=C(NCCc1ccc(-n2cnnc2)cc1)c1cccc(Sc2nccnc2NCc2nccs2)c1,0.589,O=C(O)c1cccc(O)c1;R109;NCCc1ccc(-n2cnnc2)cc1;R8;Brc1nccnc1Br;R21;NCc1nccs1;R103,4,,,
O=C(NCCc1ccc(-n2cnnc2)cc1)c1cccc(-c2nccs2)c1,O=C(NCCc1ccc(-n2cnnc2)cc1)c1cccc(Sc2nccnc2OCc2nccs2)c1,0.589,O=C(O)c1cccc(O)c1;R109;NCCc1ccc(-n2cnnc2)cc1;R8;Brc1nccnc1Br;R21;OCc1nccs1;R56,4,,,
O=C(NCCc1ccc(-n2cnnc2)cc1)c1cccc(-c2nccs2)c1,O=C(O)c1cccc(N(CCc2ccc(-n3cnnc3)cc2)c2ccc(-c3nccs3)cc2)c1,0.588,O=C(O)c1cccc(O)c1;R109;NCCc1ccc(-n2cnnc2)cc1;R103;Brc1ccc(-c2nccs2)cc1;R9,3,,,
O=C(NCCc1ccc(-n2cnnc2)cc1)c1cccc(-c2nccs2)c1,CC(Sc1nccnc1Sc1cccc(C(=O)NCCc2ccc(-n3cnnc3)cc2)c1)c1nccs1,0.581,O=C(O)c1cccc(O)c1;R109;NCCc1ccc(-n2cnnc2)cc1;R8;Brc1nccnc1Br;R21;CC(Br)c1nccs1;R21,4,,,
O=C(NCCc1ccc(-n2cnnc2)cc1)c1cccc(-c2nccs2)c1,O=C(NCCc1ccc(-n2cnnc2)cc1)c1cccc(Sc2nccnc2C(O)c2nccs2)c1,0.581,O=C(O)c1cccc(O)c1;R109;NCCc1ccc(-n2cnnc2)cc1;R8;Brc1nccnc1Br;R21;O=Cc1nccs1;R98,4,,,
O=C(NCCc1ccc(-n2cnnc2)cc1)c1cccc(-c2nccs2)c1,O=C(NCCc1ccc(-n2cnnc2)cc1)c1cccc(Sc2nccn2-c2ccc(Sc3nccs3)cc2)c1,0.581,O=C(O)c1cccc(O)c1;R109;NCCc1ccc(-n2cnnc2)cc1;R8;Brc1ncc[nH]1;R21;OB(O)c1ccc(Cl)cc1;R99;Ic1nccs1;R21,5,,,
O=C(NCCc1ccc(-n2cnnc2)cc1)c1cccc(-c2nccs2)c1,O=C(NCCc1ccc(-n2cnnc2)cc1)c1cccc(Sc2nccn2-c2cccc(Sc3nccs3)c2)c1,0.581,O=C(O)c1cccc(O)c1;R109;NCCc1ccc(-n2cnnc2)cc1;R8;Brc1ncc[nH]1;R21;OB(O)c1cccc(Cl)c1;R99;Brc1nccs1;R21,5,,,
O=C(NCCc1ccc(-n2cnnc2)cc1)c1cccc(-c2nccs2)c1,O=C(NCCc1ccc(-n2cnnc2)cc1)c1cccc(N2CCCCC2)c1,0.581,O=C(O)c1cccc(N2CCCCC2)c1;NCCc1ccc(-n2cnnc2)cc1;R8,1,,,
O=C(NCCc1ccc(-n2cnnc2)cc1)c1cccc(-c2nccs2)c1,O=C(NCCc1ccc(-n2cnnc2)cc1)c1cccc(-n2cnnn2)c1,0.581,O=C(O)c1cccc(-n2cnnn2)c1;NCCc1ccc(-n2cnnc2)cc1;R8,1,,,
O=C(NCCc1ccc(-n2cnnc2)cc1)c1cccc(-c2nccs2)c1,O=C(NCCc1ccc(-n2cnnc2)cc1)c1cccc(-n2cncn2)c1,0.571,O=C(O)c1cccc(-n2cncn2)c1;NCCc1ccc(-n2cnnc2)cc1;R8,1,,,
O=C(NCCc1ccc(-n2cnnc2)cc1)c1cccc(-c2nccs2)c1,CCNC(=O)c1cccc(NCCc2ccc(-n3cnnc3)cc2)c1.CNC(=O)c1ccc(N)c(-c2nccs2)c1,0.571,O=C(O)c1cccc(O)c1;R109;NCCc1ccc(-n2cnnc2)cc1;R9;Nc1ccc(C(=O)O)cc1-c1nccs1;CN1CC2(CCCNC2)OC1=O;R69,3,,,
O=C(NCCc1ccc(-n2cnnc2)cc1)c1cccc(-c2nccs2)c1,CCNC(=O)c1ccc(N)c(-c2nccs2)c1.CNC(=O)c1cccc(NCCc2ccc(-n3cnnc3)cc2)c1,0.571,O=C(O)c1cccc(O)c1;R109;NCCc1ccc(-n2cnnc2)cc1;R9;Nc1ccc(C(=O)O)cc1-c1nccs1;CN1CC2(CCCNC2)OC1=O;R69,3,,,
O=C(NCCc1ccc(-n2cnnc2)cc1)c1cccc(-c2nccs2)c1,O=C(O)c1cccc(N(CCc2ccc(-n3cnnc3)cc2)C(=O)Nc2cccc(-c3nccs3)c2)c1,0.568,O=C(O)c1cccc(O)c1;R109;NCCc1ccc(-n2cnnc2)cc1;R103;Nc1cccc(-c2nccs2)c1;R36,3,,,
O=C(NCCc1ccc(-n2cnnc2)cc1)c1cccc(-c2nccs2)c1,CC(O)(c1nccs1)c1nccnc1Sc1cccc(C(=O)NCCc2ccc(-n3cnnc3)cc2)c1,0.566,O=C(O)c1cccc(O)c1;R109;NCCc1ccc(-n2cnnc2)cc1;R8;Brc1nccnc1Br;R21;CC(=O)c1nccs1;R98,4,,,
O=C(NCCc1ccc(-n2cnnc2)cc1)c1cccc(-c2nccs2)c1,O=C(Nc1nnc(-c2cccc(Nc3nccs3)c2)s1)c1cccc(NCCc2ccc(-n3cnnc3)cc2)c1,0.566,O=C(O)c1cccc(O)c1;R109;NCCc1ccc(-n2cnnc2)cc1;R103;Nc1nnc(-c2cccc(Br)c2)s1;R8;Nc1nccs1;R9,4,,,
O=C(NCCc1ccc(-n2cnnc2)cc1)c1cccc(-c2nccs2)c1,O=C(NCCc1ccc(-n2cnnc2)cc1)c1cccc(Sc2nccn2-c2cccc(-c3cccs3)c2)c1,0.566,O=C(O)c1cccc(O)c1;R109;NCCc1ccc(-n2cnnc2)cc1;R8;Brc1ncc[nH]1;R21;OB(O)c1cccc(Cl)c1;R99;CC1(C)OB(c2cccs2)OC1(C)C;R50,5,,,
O=C(NCCc1ccc(-n2cnnc2)cc1)c1cccc(-c2nccs2)c1,O=C(NCCc1ccc(-n2cnnc2)cc1)c1cccc(Sc2nccn2-c2ccc(Nc3nccs3)cc2)c1,0.566,O=C(O)c1cccc(O)c1;R109;NCCc1ccc(-n2cnnc2)cc1;R8;Brc1ncc[nH]1;R21;OB(O)c1ccc(Cl)cc1;R99;Nc1nccs1;R9,5,,,
O=C(NCCc1ccc(-n2cnnc2)cc1)c1cccc(-c2nccs2)c1,O=C(O)c1cccc(N(CCc2ccc(-n3cnnc3)cc2)C(=O)NCc2ccc(-c3nccs3)cc2)c1,0.562,O=C(O)c1cccc(O)c1;R109;NCCc1ccc(-n2cnnc2)cc1;R103;NCc1ccc(-c2nccs2)cc1;R36,3,,,
O=C(NCCc1ccc(-n2cnnc2)cc1)c1cccc(-c2nccs2)c1,O=C(NCCc1ccc(-n2cnnc2)cc1)c1cccc(Sc2nccnc2Sc2ncccn2)c1,0.559,O=C(O)c1cccc(O)c1;R109;NCCc1ccc(-n2cnnc2)cc1;R8;Brc1nccnc1Br;R21;Brc1ncccn1;R21,4,,,
O=C(NCCc1ccc(-n2cnnc2)cc1)c1cccc(-c2nccs2)c1,O=C(NCCc1ccc(-n2cnnc2)cc1)c1cccc(Sc2nccn2-c2ccc3cc(Sc4nccs4)ccc3c2)c1,0.558,O=C(O)c1cccc(O)c1;R109;NCCc1ccc(-n2cnnc2)cc1;R8;Brc1ncc[nH]1;R21;OB(O)c1ccc2cc(Cl)ccc2c1;R99;Ic1nccs1;R21,5,,,
O=C(NCCc1ccc(-n2cnnc2)cc1)c1cccc(-c2nccs2)c1,O=C(O)c1cccc(N(CCc2ccc(-n3cnnc3)cc2)c2cc(-c3nccs3)ccc2Cl)c1,0.554,O=C(O)c1cccc(O)c1;R109;NCCc1ccc(-n2cnnc2)cc1;R103;Clc1ccc(-c2nccs2)cc1Br;R9,3,,,
O=C(NCCc1ccc(-n2cnnc2)cc1)c1cccc(-c2nccs2)c1,O=C(O)c1cccc(N(CCc2ccc(-n3cnnc3)cc2)c2ccc(-c3nccs3)cc2Br)c1,0.554,O=C(O)c1cccc(O)c1;R109;NCCc1ccc(-n2cnnc2)cc1;R103;Clc1ccc(-c2nccs2)cc1Br;R9,3,,,
O=C(NCCc1ccc(-n2cnnc2)cc1)c1cccc(-c2nccs2)c1,O=C(Nc1cccc(-c2nccs2)c1)C(=O)N(CCc1ccc(-n2cnnc2)cc1)c1cccc(C(=O)O)c1,0.553,O=C(O)c1cccc(O)c1;R109;NCCc1ccc(-n2cnnc2)cc1;R103;Nc1cccc(-c2nccs2)c1;R38,3,,,
O=C(NCCc1ccc(-n2cnnc2)cc1)c1cccc(-c2nccs2)c1,O=C(NCCc1ccc(-n2cnnc2)cc1)c1cccc(Sc2nccn2-c2cccc(Nc3nccs3)c2)c1,0.551,O=C(O)c1cccc(O)c1;R109;NCCc1ccc(-n2cnnc2)cc1;R8;Brc1ncc[nH]1;R21;OB(O)c1cccc(Cl)c1;R99;Nc1nccs1;R9,5,,,
O=C(NCCc1ccc(-n2cnnc2)cc1)c1cccc(-c2nccs2)c1,O=C(O)c1cccc(N(CCc2ccc(-n3cnnc3)cc2)C(=O)c2ccc(-c3nccs3)cc2)c1,0.549,O=C(O)c1cccc(O)c1;R109;NCCc1ccc(-n2cnnc2)cc1;R9;O=C(O)c1ccc(-c2nccs2)cc1;R8,3,,,
O=C(NCCc1ccc(-n2cnnc2)cc1)c1cccc(-c2nccs2)c1,O=C(NCCc1ccc(-n2cnnc2)cc1)c1cccc(Sc2nccn2c2cccc(-c3ccccc3)c2)c1,0.548,O=C(O)c1cccc(O)c1;R109;NCCc1ccc(-n2cnnc2)cc1;R8;Brc1ncc[nH]1;R21;OB(O)c1cccc(-c2ccccc2)c1;R99,4,,,
O=C(NCCc1ccc(-n2cnnc2)cc1)c1cccc(-c2nccs2)c1,O=C(NCc1ccc(-c2nccs2)cc1)C(=O)N(CCc1ccc(-n2cnnc2)cc1)c1cccc(C(=O)O)c1,0.547,O=C(O)c1cccc(O)c1;R109;NCCc1ccc(-n2cnnc2)cc1;R103;NCc1ccc(-c2nccs2)cc1;R38,3,,,
O=C(NCCc1ccc(-n2cnnc2)cc1)c1cccc(-c2nccs2)c1,O=C(NCc1ccc(-c2nccs2)cc1)c1cccc(-n2ccnc2)c1,0.545,O=C(O)c1cccc(-n2ccnc2)c1;NCc1ccc(-c2nccs2)cc1;R8,1,,,
O=C(NCCc1ccc(-n2cnnc2)cc1)c1cccc(-c2nccs2)c1,Cc1ccsc1-c1cccc(-n2ccnc2Sc2cccc(C(=O)NCCc3ccc(-n4cnnc4)cc3)c2)c1,0.544,O=C(O)c1cccc(O)c1;R109;NCCc1ccc(-n2cnnc2)cc1;R8;Brc1ncc[nH]1;R21;OB(O)c1cccc(Cl)c1;R99;Cc1ccsc1B1OC(C)(C)C(C)(C)O1;R50,5,,,
O=C(NCCc1ccc(-n2cnnc2)cc1)c1cccc(-c2nccs2)c1,O=C(NCCc1ccc(-n2cnnc2)cc1)c1cccc(Sc2nccn2-c2cccc(-c3sccc3Br)c2)c1,0.544,O=C(O)c1cccc(O)c1;R109;NCCc1ccc(-n2cnnc2)cc1;R8;Brc1ncc[nH]1;R21;OB(O)c1cccc(Cl)c1;R99;CC1(C)OB(c2sccc2Br)OC1(C)C;R50,5,,,
O=C(NCCc1ccc(-n2cnnc2)cc1)c1cccc(-c2nccs2)c1,Cc1sccc1-c1cccc(-n2ccnc2Sc2cccc(C(=O)NCCc3ccc(-n4cnnc4)cc3)c2)c1,0.544,O=C(O)c1cccc(O)c1;R109;NCCc1ccc(-n2cnnc2)cc1;R8;Brc1ncc[nH]1;R21;OB(O)c1cccc(Cl)c1;R99;Cc1sccc1B1OC(C)(C)C(C)(C)O1;R50,5,,,
O=C(NCCc1ccc(-n2cnnc2)cc1)c1cccc(-c2nccs2)c1,O=C(NCCc1ccc(-n2cnnc2)cc1)c1cccc(Sc2nccn2-c2cccc(-c3sccc3Cl)c2)c1,0.544,O=C(O)c1cccc(O)c1;R109;NCCc1ccc(-n2cnnc2)cc1;R8;Brc1ncc[nH]1;R21;OB(O)c1cccc(Cl)c1;R99;CC1(C)OB(c2sccc2Cl)OC1(C)C;R50,5,,,
O=C(NCCc1ccc(-n2cnnc2)cc1)c1cccc(-c2nccs2)c1,O=C(NCCc1ccc(-n2cnnc2)cc1)c1cccc(Sc2nccn2-c2cc(Cl)cc(Sc3nccs3)c2)c1,0.544,O=C(O)c1cccc(O)c1;R109;NCCc1ccc(-n2cnnc2)cc1;R8;Brc1ncc[nH]1;R21;OB(O)c1cc(Cl)cc(Cl)c1;R99;Ic1nccs1;R21,5,,,
O=C(NCCc1ccc(-n2cnnc2)cc1)c1cccc(-c2nccs2)c1,O=C(NCCc1ccc(-n2cnnc2)cc1)c1cccc(Sc2nccnc2-c2ncccn2)c1,0.543,O=C(O)c1cccc(O)c1;R109;NCCc1ccc(-n2cnnc2)cc1;R8;Brc1nccnc1Br;R21;Brc1ncccn1;R95,4,,,
O=C(NCCc1ccc(-n2cnnc2)cc1)c1cccc(-c2nccs2)c1,O=C(NCCc1ccc(-n2cnnc2)cc1)c1cccc(Sc2nccn2c2ccccc2)c1,0.543,O=C(O)c1cccc(O)c1;R109;NCCc1ccc(-n2cnnc2)cc1;R8;Brc1ncc[nH]1;R21;OB(O)c1ccccc1;R99,4,,,
O=C(NCCc1ccc(-n2cnnc2)cc1)c1cccc(-c2nccs2)c1,O=C(O)c1cccc(N(CCc2ccc(-n3cnnc3)cc2)C(=O)Nc2ccc(-c3nccs3)cc2)c1,0.541,O=C(O)c1cccc(O)c1;R109;NCCc1ccc(-n2cnnc2)cc1;R103;Nc1ccc(-c2nccs2)cc1;R36,3,,,
O=C(NCCc1ccc(-n2cnnc2)cc1)c1cccc(-c2nccs2)c1,O=C(NCCc1ccc(-n2cnnc2)cc1)c1cccc(Sc2nccn2-c2cccc(-c3ccncc3)c2)c1,0.541,O=C(O)c1cccc(O)c1;R109;NCCc1ccc(-n2cnnc2)cc1;R8;Brc1ncc[nH]1;R21;OB(O)c1cccc(Cl)c1;R99;CC1(C)OB(c2ccncc2)OC1(C)C;R50,5,,,
O=C(NCCc1ccc(-n2cnnc2)cc1)c1cccc(-c2nccs2)c1,O=C(Nc1nnc(-c2cccc(Sc3nccs3)c2)s1)c1cccc(NCCc2ccc(-n3cnnc3)cc2)c1,0.537,O=C(O)c1cccc(O)c1;R109;NCCc1ccc(-n2cnnc2)cc1;R103;Nc1nnc(-c2cccc(Br)c2)s1;R8;Clc1nccs1;R21,4,,,
O=C(NCCc1ccc(-n2cnnc2)cc1)c1cccc(-c2nccs2)c1,O=C(NCCc1ccc(-n2cnnc2)cc1)c1cccc(Sc2nccn2-c2cccc(-c3cc4sccc4s3)c2)c1,0.537,O=C(O)c1cccc(O)c1;R109;NCCc1ccc(-n2cnnc2)cc1;R8;Brc1ncc[nH]1;R21;OB(O)c1cccc(Cl)c1;R99;CC1(C)OB(c2cc3sccc3s2)OC1(C)C;R50,5,,,
O=C(NCCc1ccc(-n2cnnc2)cc1)c1cccc(-c2nccs2)c1,O=C(NCCc1ccc(-n2cnnc2)cc1)c1cccc(Sc2nccn2-c2ccc(Sc3nccs3)c(Cl)c2)c1,0.537,O=C(O)c1cccc(O)c1;R109;NCCc1ccc(-n2cnnc2)cc1;R8;Brc1ncc[nH]1;R21;OB(O)c1ccc(Cl)c(Cl)c1;R99;Brc1nccs1;R21,5,,,
O=C(NCCc1ccc(-n2cnnc2)cc1)c1cccc(-c2nccs2)c1,O=C(NCCc1ccc(-n2cnnc2)cc1)c1cccc(Sc2nccn2-c2ccc(Cl)c(Sc3nccs3)c2)c1,0.537,O=C(O)c1cccc(O)c1;R109;NCCc1ccc(-n2cnnc2)cc1;R8;Brc1ncc[nH]1;R21;OB(O)c1ccc(Cl)c(Cl)c1;R99;Brc1nccs1;R21,5,,,
O=C(NCCc1ccc(-n2cnnc2)cc1)c1cccc(-c2nccs2)c1,O=C(NCCc1ccc(-n2cnnc2)cc1)c1cccc(Sc2nccn2-c2cccc(S(=O)(=O)c3nccs3)c2)c1,0.537,O=C(O)c1cccc(O)c1;R109;NCCc1ccc(-n2cnnc2)cc1;R8;Brc1ncc[nH]1;R21;OB(O)c1cccc(Cl)c1;R99;Clc1nccs1;R33,5,,,
O=C(NCCc1ccc(-n2cnnc2)cc1)c1cccc(-c2nccs2)c1,O=C(NCCc1ccc(-n2cnnc2)cc1)c1cccc(Sc2nccnc2-c2nccnc2Br)c1,0.535,O=C(O)c1cccc(O)c1;R109;NCCc1ccc(-n2cnnc2)cc1;R8;Brc1nccnc1Br;R21;Brc1nccnc1Br;R95,4,,,
O=C(NCCc1ccc(-n2cnnc2)cc1)c1cccc(-c2nccs2)c1,O=C(O)c1cccc(N(CCc2ccc(-n3cnnc3)cc2)C(=O)Nc2nnc(-c3cccc(-c4nccs4)c3)s2)c1,0.532,O=C(O)c1cccc(O)c1;R109;NCCc1ccc(-n2cnnc2)cc1;R103;Nc1nnc(-c2cccc(Br)c2)s1;R36;Ic1nccs1;R95,4,,,
O=C(NCCc1ccc(-n2cnnc2)cc1)c1cccc(-c2nccs2)c1,O=C(NCCc1ccc(-n2cnnc2)cc1)c1cccc(Sc2nccn2-c2cccc(-c3cncs3)c2)c1,0.532,O=C(O)c1cccc(O)c1;R109;NCCc1ccc(-n2cnnc2)cc1;R8;Brc1ncc[nH]1;R21;OB(O)c1cccc(Cl)c1;R99;CC1(C)OB(c2cncs2)OC1(C)C;R50,5,,,
O=C(NCCc1ccc(-n2cnnc2)cc1)c1cccc(-c2nccs2)c1,O=C(NCCc1ccc(-n2cnnc2)cc1)c1cccc(Sc2nccn2-c2ccc3cc(Nc4nccs4)ccc3c2)c1,0.531,O=C(O)c1cccc(O)c1;R109;NCCc1ccc(-n2cnnc2)cc1;R8;Brc1ncc[nH]1;R21;OB(O)c1ccc2cc(Cl)ccc2c1;R99;Nc1nccs1;R9,5,,,
O=C(NCCc1ccc(-n2cnnc2)cc1)c1cccc(-c2nccs2)c1,O=C(Nc1ccc(-c2nccs2)cc1)C(=O)N(CCc1ccc(-n2cnnc2)cc1)c1cccc(C(=O)O)c1,0.526,O=C(O)c1cccc(O)c1;R109;NCCc1ccc(-n2cnnc2)cc1;R103;Nc1ccc(-c2nccs2)cc1;R38,3,,,
O=C(NCCc1ccc(-n2cnnc2)cc1)c1cccc(-c2nccs2)c1,O=C(NCCc1ccc(-n2cnnc2)cc1)c1cccc(Sc2nccn2-c2cccc(-c3cscn3)c2)c1,0.526,O=C(O)c1cccc(O)c1;R109;NCCc1ccc(-n2cnnc2)cc1;R8;Brc1ncc[nH]1;R21;OB(O)c1cccc(Cl)c1;R99;CC1(C)OB(c2cscn2)OC1(C)C;R50,5,,,
O=C(NCCc1ccc(-n2cnnc2)cc1)c1cccc(-c2nccs2)c1,O=C(NCCc1ccc(-n2cnnc2)cc1)c1cccc(Sc2nccn2-c2cccc(-c3ccns3)c2)c1,0.526,O=C(O)c1cccc(O)c1;R109;NCCc1ccc(-n2cnnc2)cc1;R8;Brc1ncc[nH]1;R21;OB(O)c1cccc(Cl)c1;R99;CC1(C)OB(c2ccns2)OC1(C)C;R50,5,,,
O=C(NCCc1ccc(-n2cnnc2)cc1)c1cccc(-c2nccs2)c1,CC(c1cccc(-n2cnnc2)c1)N(C(=O)NCCc1ccc(-n2cnnc2)cc1)c1ccc(C(=O)O)cc1-c1nccs1,0.525,CC(=O)c1cccc(-n2cnnc2)c1;Nc1ccc(C(=O)O)cc1-c1nccs1;R43;NCCc1ccc(-n2cnnc2)cc1;R36,2,,,
O=C(NCCc1ccc(-n2cnnc2)cc1)c1cccc(-c2nccs2)c1,Cc1scnc1-c1cccc(-n2ccnc2Sc2cccc(C(=O)NCCc3ccc(-n4cnnc4)cc3)c2)c1,0.525,O=C(O)c1cccc(O)c1;R109;NCCc1ccc(-n2cnnc2)cc1;R8;Brc1ncc[nH]1;R21;OB(O)c1cccc(Cl)c1;R99;Cc1scnc1B1OC(C)(C)C(C)(C)O1;R50,5,,,
O=C(NCCc1ccc(-n2cnnc2)cc1)c1cccc(-c2nccs2)c1,O=C(O)c1cccc(N(CCc2ccc(-n3cnnc3)cc2)c2ccccc2-c2nccs2)c1,0.521,O=C(O)c1cccc(O)c1;R109;NCCc1ccc(-n2cnnc2)cc1;R103;Brc1ccccc1-c1nccs1;R9,3,,,
O=C(NCCc1ccc(-n2cnnc2)cc1)c1cccc(-c2nccs2)c1,O=C(NCCc1ccc(-n2cnnc2)cc1)c1cccc(Sc2nccn2c2cccc(-c3ccc(Cl)cc3)c2)c1,0.519,O=C(O)c1cccc(O)c1;R109;NCCc1ccc(-n2cnnc2)cc1;R8;Brc1ncc[nH]1;R21;OB(O)c1cccc(-c2ccc(Cl)cc2)c1;R99,4,,,
O=C(NCCc1ccc(-n2cnnc2)cc1)c1cccc(-c2nccs2)c1,O=C(Nc1nnc(-c2cccc(-c3nccs3)c2)s1)C(=O)N(CCc1ccc(-n2cnnc2)cc1)c1cccc(C(=O)O)c1,0.519,O=C(O)c1cccc(O)c1;R109;NCCc1ccc(-n2cnnc2)cc1;R103;Nc1nnc(-c2cccc(Br)c2)s1;R38;Ic1nccs1;R95,4,,,
O=C(NCCc1ccc(-n2cnnc2)cc1)c1cccc(-c2nccs2)c1,O=C(O)c1cccc(N(CCc2ccc(-n3cnnc3)cc2)c2nccs2)c1,0.515,O=C(O)c1cccc(O)c1;R109;NCCc1ccc(-n2cnnc2)cc1;R103;Brc1nccs1;R9,3,,,
O=C(NCCc1ccc(-n2cnnc2)cc1)c1cccc(-c2nccs2)c1,O=C(NCCc1ccc(-n2cnnc2)cc1)c1cccc(Sc2nccn2c2cccc(O)c2)c1,0.514,O=C(O)c1cccc(O)c1;R109;NCCc1ccc(-n2cnnc2)cc1;R8;Brc1ncc[nH]1;R21;OB(O)c1cccc(O)c1;R99,4,,,
O=C(NCCc1ccc(-n2cnnc2)cc1)c1cccc(-c2nccs2)c1,Cc1cccc(n2ccnc2Sc2cccc(C(=O)NCCc3ccc(-n4cnnc4)cc3)c2)c1,0.514,O=C(O)c1cccc(O)c1;R109;NCCc1ccc(-n2cnnc2)cc1;R8;Brc1ncc[nH]1;R21;Cc1cccc(B(O)O)c1;R99,4,,,
O=C(NCCc1ccc(-n2cnnc2)cc1)c1cccc(-c2nccs2)c1,O=C(NCCc1ccc(-n2cnnc2)cc1)c1cccc(Sc2nccn2c2cccc(F)c2)c1,0.514,O=C(O)c1cccc(O)c1;R109;NCCc1ccc(-n2cnnc2)cc1;R8;Brc1ncc[nH]1;R21;OB(O)c1cccc(F)c1;R99,4,,,
O=C(NCCc1ccc(-n2cnnc2)cc1)c1cccc(-c2nccs2)c1,Cc1ncc(-c2cccc(-n3ccnc3Sc3cccc(C(=O)NCCc4ccc(-n5cnnc5)cc4)c3)c2)cn1,0.513,O=C(O)c1cccc(O)c1;R109;NCCc1ccc(-n2cnnc2)cc1;R8;Brc1ncc[nH]1;R21;OB(O)c1cccc(Cl)c1;R99;Cc1ncc(B2OC(C)(C)C(C)(C)O2)cn1;R50,5,,,
O=C(NCCc1ccc(-n2cnnc2)cc1)c1cccc(-c2nccs2)c1,O=C(Nc1nnc(-c2cccc(Br)c2)s1)c1cccc(N(CCc2ccc(-n3cnnc3)cc2)c2nccs2)c1,0.512,O=C(O)c1cccc(O)c1;R109;NCCc1ccc(-n2cnnc2)cc1;R103;Nc1nnc(-c2cccc(Br)c2)s1;R8;Clc1nccs1;R9,4,,,
O=C(NCCc1ccc(-n2cnnc2)cc1)c1cccc(-c2nccs2)c1,Nc1ncc(-c2cccc(-n3ccnc3Sc3cccc(C(=O)NCCc4ccc(-n5cnnc5)cc4)c3)c2)s1,0.512,O=C(O)c1cccc(O)c1;R109;NCCc1ccc(-n2cnnc2)cc1;R8;Brc1ncc[nH]1;R21;OB(O)c1cccc(Cl)c1;R99;CC1(C)OB(c2cnc(N)s2)OC1(C)C;R50,5,,,
O=C(NCCc1ccc(-n2cnnc2)cc1)c1cccc(-c2nccs2)c1,CC(c1cccc(-n2cnnc2)c1)N(C(=O)C(=O)NCCc1ccc(-n2cnnc2)cc1)c1ccc(C(=O)O)cc1-c1nccs1,0.512,CC(=O)c1cccc(-n2cnnc2)c1;Nc1ccc(C(=O)O)cc1-c1nccs1;R43;NCCc1ccc(-n2cnnc2)cc1;R38,2,,,
O=C(NCCc1ccc(-n2cnnc2)cc1)c1cccc(-c2nccs2)c1,O=C(NCCc1ccc(-n2cnnc2)cc1)c1cccc(Sc2nccn2c2cccc(CO)c2)c1,0.507,O=C(O)c1cccc(O)c1;R109;NCCc1ccc(-n2cnnc2)cc1;R8;Brc1ncc[nH]1;R21;OCc1cccc(B(O)O)c1;R99,4,,,
C[C@@H](C(=O)NCC1CN(C(=O)C2CC(C(F)(F)F)C2)C1)C(C)(C)O,C[C@@H](C(=O)NCC1CN(C(=O)C2CC(C(F)(F)F)C2)C1)C(C)(C)O,1.000,O=C(O)C1CC(C(F)(F)F)C1;NCC1CNC1;R8;C[C@@H](C(=O)O)C(C)(C)O;R8,2,1.000,1.000,1.000
C[C@@H](C(=O)NCC1CN(C(=O)C2CC(C(F)(F)F)C2)C1)C(C)(C)O,C[C@@H](C(=O)NC[C@H]1CCN(C(=O)C2CC(C(F)(F)F)C2)C1)C(C)(C)O,0.837,O=C(O)C1CC(C(F)(F)F)C1;NC[C@H]1CCNC1;R8;C[C@@H](C(=O)O)C(C)(C)O;R8,2,0.900,0.752,0.853
C[C@@H](C(=O)NCC1CN(C(=O)C2CC(C(F)(F)F)C2)C1)C(C)(C)O,C[C@@H](C(=O)NCC1CN(C(=O)C2CC(C(F)(F)F)C2)C1)C(C)(C)C,0.826,O=C(O)C1CC(C(F)(F)F)C1;NCC1CNC1;R8;C[C@@H](C(=O)O)C(C)(C)C;R8,2,1.000,0.730,0.789
C[C@@H](C(=O)NCC1CN(C(=O)C2CC(C(F)(F)F)C2)C1)C(C)(C)O,CC(C(=O)NCC1CN(C(=O)C2CC(C(F)(F)F)C2)C1)C(C)(F)F,0.826,O=C(O)C1CC(C(F)(F)F)C1;NCC1CNC1;R8;CC(C(=O)O)C(C)(F)F;R8,2,1.000,0.919,0.687
C[C@@H](C(=O)NCC1CN(C(=O)C2CC(C(F)(F)F)C2)C1)C(C)(C)O,CC(C(=O)NCC1CN(C(=O)C2CC(C(F)(F)F)C2)C1)C(F)(F)F,0.804,O=C(O)C1CC(C(F)(F)F)C1;NCC1CNC1;R8;CC(C(=O)O)C(F)(F)F;R8,2,1.000,0.919,0.720
C[C@@H](C(=O)NCC1CN(C(=O)C2CC(C(F)(F)F)C2)C1)C(C)(C)O,CC(C)(O)C(O)C(=O)NCC1CN(C(=O)C2CC(C(F)(F)F)C2)C1,0.792,O=C(O)C1CC(C(F)(F)F)C1;NCC1CNC1;R8;CC(C)(O)C(O)C(=O)O;R8,2,1.000,0.790,0.806
C[C@@H](C(=O)NCC1CN(C(=O)C2CC(C(F)(F)F)C2)C1)C(C)(C)O,CC(C)(O)C(F)C(=O)NCC1CN(C(=O)C2CC(C(F)(F)F)C2)C1,0.792,O=C(O)C1CC(C(F)(F)F)C1;NCC1CNC1;R8;CC(C)(O)C(F)C(=O)O;R8,2,1.000,0.879,0.778
C[C@@H](C(=O)NCC1CN(C(=O)C2CC(C(F)(F)F)C2)C1)C(C)(C)O,CC(C)(O)[C@H](N)C(=O)NCC1CN(C(=O)C2CC(C(F)(F)F)C2)C1,0.776,O=C(O)C1CC(C(F)(F)F)C1;NCC1CNC1;R8;CC(C)(O)[C@H](N)C(=O)O;R8,2,1.000,0.701,0.774
C[C@@H](C(=O)NCC1CN(C(=O)C2CC(C(F)(F)F)C2)C1)C(C)(C)O,CC(C)C(=O)NCC1CN(C(=O)C2CC(C(F)(F)F)C2)C1,0.761,O=C(O)C1CC(C(F)(F)F)C1;NCC1CNC1;R8;CC(C)C(=O)O;R8,2,1.000,0.844,0.781
C[C@@H](C(=O)NCC1CN(C(=O)C2CC(C(F)(F)F)C2)C1)C(C)(C)O,CC(C(=O)O)C(=O)NCC1CN(C(=O)C2CC(C(F)(F)F)C2)C1,0.735,O=C(O)C1CC(C(F)(F)F)C1;NCC1CNC1;R8;CC(C(=O)O)C(=O)O;R8,2,1.000,0.875,0.769
C[C@@H](C(=O)NCC1CN(C(=O)C2CC(C(F)(F)F)C2)C1)C(C)(C)O,CC(C(=O)O)C(C)C(=O)NCC1CN(C(=O)C2CC(C(F)(F)F)C2)C1,0.735,O=C(O)C1CC(C(F)(F)F)C1;NCC1CNC1;R8;CC(C(=O)O)C(C)C(=O)O;R8,2,,,
C[C@@H](C(=O)NCC1CN(C(=O)C2CC(C(F)(F)F)C2)C1)C(C)(C)O,CC(C)C(C)(O)C(=O)NCC1CN(C(=O)C2CC(C(F)(F)F)C2)C1,0.720,O=C(O)C1CC(C(F)(F)F)C1;NCC1CNC1;R8;CC(C)C(C)(O)C(=O)O;R8,2,,,
C[C@@H](C(=O)NCC1CN(C(=O)C2CC(C(F)(F)F)C2)C1)C(C)(C)O,CC(C)(O)C(=O)NCC1CN(C(=O)C2CC(C(F)(F)F)C2)C1,0.708,O=C(O)C1CC(C(F)(F)F)C1;NCC1CNC1;R8;CC(C)(O)C(=O)O;R8,2,,,
C[C@@H](C(=O)NCC1CN(C(=O)C2CC(C(F)(F)F)C2)C1)C(C)(C)O,C[C@@H](C(=O)N1CC(CNC(=O)C2CC(C(F)(F)F)C2)C1)C(C)(C)O,0.686,O=C(O)C1CC(C(F)(F)F)C1;NCC1CNC1;R8;C[C@@H](C(=O)O)C(C)(C)O;R8,2,,,
C[C@@H](C(=O)NCC1CN(C(=O)C2CC(C(F)(F)F)C2)C1)C(C)(C)O,CC(C)(O)[C@H](NC(=O)NCC1CN(C(=O)C2CC(C(F)(F)F)C2)C1)C(=O)O,0.667,O=C(O)C1CC(C(F)(F)F)C1;NCC1CNC1;R8;CC(C)(O)[C@H](N)C(=O)O;R36,2,,,
C[C@@H](C(=O)NCC1CN(C(=O)C2CC(C(F)(F)F)C2)C1)C(C)(C)O,CC(C)(O)[C@H](NC(=O)C(=O)NCC1CN(C(=O)C2CC(C(F)(F)F)C2)C1)C(=O)O,0.655,O=C(O)C1CC(C(F)(F)F)C1;NCC1CNC1;R8;CC(C)(O)[C@H](N)C(=O)O;R38,2,,,
C[C@@H](C(=O)NCC1CN(C(=O)C2CC(C(F)(F)F)C2)C1)C(C)(C)O,CC(C(=O)NC[C@H]1CCN(C2CC(C(F)(F)F)C2)C1)C(C)(C)O,0.630,O=C1CC(C(F)(F)F)C1;NC[C@H]1CCNC1;R43;CCOC(=O)C(C)C(C)(C)O;R49,2,,,
C[C@@H](C(=O)NCC1CN(C(=O)C2CC(C(F)(F)F)C2)C1)C(C)(C)O,C[C@@H](C(=O)N1CC[C@H](CNC(=O)C2CC(C(F)(F)F)C2)C1)C(C)(C)O,0.607,O=C(O)C1CC(C(F)(F)F)C1;NC[C@H]1CCNC1;R8;C[C@@H](C(=O)O)C(C)(C)O;R8,2,,,
C[C@@H](C(=O)NCC1CN(C(=O)C2CC(C(F)(F)F)C2)C1)C(C)(C)O,C[C@@H](C(=O)NCC1CN(C2(C(=O)O)CC(C(F)(F)F)C2)C1)C(C)(C)O,0.600,O=C1CC(C(F)(F)F)C1;NCC1CNC1;R71;C[C@@H](C(=O)O)C(C)(C)O;R8,2,,,
C[C@@H](C(=O)NCC1CN(C(=O)C2CC(C(F)(F)F)C2)C1)C(C)(C)O,CC(C)(O)C(O)C(=O)N1CC(CNC(=O)C2CC(C(F)(F)F)C2)C1,0.593,O=C(O)C1CC(C(F)(F)F)C1;NCC1CNC1;R8;CC(C)(O)C(O)C(=O)O;R8,2,,,
C[C@@H](C(=O)NCC1CN(C(=O)C2CC(C(F)(F)F)C2)C1)C(C)(C)O,CC(C)C(C)(O)C(=O)N1CC(CNC(=O)C2CC(C(F)(F)F)C2)C1,0.593,O=C(O)C1CC(C(F)(F)F)C1;NCC1CNC1;R8;CC(C)C(C)(O)C(=O)O;R8,2,,,
C[C@@H](C(=O)NCC1CN(C(=O)C2CC(C(F)(F)F)C2)C1)C(C)(C)O,CC(C)(O)C(F)C(=O)N1CC(CNC(=O)C2CC(C(F)(F)F)C2)C1,0.593,O=C(O)C1CC(C(F)(F)F)C1;NCC1CNC1;R8;CC(C)(O)C(F)C(=O)O;R8,2,,,
C[C@@H](C(=O)NCC1CN(C(=O)C2CC(C(F)(F)F)C2)C1)C(C)(C)O,C[C@@H](C(=O)N1CC(CNC(=O)C2CC(C(F)(F)F)C2)C1)C(C)(C)C,0.585,O=C(O)C1CC(C(F)(F)F)C1;NCC1CNC1;R8;C[C@@H](C(=O)O)C(C)(C)C;R8,2,,,
C[C@@H](C(=O)NCC1CN(C(=O)C2CC(C(F)(F)F)C2)C1)C(C)(C)O,CC(C(=O)N1CC(CNC(=O)C2CC(C(F)(F)F)C2)C1)C(C)(F)F,0.585,O=C(O)C1CC(C(F)(F)F)C1;NCC1CNC1;R8;CC(C(=O)O)C(C)(F)F;R8,2,,,
C[C@@H](C(=O)NCC1CN(C(=O)C2CC(C(F)(F)F)C2)C1)C(C)(C)O,CC(C)(O)[C@H](N)C(=O)N1CC(CNC(=O)C2CC(C(F)(F)F)C2)C1,0.582,O=C(O)C1CC(C(F)(F)F)C1;NCC1CNC1;R8;CC(C)(O)[C@H](N)C(=O)O;R8,2,,,
C[C@@H](C(=O)NCC1CN(C(=O)C2CC(C(F)(F)F)C2)C1)C(C)(C)O,CC(C)(O)C(=O)N1CC(CNC(=O)C2CC(C(F)(F)F)C2)C1,0.577,O=C(O)C1CC(C(F)(F)F)C1;NCC1CNC1;R8;CC(C)(O)C(=O)O;R8,2,,,
C[C@@H](C(=O)NCC1CN(C(=O)C2CC(C(F)(F)F)C2)C1)C(C)(C)O,CC(C(=O)N1CC(CNC(=O)C2CC(C(F)(F)F)C2)C1)C(F)(F)F,0.566,O=C(O)C1CC(C(F)(F)F)C1;NCC1CNC1;R8;CC(C(=O)O)C(F)(F)F;R8,2,,,
C[C@@H](C(=O)NCC1CN(C(=O)C2CC(C(F)(F)F)C2)C1)C(C)(C)O,CC(C(=O)O)C(C)C(=O)N1CC(CNC(=O)C2CC(C(F)(F)F)C2)C1,0.564,O=C(O)C1CC(C(F)(F)F)C1;NCC1CNC1;R8;CC(C(=O)O)C(C)C(=O)O;R8,2,,,
C[C@@H](C(=O)NCC1CN(C(=O)C2CC(C(F)(F)F)C2)C1)C(C)(C)O,CC(C)C(=O)N1CC(CNC(=O)C2CC(C(F)(F)F)C2)C1,0.558,O=C(O)C1CC(C(F)(F)F)C1;NCC1CNC1;R8;CC(C)C(=O)O;R8,2,,,
C[C@@H](C(=O)NCC1CN(C(=O)C2CC(C(F)(F)F)C2)C1)C(C)(C)O,CC(C)(O)[C@H](NC(=O)N1CC(CNC(=O)C2CC(C(F)(F)F)C2)C1)C(=O)O,0.552,O=C(O)C1CC(C(F)(F)F)C1;NCC1CNC1;R8;CC(C)(O)[C@H](N)C(=O)O;R36,2,,,
C[C@@H](C(=O)NCC1CN(C(=O)C2CC(C(F)(F)F)C2)C1)C(C)(C)O,CC(C(=O)O)C(=O)N1CC(CNC(=O)C2CC(C(F)(F)F)C2)C1,0.545,O=C(O)C1CC(C(F)(F)F)C1;NCC1CNC1;R8;CC(C(=O)O)C(=O)O;R8,2,,,
C[C@@H](C(=O)NCC1CN(C(=O)C2CC(C(F)(F)F)C2)C1)C(C)(C)O,CC(C)(O)[C@H](NC(=O)C(=O)N1CC(CNC(=O)C2CC(C(F)(F)F)C2)C1)C(=O)O,0.533,O=C(O)C1CC(C(F)(F)F)C1;NCC1CNC1;R8;CC(C)(O)[C@H](N)C(=O)O;R38,2,,,
C[C@@H](C(=O)NCC1CN(C(=O)C2CC(C(F)(F)F)C2)C1)C(C)(C)O,CC(C(=O)N1CC[C@H](CNC2CC(C(F)(F)F)C2)C1)C(C)(C)O,0.517,O=C1CC(C(F)(F)F)C1;NC[C@H]1CCNC1;R43;CCOC(=O)C(C)C(C)(C)O;R49,2,,,
C[C@@H](C(=O)NCC1CN(C(=O)C2CC(C(F)(F)F)C2)C1)C(C)(C)O,C[C@@H](C(=O)OC1(C(=O)O)CCC(C(F)(F)F)CC1C(=O)NC[C@H]1C[C@@H](C(F)(F)F)C1)C(C)(C)O,0.412,COC(=O)C1CC(C(F)(F)F)CCC1=O;C[C@@H](C(=O)O)C(C)(C)O;R71;NC[C@H]1C[C@@H](C(F)(F)F)C1;R49,2,,,
C[C@@H](C(=O)NCC1CN(C(=O)C2CC(C(F)(F)F)C2)C1)C(C)(C)O,COC(=O)C1CC(C(F)(F)F)CCC1(OC(C)(C)[C@@H](C)C(=O)NC[C@H]1C[C@@H](C(F)(F)F)C1)C(=O)O,0.400,COC(=O)C1CC(C(F)(F)F)CCC1=O;C[C@@H](C(=O)O)C(C)(C)O;R71;NC[C@H]1C[C@@H](C(F)(F)F)C1;R8,2,,,
C[C@@H](C(=O)NCC1CN(C(=O)C2CC(C(F)(F)F)C2)C1)C(C)(C)O,COC(=O)C1CC(C(F)(F)F)CCC1(OC(=O)[C@H](C)C(C)(C)O)C(=O)NC[C@H]1C[C@@H](C(F)(F)F)C1,0.400,COC(=O)C1CC(C(F)(F)F)CCC1=O;C[C@@H](C(=O)O)C(C)(C)O;R71;NC[C@H]1C[C@@H](C(F)(F)F)C1;R8,2,,,
C[C@@H](C(=O)NCC1CN(C(=O)C2CC(C(F)(F)F)C2)C1)C(C)(C)O,C[C@@H](C(=O)OC1(C(=O)O)CCC(C(F)(F)F)CC1C(=O)NC[C@@H]1CC[C@H](C(F)(F)F)C1)C(C)(C)O,0.386,COC(=O)C1CC(C(F)(F)F)CCC1=O;C[C@@H](C(=O)O)C(C)(C)O;R71;NC[C@@H]1CC[C@H](C(F)(F)F)C1;R49,2,,,
C[C@@H](C(=O)NCC1CN(C(=O)C2CC(C(F)(F)F)C2)C1)C(C)(C)O,C[C@@H](C(=O)OC1(C(=O)O)CCC(C(F)(F)F)CC1C(=O)NCC1CCC(C(F)(F)F)CC1)C(C)(C)O,0.386,COC(=O)C1CC(C(F)(F)F)CCC1=O;C[C@@H](C(=O)O)C(C)(C)O;R71;NCC1CCC(C(F)(F)F)CC1;R49,2,,,
C[C@@H](C(=O)NCC1CN(C(=O)C2CC(C(F)(F)F)C2)C1)C(C)(C)O,COC(=O)C1CC(C(F)(F)F)CCC1(OC(C)(C)[C@@H](C)C(=O)NC[C@@H]1CC[C@H](C(F)(F)F)C1)C(=O)O,0.380,COC(=O)C1CC(C(F)(F)F)CCC1=O;C[C@@H](C(=O)O)C(C)(C)O;R71;NC[C@@H]1CC[C@H](C(F)(F)F)C1;R8,2,,,
C[C@@H](C(=O)NCC1CN(C(=O)C2CC(C(F)(F)F)C2)C1)C(C)(C)O,COC(=O)C1CC(C(F)(F)F)CCC1(OC(C)(C)[C@@H](C)C(=O)NCC1CCC(C(F)(F)F)CC1)C(=O)O,0.380,COC(=O)C1CC(C(F)(F)F)CCC1=O;C[C@@H](C(=O)O)C(C)(C)O;R71;NCC1CCC(C(F)(F)F)CC1;R8,2,,,
C[C@@H](C(=O)NCC1CN(C(=O)C2CC(C(F)(F)F)C2)C1)C(C)(C)O,CC(C(=O)N(C[C@H]1CCNC1)C1CC(C(F)(F)F)C1)C(C)(C)O,0.375,O=C1CC(C(F)(F)F)C1;NC[C@H]1CCNC1;R43;CCOC(=O)C(C)C(C)(C)O;R49,2,,,
C[C@@H](C(=O)NCC1CN(C(=O)C2CC(C(F)(F)F)C2)C1)C(C)(C)O,COC(=O)C1CC(C(F)(F)F)CCC1(OC(=O)[C@H](C)C(C)(C)O)C(=O)NC[C@@H]1CC[C@H](C(F)(F)F)C1,0.375,COC(=O)C1CC(C(F)(F)F)CCC1=O;C[C@@H](C(=O)O)C(C)(C)O;R71;NC[C@@H]1CC[C@H](C(F)(F)F)C1;R8,2,,,
C[C@@H](C(=O)NCC1CN(C(=O)C2CC(C(F)(F)F)C2)C1)C(C)(C)O,COC(=O)C1CC(C(F)(F)F)CCC1(OC(=O)[C@H](C)C(C)(C)O)C(=O)NCC1CCC(C(F)(F)F)CC1,0.375,COC(=O)C1CC(C(F)(F)F)CCC1=O;C[C@@H](C(=O)O)C(C)(C)O;R71;NCC1CCC(C(F)(F)F)CC1;R8,2,,,
C[C@@H](C(=O)NCC1CN(C(=O)C2CC(C(F)(F)F)C2)C1)C(C)(C)O,C[C@@H](C(=O)OC1(C(=O)O)CCC(C(F)(F)F)CC1C(=O)NCC1CC(CC(F)(F)F)C1)C(C)(C)O,0.370,COC(=O)C1CC(C(F)(F)F)CCC1=O;C[C@@H](C(=O)O)C(C)(C)O;R71;NCC1CC(CC(F)(F)F)C1;R49,2,,,
C[C@@H](C(=O)NCC1CN(C(=O)C2CC(C(F)(F)F)C2)C1)C(C)(C)O,C[C@@H](C(=O)OC1(C(=O)O)CCC(C(F)(F)F)CC1C(=O)NCC1CC2(C1)CC(C(F)(F)F)C2)C(C)(C)O,0.370,COC(=O)C1CC(C(F)(F)F)CCC1=O;C[C@@H](C(=O)O)C(C)(C)O;R71;NCC1CC2(C1)CC(C(F)(F)F)C2;R49,2,,,
C[C@@H](C(=O)NCC1CN(C(=O)C2CC(C(F)(F)F)C2)C1)C(C)(C)O,COC(=O)C1CC(C(F)(F)F)CCC1(OC(=O)[C@H](C)C(C)(C)O)C(=O)NCC1CC(CC(F)(F)F)C1,0.360,COC(=O)C1CC(C(F)(F)F)CCC1=O;C[C@@H](C(=O)O)C(C)(C)O;R71;NCC1CC(CC(F)(F)F)C1;R8,2,,,
C[C@@H](C(=O)NCC1CN(C(=O)C2CC(C(F)(F)F)C2)C1)C(C)(C)O,COC(=O)C1CC(C(F)(F)F)CCC1(OC(C)(C)[C@@H](C)C(=O)NCC1CC(CC(F)(F)F)C1)C(=O)O,0.360,COC(=O)C1CC(C(F)(F)F)CCC1=O;C[C@@H](C(=O)O)C(C)(C)O;R71;NCC1CC(CC(F)(F)F)C1;R8,2,,,
C[C@@H](C(=O)NCC1CN(C(=O)C2CC(C(F)(F)F)C2)C1)C(C)(C)O,COC(=O)C1CC(C(F)(F)F)CCC1(OC(=O)[C@H](C)C(C)(C)O)C(=O)NCC1CC2(C1)CC(C(F)(F)F)C2,0.360,COC(=O)C1CC(C(F)(F)F)CCC1=O;C[C@@H](C(=O)O)C(C)(C)O;R71;NCC1CC2(C1)CC(C(F)(F)F)C2;R8,2,,,
C[C@@H](C(=O)NCC1CN(C(=O)C2CC(C(F)(F)F)C2)C1)C(C)(C)O,COC(=O)C1CC(C(F)(F)F)CCC1(OC(C)(C)[C@@H](C)C(=O)NCC1CC2(C1)CC(C(F)(F)F)C2)C(=O)O,0.360,COC(=O)C1CC(C(F)(F)F)CCC1=O;C[C@@H](C(=O)O)C(C)(C)O;R71;NCC1CC2(C1)CC(C(F)(F)F)C2;R8,2,,,
C[C@@H](C(=O)NCC1CN(C(=O)C2CC(C(F)(F)F)C2)C1)C(C)(C)O,C[C@@H](C(=O)O)C(C)(C)OC1(C(=O)O)CCC(C(F)(F)F)CC1C(=O)NC[C@H]1C[C@@H](C(F)(F)F)C1,0.357,COC(=O)C1CC(C(F)(F)F)CCC1=O;C[C@@H](C(=O)O)C(C)(C)O;R71;NC[C@H]1C[C@@H](C(F)(F)F)C1;R49,2,,,
C[C@@H](C(=O)NCC1CN(C(=O)C2CC(C(F)(F)F)C2)C1)C(C)(C)O,COC(=O)C1CC(C(F)(F)F)CCC1(OC(C)(C)[C@@H](C)C(=O)O)C(=O)NC[C@H]1C[C@@H](C(F)(F)F)C1,0.342,COC(=O)C1CC(C(F)(F)F)CCC1=O;C[C@@H](C(=O)O)C(C)(C)O;R71;NC[C@H]1C[C@@H](C(F)(F)F)C1;R8,2,,,
C[C@@H](C(=O)NCC1CN(C(=O)C2CC(C(F)(F)F)C2)C1)C(C)(C)O,C[C@@H](C(=O)O)C(C)(C)OC1(C(=O)O)CCC(C(F)(F)F)CC1C(=O)NC[C@@H]1CC[C@H](C(F)(F)F)C1,0.338,COC(=O)C1CC(C(F)(F)F)CCC1=O;C[C@@H](C(=O)O)C(C)(C)O;R71;NC[C@@H]1CC[C@H](C(F)(F)F)C1;R49,2,,,
C[C@@H](C(=O)NCC1CN(C(=O)C2CC(C(F)(F)F)C2)C1)C(C)(C)O,C[C@@H](C(=O)O)C(C)(C)OC1(C(=O)O)CCC(C(F)(F)F)CC1C(=O)NCC1CCC(C(F)(F)F)CC1,0.338,COC(=O)C1CC(C(F)(F)F)CCC1=O;C[C@@H](C(=O)O)C(C)(C)O;R71;NCC1CCC(C(F)(F)F)CC1;R49,2,,,
C[C@@H](C(=O)NCC1CN(C(=O)C2CC(C(F)(F)F)C2)C1)C(C)(C)O,COC(=O)C1CC(C(F)(F)F)CCC1(OC(C)(C)[C@@H](C)C(=O)O)C(=O)NC[C@@H]1CC[C@H](C(F)(F)F)C1,0.324,COC(=O)C1CC(C(F)(F)F)CCC1=O;C[C@@H](C(=O)O)C(C)(C)O;R71;NC[C@@H]1CC[C@H](C(F)(F)F)C1;R8,2,,,
C[C@@H](C(=O)NCC1CN(C(=O)C2CC(C(F)(F)F)C2)C1)C(C)(C)O,COC(=O)C1CC(C(F)(F)F)CCC1(OC(C)(C)[C@@H](C)C(=O)O)C(=O)NCC1CCC(C(F)(F)F)CC1,0.324,COC(=O)C1CC(C(F)(F)F)CCC1=O;C[C@@H](C(=O)O)C(C)(C)O;R71;NCC1CCC(C(F)(F)F)CC1;R8,2,,,
C[C@@H](C(=O)NCC1CN(C(=O)C2CC(C(F)(F)F)C2)C1)C(C)(C)O,C[C@@H](C(=O)O)C(C)(C)OC1(C(=O)O)CCC(C(F)(F)F)CC1C(=O)NCC1CC(CC(F)(F)F)C1,0.320,COC(=O)C1CC(C(F)(F)F)CCC1=O;C[C@@H](C(=O)O)C(C)(C)O;R71;NCC1CC(CC(F)(F)F)C1;R49,2,,,
C[C@@H](C(=O)NCC1CN(C(=O)C2CC(C(F)(F)F)C2)C1)C(C)(C)O,C[C@@H](C(=O)O)C(C)(C)OC1(C(=O)O)CCC(C(F)(F)F)CC1C(=O)NCC1CC2(C1)CC(C(F)(F)F)C2,0.320,COC(=O)C1CC(C(F)(F)F)CCC1=O;C[C@@H](C(=O)O)C(C)(C)O;R71;NCC1CC2(C1)CC(C(F)(F)F)C2;R49,2,,,
C[C@@H](C(=O)NCC1CN(C(=O)C2CC(C(F)(F)F)C2)C1)C(C)(C)O,COC(=O)C1CC(C(F)(F)F)CCC1(OC(C)(C)[C@@H](C)C(=O)O)C(=O)NCC1CC(CC(F)(F)F)C1,0.308,COC(=O)C1CC(C(F)(F)F)CCC1=O;C[C@@H](C(=O)O)C(C)(C)O;R71;NCC1CC(CC(F)(F)F)C1;R8,2,,,
C[C@@H](C(=O)NCC1CN(C(=O)C2CC(C(F)(F)F)C2)C1)C(C)(C)O,COC(=O)C1CC(C(F)(F)F)CCC1(OC(C)(C)[C@@H](C)C(=O)O)C(=O)NCC1CC2(C1)CC(C(F)(F)F)C2,0.308,COC(=O)C1CC(C(F)(F)F)CCC1=O;C[C@@H](C(=O)O)C(C)(C)O;R71;NCC1CC2(C1)CC(C(F)(F)F)C2;R8,2,,,
C[C@@H](C(=O)NCC1CN(C(=O)C2CC(C(F)(F)F)C2)C1)C(C)(C)O,C[C@@H](C(=O)Cl)C(C)(C)O,0.298,O=C(O)C1CC(C(F)(F)F)C1;NC[C@H]1CCNC1;R8;C[C@@H](C(=O)O)C(C)(C)O;R107,2,,,
O=C1CN(C(=O)C2(n3ncc(Br)n3)CC2)C2(CCNCC2)N1,O=C1CN(C(=O)C2(n3ncc(Br)n3)CC2)C2(CCNCC2)N1,1.000,O=C(O)C1(n2ncc(Br)n2)CC1;O=C1CNC2(CCNCC2)N1;R8,1,1.000,1.000,1.000
O=C1CN(C(=O)C2(n3ncc(Br)n3)CC2)C2(CCNCC2)N1,O=C1CN(C(=O)C2(n3nccn3)CC2)C2(CCNCC2)N1,0.708,O=C(O)C1(n2nccn2)CC1;O=C1CNC2(CCNCC2)N1;R8,1,1.000,0.861,0.931
O=C1CN(C(=O)C2(n3ncc(Br)n3)CC2)C2(CCNCC2)N1,O=C1CN(C(=O)C2(n3cc(Br)cn3)CC2)C2(CCNCC2)N1,0.660,O=C(O)C1(n2cc(Br)cn2)CC1;O=C1CNC2(CCNCC2)N1;R8,1,0.702,0.952,0.718
O=C1CN(C(=O)C2(n3ncc(Br)n3)CC2)C2(CCNCC2)N1,CC1(C)C(=O)NC2(CCNCC2)N1C(=O)C1(n2ncc(Br)n2)CC1,0.636,O=C(O)C1(n2ncc(Br)n2)CC1;CC1(C)NC2(CCNCC2)NC1=O;R8,1,1.000,1.000,0.904
O=C1CN(C(=O)C2(n3ncc(Br)n3)CC2)C2(CCNCC2)N1,O=C1CN(C(=O)Cn2ncc(Br)n2)C2(CCNCC2)N1,0.630,O=C(O)Cn1ncc(Br)n1;O=C1CNC2(CCNCC2)N1;R8,1,0.617,1.000,0.751
O=C1CN(C(=O)C2(n3ncc(Br)n3)CC2)C2(CCNCC2)N1,O=C1CN(C(=O)C2(n3cc(Br)nn3)CC2)C2(CCNCC2)N1,0.630,O=C(O)C1(n2cc(Br)nn2)CC1;O=C1CNC2(CCNCC2)N1;R8,1,0.667,0.812,0.692
O=C1CN(C(=O)C2(n3ncc(Br)n3)CC2)C2(CCNCC2)N1,O=C1CN(C(=O)C2(n3cc(F)cn3)CC2)C2(CCNCC2)N1,0.611,O=C(O)C1(n2cc(F)cn2)CC1;O=C1CNC2(CCNCC2)N1;R8,1,0.702,0.870,0.706
O=C1CN(C(=O)C2(n3ncc(Br)n3)CC2)C2(CCNCC2)N1,O=C1CN(C(=O)CCn2ncc(Br)n2)C2(CCNCC2)N1,0.607,O=C(O)CCn1ncc(Br)n1;O=C1CNC2(CCNCC2)N1;R8,1,0.592,0.491,0.646
O=C1CN(C(=O)C2(n3ncc(Br)n3)CC2)C2(CCNCC2)N1,O=C1CN(C(=O)C2(n3cc(Br)cn3)CCC2)C2(CCNCC2)N1,0.607,O=C(O)C1(n2cc(Br)cn2)CCC1;O=C1CNC2(CCNCC2)N1;R8,1,0.640,0.952,0.679
O=C1CN(C(=O)C2(n3ncc(Br)n3)CC2)C2(CCNCC2)N1,O=C1CN(C(=O)C2(n3cc(Cl)cn3)CC2)C2(CCNCC2)N1,0.600,O=C(O)C1(n2cc(Cl)cn2)CC1;O=C1CNC2(CCNCC2)N1;R8,1,0.702,0.952,0.703
O=C1CN(C(=O)C2(n3ncc(Br)n3)CC2)C2(CCNCC2)N1,O=C(N1CCNCC1)C1(n2ncc(Br)n2)CC1,0.600,O=C(O)C1(n2ncc(Br)n2)CC1;C1CNCCN1;R8,1,,,
O=C1CN(C(=O)C2(n3ncc(Br)n3)CC2)C2(CCNCC2)N1,O=C1CN(C(=O)C2(n3cc(C(F)(F)F)cn3)CC2)C2(CCNCC2)N1,0.596,O=C(O)C1(n2cc(C(F)(F)F)cn2)CC1;O=C1CNC2(CCNCC2)N1;R8,1,,,
O=C1CN(C(=O)C2(n3ncc(Br)n3)CC2)C2(CCNCC2)N1,O=C1CN(C(=O)C2(n3cccn3)CC2)C2(CCNCC2)N1,0.593,O=C(O)C1(n2cccn2)CC1;O=C1CNC2(CCNCC2)N1;R8,1,,,
O=C1CN(C(=O)C2(n3ncc(Br)n3)CC2)C2(CCNCC2)N1,O=C1CN(C(=O)C2(n3ncc(Br)n3)CC2)CC2(CC2)N1,0.593,O=C(O)C1(n2ncc(Br)n2)CC1;O=C1CNCC2(CC2)N1;R8,1,,,
O=C1CN(C(=O)C2(n3ncc(Br)n3)CC2)C2(CCNCC2)N1,O=C1CN(C(=O)C2(n3cncn3)CC2)C2(CCNCC2)N1,0.593,O=C(O)C1(n2cncn2)CC1;O=C1CNC2(CCNCC2)N1;R8,1,,,
O=C1CN(C(=O)C2(n3ncc(Br)n3)CC2)C2(CCNCC2)N1,O=C1CN(C(=O)C2(n3cccc3)CC2)C2(CCNCC2)N1,0.588,O=C(O)C1(n2cccc2)CC1;O=C1CNC2(CCNCC2)N1;R8,1,,,
O=C1CN(C(=O)C2(n3ncc(Br)n3)CC2)C2(CCNCC2)N1,O=C1CN(C(=O)C2(n3ncc(Br)n3)CC2)CC(=O)N1,0.588,O=C(O)C1(n2ncc(Br)n2)CC1;O=C1CNCC(=O)N1;R8,1,,,
O=C1CN(C(=O)C2(n3ncc(Br)n3)CC2)C2(CCNCC2)N1,O=C(N1CCNCCNCCNCC1)C1(n2ncc(Br)n2)CC1,0.588,O=C(O)C1(n2ncc(Br)n2)CC1;C1CNCCNCCNCCN1;R8,1,,,
O=C1CN(C(=O)C2(n3ncc(Br)n3)CC2)C2(CCNCC2)N1,O=C(N1CCC2(CCNCC2)CC1)C1(n2ncc(Br)n2)CC1,0.585,O=C(O)C1(n2ncc(Br)n2)CC1;C1CC2(CCN1)CCNCC2;R8,1,,,
O=C1CN(C(=O)C2(n3ncc(Br)n3)CC2)C2(CCNCC2)N1,O=C1CN(CC2(n3ncc(Br)n3)CC2)C2(CCNCC2)N1,0.582,O=CC1(n2ncc(Br)n2)CC1;O=C1CNC2(CCNCC2)N1;R43,1,,,
O=C1CN(C(=O)C2(n3ncc(Br)n3)CC2)C2(CCNCC2)N1,CC1(C)CN(C(=O)C2(n3ncc(Br)n3)CC2)CC(=O)N1,0.582,O=C(O)C1(n2ncc(Br)n2)CC1;CC1(C)CNCC(=O)N1;R8,1,,,
O=C1CN(C(=O)C2(n3ncc(Br)n3)CC2)C2(CCNCC2)N1,Cc1ccnn1C1(C(=O)N2CC(=O)NC23CCNCC3)CC1,0.571,Cc1ccnn1C1(C(=O)O)CC1;O=C1CNC2(CCNCC2)N1;R8,1,,,
O=C1CN(C(=O)C2(n3ncc(Br)n3)CC2)C2(CCNCC2)N1,O=C1CN(C(=O)C2(N3CCCC3)CC2)C2(CCNCC2)N1,0.569,O=C(O)C1(N2CCCC2)CC1;O=C1CNC2(CCNCC2)N1;R8,1,,,
O=C1CN(C(=O)C2(n3ncc(Br)n3)CC2)C2(CCNCC2)N1,O=C1CN(C(=O)C2(n3cnnn3)CC2)C2(CCNCC2)N1,0.564,O=C(O)C1(n2cnnn2)CC1;O=C1CNC2(CCNCC2)N1;R8,1,,,
O=C1CN(C(=O)C2(n3ncc(Br)n3)CC2)C2(CCNCC2)N1,O=C1CN(C(=O)C2(n3ncc(Br)n3)CC2)C1,0.560,O=C(O)C1(n2ncc(Br)n2)CC1;O=C1CNC1;R8,1,,,
O=C1CN(C(=O)C2(n3ncc(Br)n3)CC2)C2(CCNCC2)N1,O=C1CCC2(CCN(C(=O)C3(n4ncc(Br)n4)CC3)CC2)N1,0.554,O=C(O)C1(n2ncc(Br)n2)CC1;O=C1CCC2(CCNCC2)N1;R8,1,,,
O=C1CN(C(=O)C2(n3ncc(Br)n3)CC2)C2(CCNCC2)N1,O=C1CC2(CCN(C(=O)C3(n4ncc(Br)n4)CC3)CC2)N1,0.545,O=C(O)C1(n2ncc(Br)n2)CC1;O=C1CC2(CCNCC2)N1;R8,1,,,
O=C1CN(C(=O)C2(n3ncc(Br)n3)CC2)C2(CCNCC2)N1,O=C1CN(c2cnn(C3(C(=O)O)CC3)n2)C2(CCNCC2)N1,0.544,O=C(O)C1(n2ncc(Br)n2)CC1;O=C1CNC2(CCNCC2)N1;R9,1,,,
O=C1CN(C(=O)C2(n3ncc(Br)n3)CC2)C2(CCNCC2)N1,O=C1CN(C(=O)C23CCCN2CCC3)C2(CCNCC2)N1,0.538,O=C(O)C12CCCN1CCC2;O=C1CNC2(CCNCC2)N1;R8,1,,,
O=C1CN(C(=O)C2(n3ncc(Br)n3)CC2)C2(CCNCC2)N1,O=C1CCCC2(CCN(C(=O)C3(n4ncc(Br)n4)CC3)CC2)N1,0.534,O=C(O)C1(n2ncc(Br)n2)CC1;O=C1CCCC2(CCNCC2)N1;R8,1,,,
O=C1CN(C(=O)C2(n3ncc(Br)n3)CC2)C2(CCNCC2)N1,O=C1CNC2(CCN(C(=O)C3(n4ncc(Br)n4)CC3)CC2)N1,0.517,O=C(O)C1(n2ncc(Br)n2)CC1;O=C1CNC2(CCNCC2)N1;R8,1,,,
O=C1CN(C(=O)C2(n3ncc(Br)n3)CC2)C2(CCNCC2)N1,O=C1CC2(CCN(C(=O)C3(n4ncc(Br)n4)CC3)CC2)CC(=O)N1,0.509,O=C(O)C1(n2ncc(Br)n2)CC1;O=C1CC2(CCNCC2)CC(=O)N1;R8,1,,,
O=C1CN(C(=O)C2(n3ncc(Br)n3)CC2)C2(CCNCC2)N1,O=C1COC2(CCN(C(=O)C3(n4ncc(Br)n4)CC3)CC2)N1,0.508,O=C(O)C1(n2ncc(Br)n2)CC1;O=C1COC2(CCNCC2)N1;R8,1,,,
O=C1CN(C(=O)C2(n3ncc(Br)n3)CC2)C2(CCNCC2)N1,O=C1NCCC12CCN(C(=O)C1(n3ncc(Br)n3)CC1)CC2,0.500,O=C(O)C1(n2ncc(Br)n2)CC1;O=C1NCCC12CCNCC2;R8,1,,,
O=C1CN(C(=O)C2(n3ncc(Br)n3)CC2)C2(CCNCC2)N1,O=C1NC(=O)C2(CCN(C(=O)C3(n4ncc(Br)n4)CC3)CC2)N1,0.492,O=C(O)C1(n2ncc(Br)n2)CC1;O=C1NC(=O)C2(CCNCC2)N1;R8,1,,,
O=C1CN(C(=O)C2(n3ncc(Br)n3)CC2)C2(CCNCC2)N1,O=C(N1CCC2(CC1)CC2)C1(n2ncc(Br)n2)CC1,0.491,O=C(O)C1(n2ncc(Br)n2)CC1;C1CC2(CCN1)CC2;R8,1,,,
O=C1CN(C(=O)C2(n3ncc(Br)n3)CC2)C2(CCNCC2)N1,O=C1CN(C(=O)C23CCC(C(=O)O)(CC2)CC3)C2(CCNCC2)N1,0.491,O=C(O)C12CCC(C(=O)O)(CC1)CC2;O=C1CNC2(CCNCC2)N1;R8,1,,,
O=C1CN(C(=O)C2(n3ncc(Br)n3)CC2)C2(CCNCC2)N1,CC1(C)CCN(C(=O)C2(n3ncc(Br)n3)CC2)CC1,0.481,O=C(O)C1(n2ncc(Br)n2)CC1;CC1(C)CCNCC1;R8,1,,,
O=C1CN(C(=O)C2(n3ncc(Br)n3)CC2)C2(CCNCC2)N1,O=C(N1CCC(F)(F)CC1)C1(n2ncc(Br)n2)CC1,0.481,O=C(O)C1(n2ncc(Br)n2)CC1;FC1(F)CCNCC1;R8,1,,,
O=C1CN(C(=O)C2(n3ncc(Br)n3)CC2)C2(CCNCC2)N1,CC1(C)NC2(CCN(C(=O)C3(n4ncc(Br)n4)CC3)CC2)NC1=O,0.475,O=C(O)C1(n2ncc(Br)n2)CC1;CC1(C)NC2(CCNCC2)NC1=O;R8,1,,,
O=C1CN(C(=O)C2(n3ncc(Br)n3)CC2)C2(CCNCC2)N1,CN1NC2(CCN(C(=O)C3(n4ncc(Br)n4)CC3)CC2)NC1=O,0.475,O=C(O)C1(n2ncc(Br)n2)CC1;CN1NC2(CCNCC2)NC1=O;R8,1,,,
O=C1CN(C(=O)C2(n3ncc(Br)n3)CC2)C2(CCNCC2)N1,O=C(O)C1(OC(=O)C2(n3ncc(Br)n3)CC2)CCC2(CCNCC2)CC1,0.475,O=C(O)C1(n2ncc(Br)n2)CC1;O=C1CCC2(CCNCC2)CC1;R71,1,,,
O=C1CN(C(=O)C2(n3ncc(Br)n3)CC2)C2(CCNCC2)N1,O=C1CCC2(CC1)CCN(C(=O)C1(n3ncc(Br)n3)CC1)CC2,0.474,O=C(O)C1(n2ncc(Br)n2)CC1;O=C1CCC2(CCNCC2)CC1;R8,1,,,
O=C1CN(C(=O)C2(n3ncc(Br)n3)CC2)C2(CCNCC2)N1,O=C1CN(c2cnc(Br)cn2)C2(CCNCC2)N1,0.473,Brc1cnc(Br)cn1;O=C1CNC2(CCNCC2)N1;R103,1,,,
O=C1CN(C(=O)C2(n3ncc(Br)n3)CC2)C2(CCNCC2)N1,O=C1CN(c2cnn(C3(C(=O)O)CC3)c2)C2(CCNCC2)N1,0.443,O=C(O)C1(n2cc(Br)cn2)CC1;O=C1CNC2(CCNCC2)N1;R9,1,,,
O=C1CN(C(=O)C2(n3ncc(Br)n3)CC2)C2(CCNCC2)N1,O=CC1(n2ncc(N3CC(=O)NC34CCNCC4)n2)CC1,0.433,O=CC1(n2ncc(Br)n2)CC1;O=C1CNC2(CCNCC2)N1;R9,1,,,
O=C1CN(C(=O)C2(n3ncc(Br)n3)CC2)C2(CCNCC2)N1,CC1(C)C(=O)NC2(CCNCC2)N1c1cnn(C2(C(=O)O)CC2)n1,0.429,O=C(O)C1(n2ncc(Br)n2)CC1;CC1(C)NC2(CCNCC2)NC1=O;R9,1,,,
O=C1CN(C(=O)C2(n3ncc(Br)n3)CC2)C2(CCNCC2)N1,O=C1CN(c2cnn(C3(C(F)(F)F)CC3)n2)C2(CCNCC2)N1,0.426,FC(F)(F)C1(n2ncc(Br)n2)CC1;O=C1CNC2(CCNCC2)N1;R9,1,,,
O=C1CN(C(=O)C2(n3ncc(Br)n3)CC2)C2(CCNCC2)N1,O=C1CN(c2cnn(C3(C(=O)O)CCC3)c2)C2(CCNCC2)N1,0.406,O=C(O)C1(n2cc(Br)cn2)CCC1;O=C1CNC2(CCNCC2)N1;R9,1,,,
O=C1CN(C(=O)C2(n3ncc(Br)n3)CC2)C2(CCNCC2)N1,O=C1CN(c2cnn(C3CC3)n2)C2(CCNCC2)N1,0.400,Brc1cnn(C2CC2)n1;O=C1CNC2(CCNCC2)N1;R9,1,,,
O=C1CN(C(=O)C2(n3ncc(Br)n3)CC2)C2(CCNCC2)N1,O=C1CN(c2cn(C3(C(=O)O)CC3)nn2)C2(CCNCC2)N1,0.397,O=C(O)C1(n2cc(Br)nn2)CC1;O=C1CNC2(CCNCC2)N1;R9,1,,,
O=C1CN(C(=O)C2(n3ncc(Br)n3)CC2)C2(CCNCC2)N1,O=C1CN(c2cnn(C3(C(=O)O)CC3)n2)CC2(CC2)N1,0.387,O=C(O)C1(n2ncc(Br)n2)CC1;O=C1CNCC2(CC2)N1;R9,1,,,
O=C1CN(C(=O)C2(n3ncc(Br)n3)CC2)C2(CCNCC2)N1,CC1(C)CN(c2cnn(C3(C(=O)O)CC3)n2)CC(=O)N1,0.381,O=C(O)C1(n2ncc(Br)n2)CC1;CC1(C)CNCC(=O)N1;R9,1,,,
O=C1CN(C(=O)C2(n3ncc(Br)n3)CC2)C2(CCNCC2)N1,O=C1CNC2(CCN(CC3(n4ncc(Br)n4)CC3)CC2)N1,0.359,O=CC1(n2ncc(Br)n2)CC1;O=C1CNC2(CCNCC2)N1;R43,1,,,
O=C1CN(C(=O)C2(n3ncc(Br)n3)CC2)C2(CCNCC2)N1,O=C1CCC2(CCN(c3cnn(C4(C(=O)O)CC4)n3)CC2)N1,0.359,O=C(O)C1(n2ncc(Br)n2)CC1;O=C1CCC2(CCNCC2)N1;R9,1,,,
O=C1CN(C(=O)C2(n3ncc(Br)n3)CC2)C2(CCNCC2)N1,O=C1CC2(CCN(c3cnn(C4(C(=O)O)CC4)n3)CC2)N1,0.349,O=C(O)C1(n2ncc(Br)n2)CC1;O=C1CC2(CCNCC2)N1;R9,1,,,
O=C1CN(C(=O)C2(n3ncc(Br)n3)CC2)C2(CCNCC2)N1,O=C1CCCC2(CCN(c3cnn(C4(C(=O)O)CC4)n3)CC2)N1,0.348,O=C(O)C1(n2ncc(Br)n2)CC1;O=C1CCCC2(CCNCC2)N1;R9,1,,,
O=C1CN(C(=O)C2(n3ncc(Br)n3)CC2)C2(CCNCC2)N1,O=C1CNC2(CCN(c3cnn(C4(C(=O)O)CC4)n3)CC2)N1,0.333,O=C(O)C1(n2ncc(Br)n2)CC1;O=C1CNC2(CCNCC2)N1;R9,1,,,
O=C1CN(C(=O)C2(n3ncc(Br)n3)CC2)C2(CCNCC2)N1,O=C1CNC2(CCN(C(=O)Cn3ncc(Br)n3)CC2)N1,0.333,O=C(O)Cn1ncc(Br)n1;O=C1CNC2(CCNCC2)N1;R8,1,,,
O=C1CN(C(=O)C2(n3ncc(Br)n3)CC2)C2(CCNCC2)N1,O=C1COC2(CCN(c3cnn(C4(C(=O)O)CC4)n3)CC2)N1,0.328,O=C(O)C1(n2ncc(Br)n2)CC1;O=C1COC2(CCNCC2)N1;R9,1,,,
O=C1CN(C(=O)C2(n3ncc(Br)n3)CC2)C2(CCNCC2)N1,O=C1CNC2(CCN(C(=O)CCn3ncc(Br)n3)CC2)N1,0.324,O=C(O)CCn1ncc(Br)n1;O=C1CNC2(CCNCC2)N1;R8,1,,,
O=C1CN(C(=O)C2(n3ncc(Br)n3)CC2)C2(CCNCC2)N1,O=C1CNC2(CCN(C(=O)C3(n4nccn4)CC3)CC2)N1,0.323,O=C(O)C1(n2nccn2)CC1;O=C1CNC2(CCNCC2)N1;R8,1,,,
O=C1CN(C(=O)C2(n3ncc(Br)n3)CC2)C2(CCNCC2)N1,O=C1CNC2(CCN(C(=O)C3(n4cc(Br)cn4)CC3)CC2)N1,0.313,O=C(O)C1(n2cc(Br)cn2)CC1;O=C1CNC2(CCNCC2)N1;R8,1,,,
O=C1CN(C(=O)C2(n3ncc(Br)n3)CC2)C2(CCNCC2)N1,O=C1NC(=O)C2(CCN(c3cnn(C4(C(=O)O)CC4)n3)CC2)N1,0.313,O=C(O)C1(n2ncc(Br)n2)CC1;O=C1NC(=O)C2(CCNCC2)N1;R9,1,,,
O=C1CN(C(=O)C2(n3ncc(Br)n3)CC2)C2(CCNCC2)N1,CC1(C)NC2(CCN(c3cnn(C4(C(=O)O)CC4)n3)CC2)NC1=O,0.304,O=C(O)C1(n2ncc(Br)n2)CC1;CC1(C)NC2(CCNCC2)NC1=O;R9,1,,,
O=C1CN(C(=O)C2(n3ncc(Br)n3)CC2)C2(CCNCC2)N1,CN1NC2(CCN(c3cnn(C4(C(=O)O)CC4)n3)CC2)NC1=O,0.304,O=C(O)C1(n2ncc(Br)n2)CC1;CN1NC2(CCNCC2)NC1=O;R9,1,,,
O=C1CN(C(=O)C2(n3ncc(Br)n3)CC2)C2(CCNCC2)N1,O=C1CNC2(CCN(C(=O)C3(n4cc(Br)nn4)CC3)CC2)N1,0.294,O=C(O)C1(n2cc(Br)nn2)CC1;O=C1CNC2(CCNCC2)N1;R8,1,,,
O=C1CN(C(=O)C2(n3ncc(Br)n3)CC2)C2(CCNCC2)N1,O=C1CNC2(CCN(C(=O)C3(n4cc(Br)cn4)CCC3)CC2)N1,0.286,O=C(O)C1(n2cc(Br)cn2)CCC1;O=C1CNC2(CCNCC2)N1;R8,1,,,
O=C1CN(C(=O)C2(n3ncc(Br)n3)CC2)C2(CCNCC2)N1,O=C1CNC2(CCN(C(=O)C3(n4cc(C(F)(F)F)cn4)CC3)CC2)N1,0.282,O=C(O)C1(n2cc(C(F)(F)F)cn2)CC1;O=C1CNC2(CCNCC2)N1;R8,1,,,
O=C1CN(C(=O)C2(n3ncc(Br)n3)CC2)C2(CCNCC2)N1,O=C1CNC2(CCN(C(=O)C3(n4cc(F)cn4)CC3)CC2)N1,0.279,O=C(O)C1(n2cc(F)cn2)CC1;O=C1CNC2(CCNCC2)N1;R8,1,,,
O=C1CN(C(=O)C2(n3ncc(Br)n3)CC2)C2(CCNCC2)N1,O=C1CNC2(CCN(C(=O)C3(n4cc(Cl)cn4)CC3)CC2)N1,0.275,O=C(O)C1(n2cc(Cl)cn2)CC1;O=C1CNC2(CCNCC2)N1;R8,1,,,
O=C1CN(C(=O)C2(n3ncc(Br)n3)CC2)C2(CCNCC2)N1,O=C1CNC2(CCN(c3cnc(Br)cn3)CC2)N1,0.266,Brc1cnc(Br)cn1;O=C1CNC2(CCNCC2)N1;R103,1,,,
O=C1CN(C(=O)C2(n3ncc(Br)n3)CC2)C2(CCNCC2)N1,O=C1CNC2(CCN(C(=O)C3(n4cccn4)CC3)CC2)N1,0.265,O=C(O)C1(n2cccn2)CC1;O=C1CNC2(CCNCC2)N1;R8,1,,,
O=C1CN(C(=O)C2(n3ncc(Br)n3)CC2)C2(CCNCC2)N1,O=C1CNC2(CCN(C(=O)C3(n4cncn4)CC3)CC2)N1,0.265,O=C(O)C1(n2cncn2)CC1;O=C1CNC2(CCNCC2)N1;R8,1,,,
O=C1CN(C(=O)C2(n3ncc(Br)n3)CC2)C2(CCNCC2)N1,Cc1ccnn1C1(C(=O)N2CCC3(CC2)NCC(=O)N3)CC1,0.257,Cc1ccnn1C1(C(=O)O)CC1;O=C1CNC2(CCNCC2)N1;R8,1,,,
O=C1CN(C(=O)C2(n3ncc(Br)n3)CC2)C2(CCNCC2)N1,O=C1CNC2(CCN(c3cnn(C4(C(=O)O)CC4)c3)CC2)N1,0.257,O=C(O)C1(n2cc(Br)cn2)CC1;O=C1CNC2(CCNCC2)N1;R9,1,,,
O=C1CN(C(=O)C2(n3ncc(Br)n3)CC2)C2(CCNCC2)N1,O=CC1(n2ncc(N3CCC4(CC3)NCC(=O)N4)n2)CC1,0.246,O=CC1(n2ncc(Br)n2)CC1;O=C1CNC2(CCNCC2)N1;R9,1,,,
O=C1CN(C(=O)C2(n3ncc(Br)n3)CC2)C2(CCNCC2)N1,O=C1CNC2(CCN(C(=O)C3(n4cnnn4)CC3)CC2)N1,0.246,O=C(O)C1(n2cnnn2)CC1;O=C1CNC2(CCNCC2)N1;R8,1,,,
O=C1CN(C(=O)C2(n3ncc(Br)n3)CC2)C2(CCNCC2)N1,O=C1CNC2(CCN(C(=O)C3(n4cccc4)CC3)CC2)N1,0.246,O=C(O)C1(n2cccc2)CC1;O=C1CNC2(CCNCC2)N1;R8,1,,,
O=C1CN(C(=O)C2(n3ncc(Br)n3)CC2)C2(CCNCC2)N1,O=C1CNC2(CCN(c3cnn(C4(C(F)(F)F)CC4)n3)CC2)N1,0.243,FC(F)(F)C1(n2ncc(Br)n2)CC1;O=C1CNC2(CCNCC2)N1;R9,1,,,
O=C1CN(C(=O)C2(n3ncc(Br)n3)CC2)C2(CCNCC2)N1,O=C1CNC2(CCN(C(=O)C3(N4CCCC4)CC3)CC2)N1,0.234,O=C(O)C1(N2CCCC2)CC1;O=C1CNC2(CCNCC2)N1;R8,1,,,
O=C1CN(C(=O)C2(n3ncc(Br)n3)CC2)C2(CCNCC2)N1,O=C1CNC2(CCN(c3cnn(C4(C(=O)O)CCC4)c3)CC2)N1,0.233,O=C(O)C1(n2cc(Br)cn2)CCC1;O=C1CNC2(CCNCC2)N1;R9,1,,,
O=C1CN(C(=O)C2(n3ncc(Br)n3)CC2)C2(CCNCC2)N1,O=C1CNC2(CCN(c3cn(C4(C(=O)O)CC4)nn3)CC2)N1,0.222,O=C(O)C1(n2cc(Br)nn2)CC1;O=C1CNC2(CCNCC2)N1;R9,1,,,
O=C1CN(C(=O)C2(n3ncc(Br)n3)CC2)C2(CCNCC2)N1,O=C1CNC2(CCN(c3cnn(C4CC4)n3)CC2)N1,0.217,Brc1cnn(C2CC2)n1;O=C1CNC2(CCNCC2)N1;R9,1,,,
O=C1CN(C(=O)C2(n3ncc(Br)n3)CC2)C2(CCNCC2)N1,O=C1CNC2(CCN(C(=O)C34CCCN3CCC4)CC2)N1,0.215,O=C(O)C12CCCN1CCC2;O=C1CNC2(CCNCC2)N1;R8,1,,,
O=C1CN(C(=O)C2(n3ncc(Br)n3)CC2)C2(CCNCC2)N1,O=C1CNC2(CCN(C(=O)C34CCC(C(=O)O)(CC3)CC4)CC2)N1,0.197,O=C(O)C12CCC(C(=O)O)(CC1)CC2;O=C1CNC2(CCNCC2)N1;R8,1,,,
CC(C)(C)C(Cn1ccnc1)NC(=O)c1cccc2c1CCCC2N,CC(C)(C)C(Cn1ccnc1)NC(=O)c1cccc2c1CCCC2N,1.000,CC(C)(C)C(N)Cn1ccnc1;NC1CCCc2c(C(=O)O)cccc21;R8,1,1.000,1.000,1.000
CC(C)(C)C(Cn1ccnc1)NC(=O)c1cccc2c1CCCC2N,CC(C)(C)C(Cn1ccnc1)NC(=O)c1cccc2c1CC[C@H]2N,0.897,CC(C)(C)C(N)Cn1ccnc1;N[C@@H]1CCc2c(C(=O)O)cccc21;R8,1,0.956,0.847,0.891
CC(C)(C)C(Cn1ccnc1)NC(=O)c1cccc2c1CCCC2N,CC(C)(C)C(Cn1ccnc1)NC(=O)c1cccc2c1CCC2N,0.897,CC(C)(C)C(N)Cn1ccnc1;COC(=O)c1cccc2c1CCC2N;R49,1,0.956,0.847,0.891
CC(C)(C)C(Cn1ccnc1)NC(=O)c1cccc2c1CCCC2N,NC1CCCc2c(C(=O)NC(Cn3ccnc3)C(=O)O)cccc21,0.734,NC(Cn1ccnc1)C(=O)O;COC(=O)c1cccc2c1CCCC2N;R49,1,1.000,0.640,0.828
CC(C)(C)C(Cn1ccnc1)NC(=O)c1cccc2c1CCCC2N,COC(=O)C(Cn1ccnc1)NC(=O)c1cccc2c1CCCC2N,0.727,COC(=O)C(N)Cn1ccnc1;NC1CCCc2c(C(=O)O)cccc21;R8,1,1.000,0.806,0.801
CC(C)(C)C(Cn1ccnc1)NC(=O)c1cccc2c1CCCC2N,CC(C)(C)C(Cn1ccnc1)NC(=O)c1cccc2c1CCCC2,0.710,CC(C)(C)C(N)Cn1ccnc1;O=C(O)c1cccc2c1CCCC2;R8,1,1.000,0.697,0.921
CC(C)(C)C(Cn1ccnc1)NC(=O)c1cccc2c1CCCC2N,CC(C)(C)C(Cn1ccnc1)NC(=O)c1cccc2c1CCC2,0.710,CC(C)(C)C(N)Cn1ccnc1;O=C(O)c1cccc2c1CCC2;R8,1,0.956,0.501,0.865
CC(C)(C)C(Cn1ccnc1)NC(=O)c1cccc2c1CCCC2N,CC(C)(C)C(Cn1ccnc1)NC(=O)c1cccc2c1CCCCC2,0.698,CC(C)(C)C(N)Cn1ccnc1;O=C(O)c1cccc2c1CCCCC2;R8,1,0.978,0.644,0.897
CC(C)(C)C(Cn1ccnc1)NC(=O)c1cccc2c1CCCC2N,CC(C)(C)C(Cn1ccnc1)NC(=O)c1ccc2c(c1)CCCC2N,0.697,CC(C)(C)C(N)Cn1ccnc1;NC1CCCc2cc(C(=O)O)ccc21;R8,1,0.623,0.522,0.839
CC(C)(C)C(Cn1ccnc1)NC(=O)c1cccc2c1CCCC2N,CCN(C(=O)c1cccc2c1CCCC2N)C(Cn1ccnc1)C(C)(C)C,0.687,CCNC(Cn1ccnc1)C(C)(C)C;COC(=O)c1cccc2c1CCCC2N;R49,1,1.000,0.895,0.887
CC(C)(C)C(Cn1ccnc1)NC(=O)c1cccc2c1CCCC2N,CC[C@@H](NC(=O)c1cccc2c1CCCC2N)C(C)(C)C,0.683,CC[C@@H](N)C(C)(C)C;COC(=O)c1cccc2c1CCCC2N;R49,1,,,
CC(C)(C)C(Cn1ccnc1)NC(=O)c1cccc2c1CCCC2N,CC(C)(C)C(CN)NC(=O)c1cccc2c1CCCC2N,0.683,CC(C)(C)C(N)CN;COC(=O)c1cccc2c1CCCC2N;R49,1,,,
CC(C)(C)C(Cn1ccnc1)NC(=O)c1cccc2c1CCCC2N,NC1CCCc2c(C(=O)NCCn3ccnc3)cccc21,0.683,NCCn1ccnc1;COC(=O)c1cccc2c1CCCC2N;R49,1,,,
CC(C)(C)C(Cn1ccnc1)NC(=O)c1cccc2c1CCCC2N,CC(C)(C)C(Cn1ccnc1)NC(=O)c1ccccc1C1CCC1,0.683,CC(C)(C)C(N)Cn1ccnc1;O=C(O)c1ccccc1C1CCC1;R8,1,,,
CC(C)(C)C(Cn1ccnc1)NC(=O)c1cccc2c1CCCC2N,CC(C)(C)C(Cn1ccnc1)NC(=O)c1ccccc1C1CCCC1,0.683,CC(C)(C)C(N)Cn1ccnc1;O=C(O)c1ccccc1C1CCCC1;R8,1,,,
CC(C)(C)C(Cn1ccnc1)NC(=O)c1cccc2c1CCCC2N,NC1CCCc2c(C(=O)NCC(O)Cn3ccnc3)cccc21,0.682,NCC(O)Cn1ccnc1;COC(=O)c1cccc2c1CCCC2N;R49,1,,,
CC(C)(C)C(Cn1ccnc1)NC(=O)c1cccc2c1CCCC2N,CC(C)(C)C(Cn1ccnc1)NC(=O)c1ccccc1C1CC1,0.677,CC(C)(C)C(N)Cn1ccnc1;O=C(O)c1ccccc1C1CC1;R8,1,,,
CC(C)(C)C(Cn1ccnc1)NC(=O)c1cccc2c1CCCC2N,CC(C)(C)C(Cn1ccnc1)NC(=O)c1cccc2c1CCCC2=O,0.677,CC(C)(C)C(N)Cn1ccnc1;O=C(O)c1cccc2c1CCCC2=O;R8,1,,,
CC(C)(C)C(Cn1ccnc1)NC(=O)c1cccc2c1CCCC2N,CC(C)(C)C(Cn1ccnc1)NC(=O)c1cccc2c1CCCN2,0.677,CC(C)(C)C(N)Cn1ccnc1;O=C(O)c1cccc2c1CCCN2;R8,1,,,
CC(C)(C)C(Cn1ccnc1)NC(=O)c1cccc2c1CCCC2N,CC(C)(C)C(Cn1ccnc1)NC(=O)NC1CCCc2c(C(=O)O)cccc21,0.657,CC(C)(C)C(N)Cn1ccnc1;NC1CCCc2c(C(=O)O)cccc21;R36,1,,,
CC(C)(C)C(Cn1ccnc1)NC(=O)c1cccc2c1CCCC2N,CC(C)(C)C(Cn1ccnc1)NC(=O)c1cc(C(=O)O)cc2c1CCC2N,0.652,CC(C)(C)C(N)Cn1ccnc1;NC1CCc2c(C(=O)O)cc(C(=O)O)cc21;R8,1,,,
CC(C)(C)C(Cn1ccnc1)NC(=O)c1cccc2c1CCCC2N,CC(C)(C)C(Cn1ccnc1)NC(=O)C(=O)NC1CCCc2c(C(=O)O)cccc21,0.648,CC(C)(C)C(N)Cn1ccnc1;NC1CCCc2c(C(=O)O)cccc21;R38,1,,,
CC(C)(C)C(Cn1ccnc1)NC(=O)c1cccc2c1CCCC2N,CC(C)(C)C(Cn1ccnc1)NC1CCCc2c(C(=O)O)cccc21,0.647,CC(C)(C)C(N)Cn1ccnc1;O=C(O)c1cccc2c1CCCC2=O;R43,1,,,
CC(C)(C)C(Cn1ccnc1)NC(=O)c1cccc2c1CCCC2N,CC(C)(C)C(Cn1ccnc1)NC(=O)c1ccc(C(=O)O)c2c1CCC2,0.641,CC(C)(C)C(N)Cn1ccnc1;O=C(O)c1ccc(C(=O)O)c2c1CCC2;R8,1,,,
CC(C)(C)C(Cn1ccnc1)NC(=O)c1cccc2c1CCCC2N,COC(=O)c1cccc2c1CCCC2NC(=O)NC(Cn1ccnc1)C(C)(C)C,0.639,CC(C)(C)C(N)Cn1ccnc1;COC(=O)c1cccc2c1CCCC2N;R36,1,,,
CC(C)(C)C(Cn1ccnc1)NC(=O)c1cccc2c1CCCC2N,COC(=O)c1cccc2c1CCCC2NC(=O)C(=O)NC(Cn1ccnc1)C(C)(C)C,0.630,CC(C)(C)C(N)Cn1ccnc1;COC(=O)c1cccc2c1CCCC2N;R38,1,,,
CC(C)(C)C(Cn1ccnc1)NC(=O)c1cccc2c1CCCC2N,CC(C)(C)C(Cn1ccnc1)NC(=O)c1cc(C(=O)O)c2c(c1)C(N)CC2,0.629,CC(C)(C)C(N)Cn1ccnc1;NC1CCc2c(C(=O)O)cc(C(=O)O)cc21;R8,1,,,
CC(C)(C)C(Cn1ccnc1)NC(=O)c1cccc2c1CCCC2N,Cc1cccc2c1CCCC2NC(=O)NC(Cn1ccnc1)C(C)(C)C,0.623,CC(C)(C)C(N)Cn1ccnc1;Cc1cccc2c1CCCC2N;R36,1,,,
CC(C)(C)C(Cn1ccnc1)NC(=O)c1cccc2c1CCCC2N,Cc1cccc2c1CCCC2NC(=O)C(=O)NC(Cn1ccnc1)C(C)(C)C,0.614,CC(C)(C)C(N)Cn1ccnc1;Cc1cccc2c1CCCC2N;R38,1,,,
CC(C)(C)C(Cn1ccnc1)NC(=O)c1cccc2c1CCCC2N,CC(C)(C)C(Cn1ccnc1)NC(=O)N[C@@H]1CCc2c(C(=O)O)cccc21,0.606,CC(C)(C)C(N)Cn1ccnc1;N[C@@H]1CCc2c(C(=O)O)cccc21;R36,1,,,
CC(C)(C)C(Cn1ccnc1)NC(=O)c1cccc2c1CCCC2N,CC(C)(C)C(Cn1ccnc1)NC(=O)NC1CCCc2c(O)cccc21,0.606,CC(C)(C)C(N)Cn1ccnc1;NC1CCCc2c(O)cccc21;R36,1,,,
CC(C)(C)C(Cn1ccnc1)NC(=O)c1cccc2c1CCCC2N,CC(C)(C)C(Cn1ccnc1)NC(=O)NC1CCCc2c(F)cccc21,0.606,CC(C)(C)C(N)Cn1ccnc1;NC1CCCc2c(F)cccc21;R36,1,,,
CC(C)(C)C(Cn1ccnc1)NC(=O)c1cccc2c1CCCC2N,CC(C)(C)C(Cn1ccnc1)NC(=O)C(=O)N[C@@H]1CCc2c(C(=O)O)cccc21,0.597,CC(C)(C)C(N)Cn1ccnc1;N[C@@H]1CCc2c(C(=O)O)cccc21;R38,1,,,
CC(C)(C)C(Cn1ccnc1)NC(=O)c1cccc2c1CCCC2N,CC(C)(C)C(Cn1ccnc1)NC(=O)C(=O)NC1CCCc2c(O)cccc21,0.597,CC(C)(C)C(N)Cn1ccnc1;NC1CCCc2c(O)cccc21;R38,1,,,
CC(C)(C)C(Cn1ccnc1)NC(=O)c1cccc2c1CCCC2N,CC(C)(C)C(Cn1ccnc1)NC(=O)C(=O)NC1CCCc2c(F)cccc21,0.597,CC(C)(C)C(N)Cn1ccnc1;NC1CCCc2c(F)cccc21;R38,1,,,
CC(C)(C)C(Cn1ccnc1)NC(=O)c1cccc2c1CCCC2N,CC(C)(C)C(Cn1ccnc1)NC(=O)C(=O)NC1CCCc2c(Br)cccc21,0.597,CC(C)(C)C(N)Cn1ccnc1;NC1CCCc2c(Br)cccc21;R38,1,,,
CC(C)(C)C(Cn1ccnc1)NC(=O)c1cccc2c1CCCC2N,COC(=O)c1cccc2c1CCC2NC(=O)NC(Cn1ccnc1)C(C)(C)C,0.589,CC(C)(C)C(N)Cn1ccnc1;COC(=O)c1cccc2c1CCC2N;R36,1,,,
CC(C)(C)C(Cn1ccnc1)NC(=O)c1cccc2c1CCCC2N,Cc1cccc2c1CCC2NC(=O)NC(Cn1ccnc1)C(C)(C)C,0.586,CC(C)(C)C(N)Cn1ccnc1;Cc1cccc2c1CCC2N;R36,1,,,
CC(C)(C)C(Cn1ccnc1)NC(=O)c1cccc2c1CCCC2N,COC(=O)c1cccc2c1CCC2NC(=O)C(=O)NC(Cn1ccnc1)C(C)(C)C,0.581,CC(C)(C)C(N)Cn1ccnc1;COC(=O)c1cccc2c1CCC2N;R38,1,,,
CC(C)(C)C(Cn1ccnc1)NC(=O)c1cccc2c1CCCC2N,Cc1cccc2c1CCC2NC(=O)C(=O)NC(Cn1ccnc1)C(C)(C)C,0.577,CC(C)(C)C(N)Cn1ccnc1;Cc1cccc2c1CCC2N;R38,1,,,
CC(C)(C)C(Cn1ccnc1)NC(=O)c1cccc2c1CCCC2N,CC(C)(C)C(Cn1ccnc1)NC(=O)NC1CCCc2ccccc21,0.571,CC(C)(C)C(N)Cn1ccnc1;NC1CCCc2ccccc21;R36,1,,,
CC(C)(C)C(Cn1ccnc1)NC(=O)c1cccc2c1CCCC2N,CC(C)(C)C(Cn1ccnc1)NC(=O)C(=O)NC1CCCc2ccccc21,0.563,CC(C)(C)C(N)Cn1ccnc1;NC1CCCc2ccccc21;R38,1,,,
CC(C)(C)C(Cn1ccnc1)NC(=O)c1cccc2c1CCCC2N,CC(C)(C)C(N)CNC(=O)c1cccc2c1CCCC2N,0.554,CC(C)(C)C(N)CN;COC(=O)c1cccc2c1CCCC2N;R49,1,,,
CC(C)(C)C(Cn1ccnc1)NC(=O)c1cccc2c1CCCC2N,NC(Cn1ccnc1)C(=O)NC1CCCc2c(C(=O)O)cccc21,0.521,COC(=O)C(N)Cn1ccnc1;NC1CCCc2c(C(=O)O)cccc21;R49,1,,,
CC(C)(C)C(Cn1ccnc1)NC(=O)c1cccc2c1CCCC2N,COC(=O)c1cccc2c1CCCC2NC(=O)C(N)Cn1ccnc1,0.520,NC(Cn1ccnc1)C(=O)O;COC(=O)c1cccc2c1CCCC2N;R8,1,,,
CC(C)(C)C(Cn1ccnc1)NC(=O)c1cccc2c1CCCC2N,CCN(C(=O)NC1CCCc2c(C(=O)OC)cccc21)C(Cn1ccnc1)C(C)(C)C,0.512,CCNC(Cn1ccnc1)C(C)(C)C;COC(=O)c1cccc2c1CCCC2N;R36,1,,,
CC(C)(C)C(Cn1ccnc1)NC(=O)c1cccc2c1CCCC2N,CCN(C(=O)C(=O)NC1CCCc2c(C(=O)OC)cccc21)C(Cn1ccnc1)C(C)(C)C,0.500,CCNC(Cn1ccnc1)C(C)(C)C;COC(=O)c1cccc2c1CCCC2N;R38,1,,,
CC(C)(C)C(Cn1ccnc1)NC(=O)c1cccc2c1CCCC2N,CC(C)(C)C(Cn1ccnc1)NC(=O)C(=O)NC1CCCc2cc(C(=O)O)ccc21,0.500,CC(C)(C)C(N)Cn1ccnc1;NC1CCCc2cc(C(=O)O)ccc21;R38,1,,,
CC(C)(C)C(Cn1ccnc1)NC(=O)c1cccc2c1CCCC2N,COC(=O)C(Cn1ccnc1)NC(=O)NC1CCCc2c(C(=O)O)cccc21,0.494,COC(=O)C(N)Cn1ccnc1;NC1CCCc2c(C(=O)O)cccc21;R36,1,,,
CC(C)(C)C(Cn1ccnc1)NC(=O)c1cccc2c1CCCC2N,COC(=O)c1cccc2c1CCCC2NC(=O)NC(Cn1ccnc1)C(=O)O,0.494,NC(Cn1ccnc1)C(=O)O;COC(=O)c1cccc2c1CCCC2N;R36,1,,,
CC(C)(C)C(Cn1ccnc1)NC(=O)c1cccc2c1CCCC2N,COC(=O)C(Cn1ccnc1)NC(=O)C(=O)NC1CCCc2c(C(=O)O)cccc21,0.487,COC(=O)C(N)Cn1ccnc1;NC1CCCc2c(C(=O)O)cccc21;R38,1,,,
CC(C)(C)C(Cn1ccnc1)NC(=O)c1cccc2c1CCCC2N,COC(=O)c1cccc2c1CCCC2NC(=O)C(=O)NC(Cn1ccnc1)C(=O)O,0.487,NC(Cn1ccnc1)C(=O)O;COC(=O)c1cccc2c1CCCC2N;R38,1,,,
CC(C)(C)C(Cn1ccnc1)NC(=O)c1cccc2c1CCCC2N,COC(=O)c1cccc2c1CCCC2NC(=O)NCCn1ccnc1,0.468,NCCn1ccnc1;COC(=O)c1cccc2c1CCCC2N;R36,1,,,
CC(C)(C)C(Cn1ccnc1)NC(=O)c1cccc2c1CCCC2N,COC(=O)c1cccc2c1CCCC2NC(=O)C(=O)NCCn1ccnc1,0.462,NCCn1ccnc1;COC(=O)c1cccc2c1CCCC2N;R38,1,,,
CC(C)(C)C(Cn1ccnc1)NC(=O)c1cccc2c1CCCC2N,O=C(O)c1cccc2c1CCCC2N1C(=O)NC(Cn2ccnc2)C1=O,0.430,COC(=O)C(N)Cn1ccnc1;NC1CCCc2c(C(=O)O)cccc21;R52,1,,,
CC(C)(C)C(Cn1ccnc1)NC(=O)c1cccc2c1CCCC2N,CC[C@@H](Nc1ncnc2c1ncn2C1CCCc2c(C(=O)OC)cccc21)C(C)(C)C,0.375,CC[C@@H](N)C(C)(C)C;COC(=O)c1cccc2c1CCCC2N;R66,1,,,
CC(C)(C)C(Cn1ccnc1)NC(=O)c1cccc2c1CCCC2N,CC[C@@H](n1cnc2c(NC3CCCc4c(C(=O)OC)cccc43)ncnc21)C(C)(C)C,0.344,CC[C@@H](N)C(C)(C)C;COC(=O)c1cccc2c1CCCC2N;R66,1,,,
CS(=O)(=O)CC1(CSCC2CCCCC23CCC3)CC1,CS(=O)(=O)CC1(CSCC2CCCCC23CCC3)CC1,1.000,CS(=O)(=O)CC1(CBr)CC1;BrCC1CCCCC12CCC2;R21,1,1.000,1.000,1.000
CS(=O)(=O)CC1(CSCC2CCCCC23CCC3)CC1,CS(=O)(=O)CC1(CSCC2CCCCC23CCC3)CCC1,0.944,CS(=O)(=O)CC1(CBr)CCC1;BrCC1CCCCC12CCC2;R21,1,0.889,1.000,0.865
CS(=O)(=O)CC1(CSCC2CCCCC23CCC3)CC1,CS(=O)(=O)CC1(CSCC2CCCCC23CCC3)CCOCC1,0.829,CS(=O)(=O)CC1(CBr)CCOCC1;BrCC1CCCCC12CCC2;R21,1,0.774,0.949,0.749
CS(=O)(=O)CC1(CSCC2CCCCC23CCC3)CC1,CS(=O)(=O)CC1(CSCC2CCCCC23CCC3)CC(F)(F)C1,0.786,CS(=O)(=O)CC1(CBr)CC(F)(F)C1;BrCC1CCCCC12CCC2;R21,1,0.889,0.949,0.694
CS(=O)(=O)CC1(CSCC2CCCCC23CCC3)CC1,CS(=O)(=O)CC1(CSCC2CCC23CC3)CCC1,0.769,CS(=O)(=O)CC1(CBr)CCC1;BrCC1CCC12CC2;R21,1,0.633,0.679,0.750
CS(=O)(=O)CC1(CSCC2CCCCC23CCC3)CC1,CS(=O)(=O)CC1(CSCC2CCC23CC3)CC1,0.763,CS(=O)(=O)CC1(CBr)CC1;BrCC1CCC12CC2;R21,1,0.679,0.679,0.840
CS(=O)(=O)CC1(CSCC2CCCCC23CCC3)CC1,CS(=O)(=O)CC1(CSCC2CCCC23CCOCC3)CC1,0.762,CS(=O)(=O)CC1(CBr)CC1;BrCC1CCCC12CCOCC2;R21,1,0.688,0.658,0.778
CS(=O)(=O)CC1(CSCC2CCCCC23CCC3)CC1,CC1(C)CCCCC1CSCC1(CS(C)(=O)=O)CC1,0.750,CS(=O)(=O)CC1(CBr)CC1;CC1(C)CCCCC1CBr;R21,1,0.519,1.000,0.929
CS(=O)(=O)CC1(CSCC2CCCCC23CCC3)CC1,CS(=O)(=O)CC1(CSCC2CCCC23CCOCC3)CCC1,0.744,CS(=O)(=O)CC1(CBr)CCC1;BrCC1CCCC12CCOCC2;R21,1,0.618,0.658,0.701
CS(=O)(=O)CC1(CSCC2CCCCC23CCC3)CC1,CS(=O)(=O)CC1(CSCC2CCCCC2(F)F)CC1,0.732,CS(=O)(=O)CC1(CBr)CC1;FC1(F)CCCCC1CBr;R21,1,0.519,0.816,0.556
CS(=O)(=O)CC1(CSCC2CCCCC23CCC3)CC1,CC1(C)CCCCC1CSCC1(CS(C)(=O)=O)CCC1,0.732,CS(=O)(=O)CC1(CBr)CCC1;CC1(C)CCCCC1CBr;R21,1,,,
CS(=O)(=O)CC1(CSCC2CCCCC23CCC3)CC1,CS(=O)(=O)CC1(CSCCC2CCCCC23CC3)CC1,0.714,CS(=O)(=O)CC1(CBr)CC1;BrCCC1CCCCC12CC2;R21,1,,,
CS(=O)(=O)CC1(CSCC2CCCCC23CCC3)CC1,CS(=O)(=O)CC1(CSCCC2CCCCC23CC3)CCC1,0.698,CS(=O)(=O)CC1(CBr)CCC1;BrCCC1CCCCC12CC2;R21,1,,,
CS(=O)(=O)CC1(CSCC2CCCCC23CCC3)CC1,CC1(C)CCCC1CSCC1(CS(C)(=O)=O)CC1,0.683,CS(=O)(=O)CC1(CBr)CC1;CC1(C)CCCC1CBr;R21,1,,,
CS(=O)(=O)CC1(CSCC2CCCCC23CCC3)CC1,CS(=O)(=O)CC1(CSCC2CCCC2)CC1,0.667,CS(=O)(=O)CC1(CBr)CC1;BrCC1CCCC1;R21,1,,,
CS(=O)(=O)CC1(CSCC2CCCCC23CCC3)CC1,CS(=O)(=O)CC1(CSCC2CCCC2(F)F)CC1,0.667,CS(=O)(=O)CC1(CBr)CC1;FC1(F)CCCC1CBr;R21,1,,,
CS(=O)(=O)CC1(CSCC2CCCCC23CCC3)CC1,CC1(C)CCCC1CSCC1(CS(C)(=O)=O)CCC1,0.667,CS(=O)(=O)CC1(CBr)CCC1;CC1(C)CCCC1CBr;R21,1,,,
CS(=O)(=O)CC1(CSCC2CCCCC23CCC3)CC1,CS(=O)(=O)C1(CSCC2CCCCC23CCC3)CC1,0.659,CS(=O)(=O)C1(CBr)CC1;BrCC1CCCCC12CCC2;R21,1,,,
CS(=O)(=O)CC1(CSCC2CCCCC23CCC3)CC1,CS(=O)(=O)CC1(CSCC2CC23CC3)CCC1,0.659,CS(=O)(=O)CC1(CBr)CCC1;BrCC1CC12CC2;R21,1,,,
CS(=O)(=O)CC1(CSCC2CCCCC23CCC3)CC1,CS(=O)(=O)CC1(CSCCC2CCCC23CC3)CC1,0.651,CS(=O)(=O)CC1(CBr)CC1;BrCCC1CCCC12CC2;R21,1,,,
CS(=O)(=O)CC1(CSCC2CCCCC23CCC3)CC1,CS(=O)(=O)CC1(CSCC2CCCCCC2)CC1,0.650,CS(=O)(=O)CC1(CBr)CC1;BrCC1CCCCCC1;R21,1,,,
CS(=O)(=O)CC1(CSCC2CCCCC23CCC3)CC1,CS(=O)(=O)CC1(CSCC2CC23CC3)CC1,0.650,CS(=O)(=O)CC1(CBr)CC1;BrCC1CC12CC2;R21,1,,,
CS(=O)(=O)CC1(CSCC2CCCCC23CCC3)CC1,CS(=O)(=O)CC1(CSCCC2CCCC23CC3)CCC1,0.636,CS(=O)(=O)CC1(CBr)CCC1;BrCCC1CCCC12CC2;R21,1,,,
CS(=O)(=O)CC1(CSCC2CCCCC23CCC3)CC1,CS(=O)(=O)CC1(CCC2CCCCC23CCC3)CC1,0.634,CS(=O)(=O)CC1(CBr)CC1;BrCC1CCCCC12CCC2;R95,1,,,
CS(=O)(=O)CC1(CSCC2CCCCC23CCC3)CC1,CS(=O)(=O)CCSCC1CCCCC12CCC2,0.634,CS(=O)(=O)CCBr;BrCC1CCCCC12CCC2;R21,1,,,
CS(=O)(=O)CC1(CSCC2CCCCC23CCC3)CC1,CS(=O)(=O)CC1(CSCC2CCC2(F)F)CC1,0.619,CS(=O)(=O)CC1(CBr)CC1;FC1(F)CCC1CBr;R21,1,,,
CS(=O)(=O)CC1(CSCC2CCCCC23CCC3)CC1,COCC1(CSCC2CCCCC23CCC3)CC1,0.619,COCC1(CBr)CC1;BrCC1CCCCC12CCC2;R21,1,,,
CS(=O)(=O)CC1(CSCC2CCCCC23CCC3)CC1,CS(=O)(=O)CC1(CCC2CCCCC23CCC3)CCC1,0.595,CS(=O)(=O)CC1(CBr)CCC1;BrCC1CCCCC12CCC2;R95,1,,,
CS(=O)(=O)CC1(CSCC2CCCCC23CCC3)CC1,CS(=O)(=O)CC1(CNCC2CCCCC23CCC3)CC1,0.591,CS(=O)(=O)CC1(CBr)CC1;NCC1CCCCC12CCC2;R9,1,,,
CS(=O)(=O)CC1(CSCC2CCCCC23CCC3)CC1,CS(=O)(=O)CC1(CC(=O)CC2CCCCC23CCC3)CC1,0.591,CS(=O)(=O)CC1(CC#N)CC1;BrCC1CCCCC12CCC2;R97,1,,,
CS(=O)(=O)CC1(CSCC2CCCCC23CCC3)CC1,CN(CC1CCCCC12CCC2)CC1(CS(C)(=O)=O)CC1,0.578,CS(=O)(=O)CC1(CBr)CC1;CNCC1CCCCC12CCC2;R9,1,,,
CS(=O)(=O)CC1(CSCC2CCCCC23CCC3)CC1,CS(=O)(=O)CC1(CCCC2CCCCC23CC3)CC1,0.568,CS(=O)(=O)CC1(CBr)CC1;BrCCC1CCCCC12CC2;R95,1,,,
CS(=O)(=O)CC1(CSCC2CCCCC23CCC3)CC1,CS(=O)(=O)CC1(CC(O)CC2CCCCC23CC3)CC1,0.565,CS(=O)(=O)CC1(CBr)CC1;O=CCC1CCCCC12CC2;R98,1,,,
CS(=O)(=O)CC1(CSCC2CCCCC23CCC3)CC1,CS(=O)(=O)CC1(CC(=O)OCC2CCCCC23CCC3)CC1,0.542,CS(=O)(=O)CC1(CC(=O)O)CC1;BrCC1CCCCC12CCC2;R31,1,,,
CS(=O)(=O)CC1(CSCC2CCCCC23CCC3)CC1,CS(=O)(=O)CC1(CNCC2CCCC23CCC3)CC1,0.533,CS(=O)(=O)CC1(CBr)CC1;NCC1CCCC12CCC2;R9,1,,,
CS(=O)(=O)CC1(CSCC2CCCCC23CCC3)CC1,CS(=O)(=O)CC1(CNCCC2CCCCC23CC3)CC1,0.532,CS(=O)(=O)CC1(CBr)CC1;NCCC1CCCCC12CC2;R9,1,,,
CS(=O)(=O)CC1(CSCC2CCCCC23CCC3)CC1,CS(=O)(=O)CC1(COCCC2CCCCC23CC3)CC1,0.532,CS(=O)(=O)CC1(CBr)CC1;OCCC1CCCCC12CC2;R56,1,,,
CS(=O)(=O)CC1(CSCC2CCCCC23CCC3)CC1,CS(=O)(=O)CC1(CCC2CCCCC23CCC3)CCOCC1,0.532,CS(=O)(=O)CC1(CBr)CCOCC1;BrCC1CCCCC12CCC2;R95,1,,,
CS(=O)(=O)CC1(CSCC2CCCCC23CCC3)CC1,CS(=O)(=O)CC1(CCCC2CCCC23CC3)CC1,0.511,CS(=O)(=O)CC1(CBr)CC1;BrCCC1CCCC12CC2;R95,1,,,
CS(=O)(=O)CC1(CSCC2CCCCC23CCC3)CC1,CS(=O)(=O)CC1(CNC2CCCCC23CCC3)CC1,0.511,CS(=O)(=O)CC1(CBr)CC1;NC1CCCCC12CCC2;R9,1,,,
CS(=O)(=O)CC1(CSCC2CCCCC23CCC3)CC1,CS(=O)(=O)CC1(CNCC2CCC23CCC3)CC1,0.500,CS(=O)(=O)CC1(CBr)CC1;NCC1CCC12CCC2;R9,1,,,
CS(=O)(=O)CC1(CSCC2CCCCC23CCC3)CC1,CS(=O)(=O)CC1(CNCC2CCCC23CC3)CC1,0.500,CS(=O)(=O)CC1(CBr)CC1;NCC1CCCC12CC2;R9,1,,,
CS(=O)(=O)CC1(CSCC2CCCCC23CCC3)CC1,CS(=O)(=O)CC1(COCC2CCCC23CC3)CC1,0.500,CS(=O)(=O)CC1(CBr)CC1;OCC1CCCC12CC2;R56,1,,,
CS(=O)(=O)CC1(CSCC2CCCCC23CCC3)CC1,CC1(C)CCCCC1CCC1(CS(C)(=O)=O)CC1,0.489,CS(=O)(=O)CC1(CBr)CC1;CC1(C)CCCCC1CBr;R95,1,,,
CS(=O)(=O)CC1(CSCC2CCCCC23CCC3)CC1,CS(=O)(=O)CC1(CCC2CCCC23CCOCC3)CC1,0.479,CS(=O)(=O)CC1(CBr)CC1;BrCC1CCCC12CCOCC2;R95,1,,,
CS(=O)(=O)CC1(CSCC2CCCCC23CCC3)CC1,CS(=O)(=O)CC1(CCC2CCCCC2(F)F)CC1,0.478,CS(=O)(=O)CC1(CBr)CC1;FC1(F)CCCCC1CBr;R95,1,,,
CS(=O)(=O)CC1(CSCC2CCCCC23CCC3)CC1,CS(=O)(=O)CC1(C=CCC2CCCCC23CC3)CC1,0.458,CS(=O)(=O)CC1(CBr)CC1;O=CCC1CCCCC12CC2;R102,1,,,
CS(=O)(=O)CC1(CSCC2CCCCC23CCC3)CC1,CS(=O)(=O)CC1(CCC2CCC23CC3)CC1,0.455,CS(=O)(=O)CC1(CBr)CC1;BrCC1CCC12CC2;R95,1,,,
CS(=O)(=O)CC1(CSCC2CCCCC23CCC3)CC1,CS(=O)(=O)C1(CCC2CCCCC23CCC3)CC1,0.444,CS(=O)(=O)C1(CBr)CC1;BrCC1CCCCC12CCC2;R95,1,,,
CS(=O)(=O)CC1(CSCC2CCCCC23CCC3)CC1,CS(=O)(=O)CC1(CCC2CCCC2)CC1,0.442,CS(=O)(=O)CC1(CBr)CC1;BrCC1CCCC1;R95,1,,,
CS(=O)(=O)CC1(CSCC2CCCCC23CCC3)CC1,CC1(C)CCCC1CCC1(CS(C)(=O)=O)CC1,0.435,CS(=O)(=O)CC1(CBr)CC1;CC1(C)CCCC1CBr;R95,1,,,
CS(=O)(=O)CC1(CSCC2CCCCC23CCC3)CC1,CS(=O)(=O)CC1(CCC2CCCCCC2)CC1,0.432,CS(=O)(=O)CC1(CBr)CC1;BrCC1CCCCCC1;R95,1,,,
CS(=O)(=O)CC1(CSCC2CCCCC23CCC3)CC1,CS(=O)(=O)CC1(CCC2CCCC2(F)F)CC1,0.426,CS(=O)(=O)CC1(CBr)CC1;FC1(F)CCCC1CBr;R95,1,,,
CS(=O)(=O)CC1(CSCC2CCCCC23CCC3)CC1,CS(=O)(=O)CC1(CCC2CC23CC3)CC1,0.400,CS(=O)(=O)CC1(CBr)CC1;BrCC1CC12CC2;R95,1,,,
CS(=O)(=O)CC1(CSCC2CCCCC23CCC3)CC1,O=S(=O)(C=CCC1CCCCC12CC2)CC1(CBr)CC1,0.385,CS(=O)(=O)CC1(CBr)CC1;O=CCC1CCCCC12CC2;R3,1,,,
CS(=O)(=O)CC1(CSCC2CCCCC23CCC3)CC1,CS(=O)(=O)CC1(CCC2CCC2(F)F)CC1,0.383,CS(=O)(=O)CC1(CBr)CC1;FC1(F)CCC1CBr;R95,1,,,
Cc1csc([C@@H]2C[C@H]2CNC2COc3c(F)cccc32)n1,Cc1csc([C@@H]2C[C@H]2CNC2COc3c(F)cccc32)n1,1.000,Cc1csc([C@@H]2C[C@H]2CCl)n1;NC1COc2c(F)cccc21;R9,1,1.000,1.000,1.000
Cc1csc([C@@H]2C[C@H]2CNC2COc3c(F)cccc32)n1,Cc1csc([C@@H]2C[C@H]2CN[C@H]2CCOc3c(F)cccc32)n1,0.821,Cc1csc([C@@H]2C[C@H]2CCl)n1;N[C@H]1CCOc2c(F)cccc21;R9,1,0.796,0.844,0.814
Cc1csc([C@@H]2C[C@H]2CNC2COc3c(F)cccc32)n1,Cc1csc([C@@H]2C[C@H]2CNC2CCCOc3c(F)cccc32)n1,0.793,Cc1csc([C@@H]2C[C@H]2CCl)n1;NC1CCCOc2c(F)cccc21;R9,1,0.765,0.717,0.809
Cc1csc([C@@H]2C[C@H]2CNC2COc3c(F)cccc32)n1,Cc1csc([C@@H]2C[C@H]2CNC2COc3c(Cl)cccc32)n1,0.786,Cc1csc([C@@H]2C[C@H]2CCl)n1;NC1COc2c(Cl)cccc21;R9,1,1.000,0.895,0.793
Cc1csc([C@@H]2C[C@H]2CNC2COc3c(F)cccc32)n1,Cc1csc([C@@H]2C[C@H]2CNC2COc3c2ccc(C)c3C)n1,0.782,Cc1csc([C@@H]2C[C@H]2CCl)n1;Cc1ccc2c(c1C)OCC2N;R9,1,1.000,0.814,0.776
Cc1csc([C@@H]2C[C@H]2CNC2COc3c(F)cccc32)n1,COc1cccc2c1OCC2NC[C@@H]1C[C@H]1c1nc(C)cs1,0.759,Cc1csc([C@@H]2C[C@H]2CCl)n1;COc1cccc2c1OCC2N;R9,1,1.000,1.000,0.782
Cc1csc([C@@H]2C[C@H]2CNC2COc3c(F)cccc32)n1,Cc1csc([C@@H]2C[C@H]2CNC2COc3ccccc32)n1,0.727,Cc1csc([C@@H]2C[C@H]2CCl)n1;NC1COc2ccccc21;R9,1,1.000,0.813,0.868
Cc1csc([C@@H]2C[C@H]2CNC2COc3c(F)cccc32)n1,Cc1csc([C@@H]2C[C@H]2CNC2COc3cc(F)ccc32)n1,0.724,Cc1csc([C@@H]2C[C@H]2CCl)n1;NC1COc2cc(F)ccc21;R9,1,1.000,0.685,0.867
Cc1csc([C@@H]2C[C@H]2CNC2COc3c(F)cccc32)n1,Cc1csc([C@@H]2C[C@H]2CNC2COc3cccc(F)c32)n1,0.724,Cc1csc([C@@H]2C[C@H]2CCl)n1;NC1COc2cccc(F)c21;R9,1,1.000,0.722,0.836
Cc1csc([C@@H]2C[C@H]2CNC2COc3c(F)cccc32)n1,Cc1csc([C@@H]2C[C@H]2CNC2COc3c2ccc(Cl)c3Cl)n1,0.724,Cc1csc([C@@H]2C[C@H]2CCl)n1;NC1COc2c1ccc(Cl)c2Cl;R9,1,1.000,0.814,0.755
Cc1csc([C@@H]2C[C@H]2CNC2COc3c(F)cccc32)n1,Cc1csc([C@@H]2C[C@H]2CNC2CC3(CC3)Oc3c(F)cccc32)n1,0.721,Cc1csc([C@@H]2C[C@H]2CCl)n1;NC1CC2(CC2)Oc2c(F)cccc21;R9,1,,,
Cc1csc([C@@H]2C[C@H]2CNC2COc3c(F)cccc32)n1,Cc1csc([C@@H]2C[C@H]2CNC2CCOc3c(C)cccc32)n1,0.695,Cc1csc([C@@H]2C[C@H]2CCl)n1;Cc1cccc2c1OCCC2N;R9,1,,,
Cc1csc([C@@H]2C[C@H]2CNC2COc3c(F)cccc32)n1,Cc1csc([C@@H]2C[C@H]2CNC2c3cccc(F)c3OC2C)n1,0.683,Cc1csc([C@@H]2C[C@H]2CCl)n1;CC1Oc2c(F)cccc2C1N;R9,1,,,
Cc1csc([C@@H]2C[C@H]2CNC2COc3c(F)cccc32)n1,Cc1csc([C@@H]2C[C@H]2CNC2CCCc3c(F)cccc32)n1,0.683,Cc1csc([C@@H]2C[C@H]2CCl)n1;NC1CCCc2c(F)cccc21;R9,1,,,
Cc1csc([C@@H]2C[C@H]2CNC2COc3c(F)cccc32)n1,Cc1csc([C@@H]2C[C@H]2CNC2CCc3c(F)cccc32)n1,0.678,Cc1csc([C@@H]2C[C@H]2CCl)n1;NC1CCc2c(F)cccc21;R9,1,,,
Cc1csc([C@@H]2C[C@H]2CNC2COc3c(F)cccc32)n1,Cc1csc(CNC2COc3c(F)cccc32)n1,0.649,Cc1csc(CCl)n1;NC1COc2c(F)cccc21;R9,1,,,
Cc1csc([C@@H]2C[C@H]2CNC2COc3c(F)cccc32)n1,Cc1csc([C@@H]2C[C@H]2CN[C@@H]2C[C@H]2c2cccc(F)c2F)n1,0.644,Cc1csc([C@@H]2C[C@H]2CCl)n1;N[C@@H]1C[C@H]1c1cccc(F)c1F;R9,1,,,
Cc1csc([C@@H]2C[C@H]2CNC2COc3c(F)cccc32)n1,Cc1csc([C@@H]2C[C@H]2CNc2c(F)cccc2F)n1,0.618,Cc1csc([C@@H]2C[C@H]2CCl)n1;Nc1c(F)cccc1F;R9,1,,,
Cc1csc([C@@H]2C[C@H]2CNC2COc3c(F)cccc32)n1,Cc1csc([C@@H]2C[C@H]2COC(=O)C2COc3c(F)cccc32)n1,0.615,Cc1csc([C@@H]2C[C@H]2CCl)n1;O=C(O)C1COc2c(F)cccc21;R31,1,,,
Cc1csc([C@@H]2C[C@H]2CNC2COc3c(F)cccc32)n1,Cc1csc([C@@H]2C[C@H]2CO[C@H]2CCOc3c(F)cccc32)n1,0.594,Cc1csc([C@@H]2C[C@H]2CCl)n1;O[C@H]1CCOc2c(F)cccc21;R56,1,,,
Cc1csc([C@@H]2C[C@H]2CNC2COc3c(F)cccc32)n1,Cc1csc([C@@H]2C[C@H]2COC2CCCOc3c(F)cccc32)n1,0.576,Cc1csc([C@@H]2C[C@H]2CCl)n1;OC1CCCOc2c(F)cccc21;R56,1,,,
Cc1csc([C@@H]2C[C@H]2CNC2COc3c(F)cccc32)n1,Cc1csc(CNC2COc3c(C)cccc32)n1,0.533,Cc1csc(CN)n1;Cc1cccc2c1OCC2=O;R43,1,,,
Cc1csc([C@@H]2C[C@H]2CNC2COc3c(F)cccc32)n1,Cc1csc(C2CCCCN2C(=O)NC2COc3c(F)cccc32)n1,0.521,Cc1csc(C2CCCCN2)n1;NC1COc2c(F)cccc21;R36,1,,,
Cc1csc([C@@H]2C[C@H]2CNC2COc3c(F)cccc32)n1,Cc1csc([C@@H]2C[C@H]2CSc2cccc3c2OCC3N)n1,0.515,Cc1csc([C@@H]2C[C@H]2CCl)n1;NC1COc2c(Cl)cccc21;R21,1,,,
Cc1csc([C@@H]2C[C@H]2CNC2COc3c(F)cccc32)n1,Cc1csc(C2CCCCN2C(=O)C(=O)NC2COc3c(F)cccc32)n1,0.507,Cc1csc(C2CCCCN2)n1;NC1COc2c(F)cccc21;R38,1,,,
Cc1csc([C@@H]2C[C@H]2CNC2COc3c(F)cccc32)n1,Cc1csc([C@@H]2C[C@H]2CS(=O)(=O)c2cccc3c2OCC3N)n1,0.500,Cc1csc([C@@H]2C[C@H]2CCl)n1;NC1COc2c(Cl)cccc21;R32,1,,,
Cc1csc([C@@H]2C[C@H]2CNC2COc3c(F)cccc32)n1,Cc1csc(C(C)CNC2COc3c(C)cccc32)n1,0.500,Cc1csc(C(C)CN)n1;Cc1cccc2c1OCC2=O;R43,1,,,
Cc1csc([C@@H]2C[C@H]2CNC2COc3c(F)cccc32)n1,Cc1csc(C2CCN(C3CCOc4c(F)cccc43)CC2)n1,0.485,Cc1csc(C2CCNCC2)n1;O=C1CCOc2c(F)cccc21;R43,1,,,
Cc1csc([C@@H]2C[C@H]2CNC2COc3c(F)cccc32)n1,Cc1csc(NC2COc3c(C)cccc32)n1,0.483,Cc1csc(N)n1;Cc1cccc2c1OCC2=O;R43,1,,,
Cc1csc([C@@H]2C[C@H]2CNC2COc3c(F)cccc32)n1,Cc1csc(NC2COc3c2ccc(F)c3F)n1,0.468,Cc1csc(N)n1;O=C1COc2c1ccc(F)c2F;R43,1,,,
Cc1csc([C@@H]2C[C@H]2CNC2COc3c(F)cccc32)n1,Cc1csc(C(C)NC2COc3c(C)cccc32)n1,0.453,Cc1csc(C(C)N)n1;Cc1cccc2c1OCC2=O;R43,1,,,
Cc1csc([C@@H]2C[C@H]2CNC2COc3c(F)cccc32)n1,Cc1csc(N(C)C(=O)C2COc3c(F)cccc32)n1,0.448,CNc1nc(C)cs1;O=C(O)C1COc2c(F)cccc21;R8,1,,,
Cc1csc([C@@H]2C[C@H]2CNC2COc3c(F)cccc32)n1,Cc1csc(C2CCN(C3COc4c(C)cccc43)CC2)n1,0.439,Cc1csc(C2CCNCC2)n1;Cc1cccc2c1OCC2=O;R43,1,,,
Cc1csc([C@@H]2C[C@H]2CNC2COc3c(F)cccc32)n1,Cc1csc(C2CCN(C3COc4c3ccc(F)c4F)CC2)n1,0.426,Cc1csc(C2CCNCC2)n1;O=C1COc2c1ccc(F)c2F;R43,1,,,
Cc1csc([C@@H]2C[C@H]2CNC2COc3c(F)cccc32)n1,Cc1csc(C2CCN(C3COc4c(Cl)cccc43)CC2)n1,0.406,Cc1csc(C2CCNCC2)n1;O=C1COc2c(Cl)cccc21;R43,1,,,
Cc1csc([C@@H]2C[C@H]2CNC2COc3c(F)cccc32)n1,Cc1csc(C2CCN(C3COc4c(Br)cccc43)CC2)n1,0.406,Cc1csc(C2CCNCC2)n1;O=C1COc2c(Br)cccc21;R43,1,,,
Cc1csc([C@@H]2C[C@H]2CNC2COc3c(F)cccc32)n1,Cc1csc(C2CCN(C3(C(=O)O)CCOc4c(F)cccc43)CC2)n1,0.372,Cc1csc(C2CCNCC2)n1;O=C1CCOc2c(F)cccc21;R71,1,,,
Cc1csc([C@@H]2C[C@H]2CNC2COc3c(F)cccc32)n1,Cc1csc(C2CCN(c3cccc4c3OCC4=O)CC2)n1,0.329,Cc1csc(C2CCNCC2)n1;O=C1COc2c(Br)cccc21;R9,1,,,
Cc1csc([C@@H]2C[C@H]2CNC2COc3c(F)cccc32)n1,Cc1csc(C2CCN(C3(C(=O)O)COc4c(C)cccc43)CC2)n1,0.321,Cc1csc(C2CCNCC2)n1;Cc1cccc2c1OCC2=O;R71,1,,,
Cc1csc([C@@H]2C[C@H]2CNC2COc3c(F)cccc32)n1,Cc1csc(C2CCN(C3(C(=O)O)COc4c3ccc(F)c4F)CC2)n1,0.312,Cc1csc(C2CCNCC2)n1;O=C1COc2c1ccc(F)c2F;R71,1,,,
Cc1csc([C@@H]2C[C@H]2CNC2COc3c(F)cccc32)n1,Cc1csc(Nc2cccc3c2OCC3=O)n1,0.286,Cc1csc(N)n1;O=C1COc2c(Br)cccc21;R9,1,,,
C=C(Cl)CCC(=O)N1CCCC(C)(N(C)C)C1,C=C(Cl)CCC(=O)N1CCCC(C)(N(C)C)C1,1.000,CN(C)C1(C)CCCNC1;C=C(Cl)CCC(=O)O;R8,1,1.000,1.000,1.000
C=C(Cl)CCC(=O)N1CCCC(C)(N(C)C)C1,C=C(Cl)CCC(=O)N1CCC(C)(N(C)C)C1,0.842,CN(C)C1(C)CCNC1;C=C(Cl)CCC(=O)O;R8,1,0.889,1.000,0.741
C=C(Cl)CCC(=O)N1CCCC(C)(N(C)C)C1,CN(C)C1(C)CCCN(C(=O)CCC(=O)Cl)C1,0.795,CN(C)C1(C)CCCNC1;O=C(Cl)CCC(=O)Cl;R9,1,1.000,0.694,0.880
C=C(Cl)CCC(=O)N1CCCC(C)(N(C)C)C1,C=C(C)CCC(=O)N1CCCC(C)(N(C)C)C1,0.775,CN(C)C1(C)CCCNC1;C=C(C)CCC(=O)O;R8,1,1.000,1.000,0.877
C=C(Cl)CCC(=O)N1CCCC(C)(N(C)C)C1,C=C(Br)CCC(=O)N1CCCC(C)(N(C)C)C1,0.756,CN(C)C1(C)CCCNC1;C=C(Br)CCC(=O)O;R8,1,1.000,1.000,0.843
C=C(Cl)CCC(=O)N1CCCC(C)(N(C)C)C1,CN(C)C1(C)CCCN(C(=O)CCCl)C1,0.725,CN(C)C1(C)CCCNC1;O=C(O)CCCl;R8,1,1.000,1.000,0.841
C=C(Cl)CCC(=O)N1CCCC(C)(N(C)C)C1,C=C(Cl)CCC(=O)N1CCCC(C)(C)C1,0.718,CC1(C)CCCNC1;C=C(Cl)CCC(=O)O;R8,1,1.000,0.583,0.550
C=C(Cl)CCC(=O)N1CCCC(C)(N(C)C)C1,C=C(Cl)CCC(=O)N1CCC(C)(N(C)C)CC1,0.700,CN(C)C1(C)CCNCC1;C=C(Cl)CCC(=O)O;R8,1,1.000,0.118,0.544
C=C(Cl)CCC(=O)N1CCCC(C)(N(C)C)C1,CN(C)C1(C)CCCN(C(=O)CCCCl)C1,0.690,CN(C)C1(C)CCCNC1;O=C(O)CCCCl;R8,1,1.000,1.000,0.924
C=C(Cl)CCC(=O)N1CCCC(C)(N(C)C)C1,CN(C)C1(C)CCCN(C(=O)CCl)C1,0.675,CN(C)C1(C)CCCNC1;O=C(O)CCl;R8,1,1.000,1.000,0.758
C=C(Cl)CCC(=O)N1CCCC(C)(N(C)C)C1,C=C(Cl)CCC(=O)N1CCC(C)(N(C)CC)C1,0.659,CCN(C)C1(C)CCNC1;C=C(Cl)CCC(=O)O;R8,1,,,
C=C(Cl)CCC(=O)N1CCCC(C)(N(C)C)C1,C=C(Cl)C(=O)N1CCCC(C)(N(C)C)C1,0.659,CN(C)C1(C)CCCNC1;C=C(Cl)C(=O)O;R8,1,,,
C=C(Cl)CCC(=O)N1CCCC(C)(N(C)C)C1,C=C(Cl)CCC(=O)N1CCCCC(C)(C)C1,0.659,CC1(C)CCCCNC1;C=C(Cl)CCC(=O)O;R8,1,,,
C=C(Cl)CCC(=O)N1CCCC(C)(N(C)C)C1,C=C(Cl)CCC(=O)N1CCCC(C)(CC)C1,0.651,CCC1(C)CCCNC1;C=C(Cl)CCC(=O)O;R8,1,,,
C=C(Cl)CCC(=O)N1CCCC(C)(N(C)C)C1,C=C(C)CCC(=O)N1CCC(C)(N(C)C)C1,0.643,CN(C)C1(C)CCNC1;C=C(C)CCC(=O)O;R8,1,,,
C=C(Cl)CCC(=O)N1CCCC(C)(N(C)C)C1,C=C(Cl)CCC(=O)N1CCCC(C)(OC)C1,0.636,COC1(C)CCCNC1;C=C(Cl)CCC(=O)O;R8,1,,,
C=C(Cl)CCC(=O)N1CCCC(C)(N(C)C)C1,C=C(Cl)CCC(=O)N1CCCC2(CCC2)C1,0.634,C1CNCC2(C1)CCC2;C=C(Cl)CCC(=O)O;R8,1,,,
C=C(Cl)CCC(=O)N1CCCC(C)(N(C)C)C1,C=C(Br)CCC(=O)N1CCC(C)(N(C)C)C1,0.628,CN(C)C1(C)CCNC1;C=C(Br)CCC(=O)O;R8,1,,,
C=C(Cl)CCC(=O)N1CCCC(C)(N(C)C)C1,C=C(Cl)CCC(=O)N1CCC(C)(C)C1,0.625,CC1(C)CCNC1;C=C(Cl)CCC(=O)O;R8,1,,,
C=C(Cl)CCC(=O)N1CCCC(C)(N(C)C)C1,C=C(Cl)CCC(=O)N1CCCC2(CCCCC2)C1,0.619,C1CCC2(CC1)CCCNC2;C=C(Cl)CCC(=O)O;R8,1,,,
C=C(Cl)CCC(=O)N1CCCC(C)(N(C)C)C1,C=C(Cl)CCC(=O)N1CCCC(C)(C)CC1,0.619,CC1(C)CCCNCC1;C=C(Cl)CCC(=O)O;R8,1,,,
C=C(Cl)CCC(=O)N1CCCC(C)(N(C)C)C1,C=C(CCC(=O)O)N1CCCC(C)(N(C)C)C1,0.600,CN(C)C1(C)CCCNC1;C=C(Cl)CCC(=O)O;R9,1,,,
C=C(Cl)CCC(=O)N1CCCC(C)(N(C)C)C1,C=C(C(=O)O)N1CCCC(C)(N(C)C)C1,0.581,CN(C)C1(C)CCCNC1;C=C(Cl)C(=O)O;R9,1,,,
C=C(Cl)CCC(=O)N1CCCC(C)(N(C)C)C1,C=C(Cl)CCC(=O)N1CCCNC(C)(C)C1,0.578,CC1(C)CNCCCN1;C=C(Cl)CCC(=O)O;R8,1,,,
C=C(Cl)CCC(=O)N1CCCC(C)(N(C)C)C1,C=C(Cl)CCC(=O)N1CCCC2(CCCNC2)C1,0.542,C1CNCC2(C1)CCCNC2;C=C(Cl)CCC(=O)O;R8,1,,,
C=C(Cl)CCC(=O)N1CCCC(C)(N(C)C)C1,C=C(Cl)CCC(=O)N1CCCC1(C)C,0.535,CC1(C)CCCN1;C=C(Cl)CCC(=O)O;R8,1,,,
C=C(Cl)CCC(=O)N1CCCC(C)(N(C)C)C1,C=C(Cl)CCC(=O)N1CCNCC(C)(C)C1,0.511,CC1(C)CNCCNC1;C=C(Cl)CCC(=O)O;R8,1,,,
C=C(Cl)CCC(=O)N1CCCC(C)(N(C)C)C1,C=C(Cl)CCC(=O)N1CCC1(C)C,0.488,CC1(C)CCN1;C=C(Cl)CCC(=O)O;R8,1,,,
C=C(Cl)CCC(=O)N1CCCC(C)(N(C)C)C1,CN(C)C1(C)CCCN(CC(Cl)C(=O)O)C1,0.440,CN(C)C1(C)CCCNC1;C=C(Cl)C(=O)O;R59,1,,,
C=C(Cl)CCC(=O)N1CCCC(C)(N(C)C)C1,C=C(Cl)CCC(=O)N1CCCNCC1(C)C,0.420,CC1(C)CNCCCN1;C=C(Cl)CCC(=O)O;R8,1,,,
C=C(Cl)CCC(=O)N1CCCC(C)(N(C)C)C1,C=C(CCC(=O)O)N1CCC(C)(N(C)CC)C1,0.377,CCN(C)C1(C)CCNC1;C=C(Cl)CCC(=O)O;R9,1,,,
C=C(Cl)CCC(=O)N1CCCC(C)(N(C)C)C1,C=C(CCC(=O)O)N1CCCC(C)(CC)C1,0.365,CCC1(C)CCCNC1;C=C(Cl)CCC(=O)O;R9,1,,,
C=C(Cl)CCC(=O)N1CCCC(C)(N(C)C)C1,C=C(CCC(=O)O)N1CCCC(C)(OC)C1,0.358,COC1(C)CCCNC1;C=C(Cl)CCC(=O)O;R9,1,,,
C=C(Cl)CCC(=O)N1CCCC(C)(N(C)C)C1,C=C(CCC(=O)O)N1CCCC2(CCC2)C1,0.340,C1CNCC2(C1)CCC2;C=C(Cl)CCC(=O)O;R9,1,,,
C=C(Cl)CCC(=O)N1CCCC(C)(N(C)C)C1,C=C(CCC(=O)O)N1CCCC2(CCCCC2)C1,0.333,C1CCC2(CC1)CCCNC2;C=C(Cl)CCC(=O)O;R9,1,,,
C=C(Cl)CCC(=O)N1CCCC(C)(N(C)C)C1,C=C(CCC(=O)O)N1CCC(C)(C)C1,0.327,CC1(C)CCNC1;C=C(Cl)CCC(=O)O;R9,1,,,
C=C(Cl)CCC(=O)N1CCCC(C)(N(C)C)C1,C=C(CCC(=O)O)N1CCC1(C)C,0.280,CC1(C)CCN1;C=C(Cl)CCC(=O)O;R9,1,,,
COc1cc(CN2CC3CCCC(=O)NC3C2)oc(=O)c1,COc1cc(CN2CC3CCCC(=O)NC3C2)oc(=O)c1,1.000,COc1cc(C=O)oc(=O)c1;O=C1CCCC2CNCC2N1;R43,1,1.000,1.000,1.000
COc1cc(CN2CC3CCCC(=O)NC3C2)oc(=O)c1,COc1cc(CN2CC3CCC(=O)NC3C2)oc(=O)c1,0.875,COc1cc(C=O)oc(=O)c1;O=C1CCC2CNCC2N1;R43,1,0.860,0.859,0.948
COc1cc(CN2CC3CCCC(=O)NC3C2)oc(=O)c1,COc1cc(CN2C[C@H]3CC(=O)N[C@H]3C2)oc(=O)c1,0.760,COc1cc(C=O)oc(=O)c1;O=C1C[C@@H]2CNC[C@@H]2N1;R43,1,0.733,0.673,0.868
COc1cc(CN2CC3CCCC(=O)NC3C2)oc(=O)c1,COc1cc(CN2CC(=O)N[C@H]3CCC[C@H]3C2)oc(=O)c1,0.755,COc1cc(C=O)oc(=O)c1;O=C1CNC[C@@H]2CCC[C@@H]2N1;R43,1,0.729,0.705,0.828
COc1cc(CN2CC3CCCC(=O)NC3C2)oc(=O)c1,COc1cc(CN2CCC3NC(=O)CCC3C2)oc(=O)c1,0.755,COc1cc(C=O)oc(=O)c1;O=C1CCC2CNCCC2N1;R43,1,0.729,0.496,0.825
COc1cc(CN2CC3CCCC(=O)NC3C2)oc(=O)c1,COc1cc(CN2C[C@@H]3CCCN[C@@H]3C2)oc(=O)c1,0.750,COc1cc(C=O)oc(=O)c1;C1CN[C@@H]2CNC[C@@H]2C1;R43,1,0.723,0.755,0.886
COc1cc(CN2CC3CCCC(=O)NC3C2)oc(=O)c1,COc1cc(CN2C[C@H]3CCCC[C@H]3C2)oc(=O)c1,0.729,COc1cc(C=O)oc(=O)c1;C1CC[C@H]2CNC[C@H]2C1;R43,1,0.698,0.614,0.706
COc1cc(CN2CC3CCCC(=O)NC3C2)oc(=O)c1,COc1cc(CN2C[C@H]3CCC[C@H]3C2)oc(=O)c1,0.729,COc1cc(C=O)oc(=O)c1;C1C[C@@H]2CNC[C@@H]2C1;R43,1,0.698,0.569,0.703
COc1cc(CN2CC3CCCC(=O)NC3C2)oc(=O)c1,COc1cc(OC)c2cc(CN3CC4CCCC(=O)NC4C3)oc2c1,0.719,COc1cc(OC)c2cc(C=O)oc2c1;O=C1CCCC2CNCC2N1;R43,1,0.654,0.690,0.637
COc1cc(CN2CC3CCCC(=O)NC3C2)oc(=O)c1,COc1cc(CN2CC[C@H]3CC(=O)N[C@H]3C2)oc(=O)c1,0.717,COc1cc(C=O)oc(=O)c1;O=C1C[C@@H]2CCNC[C@@H]2N1;R43,1,0.688,0.650,0.816
COc1cc(CN2CC3CCCC(=O)NC3C2)oc(=O)c1,COc1cc(CN2CC3CCCCCCC3C2)oc(=O)c1,0.714,COc1cc(C=O)oc(=O)c1;C1CCCC2CNCC2CC1;R43,1,,,
COc1cc(CN2CC3CCCC(=O)NC3C2)oc(=O)c1,COc1cc(CN2CC3CCCCCC3C2)oc(=O)c1,0.714,COc1cc(C=O)oc(=O)c1;C1CCC2CNCC2CC1;R43,1,,,
COc1cc(CN2CC3CCCC(=O)NC3C2)oc(=O)c1,COc1cc(CN2CC(C3CCCC3)C2)oc(=O)c1,0.714,COc1cc(C=O)oc(=O)c1;C1CCC(C2CNC2)C1;R43,1,,,
COc1cc(CN2CC3CCCC(=O)NC3C2)oc(=O)c1,COc1cc(CN2CC(C3CCC3)C2)oc(=O)c1,0.714,COc1cc(C=O)oc(=O)c1;C1CC(C2CNC2)C1;R43,1,,,
COc1cc(CN2CC3CCCC(=O)NC3C2)oc(=O)c1,COc1cc(CN2CC3CCCC(=O)NC3C2)cc(OC)c1,0.706,COc1cc(C=O)cc(OC)c1;O=C1CCCC2CNCC2N1;R43,1,,,
COc1cc(CN2CC3CCCC(=O)NC3C2)oc(=O)c1,COc1ccc2cc(CN3CC4CCCC(=O)NC4C3)oc2c1,0.702,COc1ccc2cc(C=O)oc2c1;O=C1CCCC2CNCC2N1;R43,1,,,
COc1cc(CN2CC3CCCC(=O)NC3C2)oc(=O)c1,COc1ccc2oc(CN3CC4CCCC(=O)NC4C3)cc2c1,0.702,COc1ccc2oc(C=O)cc2c1;O=C1CCCC2CNCC2N1;R43,1,,,
COc1cc(CN2CC3CCCC(=O)NC3C2)oc(=O)c1,COc1cc(CN2CC(C3CCCCC3)C2)oc(=O)c1,0.700,COc1cc(C=O)oc(=O)c1;C1CCC(C2CNC2)CC1;R43,1,,,
COc1cc(CN2CC3CCCC(=O)NC3C2)oc(=O)c1,COc1cc(CN2C[C@@H]3NC(=O)C(=O)N[C@@H]3C2)oc(=O)c1,0.694,COc1cc(C=O)oc(=O)c1;O=C1N[C@H]2CNC[C@H]2NC1=O;R43,1,,,
COc1cc(CN2CC3CCCC(=O)NC3C2)oc(=O)c1,COc1cc(CN2C[C@@H]3NC(=O)N[C@@H]3C2)oc(=O)c1,0.680,COc1cc(C=O)oc(=O)c1;O=C1N[C@H]2CNC[C@H]2N1;R43,1,,,
COc1cc(CN2CC3CCCC(=O)NC3C2)oc(=O)c1,COc1cc(OC)c(CN2CC3CCCC(=O)NC3C2)c(OC)c1,0.679,COc1cc(OC)c(C=O)c(OC)c1;O=C1CCCC2CNCC2N1;R43,1,,,
COc1cc(CN2CC3CCCC(=O)NC3C2)oc(=O)c1,COc1ccc(CN2CC3CCCC(=O)NC3C2)o1,0.667,COc1ccc(C=O)o1;O=C1CCCC2CNCC2N1;R43,1,,,
COc1cc(CN2CC3CCCC(=O)NC3C2)oc(=O)c1,COc1cc(CN2CCC[C@@H]3NC(=O)CCC[C@@H]32)oc(=O)c1,0.661,COc1cc(C=O)oc(=O)c1;O=C1CCC[C@@H]2NCCC[C@@H]2N1;R43,1,,,
COc1cc(CN2CC3CCCC(=O)NC3C2)oc(=O)c1,COc1cc(C)cc(CN2CC3CCCC(=O)NC3C2)c1,0.655,COc1cc(C)cc(C=O)c1;O=C1CCCC2CNCC2N1;R43,1,,,
COc1cc(CN2CC3CCCC(=O)NC3C2)oc(=O)c1,COc1ccc(CN2CC3CCCC(=O)NC3C2)cc1,0.642,COc1ccc(C=O)cc1;O=C1CCCC2CNCC2N1;R43,1,,,
COc1cc(CN2CC3CCCC(=O)NC3C2)oc(=O)c1,COc1cc(OC)cc(Oc2ccc(CN3CC4CCCC(=O)NC4C3)cc2)c1,0.632,COc1cc(OC)cc(Oc2ccc(C=O)cc2)c1;O=C1CCCC2CNCC2N1;R43,1,,,
COc1cc(CN2CC3CCCC(=O)NC3C2)oc(=O)c1,COc1cc(OC)c2cc(CN3CC4CCC(=O)NC4C3)oc2c1,0.627,COc1cc(OC)c2cc(C=O)oc2c1;O=C1CCC2CNCC2N1;R43,1,,,
COc1cc(CN2CC3CCCC(=O)NC3C2)oc(=O)c1,COc1cc(C=O)cc(CN2CC3CCCC(=O)NC3C2)c1,0.621,COc1cc(C=O)cc(C=O)c1;O=C1CCCC2CNCC2N1;R43,1,,,
COc1cc(CN2CC3CCCC(=O)NC3C2)oc(=O)c1,COc1cc(CCN2CC3CCCC(=O)NC3C2)cc(OC)c1,0.618,COc1cc(CC=O)cc(OC)c1;O=C1CCCC2CNCC2N1;R43,1,,,
COc1cc(CN2CC3CCCC(=O)NC3C2)oc(=O)c1,COc1ccc2cc(CN3CC4CCC(=O)NC4C3)oc2c1,0.610,COc1ccc2cc(C=O)oc2c1;O=C1CCC2CNCC2N1;R43,1,,,
COc1cc(CN2CC3CCCC(=O)NC3C2)oc(=O)c1,COc1ccc2cc(CN3CC4CCCC(=O)NC4C3)ccc2c1,0.603,COc1ccc2cc(C=O)ccc2c1;O=C1CCCC2CNCC2N1;R43,1,,,
COc1cc(CN2CC3CCCC(=O)NC3C2)oc(=O)c1,COc1ccc(CN2CC3CCC(=O)NC3C2)o1,0.571,COc1ccc(C=O)o1;O=C1CCC2CNCC2N1;R43,1,,,
COc1cc(CN2CC3CCCC(=O)NC3C2)oc(=O)c1,O=Cc1ccc(-c2ccc(CN3CC4CCCC(=O)NC4C3)o2)o1,0.550,O=Cc1ccc(-c2ccc(C=O)o2)o1;O=C1CCCC2CNCC2N1;R43,1,,,
COc1cc(CN2CC3CCCC(=O)NC3C2)oc(=O)c1,COc1cc(CN2CCC[C@H]3CNC[C@H]32)oc(=O)c1,0.517,COc1cc(C=O)oc(=O)c1;C1CN[C@@H]2CNC[C@@H]2C1;R43,1,,,
COc1cc(CN2CC3CCCC(=O)NC3C2)oc(=O)c1,COc1cc(C=O)cc(N2CC3CCCC(=O)NC3C2)c1,0.508,COc1cc(Cl)cc(C=O)c1;O=C1CCCC2CNCC2N1;R9,1,,,
COc1cc(CN2CC3CCCC(=O)NC3C2)oc(=O)c1,COc1cc(C=C2CCC3CNCC3NC2=O)oc(=O)c1,0.373,COc1cc(C=O)oc(=O)c1;O=C1CCCC2CNCC2N1;R3,1,,,
COc1cc(CN2CC3CCCC(=O)NC3C2)oc(=O)c1,COc1cc(C=C2CC[C@@H]3NCCC[C@@H]3NC2=O)oc(=O)c1,0.368,COc1cc(C=O)oc(=O)c1;O=C1CCC[C@@H]2NCCC[C@@H]2N1;R3,1,,,
COc1cc(CN2CC3CCCC(=O)NC3C2)oc(=O)c1,COc1cc(C=C2CC3CNCCC3NC2=O)oc(=O)c1,0.348,COc1cc(C=O)oc(=O)c1;O=C1CCC2CNCCC2N1;R3,1,,,
COc1cc(CN2CC3CCCC(=O)NC3C2)oc(=O)c1,COc1cc(C=C2CC3CNCC3NC2=O)oc(=O)c1,0.343,COc1cc(C=O)oc(=O)c1;O=C1CCC2CNCC2N1;R3,1,,,
COc1cc(CN2CC3CCCC(=O)NC3C2)oc(=O)c1,COc1cc(C=C2C(=O)N[C@H]3CNCC[C@@H]23)oc(=O)c1,0.338,COc1cc(C=O)oc(=O)c1;O=C1C[C@@H]2CCNC[C@@H]2N1;R3,1,,,
COc1cc(CN2CC3CCCC(=O)NC3C2)oc(=O)c1,COc1cc(C=C2C(=O)N[C@H]3CNC[C@@H]23)oc(=O)c1,0.333,COc1cc(C=O)oc(=O)c1;O=C1C[C@@H]2CNC[C@@H]2N1;R3,1,,,
COc1cc(CN2CC3CCCC(=O)NC3C2)oc(=O)c1,COc1cc(CC=C2CCC3CNCC3NC2=O)cc(OC)c1,0.304,COc1cc(CC=O)cc(OC)c1;O=C1CCCC2CNCC2N1;R3,1,,,
COc1cc(CN2CC3CCCC(=O)NC3C2)oc(=O)c1,COc1cc(C=C2CCC3CNCC3NC2=O)cc(OC)c1,0.299,COc1cc(C=O)cc(OC)c1;O=C1CCCC2CNCC2N1;R3,1,,,
COc1cc(CN2CC3CCCC(=O)NC3C2)oc(=O)c1,COc1cc(OC)c(C=C2CCC3CNCC3NC2=O)c(OC)c1,0.290,COc1cc(OC)c(C=O)c(OC)c1;O=C1CCCC2CNCC2N1;R3,1,,,
COc1cc(CN2CC3CCCC(=O)NC3C2)oc(=O)c1,COc1cc(OC)c2cc(C=C3CCC4CNCC4NC3=O)oc2c1,0.289,COc1cc(OC)c2cc(C=O)oc2c1;O=C1CCCC2CNCC2N1;R3,1,,,
COc1cc(CN2CC3CCCC(=O)NC3C2)oc(=O)c1,COc1cc(C=O)cc(C=C2CCC3CNCC3NC2=O)c1,0.282,COc1cc(C=O)cc(C=O)c1;O=C1CCCC2CNCC2N1;R3,1,,,
COc1cc(CN2CC3CCCC(=O)NC3C2)oc(=O)c1,COc1ccc2cc(C=C3CCC4CNCC4NC3=O)oc2c1,0.276,COc1ccc2cc(C=O)oc2c1;O=C1CCCC2CNCC2N1;R3,1,,,
COc1cc(CN2CC3CCCC(=O)NC3C2)oc(=O)c1,COc1cc(OC)cc(Oc2ccc(C=C3CCC4CNCC4NC3=O)cc2)c1,0.274,COc1cc(OC)cc(Oc2ccc(C=O)cc2)c1;O=C1CCCC2CNCC2N1;R3,1,,,
COc1cc(CN2CC3CCCC(=O)NC3C2)oc(=O)c1,COc1ccc(C=C2CCC3CNCC3NC2=O)cc1,0.261,COc1ccc(C=O)cc1;O=C1CCCC2CNCC2N1;R3,1,,,
COc1cc(CN2CC3CCCC(=O)NC3C2)oc(=O)c1,COc1ccc2cc(C=C3CCC4CNCC4NC3=O)ccc2c1,0.257,COc1ccc2cc(C=O)ccc2c1;O=C1CCCC2CNCC2N1;R3,1,,,
COc1cc(CN2CC3CCCC(=O)NC3C2)oc(=O)c1,COc1ccc(C=C2CCC3CNCC3NC2=O)o1,0.250,COc1ccc(C=O)o1;O=C1CCCC2CNCC2N1;R3,1,,,
COc1cc(CN2CC3CCCC(=O)NC3C2)oc(=O)c1,O=Cc1ccc(-c2ccc(C=C3CCC4CNCC4NC3=O)o2)o1,0.203,O=Cc1ccc(-c2ccc(C=O)o2)o1;O=C1CCCC2CNCC2N1;R3,1,,,
CCC1CC(CC(=O)NCC2COCCN(C(=O)C3CCC(F)(F)CC3)C2)C1,CCC1CC(CC(=O)OCC2COCCN(C(=O)C3CCC(F)(F)CC3)C2)C1,0.705,OCC1CNCCOC1;R108;O=C(Cl)C1CCC(F)(F)CC1;R9;CCC1CC(CC(=O)O)C1;R31,3,0.654,0.859,0.741
CCC1CC(CC(=O)NCC2COCCN(C(=O)C3CCC(F)(F)CC3)C2)C1,CCC1CC(COCC2COCCN(C(=O)C3CCC(F)(F)CC3)C2)C1,0.695,OCC1CNCCOC1;R108;O=C(Cl)C1CCC(F)(F)CC1;R9;CCC1CC(CO)C1;R56,3,0.640,0.667,0.789
CCC1CC(CC(=O)NCC2COCCN(C(=O)C3CCC(F)(F)CC3)C2)C1,CCC1CC(CC(=O)N[C@H]2C[C@H](CC(=O)OCC3COCCN(C(=O)C4CCC(F)(F)CC4)C3)C2)C1,0.687,OCC1CNCCOC1;R108;O=C(Cl)C1CCC(F)(F)CC1;R57;N[C@H]1C[C@H](CC(=O)O)C1;R31;CCC1CC(CC(=O)O)C1;R8,4,0.617,0.749,0.701
CCC1CC(CC(=O)NCC2COCCN(C(=O)C3CCC(F)(F)CC3)C2)C1,CCC1CC(OCC2COCCN(C(=O)C3CCC(F)(F)CC3)C2)C1,0.656,OCC1CNCCOC1;R108;O=C(Cl)C1CCC(F)(F)CC1;R9;CCC1CC(O)C1;R56,3,0.596,0.696,0.753
CCC1CC(CC(=O)NCC2COCCN(C(=O)C3CCC(F)(F)CC3)C2)C1,CCC1CC(C(=O)OCC2COCCN(C(=O)C3CCC(F)(F)CC3)C2)C1,0.645,OCC1CNCCOC1;R108;O=C(Cl)C1CCC(F)(F)CC1;R9;CCC1CC(C(=O)O)C1;R31,3,0.596,0.704,0.706
CCC1CC(CC(=O)NCC2COCCN(C(=O)C3CCC(F)(F)CC3)C2)C1,O=C(O)C[C@H]1C[C@H](NCC2COCCN(C(=O)C3CCC(F)(F)CC3)C2)C1,0.635,OCC1CNCCOC1;R108;O=C(Cl)C1CCC(F)(F)CC1;R9;N[C@H]1C[C@H](CC(=O)O)C1;R9,3,0.694,0.609,0.845
CCC1CC(CC(=O)NCC2COCCN(C(=O)C3CCC(F)(F)CC3)C2)C1,CCC1CC(CC(=O)NCC2COCCN(C(=O)OC(C)(C)C)C2)C1,0.613,CC(C)C1CNCCOC1;O=C(Cl)C1CCC(F)(F)CC1;R9;COC(=O)CC1CCCCCC1;R85;CCC1CC(CC(=O)O)C1;CC(C)(C)OC(=O)N1CCOCC(CN)C1;R8,3,0.519,0.807,0.591
CCC1CC(CC(=O)NCC2COCCN(C(=O)C3CCC(F)(F)CC3)C2)C1,CCC1CC(CC(=O)NCC2CCC(F)(F)CC2)C1,0.593,CCC1CNCCOC1;O=C(Cl)OC1CCC(F)(F)CC1;R9;CCC1CC(CC(=O)O)C1;NCC1CCC(F)(F)CC1;R8,2,0.523,0.534,0.511
CCC1CC(CC(=O)NCC2COCCN(C(=O)C3CCC(F)(F)CC3)C2)C1,CCC1CC(CC(=O)NCC(C2CCC(F)(F)CC2)N2CCOCC(CC)C2)C1,0.591,CCC1CNCCOC1;NCC(=O)C1CCC(F)(F)CC1;R43;CCC1CC(CC(=O)O)C1;R8,2,0.448,0.498,0.581
CCC1CC(CC(=O)NCC2COCCN(C(=O)C3CCC(F)(F)CC3)C2)C1,CC[C@@H]1C[C@H]1CC(=O)OCC1COCCN(C(=O)C2CCC(F)(F)CC2)C1,0.591,OCC1CNCCOC1;R108;O=C(Cl)C1CCC(F)(F)CC1;R57;CC[C@@H]1C[C@H]1CC(=O)O;R31,3,0.604,0.773,0.694
CCC1CC(CC(=O)NCC2COCCN(C(=O)C3CCC(F)(F)CC3)C2)C1,CC1CC(CC(=O)OCC2COCCN(C(=O)C3CCC(F)(F)CC3)C2)C1,0.585,OCC1CNCCOC1;R108;O=C(Cl)C1CCC(F)(F)CC1;R9;CC1CC(CC(=O)O)C1;R31,3,,,
CCC1CC(CC(=O)NCC2COCCN(C(=O)C3CCC(F)(F)CC3)C2)C1,COC(=O)C1CC(CC(=O)OCC2COCCN(C(=O)C3CCC(F)(F)CC3)C2)C1,0.582,OCC1CNCCOC1;R108;O=C(Cl)C1CCC(F)(F)CC1;R9;COC(=O)C1CC(CC(=O)O)C1;R31,3,,,
CCC1CC(CC(=O)NCC2COCCN(C(=O)C3CCC(F)(F)CC3)C2)C1,CCOC1CC(CC(=O)OCC2COCCN(C(=O)C3CCC(F)(F)CC3)C2)C1,0.574,OCC1CNCCOC1;R108;O=C(Cl)C1CCC(F)(F)CC1;R9;CCOC1CC(CC(=O)O)C1;R31,3,,,
CCC1CC(CC(=O)NCC2COCCN(C(=O)C3CCC(F)(F)CC3)C2)C1,N[C@H]1C[C@H](CC(=O)OCC2COCCN(C(=O)C3CCC(F)(F)CC3)C2)C1,0.569,OCC1CNCCOC1;R108;O=C(Cl)C1CCC(F)(F)CC1;R9;N[C@H]1C[C@H](CC(=O)O)C1;R31,3,,,
CCC1CC(CC(=O)NCC2COCCN(C(=O)C3CCC(F)(F)CC3)C2)C1,O=C(CC1CC2CC2C1)OCC1COCCN(C(=O)C2CCC(F)(F)CC2)C1,0.569,OCC1CNCCOC1;R108;O=C(Cl)C1CCC(F)(F)CC1;R9;O=C(O)CC1CC2CC2C1;R31,3,,,
CCC1CC(CC(=O)NCC2COCCN(C(=O)C3CCC(F)(F)CC3)C2)C1,COC1CC(CC(=O)OCC2COCCN(C(=O)C3CCC(F)(F)CC3)C2)C1,0.567,OCC1CNCCOC1;R108;O=C(Cl)C1CCC(F)(F)CC1;R9;COC1CC(CC(=O)O)C1;R31,3,,,
CCC1CC(CC(=O)NCC2COCCN(C(=O)C3CCC(F)(F)CC3)C2)C1,O=C(CC1CC(C2CC2)C1)OCC1COCCN(C(=O)C2CCC(F)(F)CC2)C1,0.561,OCC1CNCCOC1;R108;O=C(Cl)C1CCC(F)(F)CC1;R9;O=C(O)CC1CC(C2CC2)C1;R31,3,,,
CCC1CC(CC(=O)NCC2COCCN(C(=O)C3CCC(F)(F)CC3)C2)C1,O=C(CC1CC2CCC(C2)C1)OCC1COCCN(C(=O)C2CCC(F)(F)CC2)C1,0.561,OCC1CNCCOC1;R108;O=C(Cl)C1CCC(F)(F)CC1;R9;O=C(O)CC1CC2CCC(C2)C1;R31,3,,,
CCC1CC(CC(=O)NCC2COCCN(C(=O)C3CCC(F)(F)CC3)C2)C1,CC(C)(C)C1CC(CC(=O)OCC2COCCN(C(=O)C3CCC(F)(F)CC3)C2)C1,0.559,OCC1CNCCOC1;R108;O=C(Cl)C1CCC(F)(F)CC1;R9;CC(C)(C)C1CC(CC(=O)O)C1;R31,3,,,
CCC1CC(CC(=O)NCC2COCCN(C(=O)C3CCC(F)(F)CC3)C2)C1,CN(C)C1CC(CC(=O)OCC2COCCN(C(=O)C3CCC(F)(F)CC3)C2)C1,0.559,OCC1CNCCOC1;R108;O=C(Cl)C1CCC(F)(F)CC1;R9;CN(C)C1CC(CC(=O)O)C1;R31,3,,,
CCC1CC(CC(=O)NCC2COCCN(C(=O)C3CCC(F)(F)CC3)C2)C1,CS[C@H]1C[C@H](CC(=O)OCC2COCCN(C(=O)C3CCC(F)(F)CC3)C2)C1,0.559,OCC1CNCCOC1;R108;O=C(Cl)C1CCC(F)(F)CC1;R9;CS[C@H]1C[C@H](CC(=O)O)C1;R31,3,,,
CCC1CC(CC(=O)NCC2COCCN(C(=O)C3CCC(F)(F)CC3)C2)C1,O=C(CC1CC1)OCC1COCCN(C(=O)C2CCC(F)(F)CC2)C1,0.556,OCC1CNCCOC1;R108;O=C(Cl)C1CCC(F)(F)CC1;R9;O=C(O)CC1CC1;R31,3,,,
CCC1CC(CC(=O)NCC2COCCN(C(=O)C3CCC(F)(F)CC3)C2)C1,CCC1CC(CC(=O)NCC2CCCC(F)(F)CC2)C1,0.552,CCC1CNCCOC1;O=C(Cl)OC1CCC(F)(F)CC1;R9;CCC1CC(CC(=O)O)C1;NCC1CCCC(F)(F)CC1;R8,2,,,
CCC1CC(CC(=O)NCC2COCCN(C(=O)C3CCC(F)(F)CC3)C2)C1,CCC1CCN(C(=O)C2CCC(F)(F)CC2)C1,0.545,CCC1CCNC1;O=C(Cl)C1CCC(F)(F)CC1;R57,1,,,
CCC1CC(CC(=O)NCC2COCCN(C(=O)C3CCC(F)(F)CC3)C2)C1,CN1CC(CC(=O)OCC2COCCN(C(=O)C3CCC(F)(F)CC3)C2)C1,0.545,OCC1CNCCOC1;R108;O=C(Cl)C1CCC(F)(F)CC1;R9;CN1CC(CC(=O)O)C1;R31,3,,,
CCC1CC(CC(=O)NCC2COCCN(C(=O)C3CCC(F)(F)CC3)C2)C1,CC1CCC(CC(=O)OCC2COCCN(C(=O)C3CCC(F)(F)CC3)C2)CC1,0.537,OCC1CNCCOC1;R108;O=C(Cl)C1CCC(F)(F)CC1;R9;CC1CCC(CC(=O)O)CC1;R31,3,,,
CCC1CC(CC(=O)NCC2COCCN(C(=O)C3CCC(F)(F)CC3)C2)C1,CCC1COCCN(C(=O)C2CCC(C)CC2)C1,0.517,CCC1CNCCOC1;CC1CCC(C(=O)Cl)CC1;R9,1,,,
CCC1CC(CC(=O)NCC2COCCN(C(=O)C3CCC(F)(F)CC3)C2)C1,O=C(C1CCC(F)(F)CC1)N1CCCC(CC2CCOC2)C1,0.516,C1CNCC(CC2CCOC2)C1;O=C(Cl)C1CCC(F)(F)CC1;R9,1,,,
CCC1CC(CC(=O)NCC2COCCN(C(=O)C3CCC(F)(F)CC3)C2)C1,CCC1CCN(C(=O)C2CCC(F)(F)CC2)CC1,0.482,CCC1CCNCC1;O=C(Cl)C1CCC(F)(F)CC1;R57,1,,,
CCC1CC(CC(=O)NCC2COCCN(C(=O)C3CCC(F)(F)CC3)C2)C1,CCC1CC(CC(=O)NC[C@@H]2CCN(C(=O)OC(C)(C)C)C2)C1,0.462,CC(C)C1CNCCOC1;O=C(Cl)C1CCC(F)(F)CC1;R9;COC(=O)CC1CCCCCC1;R85;CCC1CC(CC(=O)O)C1;CC(C)(C)OC(=O)N1CC[C@@H](CN)C1;R8,3,,,
CCC1CC(CC(=O)NCC2COCCN(C(=O)C3CCC(F)(F)CC3)C2)C1,CCC1CC(CC(=O)NCC2COCCN2C(=O)OC(C)(C)C)C1,0.456,CC(C)C1CNCCOC1;O=C(Cl)C1CCC(F)(F)CC1;R9;COC(=O)CC1CCCCCC1;R85;CCC1CC(CC(=O)O)C1;CC(C)(C)OC(=O)N1CCOCC1CN;R8,3,,,
CCC1CC(CC(=O)NCC2COCCN(C(=O)C3CCC(F)(F)CC3)C2)C1,CCC1CC(CC(=O)NCC2CCCN(C(=O)OC(C)(C)C)C2)C1,0.448,CC(C)C1CNCCOC1;O=C(Cl)C1CCC(F)(F)CC1;R9;COC(=O)CC1CCCCCC1;R85;CCC1CC(CC(=O)O)C1;CC(C)(C)OC(=O)N1CCCC(CN)C1;R8,3,,,
CCC1CC(CC(=O)NCC2COCCN(C(=O)C3CCC(F)(F)CC3)C2)C1,CCC1CC(CC(=O)NCC2CN(C(=O)OC(C)(C)C)C2)C1,0.444,CC(C)C1CNCCOC1;O=C(Cl)C1CCC(F)(F)CC1;R9;COC(=O)CC1CCCCCC1;R85;CCC1CC(CC(=O)O)C1;CC(C)(C)OC(=O)N1CC(CN)C1;R8,3,,,
CCC1CC(CC(=O)NCC2COCCN(C(=O)C3CCC(F)(F)CC3)C2)C1,CCC1CC(CC(=O)NCC2CCCCN(C(=O)OC(C)(C)C)C2)C1,0.441,CC(C)C1CNCCOC1;O=C(Cl)C1CCC(F)(F)CC1;R9;COC(=O)CC1CCCCCC1;R85;CCC1CC(CC(=O)O)C1;CC(C)(C)OC(=O)N1CCCCC(CN)C1;R8,3,,,
CCC1CC(CC(=O)NCC2COCCN(C(=O)C3CCC(F)(F)CC3)C2)C1,CCC1CC(CC(=O)NC[C@H]2CN(C(=O)OC(C)(C)C)CCO2)C1,0.435,CC(C)C1CNCCOC1;O=C(Cl)C1CCC(F)(F)CC1;R9;COC(=O)CC1CCCCCC1;R85;CCC1CC(CC(=O)O)C1;CC(C)(C)OC(=O)N1CCO[C@@H](CN)C1;R8,3,,,
CCC1CC(CC(=O)NCC2COCCN(C(=O)C3CCC(F)(F)CC3)C2)C1,CCC1CC(CC(=O)NC2COCCN(C(=O)OC(C)(C)C)C2)C1,0.435,CC(C)C1CNCCOC1;O=C(Cl)C1CCC(F)(F)CC1;R9;COC(=O)CC1CCCCCC1;R85;CCC1CC(CC(=O)O)C1;CC(C)(C)OC(=O)N1CCOCC(N)C1;R8,3,,,
CCC1CC(CC(=O)NCC2COCCN(C(=O)C3CCC(F)(F)CC3)C2)C1,CCC1CC(CC(=O)NCC2CCN(C(=O)OC(C)(C)C)CC2)C1,0.431,CC(C)C1CNCCOC1;O=C(Cl)C1CCC(F)(F)CC1;R9;COC(=O)CC1CCCCCC1;R85;CCC1CC(CC(=O)O)C1;CC(C)(C)OC(=O)N1CCC(CN)CC1;R8,3,,,
CCC1CC(CC(=O)NCC2COCCN(C(=O)C3CCC(F)(F)CC3)C2)C1,CCC1CC(CC(=O)OCC2COCCN(C(=O)OC(C)(C)C)C2)C1,0.414,CC(C)C1CNCCOC1;O=C(Cl)C1CCC(F)(F)CC1;R9;COC(=O)CC1CCCCCC1;R85;CCC1CC(CC(=O)O)C1;CC(C)(C)OC(=O)N1CCOCC(CO)C1;R72,3,,,
CCC1CC(CC(=O)NCC2COCCN(C(=O)C3CCC(F)(F)CC3)C2)C1,CCC1CC(CC(=O)NCC2CC(C)CN(C(=O)OC(C)(C)C)C2)C1,0.412,CC(C)C1CNCCOC1;O=C(Cl)C1CCC(F)(F)CC1;R9;COC(=O)CC1CCCCCC1;R85;CCC1CC(CC(=O)O)C1;CC1CC(CN)CN(C(=O)OC(C)(C)C)C1;R8,3,,,
CCC1CC(CC(=O)NCC2COCCN(C(=O)C3CCC(F)(F)CC3)C2)C1,CCC1CC(CC(=O)NCC2CCN(C(=O)OC(C)(C)C)CC2C)C1,0.394,CC(C)C1CNCCOC1;O=C(Cl)C1CCC(F)(F)CC1;R9;COC(=O)CC1CCCCCC1;R85;CCC1CC(CC(=O)O)C1;CC1CN(C(=O)OC(C)(C)C)CCC1CN;R8,3,,,
CCC1CC(CC(=O)NCC2COCCN(C(=O)C3CCC(F)(F)CC3)C2)C1,CCC1CC(CC(=O)N2CCOCC(N(C)C(=O)CC3CCCCCC3)C2)C1,0.389,CC(C)C1CNCCOC1;O=C(Cl)C1CCC(F)(F)CC1;R9;COC(=O)CC1CCCCCC1;R85;CCC1CC(CC(=O)O)C1;CNC1COCCN(C(=O)OC(C)(C)C)C1;R69,3,,,
CCC1CC(CC(=O)NCC2COCCN(C(=O)C3CCC(F)(F)CC3)C2)C1,CCC1CC(CC(=O)N(C)C2COCCN(C(=O)CC3CCCCCC3)C2)C1,0.389,CC(C)C1CNCCOC1;O=C(Cl)C1CCC(F)(F)CC1;R9;COC(=O)CC1CCCCCC1;R85;CCC1CC(CC(=O)O)C1;CNC1COCCN(C(=O)OC(C)(C)C)C1;R69,3,,,
CCC1CC(CC(=O)NCC2COCCN(C(=O)C3CCC(F)(F)CC3)C2)C1,CCC1CC(CC(=O)N(C)C2COCCN(C(=O)CC3CCCCC3)C2)C1,0.389,CC(C)C1CNCCOC1;O=C(Cl)C1CCC(F)(F)CC1;R9;COC(=O)CC1CCCCC1;R85;CCC1CC(CC(=O)O)C1;CNC1COCCN(C(=O)OC(C)(C)C)C1;R69,3,,,
CCC1CC(CC(=O)NCC2COCCN(C(=O)C3CCC(F)(F)CC3)C2)C1,CCC1CC(CC(=O)N2CCOCC(N(C)C(=O)CC3CCCCC3)C2)C1,0.389,CC(C)C1CNCCOC1;O=C(Cl)C1CCC(F)(F)CC1;R9;COC(=O)CC1CCCCC1;R85;CCC1CC(CC(=O)O)C1;CNC1COCCN(C(=O)OC(C)(C)C)C1;R69,3,,,
CCC1CC(CC(=O)NCC2COCCN(C(=O)C3CCC(F)(F)CC3)C2)C1,CCC1CC(CC(=O)NCC[C@@H]2CCN(C(=O)OC(C)(C)C)C2)C1,0.386,CC(C)C1CNCCOC1;O=C(Cl)C1CCC(F)(F)CC1;R9;COC(=O)CC1CCCCCC1;R85;CCC1CC(CC(=O)O)C1;CC(C)(C)OC(=O)N1CC[C@@H](CCN)C1;R8,3,,,
CCC1CC(CC(=O)NCC2COCCN(C(=O)C3CCC(F)(F)CC3)C2)C1,CCC1CC(CC(=O)OC2COCCN(C(=O)OC(C)(C)C)C2)C1,0.380,CC(C)C1CNCCOC1;O=C(Cl)C1CCC(F)(F)CC1;R9;COC(=O)CC1CCCCCC1;R85;CCC1CC(CC(=O)O)C1;CC(C)(C)OC(=O)N1CCOCC(O)C1;R72,3,,,
CCC1CC(CC(=O)NCC2COCCN(C(=O)C3CCC(F)(F)CC3)C2)C1,CCC1CC(CC(=O)N(C)C2COCCN(C(=O)OC(C)(C)C)C2)C1,0.370,CC(C)C1CNCCOC1;O=C(Cl)C1CCC(F)(F)CC1;R9;COC(=O)CC1CCCCCC1;R85;CCC1CC(CC(=O)O)C1;CNC1COCCN(C(=O)OC(C)(C)C)C1;R8,3,,,
CCC1CC(CC(=O)NCC2COCCN(C(=O)C3CCC(F)(F)CC3)C2)C1,CCC1CC(CC(=O)NCCC2CN(C(=O)OC(C)(C)C)C2)C1,0.368,CC(C)C1CNCCOC1;O=C(Cl)C1CCC(F)(F)CC1;R9;COC(=O)CC1CCCCCC1;R85;CCC1CC(CC(=O)O)C1;CC(C)(C)OC(=O)N1CC(CCN)C1;R8,3,,,
CCC1CC(CC(=O)NCC2COCCN(C(=O)C3CCC(F)(F)CC3)C2)C1,CCC1CC(C(C(=O)O)C(=O)CC2CC(CF)C2)C1,0.246,OCC1CNCCOC1;R108;O=C(Cl)C1CCC(F)(F)CC1;R57;O=C(O)CC1CC(CF)C1;R31;CCC1CC(CC(=O)O)C1;R94,4,,,
CCC1CC(CC(=O)NCC2COCCN(C(=O)C3CCC(F)(F)CC3)C2)C1,CCC1CC(C(C(=O)O)C(=O)CC2CCC2)C1,0.217,OCC1CNCCOC1;R108;O=C(Cl)C1CCC(F)(F)CC1;R9;O=C(O)CC1CCC1;R31;CCC1CC(CC(=O)O)C1;R94,4,,,
CCC1CC(CC(=O)NCC2COCCN(C(=O)C3CCC(F)(F)CC3)C2)C1,CCC1CC(C(C(=O)O)C(=O)CC2CCCC2)C1,0.217,OCC1CNCCOC1;R108;O=C(Cl)C1CCC(F)(F)CC1;R57;O=C(O)CC1CCCC1;R31;CCC1CC(CC(=O)O)C1;R94,4,,,
CCC1CC(CC(=O)NCC2COCCN(C(=O)C3CCC(F)(F)CC3)C2)C1,CCC1CC(C(C(=O)O)C(=O)CC2CCCCCC2)C1,0.214,OCC1CNCCOC1;R108;O=C(Cl)C1CCC(F)(F)CC1;R57;O=C(O)CC1CCCCCC1;R31;CCC1CC(CC(=O)O)C1;R94,4,,,
CCC1CC(CC(=O)NCC2COCCN(C(=O)C3CCC(F)(F)CC3)C2)C1,CCC1CC(C(C(=O)O)C(=O)C[C@H]2C[C@H](N)C2)C1,0.214,OCC1CNCCOC1;R108;O=C(Cl)C1CCC(F)(F)CC1;R57;N[C@H]1C[C@H](CC(=O)O)C1;R31;CCC1CC(CC(=O)O)C1;R94,4,,,
CN1CCCCC1CCN(C)S(=O)(=O)C1CC(NC(=O)OC(C)(C)C)C1,CN1CCCCC1CCN(C)S(=O)(=O)[C@H]1C[C@H](NC(=O)OC(C)(C)C)C1,1.000,CC(C)(C)OC(=O)N[C@H]1C[C@H](S(=O)(=O)Cl)C1;CNCCC1CCCCN1C;R11,1,1.000,1.000,1.000
CN1CCCCC1CCN(C)S(=O)(=O)C1CC(NC(=O)OC(C)(C)C)C1,CN1CCCC1CCN(C)S(=O)(=O)[C@H]1C[C@H](NC(=O)OC(C)(C)C)C1,0.941,CC(C)(C)OC(=O)N[C@H]1C[C@H](S(=O)(=O)Cl)C1;CNCCC1CCCN1C;R11,1,0.906,0.913,0.950
CN1CCCCC1CCN(C)S(=O)(=O)C1CC(NC(=O)OC(C)(C)C)C1,CN1CCCC[C@H]1CN(C)S(=O)(=O)[C@H]1C[C@H](NC(=O)OC(C)(C)C)C1,0.815,CC(C)(C)OC(=O)N[C@H]1C[C@H](S(=O)(=O)Cl)C1;CNC[C@@H]1CCCCN1C;R11,1,0.714,0.676,0.766
CN1CCCCC1CCN(C)S(=O)(=O)C1CC(NC(=O)OC(C)(C)C)C1,CN1CCCC1CN(C)S(=O)(=O)[C@H]1C[C@H](NC(=O)OC(C)(C)C)C1,0.764,CC(C)(C)OC(=O)N[C@H]1C[C@H](S(=O)(=O)Cl)C1;CNCC1CCCN1C;R11,1,0.639,0.573,0.721
CN1CCCCC1CCN(C)S(=O)(=O)C1CC(NC(=O)OC(C)(C)C)C1,CN1CCCCC1CCN(C)S(=O)(=O)[C@H]1C[C@H](C(=O)OC(C)(C)C)C1,0.732,CC(C)(C)OC(=O)[C@H]1C[C@H](S(=O)(=O)Cl)C1;CNCCC1CCCCN1C;R11,1,1.000,0.710,0.597
CN1CCCCC1CCN(C)S(=O)(=O)C1CC(NC(=O)OC(C)(C)C)C1,CN(CCC1CCCC1)S(=O)(=O)[C@H]1C[C@H](NC(=O)OC(C)(C)C)C1,0.722,CC(C)(C)OC(=O)N[C@H]1C[C@H](S(=O)(=O)Cl)C1;CNCCC1CCCC1;R11,1,0.600,0.712,0.766
CN1CCCCC1CCN(C)S(=O)(=O)C1CC(NC(=O)OC(C)(C)C)C1,CN1CCCCC1CCN(C)[C@H]1C[C@H](NC(=O)OC(C)(C)C)C1,0.714,CC(C)(C)OC(=O)N[C@H]1C[C@H](Cl)C1;CNCCC1CCCCN1C;R9,1,0.541,0.564,0.447
CN1CCCCC1CCN(C)S(=O)(=O)C1CC(NC(=O)OC(C)(C)C)C1,CN1CCCCC1CCN(C)C1CC(NC(=O)OC(C)(C)C)C1,0.714,CC(C)(C)OC(=O)NC1CC(Br)C1;CNCCC1CCCCN1C;R9,1,0.541,0.564,0.447
CN1CCCCC1CCN(C)S(=O)(=O)C1CC(NC(=O)OC(C)(C)C)C1,CN(CCN1CCCC1)S(=O)(=O)[C@H]1C[C@H](NC(=O)OC(C)(C)C)C1,0.709,CC(C)(C)OC(=O)N[C@H]1C[C@H](S(=O)(=O)Cl)C1;CNCCN1CCCC1;R11,1,0.487,0.448,0.699
CN1CCCCC1CCN(C)S(=O)(=O)C1CC(NC(=O)OC(C)(C)C)C1,CN(CCC1CCCCN1C)C(=O)N[C@H]1C[C@@H](NC(=O)OC(C)(C)C)C1,0.702,CC(C)(C)OC(=O)N[C@H]1C[C@@H](N)C1;CNCCC1CCCCN1C;R36,1,0.488,0.585,0.423
CN1CCCCC1CCN(C)S(=O)(=O)C1CC(NC(=O)OC(C)(C)C)C1,CN(CCC1CCCCN1C)C(=O)C1CC(NC(=O)OC(C)(C)C)C1,0.690,CC(C)(C)OC(=O)NC1CC(C(=O)O)C1;CNCCC1CCCCN1C;R8,1,,,
CN1CCCCC1CCN(C)S(=O)(=O)C1CC(NC(=O)OC(C)(C)C)C1,CN(CCC1CCCCN1C)CC1CC(NC(=O)OC(C)(C)C)C1,0.690,CC(C)(C)OC(=O)NC1CC(C=O)C1;CNCCC1CCCCN1C;R43,1,,,
CN1CCCCC1CCN(C)S(=O)(=O)C1CC(NC(=O)OC(C)(C)C)C1,CN(CCC1CC1)S(=O)(=O)[C@H]1C[C@H](NC(=O)OC(C)(C)C)C1,0.685,CC(C)(C)OC(=O)N[C@H]1C[C@H](S(=O)(=O)Cl)C1;CNCCC1CC1;R11,1,,,
CN1CCCCC1CCN(C)S(=O)(=O)C1CC(NC(=O)OC(C)(C)C)C1,CN1CCCC1CCN(C)S(=O)(=O)[C@H]1C[C@H](C(=O)OC(C)(C)C)C1,0.684,CC(C)(C)OC(=O)[C@H]1C[C@H](S(=O)(=O)Cl)C1;CNCCC1CCCN1C;R11,1,,,
CN1CCCCC1CCN(C)S(=O)(=O)C1CC(NC(=O)OC(C)(C)C)C1,CN(CCC1CCCCN1C)C(=O)C(=O)N[C@H]1C[C@@H](NC(=O)OC(C)(C)C)C1,0.678,CC(C)(C)OC(=O)N[C@H]1C[C@@H](N)C1;CNCCC1CCCCN1C;R38,1,,,
CN1CCCCC1CCN(C)S(=O)(=O)C1CC(NC(=O)OC(C)(C)C)C1,CC(C1CC(NC(=O)OC(C)(C)C)C1)N(C)CCC1CCCCN1C,0.667,CC(=O)C1CC(NC(=O)OC(C)(C)C)C1;CNCCC1CCCCN1C;R43,1,,,
CN1CCCCC1CCN(C)S(=O)(=O)C1CC(NC(=O)OC(C)(C)C)C1,CN1CCCC1CCN(C)[C@H]1C[C@H](NC(=O)OC(C)(C)C)C1,0.667,CC(C)(C)OC(=O)N[C@H]1C[C@H](Cl)C1;CNCCC1CCCN1C;R9,1,,,
CN1CCCCC1CCN(C)S(=O)(=O)C1CC(NC(=O)OC(C)(C)C)C1,CN1CCCCC1CCN(C)[C@@H]1C[C@H](NC(=O)OC(C)(C)C)C[C@@H]1O,0.656,CC(C)(C)OC(=O)N[C@@H]1C[C@@H]2O[C@@H]2C1;CNCCC1CCCCN1C;R58,1,,,
CN1CCCCC1CCN(C)S(=O)(=O)C1CC(NC(=O)OC(C)(C)C)C1,CN1CCCCC1CCN(C)[C@H]1C[C@@H](NC(=O)OC(C)(C)C)C[C@H]1O,0.656,CC(C)(C)OC(=O)N[C@@H]1C[C@@H]2O[C@@H]2C1;CNCCC1CCCCN1C;R58,1,,,
CN1CCCCC1CCN(C)S(=O)(=O)C1CC(NC(=O)OC(C)(C)C)C1,CN1CCCCC1CCN(C)C(C)(C(=O)O)C1CC(NC(=O)OC(C)(C)C)C1,0.656,CC(=O)C1CC(NC(=O)OC(C)(C)C)C1;CNCCC1CCCCN1C;R71,1,,,
CN1CCCCC1CCN(C)S(=O)(=O)C1CC(NC(=O)OC(C)(C)C)C1,CN(CCC1CCCCN1C)C(=O)C(=O)N(C)C1CC(NC(=O)OC(C)(C)C)C1,0.656,CNC1CC(NC(=O)OC(C)(C)C)C1;CNCCC1CCCCN1C;R38,1,,,
CN1CCCCC1CCN(C)S(=O)(=O)C1CC(NC(=O)OC(C)(C)C)C1,CN1CCCC[C@@H]1CNS(=O)(=O)[C@H]1C[C@H](NC(=O)OC(C)(C)C)C1,0.655,CC(C)(C)OC(=O)N[C@H]1C[C@H](S(=O)(=O)Cl)C1;CN1CCCC[C@@H]1CN;R11,1,,,
CN1CCCCC1CCN(C)S(=O)(=O)C1CC(NC(=O)OC(C)(C)C)C1,CN(CCC1CCCN1C)C(=O)N[C@H]1C[C@@H](NC(=O)OC(C)(C)C)C1,0.655,CC(C)(C)OC(=O)N[C@H]1C[C@@H](N)C1;CNCCC1CCCN1C;R36,1,,,
CN1CCCCC1CCN(C)S(=O)(=O)C1CC(NC(=O)OC(C)(C)C)C1,CN1CCCC1CCNS(=O)(=O)[C@H]1C[C@H](NC(=O)OC(C)(C)C)C1,0.644,CC(C)(C)OC(=O)N[C@H]1C[C@H](S(=O)(=O)Cl)C1;CN1CCCC1CCN;R11,1,,,
CN1CCCCC1CCN(C)S(=O)(=O)C1CC(NC(=O)OC(C)(C)C)C1,CN(CCC1CCCN1C)C(=O)C1CC(NC(=O)OC(C)(C)C)C1,0.644,CC(C)(C)OC(=O)NC1CC(C(=O)O)C1;CNCCC1CCCN1C;R8,1,,,
CN1CCCCC1CCN(C)S(=O)(=O)C1CC(NC(=O)OC(C)(C)C)C1,CN(CCC1CCCCN1C)C(=O)C(=O)N(C1CC1)C1CC(NC(=O)OC(C)(C)C)C1,0.635,CC(C)(C)OC(=O)NC1CC(NC2CC2)C1;CNCCC1CCCCN1C;R38,1,,,
CN1CCCCC1CCN(C)S(=O)(=O)C1CC(NC(=O)OC(C)(C)C)C1,CN(CCC1CCCN1C)C(=O)C(=O)N[C@H]1C[C@@H](NC(=O)OC(C)(C)C)C1,0.633,CC(C)(C)OC(=O)N[C@H]1C[C@@H](N)C1;CNCCC1CCCN1C;R38,1,,,
CN1CCCCC1CCN(C)S(=O)(=O)C1CC(NC(=O)OC(C)(C)C)C1,CN(CCC1CCCCN1C)C(=O)N[C@@H]1C[C@@H](NC(=O)OC(C)(C)C)C[C@@H]1N,0.625,CC(C)(C)OC(=O)N[C@@H]1C[C@@H](N)[C@@H](N)C1;CNCCC1CCCCN1C;R36,1,,,
CN1CCCCC1CCN(C)S(=O)(=O)C1CC(NC(=O)OC(C)(C)C)C1,CN(CCC1CCCCN1C)C(=O)N[C@H]1C[C@H](NC(=O)OC(C)(C)C)C[C@H]1N,0.625,CC(C)(C)OC(=O)N[C@@H]1C[C@@H](N)[C@@H](N)C1;CNCCC1CCCCN1C;R36,1,,,
CN1CCCCC1CCN(C)S(=O)(=O)C1CC(NC(=O)OC(C)(C)C)C1,CN1CCCC1CCCNS(=O)(=O)[C@H]1C[C@H](NC(=O)OC(C)(C)C)C1,0.623,CC(C)(C)OC(=O)N[C@H]1C[C@H](S(=O)(=O)Cl)C1;CN1CCCC1CCCN;R11,1,,,
CN1CCCCC1CCN(C)S(=O)(=O)C1CC(NC(=O)OC(C)(C)C)C1,CC(C1CC(NC(=O)OC(C)(C)C)C1)N(C)CCC1CCCN1C,0.623,CC(=O)C1CC(NC(=O)OC(C)(C)C)C1;CNCCC1CCCN1C;R43,1,,,
CN1CCCCC1CCN(C)S(=O)(=O)C1CC(NC(=O)OC(C)(C)C)C1,CN1CCCC1CCN(C)[C@@H]1C[C@H](NC(=O)OC(C)(C)C)C[C@@H]1O,0.613,CC(C)(C)OC(=O)N[C@@H]1C[C@@H]2O[C@@H]2C1;CNCCC1CCCN1C;R58,1,,,
CN1CCCCC1CCN(C)S(=O)(=O)C1CC(NC(=O)OC(C)(C)C)C1,CN1CCCC1CCN(C)[C@H]1C[C@@H](NC(=O)OC(C)(C)C)C[C@H]1O,0.613,CC(C)(C)OC(=O)N[C@@H]1C[C@@H]2O[C@@H]2C1;CNCCC1CCCN1C;R58,1,,,
CN1CCCCC1CCN(C)S(=O)(=O)C1CC(NC(=O)OC(C)(C)C)C1,CN1CCCC1CCN(C)C(C)(C(=O)O)C1CC(NC(=O)OC(C)(C)C)C1,0.613,CC(=O)C1CC(NC(=O)OC(C)(C)C)C1;CNCCC1CCCN1C;R71,1,,,
CN1CCCCC1CCN(C)S(=O)(=O)C1CC(NC(=O)OC(C)(C)C)C1,CN1CCC[C@@H]1CNS(=O)(=O)[C@H]1C[C@H](NC(=O)OC(C)(C)C)C1,0.610,CC(C)(C)OC(=O)N[C@H]1C[C@H](S(=O)(=O)Cl)C1;CN1CCC[C@@H]1CN;R11,1,,,
CN1CCCCC1CCN(C)S(=O)(=O)C1CC(NC(=O)OC(C)(C)C)C1,CN(CCC1CCCCN1C)C(=O)C(=O)N[C@@H]1C[C@@H](NC(=O)OC(C)(C)C)C[C@@H]1N,0.606,CC(C)(C)OC(=O)N[C@@H]1C[C@@H](N)[C@@H](N)C1;CNCCC1CCCCN1C;R38,1,,,
CN1CCCCC1CCN(C)S(=O)(=O)C1CC(NC(=O)OC(C)(C)C)C1,CN(CCC1CCCCN1C)C(=O)C(=O)N[C@H]1C[C@H](NC(=O)OC(C)(C)C)C[C@H]1N,0.606,CC(C)(C)OC(=O)N[C@@H]1C[C@@H](N)[C@@H](N)C1;CNCCC1CCCCN1C;R38,1,,,
CN1CCCCC1CCN(C)S(=O)(=O)C1CC(NC(=O)OC(C)(C)C)C1,CN(CCC1CCCN1C)C(=O)C(=O)N(C1CC1)C1CC(NC(=O)OC(C)(C)C)C1,0.594,CC(C)(C)OC(=O)NC1CC(NC2CC2)C1;CNCCC1CCCN1C;R38,1,,,
CN1CCCCC1CCN(C)S(=O)(=O)C1CC(NC(=O)OC(C)(C)C)C1,CN(CCC1CCCN1C)C(=O)N[C@@H]1C[C@@H](NC(=O)OC(C)(C)C)C[C@@H]1N,0.585,CC(C)(C)OC(=O)N[C@@H]1C[C@@H](N)[C@@H](N)C1;CNCCC1CCCN1C;R36,1,,,
CN1CCCCC1CCN(C)S(=O)(=O)C1CC(NC(=O)OC(C)(C)C)C1,CN(CCC1CCCN1C)C(=O)N[C@H]1C[C@H](NC(=O)OC(C)(C)C)C[C@H]1N,0.585,CC(C)(C)OC(=O)N[C@@H]1C[C@@H](N)[C@@H](N)C1;CNCCC1CCCN1C;R36,1,,,
CN1CCCCC1CCN(C)S(=O)(=O)C1CC(NC(=O)OC(C)(C)C)C1,CN(CCC1CCCN1C)C(=O)C(=O)N[C@H]1C[C@H](NC(=O)OC(C)(C)C)C[C@H]1N,0.567,CC(C)(C)OC(=O)N[C@@H]1C[C@@H](N)[C@@H](N)C1;CNCCC1CCCN1C;R38,1,,,
CN1CCCCC1CCN(C)S(=O)(=O)C1CC(NC(=O)OC(C)(C)C)C1,CN(CCC1CCCN1C)C(=O)C(=O)N[C@@H]1C[C@@H](NC(=O)OC(C)(C)C)C[C@@H]1N,0.567,CC(C)(C)OC(=O)N[C@@H]1C[C@@H](N)[C@@H](N)C1;CNCCC1CCCN1C;R38,1,,,
CN(C(=O)c1cc2cc(Br)cnc2n1C)C12CCCC(CNC1)C2,CN(C(=O)c1cc2cc(Br)cnc2n1C)C12CCCC(CNC1)C2,1.000,CNC12CCCC(CN(C(=O)OC(C)(C)C)C1)C2;R84;Cn1c(C(=O)O)cc2cc(Br)cnc21;R8,2,1.000,1.000,1.000
CN(C(=O)c1cc2cc(Br)cnc2n1C)C12CCCC(CNC1)C2,COC(=O)c1cnc2c(c1)cc(C(=O)N(C)C13CCCC(CNC1)C3)n2C,0.754,CNC12CCCC(CN(C(=O)OC(C)(C)C)C1)C2;R84;COC(=O)c1cnc2c(c1)cc(C(=O)O)n2C;R8,2,1.000,0.924,0.863
CN(C(=O)c1cc2cc(Br)cnc2n1C)C12CCCC(CNC1)C2,CN(C(=O)c1cnc2c(c1)cc(C(=O)O)n2C)C12CCCC(CNC1)C2,0.723,CNC12CCCC(CN(C(=O)OC(C)(C)C)C1)C2;R84;COC(=O)c1cnc2c(c1)cc(C(=O)O)n2C;R49,2,0.594,0.496,0.738
CN(C(=O)c1cc2cc(Br)cnc2n1C)C12CCCC(CNC1)C2,CN(C(=O)c1cnc2ncc(Br)cc2c1)C12CCCC(CNC1)C2,0.688,CNC12CCCC(CN(C(=O)OC(C)(C)C)C1)C2;R84;O=C(O)c1cnc2ncc(Br)cc2c1;R8,2,0.661,0.598,0.643
CN(C(=O)c1cc2cc(Br)cnc2n1C)C12CCCC(CNC1)C2,CN(C(=O)c1cc2cc(Br)cnc2n1C)C12CCCC(CN(C(=O)O)C1)C2,0.687,CNC12CCCC(CN(C(=O)OC(C)(C)C)C1)C2;R85;Cn1c(C(=O)O)cc2cc(Br)cnc21;R8,2,1.000,0.630,0.948
CN(C(=O)c1cc2cc(Br)cnc2n1C)C12CCCC(CNC1)C2,CN(C(=O)c1ncc(Br)cc1Br)C12CCCC(CNC1)C2,0.677,CNC12CCCC(CN(C(=O)OC(C)(C)C)C1)C2;R84;O=C(O)c1ncc(Br)cc1Br;R8,2,0.638,0.568,0.615
CN(C(=O)c1cc2cc(Br)cnc2n1C)C12CCCC(CNC1)C2,CN(C(=O)c1cc2cc(Br)cnc2[nH]1)C12CCCC(CNC1)C2,0.677,CNC12CCCC(CN(C(=O)OC(C)(C)C)C1)C2;R84;O=C(O)c1cc2cc(Br)cnc2[nH]1;R8,2,1.000,0.864,0.851
CN(C(=O)c1cc2cc(Br)cnc2n1C)C12CCCC(CNC1)C2,CN(C(=O)c1cc(Br)c(Br)n1C)C12CCCC(CNC1)C2,0.672,CNC12CCCC(CN(C(=O)OC(C)(C)C)C1)C2;R84;Cn1c(C(=O)O)cc(Br)c1Br;R8,2,0.603,0.699,0.658
CN(C(=O)c1cc2cc(Br)cnc2n1C)C12CCCC(CNC1)C2,Cc1cc(Br)cnc1C(=O)N(C)C12CCCC(CNC1)C2,0.667,CNC12CCCC(CN(C(=O)OC(C)(C)C)C1)C2;R84;Cc1cc(Br)cnc1C(=O)O;R8,2,0.638,0.568,0.607
CN(C(=O)c1cc2cc(Br)cnc2n1C)C12CCCC(CNC1)C2,CN(C(=O)c1ncc(Br)cc1O)C12CCCC(CNC1)C2,0.656,CNC12CCCC(CN(C(=O)OC(C)(C)C)C1)C2;R84;O=C(O)c1ncc(Br)cc1O;R8,2,0.638,0.497,0.606
CN(C(=O)c1cc2cc(Br)cnc2n1C)C12CCCC(CNC1)C2,CN(C(=O)c1cc(Br)cn1C)C12CCCC(CNC1)C2,0.656,CNC12CCCC(CN(C(=O)OC(C)(C)C)C1)C2;R84;Cn1cc(Br)cc1C(=O)O;R8,2,,,
CN(C(=O)c1cc2cc(Br)cnc2n1C)C12CCCC(CNC1)C2,CN(C(=O)c1cc2cccc(Br)c2n1C)C12CCCC(CNC1)C2,0.652,CNC12CCCC(CN(C(=O)OC(C)(C)C)C1)C2;R84;Cn1c(C(=O)O)cc2cccc(Br)c21;R8,2,,,
CN(C(=O)c1cc2cc(Br)cnc2n1C)C12CCCC(CNC1)C2,Cc1ncc(C(=O)N(C)C23CCCC(CNC2)C3)n1C,0.645,CNC12CCCC(CN(C(=O)OC(C)(C)C)C1)C2;R84;Cc1ncc(C(=O)O)n1C;R8,2,,,
CN(C(=O)c1cc2cc(Br)cnc2n1C)C12CCCC(CNC1)C2,CN(c1cnc2c(c1)cc(C(=O)O)n2C)C12CCCC(CNC1)C2,0.642,CNC12CCCC(CN(C(=O)OC(C)(C)C)C1)C2;R84;Cn1c(C(=O)O)cc2cc(Br)cnc21;R9,2,,,
CN(C(=O)c1cc2cc(Br)cnc2n1C)C12CCCC(CNC1)C2,CN(C(=O)c1cc2ccccc2n1C)C12CCCC(CNC1)C2,0.641,CNC12CCCC(CN(C(=O)OC(C)(C)C)C1)C2;R84;Cn1c(C(=O)O)cc2ccccc21;R8,2,,,
CN(C(=O)c1cc2cc(Br)cnc2n1C)C12CCCC(CNC1)C2,CN(C(=O)c1cc(Br)cnc1C(=O)O)C12CCCC(CNC1)C2,0.636,CNC12CCCC(CN(C(=O)OC(C)(C)C)C1)C2;R84;O=C(O)c1cc(Br)cnc1C(=O)O;R8,2,,,
CN(C(=O)c1cc2cc(Br)cnc2n1C)C12CCCC(CNC1)C2,CN(C(=O)c1ncc(Br)cc1C(=O)O)C12CCCC(CNC1)C2,0.636,CNC12CCCC(CN(C(=O)OC(C)(C)C)C1)C2;R84;O=C(O)c1cc(Br)cnc1C(=O)O;R8,2,,,
CN(C(=O)c1cc2cc(Br)cnc2n1C)C12CCCC(CNC1)C2,CN(C(=O)c1cnc(Cl)n1C)C12CCCC(CNC1)C2,0.635,CNC12CCCC(CN(C(=O)OC(C)(C)C)C1)C2;R84;Cn1c(C(=O)O)cnc1Cl;R8,2,,,
CN(C(=O)c1cc2cc(Br)cnc2n1C)C12CCCC(CNC1)C2,Cn1c(C(=O)NCC23CCCC(CNC2)C3)cc2cc(Br)cnc21,0.632,CC(C)(C)OC(=O)N1CC2CCCC(CN)(C2)C1;R84;Cn1c(C(=O)O)cc2cc(Br)cnc21;R8,2,,,
CN(C(=O)c1cc2cc(Br)cnc2n1C)C12CCCC(CNC1)C2,Cn1c(C(=O)NC23CNCC(C2)C3)cc2cc(Br)cnc21,0.576,CC(C)(C)OC(=O)N1CC2CC(N)(C2)C1;R84;Cn1c(C(=O)O)cc2cc(Br)cnc21;R8,2,,,
CN(C(=O)c1cc2cc(Br)cnc2n1C)C12CCCC(CNC1)C2,CN(C(=O)c1cc2cc(Br)cnc2n1C)C1(C)CN(C(=O)O)C1,0.530,CNC1(C)CN(C(=O)OC(C)(C)C)C1;R85;Cn1c(C(=O)O)cc2cc(Br)cnc21;R8,2,,,
CN(C(=O)c1cc2cc(Br)cnc2n1C)C12CCCC(CNC1)C2,COC(=O)c1cnc2c(c1)cc(C(=O)N(C)C13CCCC(CN(C(=O)O)C1)C3)n2C,0.519,CNC12CCCC(CN(C(=O)OC(C)(C)C)C1)C2;R85;COC(=O)c1cnc2c(c1)cc(C(=O)O)n2C;R8,2,,,
CN(C(=O)c1cc2cc(Br)cnc2n1C)C12CCCC(CNC1)C2,CN(C(=O)c1cnc2c(c1)cc(C(=O)O)n2C)C12CCCC(CN(C(=O)O)C1)C2,0.507,CNC12CCCC(CN(C(=O)OC(C)(C)C)C1)C2;R85;COC(=O)c1cnc2c(c1)cc(C(=O)O)n2C;R49,2,,,
CN(C(=O)c1cc2cc(Br)cnc2n1C)C12CCCC(CNC1)C2,CNC12CCCC(CN(C(=O)c3cc4cc(Br)cnc4n3C)C1)C2,0.493,CNC12CCCC(CN(C(=O)OC(C)(C)C)C1)C2;R84;Cn1c(C(=O)O)cc2cc(Br)cnc21;R8,2,,,
CN(C(=O)c1cc2cc(Br)cnc2n1C)C12CCCC(CNC1)C2,Cn1c(C(=O)N2CC3CCCC(CN)(C3)C2)cc2cc(Br)cnc21,0.486,CC(C)(C)OC(=O)N1CC2CCCC(CN)(C2)C1;R84;Cn1c(C(=O)O)cc2cc(Br)cnc21;R8,2,,,
CN(C(=O)c1cc2cc(Br)cnc2n1C)C12CCCC(CNC1)C2,CN(C(=O)c1cnc2ncc(Br)cc2c1)C12CCCC(CN(C(=O)O)C1)C2,0.474,CNC12CCCC(CN(C(=O)OC(C)(C)C)C1)C2;R85;O=C(O)c1cnc2ncc(Br)cc2c1;R8,2,,,
CN(C(=O)c1cc2cc(Br)cnc2n1C)C12CCCC(CNC1)C2,CN(c1cnc2c(c1)cc(C(=O)O)n2C)C12CCCC(CN(C(=O)O)C1)C2,0.461,CNC12CCCC(CN(C(=O)OC(C)(C)C)C1)C2;R85;Cn1c(C(=O)O)cc2cc(Br)cnc21;R9,2,,,
CN(C(=O)c1cc2cc(Br)cnc2n1C)C12CCCC(CNC1)C2,CN(C(=O)c1ncc(Br)cc1Br)C12CCCC(CN(C(=O)O)C1)C2,0.459,CNC12CCCC(CN(C(=O)OC(C)(C)C)C1)C2;R85;O=C(O)c1ncc(Br)cc1Br;R8,2,,,
CN(C(=O)c1cc2cc(Br)cnc2n1C)C12CCCC(CNC1)C2,CN(C(=O)c1cc(Br)cnc1Br)C12CCCC(CN(C(=O)O)C1)C2,0.459,CNC12CCCC(CN(C(=O)OC(C)(C)C)C1)C2;R85;O=C(O)c1cc(Br)cnc1Br;R8,2,,,
CN(C(=O)c1cc2cc(Br)cnc2n1C)C12CCCC(CNC1)C2,Cn1c(C(=O)N2CC3CC(N)(C3)C2)cc2cc(Br)cnc21,0.457,CC(C)(C)OC(=O)N1CC2CC(N)(C2)C1;R84;Cn1c(C(=O)O)cc2cc(Br)cnc21;R8,2,,,
CN(C(=O)c1cc2cc(Br)cnc2n1C)C12CCCC(CNC1)C2,CN(C(=O)c1ncc(Br)cc1O)C12CCCC(CN(C(=O)O)C1)C2,0.453,CNC12CCCC(CN(C(=O)OC(C)(C)C)C1)C2;R85;O=C(O)c1ncc(Br)cc1O;R8,2,,,
CN(C(=O)c1cc2cc(Br)cnc2n1C)C12CCCC(CNC1)C2,Cc1cc(Br)cnc1C(=O)N(C)C12CCCC(CN(C(=O)O)C1)C2,0.453,CNC12CCCC(CN(C(=O)OC(C)(C)C)C1)C2;R85;Cc1cc(Br)cnc1C(=O)O;R8,2,,,
CN(C(=O)c1cc2cc(Br)cnc2n1C)C12CCCC(CNC1)C2,Cc1ncc(Br)cc1C(=O)N(C)C12CCCC(CN(C(=O)O)C1)C2,0.453,CNC12CCCC(CN(C(=O)OC(C)(C)C)C1)C2;R85;Cc1ncc(Br)cc1C(=O)O;R8,2,,,
CN(C(=O)c1cc2cc(Br)cnc2n1C)C12CCCC(CNC1)C2,CN(C(=O)Cn1ncc2cc(Br)cnc21)C12CCCC(CN(C(=O)O)C1)C2,0.450,CNC12CCCC(CN(C(=O)OC(C)(C)C)C1)C2;R85;O=C(O)Cn1ncc2cc(Br)cnc21;R8,2,,,
CN(C(=O)c1cc2cc(Br)cnc2n1C)C12CCCC(CNC1)C2,CN(C(=O)c1cc(Br)cnc1C(=O)O)C12CCCC(CN(C(=O)O)C1)C2,0.447,CNC12CCCC(CN(C(=O)OC(C)(C)C)C1)C2;R85;O=C(O)c1cc(Br)cnc1C(=O)O;R8,2,,,
CN(C(=O)c1cc2cc(Br)cnc2n1C)C12CCCC(CNC1)C2,CN(C(=O)c1ncc(Br)cc1C(=O)O)C12CCCC(CN(C(=O)O)C1)C2,0.447,CNC12CCCC(CN(C(=O)OC(C)(C)C)C1)C2;R85;O=C(O)c1cc(Br)cnc1C(=O)O;R8,2,,,
CN(C(=O)c1cc2cc(Br)cnc2n1C)C12CCCC(CNC1)C2,Cn1c(C(=O)N[C@]23CCC[C@H]2CN(C(=O)O)C3)cc2cc(Br)cnc21,0.442,CC(C)(C)OC(=O)N1C[C@@H]2CCC[C@]2(N)C1;R85;Cn1c(C(=O)O)cc2cc(Br)cnc21;R8,2,,,
CN(C(=O)c1cc2cc(Br)cnc2n1C)C12CCCC(CNC1)C2,CN(C(=O)c1cc2cccc(Br)c2n1C)C12CCCC(CN(C(=O)O)C1)C2,0.436,CNC12CCCC(CN(C(=O)OC(C)(C)C)C1)C2;R85;Cn1c(C(=O)O)cc2cccc(Br)c21;R8,2,,,
CN(C(=O)c1cc2cc(Br)cnc2n1C)C12CCCC(CNC1)C2,CN(C(=O)Nc1nc2cc(Br)cnc2n1C)C12CCCC(CN(C(=O)O)C1)C2,0.427,CNC12CCCC(CN(C(=O)OC(C)(C)C)C1)C2;R85;Cn1c(N)nc2cc(Br)cnc21;R36,2,,,
CN(C(=O)c1cc2cc(Br)cnc2n1C)C12CCCC(CNC1)C2,CN(C(=O)c1cc(Br)cn1C)C12CCCC(CN(C(=O)O)C1)C2,0.425,CNC12CCCC(CN(C(=O)OC(C)(C)C)C1)C2;R85;Cn1cc(Br)cc1C(=O)O;R8,2,,,
CN(C(=O)c1cc2cc(Br)cnc2n1C)C12CCCC(CNC1)C2,CN(C(=O)C(=O)Nc1nc2cc(Br)cnc2n1C)C12CCCC(CN(C(=O)O)C1)C2,0.417,CNC12CCCC(CN(C(=O)OC(C)(C)C)C1)C2;R85;Cn1c(N)nc2cc(Br)cnc21;R38,2,,,
CN(C(=O)c1cc2cc(Br)cnc2n1C)C12CCCC(CNC1)C2,CN(C(=O)c1cnc(Cl)n1C)C12CCCC(CN(C(=O)O)C1)C2,0.413,CNC12CCCC(CN(C(=O)OC(C)(C)C)C1)C2;R85;Cn1c(C(=O)O)cnc1Cl;R8,2,,,
CN(C(=O)c1cc2cc(Br)cnc2n1C)C12CCCC(CNC1)C2,CN(C(=O)c1cc(Br)nn1C)C12CCCC(CN(C(=O)O)C1)C2,0.413,CNC12CCCC(CN(C(=O)OC(C)(C)C)C1)C2;R85;Cn1nc(Br)cc1C(=O)O;R8,2,,,
CN(C(=O)c1cc2cc(Br)cnc2n1C)C12CCCC(CNC1)C2,CN(c1cc(Br)cnc1C(=O)O)C12CCCC(CN(C(=O)O)C1)C2,0.403,CNC12CCCC(CN(C(=O)OC(C)(C)C)C1)C2;R85;O=C(O)c1ncc(Br)cc1Br;R9,2,,,
CN(C(=O)c1cc2cc(Br)cnc2n1C)C12CCCC(CNC1)C2,CNC12CCCC(CN(c3cnc4c(c3)cc(C(=O)O)n4C)C1)C2,0.380,CNC12CCCC(CN(C(=O)OC(C)(C)C)C1)C2;R84;Cn1c(C(=O)O)cc2cc(Br)cnc21;R9,2,,,
CN(C(=O)c1cc2cc(Br)cnc2n1C)C12CCCC(CNC1)C2,CNC12CCCC(CN(C(=O)c3cnc4c(c3)cc(C(=O)O)n4C)C1)C2,0.370,CNC12CCCC(CN(C(=O)OC(C)(C)C)C1)C2;R84;COC(=O)c1cnc2c(c1)cc(C(=O)O)n2C;R49,2,,,
CN(C(=O)c1cc2cc(Br)cnc2n1C)C12CCCC(CNC1)C2,CN(c1cnc2c(c1)[nH]c(=O)n2C)C12CCCC(CN(C(=O)O)C1)C2,0.370,CNC12CCCC(CN(C(=O)OC(C)(C)C)C1)C2;R85;Cn1c(=O)[nH]c2cc(Br)cnc21;R9,2,,,
CN(C(=O)c1cc2cc(Br)cnc2n1C)C12CCCC(CNC1)C2,CN(c1cnc2c(cnn2C)c1)C12CCCC(CN(C(=O)O)C1)C2,0.362,CNC12CCCC(CN(C(=O)OC(C)(C)C)C1)C2;R85;Cn1ncc2cc(Br)cnc21;R9,2,,,
CN(C(=O)c1cc2cc(Br)cnc2n1C)C12CCCC(CNC1)C2,CNC12CCCC(CN(C(=O)c3cc4cc(C(=O)OC)cnc4n3C)C1)C2,0.361,CNC12CCCC(CN(C(=O)OC(C)(C)C)C1)C2;R84;COC(=O)c1cnc2c(c1)cc(C(=O)O)n2C;R8,2,,,
CN(C(=O)c1cc2cc(Br)cnc2n1C)C12CCCC(CNC1)C2,CNC12CCCC(CN(C(=O)c3cc4cc(Br)cnc4[nH]3)C1)C2,0.358,CNC12CCCC(CN(C(=O)OC(C)(C)C)C1)C2;R84;O=C(O)c1cc2cc(Br)cnc2[nH]1;R8,2,,,
CN(C(=O)c1cc2cc(Br)cnc2n1C)C12CCCC(CNC1)C2,CN(c1cnc2c(ccn2C)c1)C12CCCC(CN(C(=O)O)C1)C2,0.358,CNC12CCCC(CN(C(=O)OC(C)(C)C)C1)C2;R85;Cn1ccc2cc(Br)cnc21;R9,2,,,
CN(C(=O)c1cc2cc(Br)cnc2n1C)C12CCCC(CNC1)C2,CNC12CCCC(CN(C(=O)c3cnc4ncc(Br)cc4c3)C1)C2,0.350,CNC12CCCC(CN(C(=O)OC(C)(C)C)C1)C2;R84;O=C(O)c1cnc2ncc(Br)cc2c1;R8,2,,,
CN(C(=O)c1cc2cc(Br)cnc2n1C)C12CCCC(CNC1)C2,CN(c1cnc2c(c1)ncn2C)C12CCCC(CN(C(=O)O)C1)C2,0.350,CNC12CCCC(CN(C(=O)OC(C)(C)C)C1)C2;R85;Cn1cnc2cc(Br)cnc21;R9,2,,,
CN(C(=O)c1cc2cc(Br)cnc2n1C)C12CCCC(CNC1)C2,CN(c1cnc(C(=O)O)c(Br)c1)C12CCCC(CN(C(=O)O)C1)C2,0.350,CNC12CCCC(CN(C(=O)OC(C)(C)C)C1)C2;R85;O=C(O)c1ncc(Br)cc1Br;R9,2,,,
CN(C(=O)c1cc2cc(Br)cnc2n1C)C12CCCC(CNC1)C2,CN(c1cnc2c(c1)nc(N)n2C)C12CCCC(CN(C(=O)O)C1)C2,0.349,CNC12CCCC(CN(C(=O)OC(C)(C)C)C1)C2;R85;Cn1c(N)nc2cc(Br)cnc21;R103,2,,,
CN(C(=O)c1cc2cc(Br)cnc2n1C)C12CCCC(CNC1)C2,Cn1c(C(=O)O)cc2cc(N[C@]34CCC[C@H]3CN(C(=O)O)C4)cnc21,0.346,CC(C)(C)OC(=O)N1C[C@@H]2CCC[C@]2(N)C1;R85;Cn1c(C(=O)O)cc2cc(Br)cnc21;R9,2,,,
CN(C(=O)c1cc2cc(Br)cnc2n1C)C12CCCC(CNC1)C2,CN(c1cnc2c(cnn2CC(=O)O)c1)C12CCCC(CN(C(=O)O)C1)C2,0.341,CNC12CCCC(CN(C(=O)OC(C)(C)C)C1)C2;R85;O=C(O)Cn1ncc2cc(Br)cnc21;R9,2,,,
CN(C(=O)c1cc2cc(Br)cnc2n1C)C12CCCC(CNC1)C2,CNC12CCCC(CN(C(=O)c3ncc(Br)cc3Br)C1)C2,0.333,CNC12CCCC(CN(C(=O)OC(C)(C)C)C1)C2;R84;O=C(O)c1ncc(Br)cc1Br;R8,2,,,
CN(C(=O)c1cc2cc(Br)cnc2n1C)C12CCCC(CNC1)C2,CNC12CCCC(CN(C(=O)c3ncc(Br)cc3C)C1)C2,0.329,CNC12CCCC(CN(C(=O)OC(C)(C)C)C1)C2;R84;Cc1cc(Br)cnc1C(=O)O;R8,2,,,
CN(C(=O)c1cc2cc(Br)cnc2n1C)C12CCCC(CNC1)C2,CN(c1cccc2cc(C(=O)O)n(C)c12)C12CCCC(CN(C(=O)O)C1)C2,0.325,CNC12CCCC(CN(C(=O)OC(C)(C)C)C1)C2;R85;Cn1c(C(=O)O)cc2cccc(Br)c21;R9,2,,,
CN(C(=O)c1cc2cc(Br)cnc2n1C)C12CCCC(CNC1)C2,CN(c1cnc2ncc(C(=O)O)cc2c1)C12CCCC(CN(C(=O)O)C1)C2,0.325,CNC12CCCC(CN(C(=O)OC(C)(C)C)C1)C2;R85;O=C(O)c1cnc2ncc(Br)cc2c1;R9,2,,,
CN(C(=O)c1cc2cc(Br)cnc2n1C)C12CCCC(CNC1)C2,CNC12CCCC(CN(C(=O)c3ncc(Br)cc3O)C1)C2,0.325,CNC12CCCC(CN(C(=O)OC(C)(C)C)C1)C2;R84;O=C(O)c1ncc(Br)cc1O;R8,2,,,
CN(C(=O)c1cc2cc(Br)cnc2n1C)C12CCCC(CNC1)C2,CNC12CCCC(CN(C(=O)c3ncc(Br)cc3C(=O)O)C1)C2,0.317,CNC12CCCC(CN(C(=O)OC(C)(C)C)C1)C2;R84;O=C(O)c1cc(Br)cnc1C(=O)O;R8,2,,,
CN(C(=O)c1cc2cc(Br)cnc2n1C)C12CCCC(CNC1)C2,CNC12CCCC(CN(C(=O)c3cc(Br)cnc3C(=O)O)C1)C2,0.317,CNC12CCCC(CN(C(=O)OC(C)(C)C)C1)C2;R84;O=C(O)c1cc(Br)cnc1C(=O)O;R8,2,,,
CN(C(=O)c1cc2cc(Br)cnc2n1C)C12CCCC(CNC1)C2,CNC12CCCC(CN(C(=O)c3cc(Br)cn3C)C1)C2,0.295,CNC12CCCC(CN(C(=O)OC(C)(C)C)C1)C2;R84;Cn1cc(Br)cc1C(=O)O;R8,2,,,
CN(C(=O)c1cc2cc(Br)cnc2n1C)C12CCCC(CNC1)C2,CNC12CCCC(CN(C(=O)c3cc4cccc(Br)c4n3C)C1)C2,0.286,CNC12CCCC(CN(C(=O)OC(C)(C)C)C1)C2;R84;Cn1c(C(=O)O)cc2cccc(Br)c21;R8,2,,,
CN(C(=O)c1cc2cc(Br)cnc2n1C)C12CCCC(CNC1)C2,CNC12CCCC(CN(C(=O)c3cc(Br)c(Br)n3C)C1)C2,0.278,CNC12CCCC(CN(C(=O)OC(C)(C)C)C1)C2;R84;Cn1c(C(=O)O)cc(Br)c1Br;R8,2,,,
CN(C(=O)c1cc2cc(Br)cnc2n1C)C12CCCC(CNC1)C2,CNC12CCCC(CN(C(=O)c3cnc(C)n3C)C1)C2,0.278,CNC12CCCC(CN(C(=O)OC(C)(C)C)C1)C2;R84;Cc1ncc(C(=O)O)n1C;R8,2,,,
CN(C(=O)c1cc2cc(Br)cnc2n1C)C12CCCC(CNC1)C2,CNC12CCCC(CN(C(=O)c3cnc(Cl)n3C)C1)C2,0.275,CNC12CCCC(CN(C(=O)OC(C)(C)C)C1)C2;R84;Cn1c(C(=O)O)cnc1Cl;R8,2,,,
CN(C(=O)c1cc2cc(Br)cnc2n1C)C12CCCC(CNC1)C2,CNC12CCCC(CN(C(=O)c3cc4ccccc4n3C)C1)C2,0.268,CNC12CCCC(CN(C(=O)OC(C)(C)C)C1)C2;R84;Cn1c(C(=O)O)cc2ccccc21;R8,2,,,
N#C[C@@H]1C[C@@H](O)[C@H](NC(=O)C2(c3cc[nH]n3)CCOCC2)C1,N#C[C@@H]1C[C@@H](O)[C@H](NC(=O)C2(c3cc[nH]n3)CCOCC2)C1,1.000,O=C(O)C1(c2cc[nH]n2)CCOCC1;N#C[C@H]1C[C@@H](N)[C@H](O)C1;R8,1,1.000,1.000,1.000
N#C[C@@H]1C[C@@H](O)[C@H](NC(=O)C2(c3cc[nH]n3)CCOCC2)C1,N#C[C@@H]1C[C@@H](O)[C@H](NC(=O)C2(c3cc[nH]n3)CC2)C1,0.863,O=C(O)C1(c2cc[nH]n2)CC1;N#C[C@H]1C[C@@H](N)[C@H](O)C1;R8,1,0.829,0.940,0.810
N#C[C@@H]1C[C@@H](O)[C@H](NC(=O)C2(c3cc[nH]n3)CCOCC2)C1,N#C[C@@H]1C[C@@H](O)[C@H](NC(=O)C2(c3cc[nH]n3)CCC2)C1,0.830,O=C(O)C1(c2cc[nH]n2)CCC1;N#C[C@H]1C[C@@H](N)[C@H](O)C1;R8,1,0.810,0.940,0.821
N#C[C@@H]1C[C@@H](O)[C@H](NC(=O)C2(c3cc[nH]n3)CCOCC2)C1,O=C(N[C@@H]1C[C@H]1O)C1(c2cc[nH]n2)CCOCC1,0.784,O=C(O)C1(c2cc[nH]n2)CCOCC1;N[C@@H]1C[C@H]1O;R8,1,0.902,0.492,0.829
N#C[C@@H]1C[C@@H](O)[C@H](NC(=O)C2(c3cc[nH]n3)CCOCC2)C1,O=C(N[C@@H]1C[C@@H](O)C[C@H]1O)C1(c2cc[nH]n2)CCOCC1,0.759,O=C(O)C1(c2cc[nH]n2)CCOCC1;N[C@@H]1C[C@@H](O)C[C@H]1O;R8,1,1.000,0.805,0.869
N#C[C@@H]1C[C@@H](O)[C@H](NC(=O)C2(c3cc[nH]n3)CCOCC2)C1,N#CC1CC(NC(=O)C2(c3cc[nH]n3)CCOCC2)C1,0.759,O=C(O)C1(c2cc[nH]n2)CCOCC1;N#CC1CC(N)C1;R8,1,0.951,0.632,0.849
N#C[C@@H]1C[C@@H](O)[C@H](NC(=O)C2(c3cc[nH]n3)CCOCC2)C1,O=C(N[C@@H]1C[C@@H](O)[C@@H]1O)C1(c2cc[nH]n2)CCOCC1,0.709,O=C(O)C1(c2cc[nH]n2)CCOCC1;N[C@@H]1C[C@@H](O)[C@@H]1O;R8,1,0.951,0.698,0.831
N#C[C@@H]1C[C@@H](O)[C@H](NC(=O)C2(c3cc[nH]n3)CCOCC2)C1,N#C[C@H]1CC[C@@H](NC(=O)C2(c3cc[nH]n3)CCOCC2)C1,0.702,O=C(O)C1(c2cc[nH]n2)CCOCC1;N#C[C@H]1CC[C@@H](N)C1;R8,1,1.000,0.759,0.903
N#C[C@@H]1C[C@@H](O)[C@H](NC(=O)C2(c3cc[nH]n3)CCOCC2)C1,N#C[C@H]1CC[C@H](NC(=O)C2(c3cc[nH]n3)CCOCC2)CC1,0.696,O=C(O)C1(c2cc[nH]n2)CCOCC1;N#C[C@H]1CC[C@H](N)CC1;R8,1,0.976,0.482,0.852
N#C[C@@H]1C[C@@H](O)[C@H](NC(=O)C2(c3cc[nH]n3)CCOCC2)C1,O=C(NC1CCC1O)C1(c2cc[nH]n2)CCOCC1,0.691,O=C(O)C1(c2cc[nH]n2)CCOCC1;NC1CCC1O;R8,1,0.951,0.619,0.874
N#C[C@@H]1C[C@@H](O)[C@H](NC(=O)C2(c3cc[nH]n3)CCOCC2)C1,O=C(NC1C(O)CC1O)C1(c2cc[nH]n2)CCOCC1,0.673,O=C(O)C1(c2cc[nH]n2)CCOCC1;NC1C(O)CC1O;R8,1,,,
N#C[C@@H]1C[C@@H](O)[C@H](NC(=O)C2(c3cc[nH]n3)CCOCC2)C1,O=C(N[C@H]1C[C@@H](O)[C@@H](O)C1)C1(c2cc[nH]n2)CCOCC1,0.673,O=C(O)C1(c2cc[nH]n2)CCOCC1;N[C@H]1C[C@@H](O)[C@@H](O)C1;R8,1,,,
N#C[C@@H]1C[C@@H](O)[C@H](NC(=O)C2(c3cc[nH]n3)CCOCC2)C1,N#C[C@@H]1C[C@@H](O)[C@H](NC(=O)C2(c3ccccc3)CCOCC2)C1,0.667,O=C(O)C1(c2ccccc2)CCOCC1;N#C[C@H]1C[C@@H](N)[C@H](O)C1;R8,1,,,
N#C[C@@H]1C[C@@H](O)[C@H](NC(=O)C2(c3cc[nH]n3)CCOCC2)C1,N#CC1CC(CNC(=O)C2(c3cc[nH]n3)CCOCC2)C1,0.661,O=C(O)C1(c2cc[nH]n2)CCOCC1;N#CC1CC(CN)C1;R8,1,,,
N#C[C@@H]1C[C@@H](O)[C@H](NC(=O)C2(c3cc[nH]n3)CCOCC2)C1,N#C[C@@H]1C[C@@H](O)[C@H](NC(=O)C2(c3ccno3)CCOCC2)C1,0.650,O=C(O)C1(c2ccno2)CCOCC1;N#C[C@H]1C[C@@H](N)[C@H](O)C1;R8,1,,,
N#C[C@@H]1C[C@@H](O)[C@H](NC(=O)C2(c3cc[nH]n3)CCOCC2)C1,N[C@@H]1C[C@H](O)C[C@@H]1NC(=O)C1(c2cc[nH]n2)CCOCC1,0.644,O=C(O)C1(c2cc[nH]n2)CCOCC1;N[C@@H]1C[C@H](O)C[C@@H]1N;R8,1,,,
N#C[C@@H]1C[C@@H](O)[C@H](NC(=O)C2(c3cc[nH]n3)CCOCC2)C1,N[C@H]1C[C@@H](O)C[C@H]1NC(=O)C1(c2cc[nH]n2)CCOCC1,0.644,O=C(O)C1(c2cc[nH]n2)CCOCC1;N[C@@H]1C[C@H](O)C[C@@H]1N;R8,1,,,
N#C[C@@H]1C[C@@H](O)[C@H](NC(=O)C2(c3cc[nH]n3)CCOCC2)C1,Cc1ccc(C2(C(=O)N[C@@H]3C[C@H](C#N)C[C@H]3O)CCOCC2)cc1,0.644,Cc1ccc(C2(C(=O)O)CCOCC2)cc1;N#C[C@H]1C[C@@H](N)[C@H](O)C1;R8,1,,,
N#C[C@@H]1C[C@@H](O)[C@H](NC(=O)C2(c3cc[nH]n3)CCOCC2)C1,N#C[C@@H]1C[C@@H](O)[C@H](NC(=O)C2(c3ccc(Cl)cc3)CCOCC2)C1,0.644,O=C(O)C1(c2ccc(Cl)cc2)CCOCC1;N#C[C@H]1C[C@@H](N)[C@H](O)C1;R8,1,,,
N#C[C@@H]1C[C@@H](O)[C@H](NC(=O)C2(c3cc[nH]n3)CCOCC2)C1,N#C[C@@H]1C[C@@H](O)[C@H](NC(=O)C2(c3ccc(F)cc3)CCOCC2)C1,0.644,O=C(O)C1(c2ccc(F)cc2)CCOCC1;N#C[C@H]1C[C@@H](N)[C@H](O)C1;R8,1,,,
N#C[C@@H]1C[C@@H](O)[C@H](NC(=O)C2(c3cc[nH]n3)CCOCC2)C1,COc1ccc(C2(C(=O)N[C@@H]3C[C@H](C#N)C[C@H]3O)CCOCC2)cc1,0.639,COc1ccc(C2(C(=O)O)CCOCC2)cc1;N#C[C@H]1C[C@@H](N)[C@H](O)C1;R8,1,,,
N#C[C@@H]1C[C@@H](O)[C@H](NC(=O)C2(c3cc[nH]n3)CCOCC2)C1,N#C[C@@H]1C[C@@H](O)[C@H](NC(=O)C2(c3cccs3)CCOCC2)C1,0.623,O=C(O)C1(c2cccs2)CCOCC1;N#C[C@H]1C[C@@H](N)[C@H](O)C1;R8,1,,,
N#C[C@@H]1C[C@@H](O)[C@H](NC(=O)C2(c3cc[nH]n3)CCOCC2)C1,N#CC1CC(OC(=O)C2(c3cc[nH]n3)CCOCC2)C1,0.621,O=C(O)C1(c2cc[nH]n2)CCOCC1;N#CC1CC(O)C1;R72,1,,,
N#C[C@@H]1C[C@@H](O)[C@H](NC(=O)C2(c3cc[nH]n3)CCOCC2)C1,N#C[C@H]1C[C@H](COC(=O)C2(c3cc[nH]n3)CCOCC2)C1,0.590,O=C(O)C1(c2cc[nH]n2)CCOCC1;N#C[C@H]1C[C@H](CO)C1;R72,1,,,
N#C[C@@H]1C[C@@H](O)[C@H](NC(=O)C2(c3cc[nH]n3)CCOCC2)C1,N#CC1CCC(OC(=O)C2(c3cc[nH]n3)CCOCC2)C1,0.574,O=C(O)C1(c2cc[nH]n2)CCOCC1;N#CC1CCC(O)C1;R72,1,,,
N#C[C@@H]1C[C@@H](O)[C@H](NC(=O)C2(c3cc[nH]n3)CCOCC2)C1,N#C[C@H]1C[C@@H](N)[C@H](OC(=O)C2(c3cc[nH]n3)CCOCC2)C1,0.571,O=C(O)C1(c2cc[nH]n2)CCOCC1;N#C[C@H]1C[C@@H](N)[C@H](O)C1;R72,1,,,
N#C[C@@H]1C[C@@H](O)[C@H](NC(=O)C2(c3cc[nH]n3)CCOCC2)C1,CC1(C(=O)N[C@@H]2C[C@H](C#N)C[C@H]2O)CCOCC1,0.571,CC1(C(=O)O)CCOCC1;N#C[C@H]1C[C@@H](N)[C@H](O)C1;R8,1,,,
N#C[C@@H]1C[C@@H](O)[C@H](NC(=O)C2(c3cc[nH]n3)CCOCC2)C1,N#C[C@H]1C[C@@H](N)[C@H](OC(=O)C2(c3cc[nH]n3)CC2)C1,0.469,O=C(O)C1(c2cc[nH]n2)CC1;N#C[C@H]1C[C@@H](N)[C@H](O)C1;R72,1,,,
N#C[C@@H]1C[C@@H](O)[C@H](NC(=O)C2(c3cc[nH]n3)CCOCC2)C1,O=C(O)[C@H]1C[C@@H](c2noc(C3(c4cc[nH]n4)CCOCC3)n2)C1,0.375,O=C(O)C1(c2cc[nH]n2)CCOCC1;N#C[C@H]1C[C@@H](C(=O)O)C1;R46,1,,,
N#C[C@@H]1C[C@@H](O)[C@H](NC(=O)C2(c3cc[nH]n3)CCOCC2)C1,OC1CC(c2noc(C3(c4cc[nH]n4)CCOCC3)n2)C1,0.362,O=C(O)C1(c2cc[nH]n2)CCOCC1;N#CC1CC(O)C1;R46,1,,,
N#C[C@@H]1C[C@@H](O)[C@H](NC(=O)C2(c3cc[nH]n3)CCOCC2)C1,N[C@@H]1C[C@H](c2noc(C3(c4cc[nH]n4)CCOCC3)n2)C[C@H]1O,0.356,O=C(O)C1(c2cc[nH]n2)CCOCC1;N#C[C@H]1C[C@@H](N)[C@H](O)C1;R46,1,,,
N#C[C@@H]1C[C@@H](O)[C@H](NC(=O)C2(c3cc[nH]n3)CCOCC2)C1,OC1CCC(c2noc(C3(c4cc[nH]n4)CCOCC3)n2)C1,0.347,O=C(O)C1(c2cc[nH]n2)CCOCC1;N#CC1CCC(O)C1;R46,1,,,
N#C[C@@H]1C[C@@H](O)[C@H](NC(=O)C2(c3cc[nH]n3)CCOCC2)C1,ClC1CC(c2noc(C3(c4cc[nH]n4)CCOCC3)n2)C1,0.343,O=C(O)C1(c2cc[nH]n2)CCOCC1;N#CC1CC(Cl)C1;R46,1,,,
N#C[C@@H]1C[C@@H](O)[C@H](NC(=O)C2(c3cc[nH]n3)CCOCC2)C1,O[C@H]1CC[C@H](c2noc(C3(c4cc[nH]n4)CCOCC3)n2)CC1,0.338,O=C(O)C1(c2cc[nH]n2)CCOCC1;N#C[C@H]1CC[C@H](O)CC1;R46,1,,,
N#C[C@@H]1C[C@@H](O)[C@H](NC(=O)C2(c3cc[nH]n3)CCOCC2)C1,OC[C@H]1C[C@H](c2noc(C3(c4cc[nH]n4)CCOCC3)n2)C1,0.329,O=C(O)C1(c2cc[nH]n2)CCOCC1;N#C[C@H]1C[C@H](CO)C1;R46,1,,,
N#C[C@@H]1C[C@@H](O)[C@H](NC(=O)C2(c3cc[nH]n3)CCOCC2)C1,NC1CC(c2noc(C3(c4cc[nH]n4)CCOCC3)n2)C1,0.324,O=C(O)C1(c2cc[nH]n2)CCOCC1;N#CC1CC(N)C1;R46,1,,,
N#C[C@@H]1C[C@@H](O)[C@H](NC(=O)C2(c3cc[nH]n3)CCOCC2)C1,BrC1CC(c2noc(C3(c4cc[nH]n4)CCOCC3)n2)C1,0.324,O=C(O)C1(c2cc[nH]n2)CCOCC1;N#CC1CC(Br)C1;R46,1,,,
N#C[C@@H]1C[C@@H](O)[C@H](NC(=O)C2(c3cc[nH]n3)CCOCC2)C1,c1cc(C2(c3nc([C@@H]4C[C@@H]5O[C@@H]5C4)no3)CCOCC2)n[nH]1,0.324,O=C(O)C1(c2cc[nH]n2)CCOCC1;N#C[C@@H]1C[C@@H]2O[C@@H]2C1;R46,1,,,
N#C[C@@H]1C[C@@H](O)[C@H](NC(=O)C2(c3cc[nH]n3)CCOCC2)C1,N[C@@H]1C[C@H](c2noc(C3(c4cc[nH]n4)CC3)n2)C[C@H]1O,0.319,O=C(O)C1(c2cc[nH]n2)CC1;N#C[C@H]1C[C@@H](N)[C@H](O)C1;R46,1,,,
N#C[C@@H]1C[C@@H](O)[C@H](NC(=O)C2(c3cc[nH]n3)CCOCC2)C1,N[C@@H]1CC[C@H](c2noc(C3(c4cc[nH]n4)CCOCC3)n2)C1,0.311,O=C(O)C1(c2cc[nH]n2)CCOCC1;N#C[C@H]1CC[C@@H](N)C1;R46,1,,,
N#C[C@@H]1C[C@@H](O)[C@H](NC(=O)C2(c3cc[nH]n3)CCOCC2)C1,NCC1CC(c2noc(C3(c4cc[nH]n4)CCOCC3)n2)C1,0.311,O=C(O)C1(c2cc[nH]n2)CCOCC1;N#CC1CC(CN)C1;R46,1,,,
N#C[C@@H]1C[C@@H](O)[C@H](NC(=O)C2(c3cc[nH]n3)CCOCC2)C1,N[C@H]1CC[C@H](c2noc(C3(c4cc[nH]n4)CCOCC3)n2)CC1,0.301,O=C(O)C1(c2cc[nH]n2)CCOCC1;N#C[C@H]1CC[C@H](N)CC1;R46,1,,,
Cn1nc(NC(=O)c2cc(-c3ccc(F)cc3F)no2)cc1C#N,Cn1nc(NC(=O)c2cc(-c3ccc(F)cc3F)no2)cc1C#N,1.000,Cn1nc(N)cc1C#N;O=C(O)c1cc(-c2ccc(F)cc2F)no1;R8,1,1.000,1.000,1.000
Cn1nc(NC(=O)c2cc(-c3ccc(F)cc3F)no2)cc1C#N,Cn1nc(NC(=O)c2cc(-c3cc(F)ccc3F)no2)cc1C#N,0.855,Cn1nc(N)cc1C#N;O=C(O)c1cc(-c2cc(F)ccc2F)no1;R8,1,1.000,0.837,0.949
Cn1nc(NC(=O)c2cc(-c3ccc(F)cc3F)no2)cc1C#N,Cn1nc(NC(=O)c2cc(-c3ccccc3F)no2)cc1C#N,0.804,Cn1nc(N)cc1C#N;O=C(O)c1cc(-c2ccccc2F)no1;R8,1,1.000,0.887,0.970
Cn1nc(NC(=O)c2cc(-c3ccc(F)cc3F)no2)cc1C#N,Cn1nc(NC(=O)c2cc(-c3c(F)cc(F)cc3F)no2)cc1C#N,0.768,Cn1nc(N)cc1C#N;O=C(O)c1cc(-c2c(F)cc(F)cc2F)no1;R8,1,1.000,0.979,0.984
Cn1nc(NC(=O)c2cc(-c3ccc(F)cc3F)no2)cc1C#N,Cn1nc(NC(=O)c2cc(-c3ccc(F)cc3)no2)cc1C#N,0.768,Cn1nc(N)cc1C#N;O=C(O)c1cc(-c2ccc(F)cc2)no1;R8,1,1.000,0.902,0.904
Cn1nc(NC(=O)c2cc(-c3ccc(F)cc3F)no2)cc1C#N,Cc1cc(NC(=O)c2cc(-c3ccc(F)cc3F)no2)nn1C,0.750,Cc1cc(N)nn1C;COC(=O)c1cc(-c2ccc(F)cc2F)no1;R49,1,1.000,0.936,0.956
Cn1nc(NC(=O)c2cc(-c3ccc(F)cc3F)no2)cc1C#N,Cn1nc(NC(=O)Nc2cc(-c3ccc(F)cc3F)no2)cc1C#N,0.746,Cn1nc(N)cc1C#N;Nc1cc(-c2ccc(F)cc2F)no1;R36,1,0.681,0.625,0.634
Cn1nc(NC(=O)c2cc(-c3ccc(F)cc3F)no2)cc1C#N,Cn1nc(NC(=O)C(=O)Nc2cc(-c3ccc(F)cc3F)no2)cc1C#N,0.746,Cn1nc(N)cc1C#N;Nc1cc(-c2ccc(F)cc2F)no1;R38,1,0.681,0.619,0.613
Cn1nc(NC(=O)c2cc(-c3ccc(F)cc3F)no2)cc1C#N,Cn1nc(NC(=O)c2cc(-c3cccc(F)c3)no2)cc1C#N,0.729,Cn1nc(N)cc1C#N;O=C(O)c1cc(-c2cccc(F)c2)no1;R8,1,1.000,0.754,0.884
Cn1nc(NC(=O)c2cc(-c3ccc(F)cc3F)no2)cc1C#N,Cn1nc(NC(=O)c2cc(-c3c(F)cccc3F)no2)cc1C#N,0.724,Cn1nc(N)cc1C#N;O=C(O)c1cc(-c2c(F)cccc2F)no1;R8,1,1.000,0.872,0.965
Cn1nc(NC(=O)c2cc(-c3ccc(F)cc3F)no2)cc1C#N,Cn1nc(NC(=O)c2cc(-c3ccc(F)cc3F)no2)cc1C(=O)O,0.712,Cn1nc(N)cc1C(=O)O;O=C(O)c1cc(-c2ccc(F)cc2F)no1;R8,1,,,
Cn1nc(NC(=O)c2cc(-c3ccc(F)cc3F)no2)cc1C#N,CCc1cc(NC(=O)c2cc(-c3ccc(F)cc3F)no2)nn1C,0.712,CCc1cc(N)nn1C;O=C(O)c1cc(-c2ccc(F)cc2F)no1;R8,1,,,
Cn1nc(NC(=O)c2cc(-c3ccc(F)cc3F)no2)cc1C#N,COc1cc(NC(=O)c2cc(-c3ccc(F)cc3F)no2)nn1C,0.712,COc1cc(N)nn1C;COC(=O)c1cc(-c2ccc(F)cc2F)no1;R49,1,,,
Cn1nc(NC(=O)c2cc(-c3ccc(F)cc3F)no2)cc1C#N,Cn1nc(NC(=O)c2cc(-c3ccc(F)cc3F)no2)cc1C(F)(F)F,0.712,Cn1nc(N)cc1C(F)(F)F;O=C(O)c1cc(-c2ccc(F)cc2F)no1;R8,1,,,
Cn1nc(NC(=O)c2cc(-c3ccc(F)cc3F)no2)cc1C#N,Cn1nc(NC(=O)c2cc(-c3ccc(F)cc3F)on2)cc1C#N,0.700,Cn1nc(N)cc1C#N;O=C(O)c1cc(-c2ccc(F)cc2F)on1;R8,1,,,
Cn1nc(NC(=O)c2cc(-c3ccc(F)cc3F)no2)cc1C#N,Cn1nc(NC(=O)c2cc(-c3ccc(F)cc3F)no2)cc1C1CC1,0.689,Cn1nc(N)cc1C1CC1;COC(=O)c1cc(-c2ccc(F)cc2F)no1;R49,1,,,
Cn1nc(NC(=O)c2cc(-c3ccc(F)cc3F)no2)cc1C#N,Cn1nc(NC(=O)c2cc(-c3ccccc3C(F)(F)F)no2)cc1C#N,0.677,Cn1nc(N)cc1C#N;O=C(O)c1cc(-c2ccccc2C(F)(F)F)no1;R8,1,,,
Cn1nc(NC(=O)c2cc(-c3ccc(F)cc3F)no2)cc1C#N,Cn1nc(NC(=O)c2cc(-c3ccccc3)no2)cc1C#N,0.672,Cn1nc(N)cc1C#N;O=C(O)c1cc(-c2ccccc2)no1;R8,1,,,
Cn1nc(NC(=O)c2cc(-c3ccc(F)cc3F)no2)cc1C#N,Cn1nc(NC(=O)c2nocc2-c2ccc(F)cc2F)cc1C#N,0.672,Cn1nc(N)cc1C#N;O=C(O)c1nocc1-c1ccc(F)cc1F;R8,1,,,
Cn1nc(NC(=O)c2cc(-c3ccc(F)cc3F)no2)cc1C#N,Cc1ccc(-c2cc(C(=O)Nc3cc(C#N)n(C)n3)on2)cc1,0.661,Cn1nc(N)cc1C#N;Cc1ccc(-c2cc(C(=O)O)on2)cc1;R8,1,,,
Cn1nc(NC(=O)c2cc(-c3ccc(F)cc3F)no2)cc1C#N,Cn1nc(NC(=O)c2cc(-c3ccncc3)no2)cc1C#N,0.661,Cn1nc(N)cc1C#N;O=C(O)c1cc(-c2ccncc2)no1;R8,1,,,
Cn1nc(NC(=O)c2cc(-c3ccc(F)cc3F)no2)cc1C#N,Cn1nc(NC(=O)c2cc(-c3ccc(C(F)(F)F)cc3)no2)cc1C#N,0.645,Cn1nc(N)cc1C#N;O=C(O)c1cc(-c2ccc(C(F)(F)F)cc2)no1;R8,1,,,
Cn1nc(NC(=O)c2cc(-c3ccc(F)cc3F)no2)cc1C#N,Cn1nc(NC(=O)c2ccc(F)cc2F)cc1C#N,0.643,Cn1nc(N)cc1C#N;O=C(O)c1ccc(F)cc1F;R8,1,,,
Cn1nc(NC(=O)c2cc(-c3ccc(F)cc3F)no2)cc1C#N,Cc1cc(NC(=O)c2cc(-c3ccc(F)cc3F)no2)n(C)n1,0.633,Cc1cc(N)n(C)n1;O=C(O)c1cc(-c2ccc(F)cc2F)no1;R8,1,,,
Cn1nc(NC(=O)c2cc(-c3ccc(F)cc3F)no2)cc1C#N,Cn1nc(Nc2cccc(-c3cc(C(=O)O)on3)c2F)cc1C#N,0.544,Cn1nc(N)cc1C#N;O=C(O)c1cc(-c2cccc(Cl)c2F)no1;R9,1,,,
Cn1nc(NC(=O)c2cc(-c3ccc(F)cc3F)no2)cc1C#N,Cn1nc(Nc2ncnc3c2ncn3-c2cc(-c3ccc(F)cc3F)no2)cc1C#N,0.527,Cn1nc(N)cc1C#N;Nc1cc(-c2ccc(F)cc2F)no1;R66,1,,,
Cn1nc(NC(=O)c2cc(-c3ccc(F)cc3F)no2)cc1C#N,Cn1nc(-n2cnc3c(Nc4cc(-c5ccc(F)cc5F)no4)ncnc32)cc1C#N,0.468,Cn1nc(N)cc1C#N;Nc1cc(-c2ccc(F)cc2F)no1;R66,1,,,
Cn1nc(NC(=O)c2cc(-c3ccc(F)cc3F)no2)cc1C#N,Cc1cc(-c2noc(-c3cc(-c4ccc(F)cc4F)no3)n2)nn1C,0.386,Cc1cc(C#N)nn1C;O=C(O)c1cc(-c2ccc(F)cc2F)no1;R46,1,,,
Cn1nc(NC(=O)c2cc(-c3ccc(F)cc3F)no2)cc1C#N,Cn1nc(N)cc1-c1noc(-c2cc(-c3ccc(F)cc3F)no2)n1,0.375,Cn1nc(N)cc1C#N;O=C(O)c1cc(-c2ccc(F)cc2F)no1;R46,1,,,
Cn1nc(NC(=O)c2cc(-c3ccc(F)cc3F)no2)cc1C#N,Cn1nccc1-c1noc(-c2cc(-c3ccc(F)cc3F)no2)n1,0.371,Cn1nccc1C#N;O=C(O)c1cc(-c2ccc(F)cc2F)no1;R46,1,,,
Cn1nc(NC(=O)c2cc(-c3ccc(F)cc3F)no2)cc1C#N,Cn1nc(N)cc1-c1noc(-c2cc(-c3ccc(F)cc3F)on2)n1,0.356,Cn1nc(N)cc1C#N;O=C(O)c1cc(-c2ccc(F)cc2F)on1;R46,1,,,
Cn1nc(NC(=O)c2cc(-c3ccc(F)cc3F)no2)cc1C#N,Cn1nc(N)cc1-c1noc(-c2cc(-c3cc(F)ccc3F)no2)n1,0.303,Cn1nc(N)cc1C#N;O=C(O)c1cc(-c2cc(F)ccc2F)no1;R46,1,,,
Cn1nc(NC(=O)c2cc(-c3ccc(F)cc3F)no2)cc1C#N,Cn1nc(N)cc1-c1noc(-c2nocc2-c2ccc(F)cc2F)n1,0.299,Cn1nc(N)cc1C#N;O=C(O)c1nocc1-c1ccc(F)cc1F;R46,1,,,
Cn1nc(NC(=O)c2cc(-c3ccc(F)cc3F)no2)cc1C#N,Cn1nc(N)cc1-c1noc(-c2cc(-c3ccccc3F)no2)n1,0.273,Cn1nc(N)cc1C#N;O=C(O)c1cc(-c2ccccc2F)no1;R46,1,,,
Cn1nc(NC(=O)c2cc(-c3ccc(F)cc3F)no2)cc1C#N,Cn1nc(N)cc1-c1noc(-c2cc(-c3c(F)cc(F)cc3F)no2)n1,0.247,Cn1nc(N)cc1C#N;O=C(O)c1cc(-c2c(F)cc(F)cc2F)no1;R46,1,,,
Cn1nc(NC(=O)c2cc(-c3ccc(F)cc3F)no2)cc1C#N,Cn1nc(N)cc1-c1noc(-c2cc(-c3ccc(F)cc3)no2)n1,0.247,Cn1nc(N)cc1C#N;O=C(O)c1cc(-c2ccc(F)cc2)no1;R46,1,,,
Cn1nc(NC(=O)c2cc(-c3ccc(F)cc3F)no2)cc1C#N,Cn1nc(N)cc1-c1noc(-c2cc(-c3cccc(F)c3)no2)n1,0.237,Cn1nc(N)cc1C#N;O=C(O)c1cc(-c2cccc(F)c2)no1;R46,1,,,
Cn1nc(NC(=O)c2cc(-c3ccc(F)cc3F)no2)cc1C#N,Cn1nc(N)cc1-c1noc(-c2cc(-c3c(F)cccc3F)no2)n1,0.228,Cn1nc(N)cc1C#N;O=C(O)c1cc(-c2c(F)cccc2F)no1;R46,1,,,
Cn1nc(NC(=O)c2cc(-c3ccc(F)cc3F)no2)cc1C#N,Cn1nc(N)cc1-c1noc(-c2cc(-c3ccccc3C(F)(F)F)no2)n1,0.217,Cn1nc(N)cc1C#N;O=C(O)c1cc(-c2ccccc2C(F)(F)F)no1;R46,1,,,
Cn1nc(NC(=O)c2cc(-c3ccc(F)cc3F)no2)cc1C#N,Cn1nc(N)cc1-c1noc(-c2cc(-c3ccc(C(F)(F)F)cc3)no2)n1,0.193,Cn1nc(N)cc1C#N;O=C(O)c1cc(-c2ccc(C(F)(F)F)cc2)no1;R46,1,,,
Cn1nc(NC(=O)c2cc(-c3ccc(F)cc3F)no2)cc1C#N,Cn1nc(N)cc1-c1noc(-c2cc(-c3ccccc3)no2)n1,0.190,Cn1nc(N)cc1C#N;O=C(O)c1cc(-c2ccccc2)no1;R46,1,,,
Cn1nc(NC(=O)c2cc(-c3ccc(F)cc3F)no2)cc1C#N,Cn1nc(N)cc1-c1noc(-c2cc(-c3ccncc3)no2)n1,0.188,Cn1nc(N)cc1C#N;O=C(O)c1cc(-c2ccncc2)no1;R46,1,,,
N#CC1(S(=O)(=O)N[C@@H]2CCC[C@@H]2n2ccnc2)CCC1,N#CC1(S(=O)(=O)N[C@@H]2CCC[C@@H]2n2ccnc2)CCC1,1.000,N[C@@H]1CCC[C@@H]1n1ccnc1;N#CC1(S(=O)(=O)Cl)CCC1;R11,1,1.000,1.000,1.000
N#CC1(S(=O)(=O)N[C@@H]2CCC[C@@H]2n2ccnc2)CCC1,N#CC1(S(=O)(=O)N[C@@H]2CCC[C@@H]2n2ccnc2)CCCC1,0.955,N[C@@H]1CCC[C@@H]1n1ccnc1;N#CC1(S(=O)(=O)Cl)CCCC1;R11,1,0.972,0.839,0.916
N#CC1(S(=O)(=O)N[C@@H]2CCC[C@@H]2n2ccnc2)CCC1,N#CC1(S(=O)(=O)N[C@@H]2CCC[C@@H]2n2ccnc2)CCCCC1,0.933,N[C@@H]1CCC[C@@H]1n1ccnc1;N#CC1(S(=O)(=O)Cl)CCCCC1;R11,1,0.946,0.722,0.902
N#CC1(S(=O)(=O)N[C@@H]2CCC[C@@H]2n2ccnc2)CCC1,N#CC1(S(=O)(=O)N[C@@H]2CCC[C@@H]2n2ccnc2)CCOCC1,0.837,N[C@@H]1CCC[C@@H]1n1ccnc1;N#CC1(S(=O)(=O)Cl)CCOCC1;R11,1,0.829,0.867,0.845
N#CC1(S(=O)(=O)N[C@@H]2CCC[C@@H]2n2ccnc2)CCC1,N#CC1(S(=O)(=O)N[C@@H]2CCC[C@@H]2n2cnnc2)CCC1,0.745,N[C@@H]1CCC[C@@H]1n1cnnc1;N#CC1(S(=O)(=O)F)CCC1;R11,1,0.692,1.000,0.791
N#CC1(S(=O)(=O)N[C@@H]2CCC[C@@H]2n2ccnc2)CCC1,CC1(S(=O)(=O)N[C@@H]2CCC[C@@H]2n2ccnc2)CCC1,0.729,N[C@@H]1CCC[C@@H]1n1ccnc1;CC1(S(=O)(=O)Cl)CCC1;R11,1,1.000,0.703,0.913
N#CC1(S(=O)(=O)N[C@@H]2CCC[C@@H]2n2ccnc2)CCC1,N#CC1(S(=O)(=O)N[C@@H]2COC[C@@H]2n2ccnc2)CCC1,0.725,N[C@@H]1COC[C@@H]1n1ccnc1;N#CC1(S(=O)(=O)F)CCC1;R11,1,0.721,0.835,0.686
N#CC1(S(=O)(=O)N[C@@H]2CCC[C@@H]2n2ccnc2)CCC1,CC1(S(=O)(=O)N[C@@H]2CCC[C@@H]2n2ccnc2)CC1,0.708,N[C@@H]1CCC[C@@H]1n1ccnc1;CC1(S(=O)(=O)Cl)CC1;R11,1,0.944,0.703,0.827
N#CC1(S(=O)(=O)N[C@@H]2CCC[C@@H]2n2ccnc2)CCC1,N#CC1(S(=O)(=O)NC(=O)C(=O)N[C@@H]2CCC[C@@H]2n2ccnc2)CC1,0.685,N[C@@H]1CCC[C@@H]1n1ccnc1;N#CC1(S(N)(=O)=O)CC1;R38,1,0.638,0.494,0.563
N#CC1(S(=O)(=O)N[C@@H]2CCC[C@@H]2n2ccnc2)CCC1,N#CC1(CS(=O)(=O)N[C@@H]2CCC[C@@H]2n2ccnc2)CCC1,0.679,N[C@@H]1CCC[C@@H]1n1ccnc1;N#CC1(CS(=O)(=O)Cl)CCC1;R11,1,0.659,0.628,0.748
N#CC1(S(=O)(=O)N[C@@H]2CCC[C@@H]2n2ccnc2)CCC1,O=S(=O)(N[C@@H]1CCC[C@@H]1n1ccnc1)C1(Br)CC1,0.673,N[C@@H]1CCC[C@@H]1n1ccnc1;O=S(=O)(Cl)C1(Br)CC1;R11,1,,,
N#CC1(S(=O)(=O)N[C@@H]2CCC[C@@H]2n2ccnc2)CCC1,O=S(=O)(N[C@@H]1CCC[C@@H]1n1ccnc1)C1(F)CC1,0.673,N[C@@H]1CCC[C@@H]1n1ccnc1;O=S(=O)(Cl)C1(F)CC1;R11,1,,,
N#CC1(S(=O)(=O)N[C@@H]2CCC[C@@H]2n2ccnc2)CCC1,N#CC1(CS(=O)(=O)N[C@@H]2CCC[C@@H]2n2ccnc2)CC1,0.660,N[C@@H]1CCC[C@@H]1n1ccnc1;N#CC1(CS(=O)(=O)Cl)CC1;R11,1,,,
N#CC1(S(=O)(=O)N[C@@H]2CCC[C@@H]2n2ccnc2)CCC1,N#CC1(S(=O)(=O)N[C@@H]2CCC[C@@H]2n2cccn2)CCC1,0.654,N[C@@H]1CCC[C@@H]1n1cccn1;N#CC1(S(=O)(=O)Cl)CCC1;R11,1,,,
N#CC1(S(=O)(=O)N[C@@H]2CCC[C@@H]2n2ccnc2)CCC1,N#CC1(S(=O)(=O)N[C@@H]2CCC[C@@H]2n2ccnn2)CCC1,0.654,N[C@@H]1CCC[C@@H]1n1ccnn1;N#CC1(S(=O)(=O)F)CCC1;R11,1,,,
N#CC1(S(=O)(=O)N[C@@H]2CCC[C@@H]2n2ccnc2)CCC1,N#CC1(S(=O)(=O)NC2CC(n3ccnc3)C2)CCC1,0.647,NC1CC(n2ccnc2)C1;N#CC1(S(=O)(=O)Cl)CCC1;R11,1,,,
N#CC1(S(=O)(=O)N[C@@H]2CCC[C@@H]2n2ccnc2)CCC1,N#CC1(S(=O)(=O)NC2c3ccccc3CCC2n2ccnc2)CCC1,0.627,NC1c2ccccc2CCC1n1ccnc1;N#CC1(S(=O)(=O)Cl)CCC1;R11,1,,,
N#CC1(S(=O)(=O)N[C@@H]2CCC[C@@H]2n2ccnc2)CCC1,N#CC1(S(=O)(=O)N[C@@H]2CCCC[C@@H]2n2ccnn2)CCC1,0.623,N[C@@H]1CCCC[C@@H]1n1ccnn1;N#CC1(S(=O)(=O)F)CCC1;R11,1,,,
N#CC1(S(=O)(=O)N[C@@H]2CCC[C@@H]2n2ccnc2)CCC1,N#CC1(S(=O)(=O)NC2CCCCC2n2cccn2)CCC1,0.623,NC1CCCCC1n1cccn1;N#CC1(S(=O)(=O)F)CCC1;R11,1,,,
N#CC1(S(=O)(=O)N[C@@H]2CCC[C@@H]2n2ccnc2)CCC1,CC1(CS(=O)(=O)N[C@@H]2CCC[C@@H]2n2ccnc2)CCC1,0.623,N[C@@H]1CCC[C@@H]1n1ccnc1;CC1(CS(=O)(=O)Cl)CCC1;R11,1,,,
N#CC1(S(=O)(=O)N[C@@H]2CCC[C@@H]2n2ccnc2)CCC1,N#CC1(S(=O)(=O)N[C@@H]2CCC[C@@H]2n2cccn2)CCCC1,0.623,N[C@@H]1CCC[C@@H]1n1cccn1;N#CC1(S(=O)(=O)Cl)CCCC1;R11,1,,,
N#CC1(S(=O)(=O)N[C@@H]2CCC[C@@H]2n2ccnc2)CCC1,N#CC1(S(=O)(=O)NC2CC(n3ccnc3)C2)CCCC1,0.615,NC1CC(n2ccnc2)C1;N#CC1(S(=O)(=O)Cl)CCCC1;R11,1,,,
N#CC1(S(=O)(=O)N[C@@H]2CCC[C@@H]2n2ccnc2)CCC1,N#CC1(S(=O)(=O)N[C@@H]2CCC[C@@H]2n2cccn2)CCCCC1,0.611,N[C@@H]1CCC[C@@H]1n1cccn1;N#CC1(S(=O)(=O)Cl)CCCCC1;R11,1,,,
N#CC1(S(=O)(=O)N[C@@H]2CCC[C@@H]2n2ccnc2)CCC1,N#CC1(S(=O)(=O)NC2CC(n3ccnc3)C2)CCCCC1,0.604,NC1CC(n2ccnc2)C1;N#CC1(S(=O)(=O)Cl)CCCCC1;R11,1,,,
N#CC1(S(=O)(=O)N[C@@H]2CCC[C@@H]2n2ccnc2)CCC1,N#CC1(S(=O)(=O)NC2c3ccccc3CCC2n2ccnc2)CCCC1,0.600,NC1c2ccccc2CCC1n1ccnc1;N#CC1(S(=O)(=O)Cl)CCCC1;R11,1,,,
N#CC1(S(=O)(=O)N[C@@H]2CCC[C@@H]2n2ccnc2)CCC1,N#CC1(S(=O)(=O)N[C@@H]2CCCN3CCC[C@@H]23)CCC1,0.592,N[C@@H]1CCCN2CCC[C@@H]12;N#CC1(S(=O)(=O)F)CCC1;R11,1,,,
N#CC1(S(=O)(=O)N[C@@H]2CCC[C@@H]2n2ccnc2)CCC1,N#CC1(S(=O)(=O)N2CCC(n3ccnc3)CC2)CCC1,0.537,c1cn(C2CCNCC2)cn1;N#CC1(S(=O)(=O)Cl)CCC1;R11,1,,,
N#CC1(S(=O)(=O)N[C@@H]2CCC[C@@H]2n2ccnc2)CCC1,N#CC1(S(=O)(=O)NC2CCCC2N)CCC1,0.531,NC1CCCC1N;N#CC1(S(=O)(=O)F)CCC1;R11,1,,,
N#CC1(S(=O)(=O)N[C@@H]2CCC[C@@H]2n2ccnc2)CCC1,N#CC1(S(=O)(=O)N2CC(n3ccnc3)C2)CCC1,0.528,c1cn(C2CNC2)cn1;N#CC1(S(=O)(=O)F)CCC1;R11,1,,,
N#CC1(S(=O)(=O)N[C@@H]2CCC[C@@H]2n2ccnc2)CCC1,N#CC1(S(=O)(=O)N2CCC(n3ccnc3)CC2)CCCC1,0.509,c1cn(C2CCNCC2)cn1;N#CC1(S(=O)(=O)Cl)CCCC1;R11,1,,,
N#CC1(S(=O)(=O)N[C@@H]2CCC[C@@H]2n2ccnc2)CCC1,N#CC1(S(=O)(=O)NC2CCCCC2N)CCC1,0.500,NC1CCCCC1N;N#CC1(S(=O)(=O)F)CCC1;R11,1,,,
N#CC1(S(=O)(=O)N[C@@H]2CCC[C@@H]2n2ccnc2)CCC1,N#CC1(S(=O)(=O)N2CCC(n3ccnc3)CC2)CCCCC1,0.500,c1cn(C2CCNCC2)cn1;N#CC1(S(=O)(=O)Cl)CCCCC1;R11,1,,,
N#CC1(S(=O)(=O)N[C@@H]2CCC[C@@H]2n2ccnc2)CCC1,N#CC1(S(=O)(=O)N[C@@H]2CCCCC[C@H]2N)CCC1,0.490,N[C@@H]1CCCCC[C@H]1N;N#CC1(S(=O)(=O)Cl)CCC1;R11,1,,,
N#CC1(S(=O)(=O)N[C@@H]2CCC[C@@H]2n2ccnc2)CCC1,N#CC1(S(=O)(=O)NC2CCC2)CCC1,0.489,NC1CCC1;N#CC1(S(=O)(=O)F)CCC1;R11,1,,,
N#CC1(S(=O)(=O)N[C@@H]2CCC[C@@H]2n2ccnc2)CCC1,N#CC1(S(=O)(=O)N[C@@H]2CCCCC[C@H]2N)CCCC1,0.462,N[C@@H]1CCCCC[C@H]1N;N#CC1(S(=O)(=O)Cl)CCCC1;R11,1,,,
CC1(C)CC(NC2CCC(CO)(CO)CC2)CO1,CC1(C)CC(NC2CCC(CO)(CO)CC2)CO1,1.000,NC1CCC(CO)(CO)CC1;CC1(C)CC(=O)CO1;R43,1,1.000,1.000,1.000
CC1(C)CC(NC2CCC(CO)(CO)CC2)CO1,CC1(C)CC(NC2CCC(O)(CO)CC2)CO1,0.750,NC1CCC(O)(CO)CC1;CC1(C)CC(=O)CO1;R43,1,1.000,0.724,0.786
CC1(C)CC(NC2CCC(CO)(CO)CC2)CO1,CC1(C)CC(NC2CCC(CO)(CO)CC2)CCO1,0.750,NC1CCC(CO)(CO)CC1;CC1(C)CC(=O)CCO1;R43,1,0.773,0.732,0.717
CC1(C)CC(NC2CCC(CO)(CO)CC2)CO1,CC1(C)CC(NC2CC(CO)(CO)C2)CO1,0.735,NC1CC(CO)(CO)C1;CC1(C)CC(=O)CO1;R43,1,0.864,0.289,0.689
CC1(C)CC(NC2CCC(CO)(CO)CC2)CO1,CC1(C)CC(NC2CCC(CO)(CO)CC2)CC(C)(C)O1,0.714,NC1CCC(CO)(CO)CC1;CC1(C)CC(=O)CC(C)(C)O1;R43,1,0.773,0.792,0.706
CC1(C)CC(NC2CCC(CO)(CO)CC2)CO1,CC1(C)OCC(NC2CCC(CO)(CO)CC2)CO1,0.714,NC1CCC(CO)(CO)CC1;CC1(C)OCC(=O)CO1;R43,1,0.640,0.851,0.626
CC1(C)CC(NC2CCC(CO)(CO)CC2)CO1,CC1(O)CCC(NC2COC(C)(C)C2)CC1,0.686,CC1(O)CCC(N)CC1;CC1(C)CC(=O)CO1;R43,1,1.000,0.529,0.765
CC1(C)CC(NC2CCC(CO)(CO)CC2)CO1,OCC1(CO)CCC(NC2COC3(CCC3)C2)CC1,0.658,NC1CCC(CO)(CO)CC1;O=C1COC2(CCC2)C1;R43,1,0.424,1.000,0.822
CC1(C)CC(NC2CCC(CO)(CO)CC2)CO1,OCC1(CO)CCC(NC2COC3(CCCC3)C2)CC1,0.658,NC1CCC(CO)(CO)CC1;O=C1COC2(CCCC2)C1;R43,1,0.424,0.898,0.798
CC1(C)CC(NC2CCC(CO)(CO)CC2)CO1,CCC1(O)CCC(NC2COC(C)(C)C2)CC1,0.658,CCC1(O)CCC(N)CC1;CC1(C)CC(Br)CO1;R9,1,1.000,0.529,0.744
CC1(C)CC(NC2CCC(CO)(CO)CC2)CO1,CC1(C)CC(NC2CCC3(CC2)CC3)CO1,0.657,NC1CCC2(CC1)CC2;CC1(C)CC(=O)CO1;R43,1,,,
CC1(C)CC(NC2CCC(CO)(CO)CC2)CO1,CC1(C)CC(NC2CCC(CO)CC2)CO1,0.649,NC1CCC(CO)CC1;CC1(C)CC(=O)CO1;R43,1,,,
CC1(C)CC(NC2CCC(CO)(CO)CC2)CO1,OCC1(CO)CCC(NC2COC3(COC3)C2)CC1,0.641,NC1CCC(CO)(CO)CC1;O=C1COC2(COC2)C1;R43,1,,,
CC1(C)CC(NC2CCC(CO)(CO)CC2)CO1,CC1(C)COCC(NC2CCC(CO)(CO)CC2)C1,0.641,NC1CCC(CO)(CO)CC1;CC1(C)COCC(=O)C1;R43,1,,,
CC1(C)CC(NC2CCC(CO)(CO)CC2)CO1,CC1(C)OCCC(NC2CCC(CO)(CO)CC2)CO1,0.641,NC1CCC(CO)(CO)CC1;CC1(C)OCCC(=O)CO1;R43,1,,,
CC1(C)CC(NC2CCC(CO)(CO)CC2)CO1,CC1(C)CC(NC2CCC(CO)(CO)CC2)C1,0.629,NC1CCC(CO)(CO)CC1;CC1(C)CC(=O)C1;R43,1,,,
CC1(C)CC(NC2CCC(CO)(CO)CC2)CO1,CC1(C)CC(NC2CCC(CO)(CO)CC2)CC1(C)C,0.629,NC1CCC(CO)(CO)CC1;CC1(C)CC(=O)CC1(C)C;R43,1,,,
CC1(C)CC(NC2CCC(CO)(CO)CC2)CO1,CC1CCC(CO)(CNC2COC(C)(C)C2)CC1,0.610,CC1CCC(CN)(CO)CC1;CC1(C)CC(=O)CO1;R43,1,,,
CC1(C)CC(NC2CCC(CO)(CO)CC2)CO1,CC1(C)CC(NCC2(CO)CC2)CO1,0.605,NCC1(CO)CC1;CC1(C)CC(=O)CO1;R43,1,,,
CC1(C)CC(NC2CCC(CO)(CO)CC2)CO1,OCC1(CO)CCC(NC2COC2)CC1,0.600,NC1CCC(CO)(CO)CC1;O=C1COC1;R43,1,,,
CC1(C)CC(NC2CCC(CO)(CO)CC2)CO1,CC1(C)CC(NC2CCC(CO)(CO)CC2)CC(C)(C)C1,0.595,NC1CCC(CO)(CO)CC1;CC1(C)CC(=O)CC(C)(C)C1;R43,1,,,
CC1(C)CC(NC2CCC(CO)(CO)CC2)CO1,CC1(N)CC(NC2CCC(CO)(CO)CC2)C1,0.595,NC1CCC(CO)(CO)CC1;CC1(N)CC(=O)C1;R43,1,,,
CC1(C)CC(NC2CCC(CO)(CO)CC2)CO1,CC1(C)CC(NC2CCC(CO)(CO)CC2)C(C)(C)O1,0.590,NC1CCC(CO)(CO)CC1;CC1(C)CC(=O)C(C)(C)O1;R43,1,,,
CC1(C)CC(NC2CCC(CO)(CO)CC2)CO1,C[C@@]12CC(=O)C[C@]1(C)CC(NC1CCC(CO)(CO)CC1)C2,0.561,NC1CCC(CO)(CO)CC1;C[C@]12CC(=O)C[C@@]1(C)CC(=O)C2;R43,1,,,
CC1(C)CC(NC2CCC(CO)(CO)CC2)CO1,CC1(C)CC(=O)CC(NC2CCC(CO)(CO)CC2)C1,0.548,NC1CCC(CO)(CO)CC1;CC1(C)CC(=O)CC(=O)C1;R43,1,,,
CC1(C)CC(NC2CCC(CO)(CO)CC2)CO1,O=C1CC2(C1)CC(NC1CCC(CO)(CO)CC1)C2,0.512,NC1CCC(CO)(CO)CC1;O=C1CC2(C1)CC(=O)C2;R43,1,,,
CC1(C)CC(NC2CCC(CO)(CO)CC2)CO1,CC1(C)CC(=O)C(NC2CCC(CO)(CO)CC2)C1,0.488,NC1CCC(CO)(CO)CC1;CC1(C)CC(=O)C(=O)C1;R43,1,,,
CC1(C)CC(NC2CCC(CO)(CO)CC2)CO1,CC1(C)CC(N2CCC(CO)(CO)CC2)CO1,0.488,OCC1(CO)CCNCC1;CC1(C)CC(=O)CO1;R43,1,,,
CC1(C)CC(NC2CCC(CO)(CO)CC2)CO1,CC(C)(CO)NC1CCC(CO)(CO)CC1,0.425,NC1CCC(CO)(CO)CC1;CC1(C)CO1;R58,1,,,
CC1(C)CC(NC2CCC(CO)(CO)CC2)CO1,CC(C)(O)CNC1CCC(CO)(CO)CC1,0.415,NC1CCC(CO)(CO)CC1;CC1(C)CO1;R58,1,,,
CC1(C)CC(NC2CCC(CO)(CO)CC2)CO1,CC1(NC(=O)C(=O)NC2CCC(CO)(CO)CC2)CC(=O)C1,0.388,NC1CCC(CO)(CO)CC1;CC1(N)CC(=O)C1;R38,1,,,
CC1(C)CC(NC2CCC(CO)(CO)CC2)CO1,CC1(C)CC(OCC2(CO)CCC(N)CC2)(C(=O)O)CO1,0.304,NC1CCC(CO)(CO)CC1;CC1(C)CC(=O)CO1;R71,1,,,
CC1(C)CC(NC2CCC(CO)(CO)CC2)CO1,CC1(C)CC(OCC2(CO)CCC(N)CC2)(C(=O)O)CCO1,0.304,NC1CCC(CO)(CO)CC1;CC1(C)CC(=O)CCO1;R71,1,,,
CC1(C)CC(NC2CCC(CO)(CO)CC2)CO1,CC1(C)CC(C(=O)O)(N2CCC(CO)(CO)CC2)CO1,0.294,OCC1(CO)CCNCC1;CC1(C)CC(=O)CO1;R71,1,,,
CC1(C)CC(NC2CCC(CO)(CO)CC2)CO1,CC1(C)CC(OCC2(CO)CCC(N)CC2)(C(=O)O)CC(C)(C)O1,0.291,NC1CCC(CO)(CO)CC1;CC1(C)CC(=O)CC(C)(C)O1;R71,1,,,
CC1(C)CC(NC2CCC(CO)(CO)CC2)CO1,CC1(C)OCC(OCC2(CO)CCC(N)CC2)(C(=O)O)CO1,0.291,NC1CCC(CO)(CO)CC1;CC1(C)OCC(=O)CO1;R71,1,,,
CC1(C)CC(NC2CCC(CO)(CO)CC2)CO1,CC1(C)CC(OCC2(CO)CC(N)C2)(C(=O)O)CO1,0.268,NC1CC(CO)(CO)C1;CC1(C)CC(=O)CO1;R71,1,,,
CC1(C)CC(NC2CCC(CO)(CO)CC2)CO1,CC1(C)CC(OCC2(CO)CCC(N)CC2)(C(=O)O)C1,0.259,NC1CCC(CO)(CO)CC1;CC1(C)CC(=O)C1;R71,1,,,
CC1(C)CC(NC2CCC(CO)(CO)CC2)CO1,CC1(C)CC(OCC2(CO)CCC(N)CC2)(C(=O)O)CC1(C)C,0.259,NC1CCC(CO)(CO)CC1;CC1(C)CC(=O)CC1(C)C;R71,1,,,
CC1(C)CC(NC2CCC(CO)(CO)CC2)CO1,CC1(C)CC(C)(C)CC(OCC2(CO)CCC(N)CC2)(C(=O)O)C1,0.255,NC1CCC(CO)(CO)CC1;CC1(C)CC(=O)CC(C)(C)C1;R71,1,,,
CC1(C)CC(NC2CCC(CO)(CO)CC2)CO1,CC1(C)COCC(OCC2(CO)CCC(N)CC2)(C(=O)O)C1,0.254,NC1CCC(CO)(CO)CC1;CC1(C)COCC(=O)C1;R71,1,,,
CC1(C)CC(NC2CCC(CO)(CO)CC2)CO1,CC1(C)CC(OCC2(CO)CCNCC2)(C(=O)O)CO1,0.246,OCC1(CO)CCNCC1;CC1(C)CC(=O)CO1;R71,1,,,
CC1(C)CC(NC2CCC(CO)(CO)CC2)CO1,CC1(C)CC(OC2(CO)CCC(N)CC2)(C(=O)O)CO1,0.246,NC1CCC(O)(CO)CC1;CC1(C)CC(=O)CO1;R71,1,,,
CC1(C)CC(NC2CCC(CO)(CO)CC2)CO1,NC1CCC(CO)(COC2(C(=O)O)COC2)CC1,0.241,NC1CCC(CO)(CO)CC1;O=C1COC1;R71,1,,,
CC1(C)CC(NC2CCC(CO)(CO)CC2)CO1,NC1CCC(CO)(COC2(C(=O)O)COC3(COC3)C2)CC1,0.233,NC1CCC(CO)(CO)CC1;O=C1COC2(COC2)C1;R71,1,,,
CC1(C)CC(NC2CCC(CO)(CO)CC2)CO1,NC1CCC(CO)(COC2(C(=O)O)COC3(CCC3)C2)CC1,0.233,NC1CCC(CO)(CO)CC1;O=C1COC2(CCC2)C1;R71,1,,,
CC1(C)CC(NC2CCC(CO)(CO)CC2)CO1,CC1(C)CC(OCC2(O)CCC(N)CC2)(C(=O)O)CO1,0.203,NC1CCC(O)(CO)CC1;CC1(C)CC(=O)CO1;R71,1,,,
CN(C)[C@@H](Cc1ccc(F)cc1)C(=O)N1CCn2cc(Br)cc2C1,CN(C)[C@@H](Cc1ccc(F)cc1)C(=O)N1CCn2cc(Br)cc2C1,1.000,CN(C)[C@@H](Cc1ccc(F)cc1)C(=O)O;Brc1cc2n(c1)CCNC2;R8,1,1.000,1.000,1.000
CN(C)[C@@H](Cc1ccc(F)cc1)C(=O)N1CCn2cc(Br)cc2C1,CN(C)[C@@H](Cc1ccc(F)cc1)C(=O)N1CCCn2cc(Br)cc2C1,0.885,CN(C)[C@@H](Cc1ccc(F)cc1)C(=O)O;Brc1cc2n(c1)CCCNC2;R8,1,0.850,1.000,0.842
CN(C)[C@@H](Cc1ccc(F)cc1)C(=O)N1CCn2cc(Br)cc2C1,Cc1ccc(C[C@@H](C(=O)N2CCn3cc(Br)cc3C2)N(C)C)cc1,0.827,Cc1ccc(C[C@@H](C(=O)O)N(C)C)cc1;Brc1cc2n(c1)CCNC2;R8,1,1.000,0.879,0.958
CN(C)[C@@H](Cc1ccc(F)cc1)C(=O)N1CCn2cc(Br)cc2C1,CN(C)[C@H](Cc1ccccc1)C(=O)N1CCn2cc(Br)cc2C1,0.808,CN(C)[C@H](Cc1ccccc1)C(=O)O;Brc1cc2n(c1)CCNC2;R8,1,1.000,0.743,0.968
CN(C)[C@@H](Cc1ccc(F)cc1)C(=O)N1CCn2cc(Br)cc2C1,C[C@@H](Cc1ccc(F)cc1)C(=O)N1CCn2cc(Br)cc2C1,0.755,C[C@@H](Cc1ccc(F)cc1)C(=O)O;Brc1cc2n(c1)CCNC2;R8,1,1.000,0.711,0.795
CN(C)[C@@H](Cc1ccc(F)cc1)C(=O)N1CCn2cc(Br)cc2C1,CN(C)[C@@H](Cc1ccc(F)cc1)C(=O)N1CCn2cc(C(=O)O)cc2C1,0.750,CN(C)[C@@H](Cc1ccc(F)cc1)C(=O)O;O=C(O)c1cc2n(c1)CCNC2;R8,1,1.000,0.674,0.767
CN(C)[C@@H](Cc1ccc(F)cc1)C(=O)N1CCn2cc(Br)cc2C1,CN(C)[C@@H](Cc1ccc(F)cc1)C(=O)N1CCn2cc(O)c(=O)cc2C1,0.737,CN(C)[C@@H](Cc1ccc(F)cc1)C(=O)O;O=c1cc2n(cc1O)CCNC2;R8,1,0.727,0.596,0.746
CN(C)[C@@H](Cc1ccc(F)cc1)C(=O)N1CCn2cc(Br)cc2C1,Cc1ccc(C[C@@H](C(=O)N2CCCn3cc(Br)cc3C2)N(C)C)cc1,0.732,Cc1ccc(C[C@@H](C(=O)O)N(C)C)cc1;Brc1cc2n(c1)CCCNC2;R8,1,0.850,0.879,0.803
CN(C)[C@@H](Cc1ccc(F)cc1)C(=O)N1CCn2cc(Br)cc2C1,COC(Cc1ccc(F)cc1)C(=O)N1CCn2cc(Br)cc2C1,0.727,COC(Cc1ccc(F)cc1)C(=O)O;Brc1cc2n(c1)CCNC2;R8,1,1.000,0.853,0.736
CN(C)[C@@H](Cc1ccc(F)cc1)C(=O)N1CCn2cc(Br)cc2C1,CN(C)[C@H](Cc1ccccc1F)C(=O)N1CCn2cc(Br)cc2C1,0.719,CN(C)[C@H](Cc1ccccc1F)C(=O)O;Brc1cc2n(c1)CCNC2;R8,1,1.000,0.671,0.926
CN(C)[C@@H](Cc1ccc(F)cc1)C(=O)N1CCn2cc(Br)cc2C1,CN(C)[C@H](Cc1ccccc1)C(=O)N1CCCn2cc(Br)cc2C1,0.714,CN(C)[C@H](Cc1ccccc1)C(=O)O;Brc1cc2n(c1)CCCNC2;R8,1,,,
CN(C)[C@@H](Cc1ccc(F)cc1)C(=O)N1CCn2cc(Br)cc2C1,CN(C)[C@@H](Cc1ccc(F)cc1)C(=O)N1CCn2cc(-c3ccc(Cl)cc3)cc2C1,0.712,CN(C)[C@@H](Cc1ccc(F)cc1)C(=O)O;Clc1ccc(-c2cc3n(c2)CCNC3)cc1;R8,1,,,
CN(C)[C@@H](Cc1ccc(F)cc1)C(=O)N1CCn2cc(Br)cc2C1,COc1cn2c(cc1=O)CN(C(=O)[C@H](Cc1ccc(F)cc1)N(C)C)CC2,0.712,CN(C)[C@@H](Cc1ccc(F)cc1)C(=O)O;COc1cn2c(cc1=O)CNCC2;R8,1,,,
CN(C)[C@@H](Cc1ccc(F)cc1)C(=O)N1CCn2cc(Br)cc2C1,CCOC(=O)c1cc2n(c1)CCN(C(=O)[C@H](Cc1ccc(F)cc1)N(C)C)C2,0.700,CN(C)[C@@H](Cc1ccc(F)cc1)C(=O)O;CCOC(=O)c1cc2n(c1)CCNC2;R8,1,,,
CN(C)[C@@H](Cc1ccc(F)cc1)C(=O)N1CCn2cc(Br)cc2C1,NCC(Cc1ccc(F)cc1)C(=O)N1CCn2cc(Br)cc2C1,0.696,NCC(Cc1ccc(F)cc1)C(=O)O;Brc1cc2n(c1)CCNC2;R8,1,,,
CN(C)[C@@H](Cc1ccc(F)cc1)C(=O)N1CCn2cc(Br)cc2C1,CN(C)[C@@H](Cc1ccc(F)cc1)C(=O)N1CCn2cccc2C1,0.691,CN(C)[C@@H](Cc1ccc(F)cc1)C(=O)O;c1cc2n(c1)CCNC2;R8,1,,,
CN(C)[C@@H](Cc1ccc(F)cc1)C(=O)N1CCn2cc(Br)cc2C1,CN(C)[C@H](C(=O)N1CCn2cc(Br)cc2C1)c1ccc(F)cc1,0.691,CN(C)[C@H](C(=O)O)c1ccc(F)cc1;Brc1cc2n(c1)CCNC2;R8,1,,,
CN(C)[C@@H](Cc1ccc(F)cc1)C(=O)N1CCn2cc(Br)cc2C1,O=C(C(Cc1ccc(F)cc1)c1ccccc1)N1CCn2cc(Br)cc2C1,0.672,O=C(O)C(Cc1ccc(F)cc1)c1ccccc1;Brc1cc2n(c1)CCNC2;R8,1,,,
CN(C)[C@@H](Cc1ccc(F)cc1)C(=O)N1CCn2cc(Br)cc2C1,CN(C)[C@@H](Cc1ccc(F)cc1)C(=O)N1CCn2cncc2C1,0.667,CN(C)[C@@H](Cc1ccc(F)cc1)C(=O)O;c1ncn2c1CNCC2;R8,1,,,
CN(C)[C@@H](Cc1ccc(F)cc1)C(=O)N1CCn2cc(Br)cc2C1,CN(C)[C@@H](Cc1ccc(F)cc1)C(=O)N1CCn2nccc2C1,0.649,CN(C)[C@@H](Cc1ccc(F)cc1)C(=O)O;c1cc2n(n1)CCNC2;R8,1,,,
CN(C)[C@@H](Cc1ccc(F)cc1)C(=O)N1CCn2cc(Br)cc2C1,CN(C)[C@@H](Cc1ccc(F)cc1)C(=O)N1CCn2c(cnc2Br)C1,0.644,CN(C)[C@@H](Cc1ccc(F)cc1)C(=O)O;Brc1ncc2n1CCNC2;R8,1,,,
CN(C)[C@@H](Cc1ccc(F)cc1)C(=O)N1CCn2cc(Br)cc2C1,CN(C)C(=O)C(CNC(=O)N1CCn2cc(Br)cc2C1)Cc1ccc(F)cc1,0.635,CN(C)C(=O)C(CN)Cc1ccc(F)cc1;Brc1cc2n(c1)CCNC2;R36,1,,,
CN(C)[C@@H](Cc1ccc(F)cc1)C(=O)N1CCn2cc(Br)cc2C1,Cc1cn2c(n1)CN(C(=O)[C@H](Cc1ccc(F)cc1)N(C)C)CC2,0.627,CN(C)[C@@H](Cc1ccc(F)cc1)C(=O)O;Cc1cn2c(n1)CNCC2;R8,1,,,
CN(C)[C@@H](Cc1ccc(F)cc1)C(=O)N1CCn2cc(Br)cc2C1,CN(C)[C@@H](Cc1ccc(F)cc1)C(=O)N1CCC=C(Br)C1,0.625,CN(C)[C@@H](Cc1ccc(F)cc1)C(=O)O;BrC1=CCCNC1;R8,1,,,
CN(C)[C@@H](Cc1ccc(F)cc1)C(=O)N1CCn2cc(Br)cc2C1,CN(C)[C@@H](Cc1ccc(F)cc1)C(=O)N1CCn2nc(N)cc2C1,0.617,CN(C)[C@@H](Cc1ccc(F)cc1)C(=O)O;Nc1cc2n(n1)CCNC2;R8,1,,,
CN(C)[C@@H](Cc1ccc(F)cc1)C(=O)N1CCn2cc(Br)cc2C1,CN(C)[C@@H](Cc1ccc(F)cc1)C(=O)N1CCn2ncc(Br)c2C1,0.617,CN(C)[C@@H](Cc1ccc(F)cc1)C(=O)O;Brc1cnn2c1CNCC2;R8,1,,,
CN(C)[C@@H](Cc1ccc(F)cc1)C(=O)N1CCn2cc(Br)cc2C1,CN(C)C(=O)C(CNC(=O)C(=O)N1CCn2cc(Br)cc2C1)Cc1ccc(F)cc1,0.615,CN(C)C(=O)C(CN)Cc1ccc(F)cc1;Brc1cc2n(c1)CCNC2;R38,1,,,
CN(C)[C@@H](Cc1ccc(F)cc1)C(=O)N1CCn2cc(Br)cc2C1,CN(C)[C@@H](Cc1ccc(F)cc1)C(=O)N1CCn2ccnc2C1,0.610,CN(C)[C@@H](Cc1ccc(F)cc1)C(=O)O;c1cn2c(n1)CNCC2;R8,1,,,
CN(C)[C@@H](Cc1ccc(F)cc1)C(=O)N1CCn2cc(Br)cc2C1,CN(C)[C@@H](Cc1ccc(F)cc1)C(=O)N1CCn2nncc2C1,0.610,CN(C)[C@@H](Cc1ccc(F)cc1)C(=O)O;c1nnn2c1CNCC2;R8,1,,,
CN(C)[C@@H](Cc1ccc(F)cc1)C(=O)N1CCn2cc(Br)cc2C1,CN(C)[C@@H](Cc1ccc(F)cc1)C(=O)N1CCn2cnnc2C1,0.610,CN(C)[C@@H](Cc1ccc(F)cc1)C(=O)O;c1nnc2n1CCNC2;R8,1,,,
CN(C)[C@@H](Cc1ccc(F)cc1)C(=O)N1CCn2cc(Br)cc2C1,CN(C)[C@H](C(=O)N1CCCn2cc(Br)cc2C1)c1ccc(F)cc1,0.610,CN(C)[C@H](C(=O)O)c1ccc(F)cc1;Brc1cc2n(c1)CCCNC2;R8,1,,,
CN(C)[C@@H](Cc1ccc(F)cc1)C(=O)N1CCn2cc(Br)cc2C1,O=C(O)C(Cc1ccc(F)cc1)NC(=O)N1CCn2cc(Br)cc2C1,0.607,NC(Cc1ccc(F)cc1)C(=O)O;Brc1cc2n(c1)CCNC2;R36,1,,,
CN(C)[C@@H](Cc1ccc(F)cc1)C(=O)N1CCn2cc(Br)cc2C1,O=C(C(Cc1ccc(F)cc1)c1ccccc1)N1CCCn2cc(Br)cc2C1,0.597,O=C(O)C(Cc1ccc(F)cc1)c1ccccc1;Brc1cc2n(c1)CCCNC2;R8,1,,,
CN(C)[C@@H](Cc1ccc(F)cc1)C(=O)N1CCn2cc(Br)cc2C1,O=C(NC(Cc1ccc(F)cc1)C(=O)O)C(=O)N1CCn2cc(Br)cc2C1,0.587,NC(Cc1ccc(F)cc1)C(=O)O;Brc1cc2n(c1)CCNC2;R38,1,,,
CN(C)[C@@H](Cc1ccc(F)cc1)C(=O)N1CCn2cc(Br)cc2C1,O=C(O)C(CNC(=O)N1CCn2cc(Br)cc2C1)Cc1ccc(F)cc1,0.587,NCC(Cc1ccc(F)cc1)C(=O)O;Brc1cc2n(c1)CCNC2;R36,1,,,
CN(C)[C@@H](Cc1ccc(F)cc1)C(=O)N1CCn2cc(Br)cc2C1,CC(Cc1ccc(F)cc1)N1CCn2cc(Br)cc2C1,0.571,CC(Br)Cc1ccc(F)cc1;Brc1cc2n(c1)CCNC2;R9,1,,,
CN(C)[C@@H](Cc1ccc(F)cc1)C(=O)N1CCn2cc(Br)cc2C1,O=C(NCC(Cc1ccc(F)cc1)C(=O)O)C(=O)N1CCn2cc(Br)cc2C1,0.569,NCC(Cc1ccc(F)cc1)C(=O)O;Brc1cc2n(c1)CCNC2;R38,1,,,
CN(C)[C@@H](Cc1ccc(F)cc1)C(=O)N1CCn2cc(Br)cc2C1,CN(C)C(=O)C(CNC(=O)N1CCCn2cc(Br)cc2C1)Cc1ccc(F)cc1,0.567,CN(C)C(=O)C(CN)Cc1ccc(F)cc1;Brc1cc2n(c1)CCCNC2;R36,1,,,
CN(C)[C@@H](Cc1ccc(F)cc1)C(=O)N1CCn2cc(Br)cc2C1,CN(C)[C@@H](Cc1ccc(F)cc1)C(=O)N1CCNCC1,0.564,CN(C)[C@@H](Cc1ccc(F)cc1)C(=O)O;C1CNCCN1;R8,1,,,
CN(C)[C@@H](Cc1ccc(F)cc1)C(=O)N1CCn2cc(Br)cc2C1,CN(C)[C@@H](Cc1ccc(F)cc1)C(=O)N1CCNCCNCCNCC1,0.554,CN(C)[C@@H](Cc1ccc(F)cc1)C(=O)O;C1CNCCNCCNCCN1;R8,1,,,
CN(C)[C@@H](Cc1ccc(F)cc1)C(=O)N1CCn2cc(Br)cc2C1,CN(C)C(=O)C(CNC(=O)C(=O)N1CCCn2cc(Br)cc2C1)Cc1ccc(F)cc1,0.551,CN(C)C(=O)C(CN)Cc1ccc(F)cc1;Brc1cc2n(c1)CCCNC2;R38,1,,,
CN(C)[C@@H](Cc1ccc(F)cc1)C(=O)N1CCn2cc(Br)cc2C1,CC(Cc1ccc(F)cc1)(C(=O)O)N1CCn2cc(Br)cc2C1,0.508,CC(=O)Cc1ccc(F)cc1;Brc1cc2n(c1)CCNC2;R71,1,,,
CN(C)[C@@H](Cc1ccc(F)cc1)C(=O)N1CCn2cc(Br)cc2C1,CN(C)[C@@H](Cc1ccc(F)cc1)C(=O)Nc1cc2n(n1)CCNC2,0.408,CN(C)[C@@H](Cc1ccc(F)cc1)C(=O)O;Nc1cc2n(n1)CCNC2;R8,1,,,
CN(C)[C@@H](Cc1ccc(F)cc1)C(=O)N1CCn2cc(Br)cc2C1,CN(C)C(=O)C(CNc1cc2n(c1)CCNC2)Cc1ccc(F)cc1,0.384,CN(C)C(=O)C(CN)Cc1ccc(F)cc1;Brc1cc2n(c1)CCNC2;R9,1,,,
CN(C)[C@@H](Cc1ccc(F)cc1)C(=O)N1CCn2cc(Br)cc2C1,CC(Cc1ccc(F)cc1)c1cc2n(c1)CCNC2,0.375,CC(Br)Cc1ccc(F)cc1;Brc1cc2n(c1)CCNC2;R95,1,,,
CN(C)[C@@H](Cc1ccc(F)cc1)C(=O)N1CCn2cc(Br)cc2C1,O=C(O)C(CNc1cc2n(c1)CCNC2)Cc1ccc(F)cc1,0.342,NCC(Cc1ccc(F)cc1)C(=O)O;Brc1cc2n(c1)CCNC2;R9,1,,,
CN(C)[C@@H](Cc1ccc(F)cc1)C(=O)N1CCn2cc(Br)cc2C1,CC(Cc1ccc(F)cc1)Sc1cc2n(c1)CCNC2,0.338,CC(Br)Cc1ccc(F)cc1;Brc1cc2n(c1)CCNC2;R21,1,,,
CN(C)[C@@H](Cc1ccc(F)cc1)C(=O)N1CCn2cc(Br)cc2C1,CC(O)(Cc1ccc(F)cc1)c1cc2n(c1)CCNC2,0.286,CC(=O)Cc1ccc(F)cc1;Brc1cc2n(c1)CCNC2;R98,1,,,
COC(=O)C1CC2CC1CN(C(=O)c1c(Cl)c(O)cc(Cl)c1OC)C2,COC(=O)C1CC2CC1CN(C(=O)c1c(Cl)c(O)cc(Cl)c1OC)C2,1.000,COC(=O)C1CC2CNCC1C2;COc1c(Cl)cc(O)c(Cl)c1C(=O)O;R8,1,1.000,1.000,1.000
COC(=O)C1CC2CC1CN(C(=O)c1c(Cl)c(O)cc(Cl)c1OC)C2,COC(=O)C1CC2CC1CN(C(=O)c1c(O)c(Cl)cc(O)c1Cl)C2,0.811,COC(=O)C1CC2CNCC1C2;O=C(O)c1c(O)c(Cl)cc(O)c1Cl;R8,1,1.000,0.926,0.931
COC(=O)C1CC2CC1CN(C(=O)c1c(Cl)c(O)cc(Cl)c1OC)C2,COC(=O)[C@@H]1C[C@@H]2CN(C(=O)c3c(Cl)c(O)cc(Cl)c3OC)C[C@@H]2C1,0.741,COC(=O)[C@H]1C[C@H]2CNC[C@H]2C1;COc1c(Cl)cc(O)c(Cl)c1C(=O)O;R8,1,0.636,0.699,0.941
COC(=O)C1CC2CC1CN(C(=O)c1c(Cl)c(O)cc(Cl)c1OC)C2,COC(=O)C1CC2CC1CN(C(=O)c1c(OC)c(Cl)cc(Br)c1OC)C2,0.732,COC(=O)C1CC2CNCC1C2;COc1c(Cl)cc(Br)c(OC)c1C(=O)O;R8,1,1.000,0.801,0.741
COC(=O)C1CC2CC1CN(C(=O)c1c(Cl)c(O)cc(Cl)c1OC)C2,COC(=O)C1CC2CC1CN(C(=O)c1c(Cl)c([N+](=O)[O-])cc(Cl)c1OC)C2,0.729,COC(=O)C1CC2CNCC1C2;COc1c(Cl)cc([N+](=O)[O-])c(Cl)c1C(=O)O;R8,1,1.000,0.775,0.758
COC(=O)C1CC2CC1CN(C(=O)c1c(Cl)c(O)cc(Cl)c1OC)C2,COC(=O)C1CC2CC1CN(C(=O)c1c(Cl)ccc(O)c1Cl)C2,0.727,COC(=O)C1CC2CNCC1C2;O=C(O)c1c(Cl)ccc(O)c1Cl;R8,1,1.000,0.894,0.763
COC(=O)C1CC2CC1CN(C(=O)c1c(Cl)c(O)cc(Cl)c1OC)C2,COC(=O)C1CC2CC1CN(C(=O)c1c(Cl)ccc(Cl)c1OC)C2,0.722,COC(=O)C1CC2CNCC1C2;COc1c(Cl)ccc(Cl)c1C(=O)O;R8,1,1.000,0.791,0.946
COC(=O)C1CC2CC1CN(C(=O)c1c(Cl)c(O)cc(Cl)c1OC)C2,COC(=O)C1CCC2CN(C(=O)c3c(Cl)c(O)cc(Cl)c3OC)CC21,0.719,COC(=O)C1CCC2CNCC21;COc1c(Cl)cc(O)c(Cl)c1C(=O)O;R8,1,0.636,0.913,0.975
COC(=O)C1CC2CC1CN(C(=O)c1c(Cl)c(O)cc(Cl)c1OC)C2,COC(=O)C1CC2CC1CN(C(=O)c1cc(Cl)c(OC)c(Cl)c1)C2,0.704,COC(=O)C1CC2CNCC1C2;COc1c(Cl)cc(C(=O)O)cc1Cl;R8,1,1.000,0.574,0.703
COC(=O)C1CC2CC1CN(C(=O)c1c(Cl)c(O)cc(Cl)c1OC)C2,COC(=O)C1CC2CC1CN(C(=O)c1c(Cl)cc(O)cc1Cl)C2,0.704,COC(=O)C1CC2CNCC1C2;O=C(O)c1c(Cl)cc(O)cc1Cl;R8,1,1.000,0.576,0.706
COC(=O)C1CC2CC1CN(C(=O)c1c(Cl)c(O)cc(Cl)c1OC)C2,COC(=O)[C@@H]1C[C@@H]2C[C@H]1CN2C(=O)c1c(Cl)c(O)cc(Cl)c1OC,0.702,COC(=O)[C@@H]1C[C@@H]2C[C@H]1CN2;COc1c(Cl)cc(O)c(Cl)c1C(=O)O;R8,1,,,
COC(=O)C1CC2CC1CN(C(=O)c1c(Cl)c(O)cc(Cl)c1OC)C2,COC(=O)C1CC2CC1CN(C(=O)c1c(Cl)c(Cl)cc(Cl)c1Cl)C2,0.698,COC(=O)C1CC2CNCC1C2;O=C(O)c1c(Cl)c(Cl)cc(Cl)c1Cl;R8,1,,,
COC(=O)C1CC2CC1CN(C(=O)c1c(Cl)c(O)cc(Cl)c1OC)C2,COC(=O)C1CC2CC1CN(C(=O)c1c(O)c(Cl)cc(Cl)c1Cl)C2,0.696,COC(=O)C1CC2CNCC1C2;O=C(O)c1c(O)c(Cl)cc(Cl)c1Cl;R8,1,,,
COC(=O)C1CC2CC1CN(C(=O)c1c(Cl)c(O)cc(Cl)c1OC)C2,COC(=O)C1CC2CC1CN(C(=O)c1c(O)cc(Cl)cc1Cl)C2,0.696,COC(=O)C1CC2CNCC1C2;O=C(O)c1c(O)cc(Cl)cc1Cl;R8,1,,,
COC(=O)C1CC2CC1CN(C(=O)c1c(Cl)c(O)cc(Cl)c1OC)C2,COC(=O)C1CC2CC1CN(C(=O)c1cc(Cl)c(Cl)cc1O)C2,0.691,COC(=O)C1CC2CNCC1C2;O=C(O)c1cc(Cl)c(Cl)cc1O;R8,1,,,
COC(=O)C1CC2CC1CN(C(=O)c1c(Cl)c(O)cc(Cl)c1OC)C2,COC(=O)C1CC2CC1CN(C(=O)c1cc(Cl)cc(Cl)c1OC)C2,0.667,COC(=O)C1CC2CNCC1C2;COc1c(Cl)cc(Cl)cc1C(=O)O;R8,1,,,
COC(=O)C1CC2CC1CN(C(=O)c1c(Cl)c(O)cc(Cl)c1OC)C2,COC(=O)C1CC2CC1CN(C(=O)c1c(Cl)cc(Cl)cc1Cl)C2,0.667,COC(=O)C1CC2CNCC1C2;O=C(O)c1c(Cl)cc(Cl)cc1Cl;R8,1,,,
COC(=O)C1CC2CC1CN(C(=O)c1c(Cl)c(O)cc(Cl)c1OC)C2,COC(=O)C1CC2CC1CN(C(=O)c1cc(Cl)c(OC)c(OC)c1)C2,0.655,COC(=O)C1CC2CNCC1C2;COc1cc(C(=O)O)cc(Cl)c1OC;R8,1,,,
COC(=O)C1CC2CC1CN(C(=O)c1c(Cl)c(O)cc(Cl)c1OC)C2,COC(=O)C1CC2CC1CN(C(=O)c1cc(C)c(OC)c(Cl)c1)C2,0.655,COC(=O)C1CC2CNCC1C2;COc1c(C)cc(C(=O)O)cc1Cl;R8,1,,,
COC(=O)C1CC2CC1CN(C(=O)c1c(Cl)c(O)cc(Cl)c1OC)C2,COC(=O)C1CC2CC1CN(C(=O)c1c(Cl)cc(C)cc1Cl)C2,0.655,COC(=O)C1CC2CNCC1C2;Cc1cc(Cl)c(C(=O)O)c(Cl)c1;R8,1,,,
COC(=O)C1CC2CC1CN(C(=O)c1c(Cl)c(O)cc(Cl)c1OC)C2,COC(=O)C1CC2CC1CN(c1c(O)cc(Cl)c(OC)c1C(=O)O)C2,0.650,COC(=O)C1CC2CNCC1C2;COc1c(Cl)cc(O)c(Cl)c1C(=O)O;R9,1,,,
COC(=O)C1CC2CC1CN(C(=O)c1c(Cl)c(O)cc(Cl)c1OC)C2,COC(=O)C1CC2CC1CN(C(=O)c1cc(F)c(OC)c(Cl)c1)C2,0.644,COC(=O)C1CC2CNCC1C2;COc1c(F)cc(C(=O)O)cc1Cl;R8,1,,,
COC(=O)C1CC2CC1CN(C(=O)c1c(Cl)c(O)cc(Cl)c1OC)C2,COC(=O)C1CC2CC1CN(C(=O)c1cc(Cl)c(OC)c(Cl)n1)C2,0.644,COC(=O)C1CC2CNCC1C2;COc1c(Cl)cc(C(=O)O)nc1Cl;R8,1,,,
COC(=O)C1CC2CC1CN(C(=O)c1c(Cl)c(O)cc(Cl)c1OC)C2,COC(=O)C1CC2CC1CN(C(=O)c1c(OC)ccc(Cl)c1Cl)C2,0.638,COC(=O)C1CC2CNCC1C2;COc1ccc(Cl)c(Cl)c1C(=O)O;R8,1,,,
COC(=O)C1CC2CC1CN(C(=O)c1c(Cl)c(O)cc(Cl)c1OC)C2,COC(=O)C1CC2CC1CN(C(=O)c1c(Cl)cc(Cl)cc1OC)C2,0.638,COC(=O)C1CC2CNCC1C2;COc1cc(Cl)cc(Cl)c1C(=O)O;R8,1,,,
COC(=O)C1CC2CC1CN(C(=O)c1c(Cl)c(O)cc(Cl)c1OC)C2,COC(=O)C1CC2CC1CN(C(=O)c1ccc(Cl)c(Cl)c1OC)C2,0.638,COC(=O)C1CC2CNCC1C2;COc1c(C(=O)O)ccc(Cl)c1Cl;R8,1,,,
COC(=O)C1CC2CC1CN(C(=O)c1c(Cl)c(O)cc(Cl)c1OC)C2,COC(=O)C1CC2CC1CN(C(=O)c1c(Cl)nnc(Cl)c1OC)C2,0.632,COC(=O)C1CC2CNCC1C2;COc1c(Cl)nnc(Cl)c1C(=O)O;R8,1,,,
COC(=O)C1CC2CC1CN(C(=O)c1c(Cl)c(O)cc(Cl)c1OC)C2,COC(=O)C1CC2CC1CN(c1cc(O)c(Cl)c(C(=O)O)c1OC)C2,0.623,COC(=O)C1CC2CNCC1C2;COc1c(Cl)cc(O)c(Cl)c1C(=O)O;R9,1,,,
COC(=O)C1CC2CC1CN(C(=O)c1c(Cl)c(O)cc(Cl)c1OC)C2,COC(=O)C1CC2CC1CN(c1cc(Cl)c(OC)c(Cl)c1O)C2,0.600,COC(=O)C1CC2CNCC1C2;COc1c(Cl)cc(Cl)c(O)c1Cl;R103,1,,,
COC(=O)C1CC2CC1CN(C(=O)c1c(Cl)c(O)cc(Cl)c1OC)C2,COC(=O)C1CC2CC1CN(c1cc(Cl)c(OC)c(C(=O)O)c1OC)C2,0.590,COC(=O)C1CC2CNCC1C2;COc1c(Cl)cc(Br)c(OC)c1C(=O)O;R9,1,,,
COC(=O)C1CC2CC1CN(C(=O)c1c(Cl)c(O)cc(Cl)c1OC)C2,COC(=O)C1CC2CC1CN(c1c(O)c(Cl)cc(Cl)c1OC)C2,0.583,COC(=O)C1CC2CNCC1C2;COc1c(Cl)cc(Cl)c(O)c1Cl;R103,1,,,
COC(=O)C1CC2CC1CN(C(=O)c1c(Cl)c(O)cc(Cl)c1OC)C2,COC(=O)C1CC2CC1CN(c1cc(Cl)c(O)c(Cl)c1OC)C2,0.574,COC(=O)C1CC2CNCC1C2;COc1c(Cl)cc(Cl)c(O)c1Cl;R103,1,,,
COC(=O)C1CC2CC1CN(C(=O)c1c(Cl)c(O)cc(Cl)c1OC)C2,COC(=O)C1CC2CC1CN(c1cc(O)c(Cl)c(C(=O)O)c1O)C2,0.565,COC(=O)C1CC2CNCC1C2;O=C(O)c1c(O)c(Cl)cc(O)c1Cl;R9,1,,,
COC(=O)C1CC2CC1CN(C(=O)c1c(Cl)c(O)cc(Cl)c1OC)C2,COC(=O)C1CC2CC1CN(c1c(O)cc(Cl)c(O)c1C(=O)O)C2,0.540,COC(=O)C1CC2CNCC1C2;O=C(O)c1c(O)c(Cl)cc(O)c1Cl;R9,1,,,
COC(=O)C1CC2CC1CN(C(=O)c1c(Cl)c(O)cc(Cl)c1OC)C2,COC(=O)C1CC2CC1CN(c1ccc(Cl)c(OC)c1C(=O)O)C2,0.540,COC(=O)C1CC2CNCC1C2;COc1c(Cl)ccc(Cl)c1C(=O)O;R9,1,,,
COC(=O)C1CC2CC1CN(C(=O)c1c(Cl)c(O)cc(Cl)c1OC)C2,COC(=O)C1CC2CC1CN(c1cc(Cl)c(OC)c(C(=O)O)c1)C2,0.540,COC(=O)C1CC2CNCC1C2;COc1c(Cl)cc(Cl)cc1C(=O)O;R9,1,,,
COC(=O)C1CC2CC1CN(C(=O)c1c(Cl)c(O)cc(Cl)c1OC)C2,COC(=O)C1CC2CC1CN(c1cc(C(=O)O)cc(Cl)c1OC)C2,0.540,COC(=O)C1CC2CNCC1C2;COc1c(Cl)cc(C(=O)O)cc1Cl;R9,1,,,
COC(=O)C1CC2CC1CN(C(=O)c1c(Cl)c(O)cc(Cl)c1OC)C2,COC(=O)C1CC2CC1CN(c1c([N+](=O)[O-])cc(Cl)c(OC)c1C(=O)O)C2,0.529,COC(=O)C1CC2CNCC1C2;COc1c(Cl)cc([N+](=O)[O-])c(Cl)c1C(=O)O;R9,1,,,
COC(=O)C1CC2CC1CN(C(=O)c1c(Cl)c(O)cc(Cl)c1OC)C2,COC(=O)C1CC2CC1CN(c1cc(Cl)c(O)c(C(=O)O)c1Cl)C2,0.524,COC(=O)C1CC2CNCC1C2;O=C(O)c1c(O)c(Cl)cc(Cl)c1Cl;R9,1,,,
COC(=O)C1CC2CC1CN(C(=O)c1c(Cl)c(O)cc(Cl)c1OC)C2,COC(=O)C1CC2CC1CN(c1ccc(O)c(Cl)c1C(=O)O)C2,0.524,COC(=O)C1CC2CNCC1C2;O=C(O)c1c(Cl)ccc(O)c1Cl;R9,1,,,
COC(=O)C1CC2CC1CN(C(=O)c1c(Cl)c(O)cc(Cl)c1OC)C2,COC(=O)C1CC2CC1CN(c1cc(O)c(C(=O)O)c(Cl)c1)C2,0.524,COC(=O)C1CC2CNCC1C2;O=C(O)c1c(O)cc(Cl)cc1Cl;R9,1,,,
COC(=O)C1CC2CC1CN(C(=O)c1c(Cl)c(O)cc(Cl)c1OC)C2,COC(=O)C1CC2CC1CN(c1cc(C(=O)O)c(O)cc1Cl)C2,0.524,COC(=O)C1CC2CNCC1C2;O=C(O)c1cc(Cl)c(Cl)cc1O;R9,1,,,
COC(=O)C1CC2CC1CN(C(=O)c1c(Cl)c(O)cc(Cl)c1OC)C2,COC(=O)C1CC2CC1CN(c1cc(Cl)c(Cl)c(C(=O)O)c1Cl)C2,0.516,COC(=O)C1CC2CNCC1C2;O=C(O)c1c(Cl)c(Cl)cc(Cl)c1Cl;R9,1,,,
COC(=O)C1CC2CC1CN(C(=O)c1c(Cl)c(O)cc(Cl)c1OC)C2,COC(=O)C1CC2CC1CN(c1ccc(Cl)c(C(=O)O)c1OC)C2,0.516,COC(=O)C1CC2CNCC1C2;COc1c(Cl)ccc(Cl)c1C(=O)O;R9,1,,,
COC(=O)C1CC2CC1CN(C(=O)c1c(Cl)c(O)cc(Cl)c1OC)C2,COC(=O)C1CC2CC1CN(c1cc(Cl)c(Cl)c(C(=O)O)c1O)C2,0.516,COC(=O)C1CC2CNCC1C2;O=C(O)c1c(O)c(Cl)cc(Cl)c1Cl;R9,1,,,
COC(=O)C1CC2CC1CN(C(=O)c1c(Cl)c(O)cc(Cl)c1OC)C2,COC(=O)C1CC2CC1CN(c1c(Cl)cc(Cl)c(Cl)c1C(=O)O)C2,0.508,COC(=O)C1CC2CNCC1C2;O=C(O)c1c(Cl)c(Cl)cc(Cl)c1Cl;R9,1,,,
COC(=O)C1CC2CC1CN(C(=O)c1c(Cl)c(O)cc(Cl)c1OC)C2,COC(=O)C1CC2CC1CN(c1c(Cl)cc(Cl)c(O)c1C(=O)O)C2,0.500,COC(=O)C1CC2CNCC1C2;O=C(O)c1c(O)c(Cl)cc(Cl)c1Cl;R9,1,,,
COC(=O)C1CC2CC1CN(C(=O)c1c(Cl)c(O)cc(Cl)c1OC)C2,COC(=O)C1CC2CC1CN(c1c(O)ccc(Cl)c1C(=O)O)C2,0.500,COC(=O)C1CC2CNCC1C2;O=C(O)c1c(Cl)ccc(O)c1Cl;R9,1,,,
COC(=O)C1CC2CC1CN(C(=O)c1c(Cl)c(O)cc(Cl)c1OC)C2,COC(=O)C1CC2CC1CN(c1cc(Cl)cc(O)c1C(=O)O)C2,0.500,COC(=O)C1CC2CNCC1C2;O=C(O)c1c(O)cc(Cl)cc1Cl;R9,1,,,
COC(=O)C1CC2CC1CN(C(=O)c1c(Cl)c(O)cc(Cl)c1OC)C2,COC(=O)C1CC2CC1CN(c1cc(O)c(C(=O)O)cc1Cl)C2,0.500,COC(=O)C1CC2CNCC1C2;O=C(O)c1cc(Cl)c(Cl)cc1O;R9,1,,,
COC(=O)C1CC2CC1CN(C(=O)c1c(Cl)c(O)cc(Cl)c1OC)C2,COC(=O)C1CC2CC1CN(c1cc(O)cc(Cl)c1C(=O)O)C2,0.500,COC(=O)C1CC2CNCC1C2;O=C(O)c1c(Cl)cc(O)cc1Cl;R9,1,,,
COC(=O)C1CC2CC1CN(C(=O)c1c(Cl)c(O)cc(Cl)c1OC)C2,COC(=O)C1CC2CC1CN(c1cc(Cl)cc(C(=O)O)c1OC)C2,0.492,COC(=O)C1CC2CNCC1C2;COc1c(Cl)cc(Cl)cc1C(=O)O;R9,1,,,
COC(=O)C1CC2CC1CN(C(=O)c1c(Cl)c(O)cc(Cl)c1OC)C2,COC(=O)C1CC2CC1CN(c1cc(Cl)c(C(=O)O)c(OC)c1)C2,0.492,COC(=O)C1CC2CNCC1C2;COc1cc(Cl)cc(Cl)c1C(=O)O;R9,1,,,
COC(=O)C1CC2CC1CN(C(=O)c1c(Cl)c(O)cc(Cl)c1OC)C2,COC(=O)C1CC2CC1CN(c1ccc(C(=O)O)c(OC)c1Cl)C2,0.492,COC(=O)C1CC2CNCC1C2;COc1c(C(=O)O)ccc(Cl)c1Cl;R9,1,,,
COC(=O)C1CC2CC1CN(C(=O)c1c(Cl)c(O)cc(Cl)c1OC)C2,COC(=O)C1CC2CC1CN(c1c(Cl)ccc(C(=O)O)c1OC)C2,0.492,COC(=O)C1CC2CNCC1C2;COc1c(C(=O)O)ccc(Cl)c1Cl;R9,1,,,
COC(=O)C1CC2CC1CN(C(=O)c1c(Cl)c(O)cc(Cl)c1OC)C2,COC(=O)C1CC2CC1CN(c1cc([N+](=O)[O-])c(Cl)c(C(=O)O)c1OC)C2,0.486,COC(=O)C1CC2CNCC1C2;COc1c(Cl)cc([N+](=O)[O-])c(Cl)c1C(=O)O;R9,1,,,
COC(=O)C1CC2CC1CN(C(=O)c1c(Cl)c(O)cc(Cl)c1OC)C2,COC(=O)C1CC2CC1CN(c1ccc(OC)c(C(=O)O)c1Cl)C2,0.477,COC(=O)C1CC2CNCC1C2;COc1ccc(Cl)c(Cl)c1C(=O)O;R9,1,,,
COC(=O)C1CC2CC1CN(C(=O)c1c(Cl)c(O)cc(Cl)c1OC)C2,COC(=O)C1CC2CC1CN(c1cc(C)cc(Cl)c1C(=O)O)C2,0.477,COC(=O)C1CC2CNCC1C2;Cc1cc(Cl)c(C(=O)O)c(Cl)c1;R103,1,,,
COC(=O)C1CC2CC1CN(C(=O)c1c(Cl)c(O)cc(Cl)c1OC)C2,COC(=O)C1CC2CC1CN(c1cc(Br)c(OC)c(C(=O)O)c1OC)C2,0.470,COC(=O)C1CC2CNCC1C2;COc1c(Cl)cc(Br)c(OC)c1C(=O)O;R9,1,,,
COC(=O)C1CC2CC1CN(C(=O)c1c(Cl)c(O)cc(Cl)c1OC)C2,COC(=O)C1CC2CC1CN(c1cc(Cl)cc(OC)c1C(=O)O)C2,0.470,COC(=O)C1CC2CNCC1C2;COc1cc(Cl)cc(Cl)c1C(=O)O;R9,1,,,
COC(=O)C1CC2CC1CN(C(=O)c1c(Cl)c(O)cc(Cl)c1OC)C2,COC(=O)C1CC2CC1CN(c1c(Cl)ccc(OC)c1C(=O)O)C2,0.470,COC(=O)C1CC2CNCC1C2;COc1ccc(Cl)c(Cl)c1C(=O)O;R9,1,,,
COC(=O)C1CC2CC1CN(C(=O)c1c(Cl)c(O)cc(Cl)c1OC)C2,COC(=O)C1CC2CC1CN(c1nnc(Cl)c(OC)c1C(=O)O)C2,0.470,COC(=O)C1CC2CNCC1C2;COc1c(Cl)nnc(Cl)c1C(=O)O;R9,1,,,
COC(=O)C1CC2CC1CN(C(=O)c1c(Cl)c(O)cc(Cl)c1OC)C2,COC(=O)C1CC2CC1CN(c1nnc(Cl)c(C(=O)O)c1OC)C2,0.470,COC(=O)C1CC2CNCC1C2;COc1c(Cl)nnc(Cl)c1C(=O)O;R9,1,,,
O=C1CCCC(CCN2CCC3(CC2)COc2ncccc23)O1,O=C1CCCC(CCN2CCC3(CC2)COc2ncccc23)O1,1.000,c1cnc2c(c1)C1(CCNCC1)CO2;O=C1CCCC(CCBr)O1;R9,1,1.000,1.000,1.000
O=C1CCCC(CCN2CCC3(CC2)COc2ncccc23)O1,O=C1CCCC1CCN1CCC2(CC1)COc1ncccc12,0.724,c1cnc2c(c1)C1(CCNCC1)CO2;O=C1CCCC1CCBr;R9,1,0.724,0.756,0.835
O=C1CCCC(CCN2CCC3(CC2)COc2ncccc23)O1,c1cnc2c(c1)C1(CCN(CCC3CCCO3)CC1)CO2,0.719,c1cnc2c(c1)C1(CCNCC1)CO2;BrCCC1CCCO1;R9,1,0.719,0.827,0.909
O=C1CCCC(CCN2CCC3(CC2)COc2ncccc23)O1,O=C1CCC(CN2CCC3(CC2)COc2ncccc23)O1,0.719,c1cnc2c(c1)C1(CCNCC1)CO2;O=C1CCC(CBr)O1;R9,1,0.719,0.425,0.845
O=C1CCCC(CCN2CCC3(CC2)COc2ncccc23)O1,O=C1CCCC(CCN2CCC3(CC2)COc2ccccc23)O1,0.719,c1ccc2c(c1)OCC21CCNCC1;O=C1CCCC(CCBr)O1;R9,1,0.719,0.846,0.669
O=C1CCCC(CCN2CCC3(CC2)COc2ncccc23)O1,c1cnc2c(c1)C1(CCN(CCC3CCCCO3)CC1)CO2,0.707,c1cnc2c(c1)C1(CCNCC1)CO2;BrCCC1CCCCO1;R9,1,0.707,0.904,0.944
O=C1CCCC(CCN2CCC3(CC2)COc2ncccc23)O1,c1cnc2c(c1)C1(CCN(CCC3CO3)CC1)CO2,0.691,c1cnc2c(c1)C1(CCNCC1)CO2;BrCCC1CO1;R9,1,0.691,0.583,0.870
O=C1CCCC(CCN2CCC3(CC2)COc2ncccc23)O1,O=C1CCCCC1CCN1CCC2(CC1)COc1ncccc12,0.683,c1cnc2c(c1)C1(CCNCC1)CO2;O=C1CCCCC1CCBr;R9,1,0.683,0.818,0.831
O=C1CCCC(CCN2CCC3(CC2)COc2ncccc23)O1,c1cnc2c(c1)C1(CCN(CCC3CCC3)CC1)CO2,0.679,c1cnc2c(c1)C1(CCNCC1)CO2;BrCCC1CCC1;R9,1,0.679,0.750,0.855
O=C1CCCC(CCN2CCC3(CC2)COc2ncccc23)O1,c1cnc2c(c1)C1(CCN(CCC3CCCC3)CC1)CO2,0.679,c1cnc2c(c1)C1(CCNCC1)CO2;BrCCC1CCCC1;R9,1,0.679,0.747,0.847
O=C1CCCC(CCN2CCC3(CC2)COc2ncccc23)O1,c1cnc2c(c1)C1(CCN(CCC3CC3)CC1)CO2,0.673,c1cnc2c(c1)C1(CCNCC1)CO2;BrCCC1CC1;R9,1,,,
O=C1CCCC(CCN2CCC3(CC2)COc2ncccc23)O1,O=C1CCCC(CCN2CCC3(CC2)COc2cnccc23)O1,0.672,c1cc2c(cn1)OCC21CCNCC1;O=C1CCCC(CCBr)O1;R9,1,,,
O=C1CCCC(CCN2CCC3(CC2)COc2ncccc23)O1,O=C1CCCC(CCN2CCC3(CC2)OC(=O)c2ncccc23)O1,0.656,O=C1OC2(CCNCC2)c2cccnc21;O=C1CCCC(CCBr)O1;R9,1,,,
O=C1CCCC(CCN2CCC3(CC2)COc2ncccc23)O1,O=C1CC(CN2CCC3(CC2)COc2ncccc23)O1,0.638,c1cnc2c(c1)C1(CCNCC1)CO2;O=C1CC(CBr)O1;R9,1,,,
O=C1CCCC(CCN2CCC3(CC2)COc2ncccc23)O1,O=C1CCCC(C(=O)N2CCC3(CC2)COc2ncccc23)O1,0.629,c1cnc2c(c1)C1(CCNCC1)CO2;O=C1CCCC(C(=O)O)O1;R8,1,,,
O=C1CCCC(CCN2CCC3(CC2)COc2ncccc23)O1,O=C1CCCC(CCN2CCC3(CCc4ccccc43)CC2)O1,0.627,c1ccc2c(c1)CCC21CCNCC1;O=C1CCCC(CCBr)O1;R9,1,,,
O=C1CCCC(CCN2CCC3(CC2)COc2ncccc23)O1,O=C1CCCC(CCN2CCC3(CCOc4ccccc43)CC2)O1,0.623,c1ccc2c(c1)OCCC21CCNCC1;O=C1CCCC(CCBr)O1;R9,1,,,
O=C1CCCC(CCN2CCC3(CC2)COc2ncccc23)O1,O=C1CCCC(CCN2CCC(F)(c3ccccn3)CC2)O1,0.623,FC1(c2ccccn2)CCNCC1;O=C1CCCC(CCBr)O1;R9,1,,,
O=C1CCCC(CCN2CCC3(CC2)COc2ncccc23)O1,O=C1CCCC(CCN2CCOc3ncccc3C2)O1,0.597,c1cnc2c(c1)CNCCO2;O=C1CCCC(CCBr)O1;R9,1,,,
O=C1CCCC(CCN2CCC3(CC2)COc2ncccc23)O1,CN1CC2(CCN(CCC3CCCC(=O)O3)CC2)c2ccccc21,0.597,CN1CC2(CCNCC2)c2ccccc21;O=C1CCCC(CCBr)O1;R9,1,,,
O=C1CCCC(CCN2CCC3(CC2)COc2ncccc23)O1,O=C1CCCC(CCN2CCC(c3ncccn3)CC2)O1,0.596,c1cnc(C2CCNCC2)nc1;O=C1CCCC(CCBr)O1;R9,1,,,
O=C1CCCC(CCN2CCC3(CC2)COc2ncccc23)O1,O=C1CCC(CNC(=O)N2CCC3(CC2)COc2ncccc23)O1,0.591,c1cnc2c(c1)C1(CCNCC1)CO2;NCC1CCC(=O)O1;R36,1,,,
O=C1CCCC(CCN2CCC3(CC2)COc2ncccc23)O1,O=C1CCCC(CCN2CCOc3ncccc32)O1,0.574,c1cnc2c(c1)NCCO2;O=C1CCCC(CCBr)O1;R9,1,,,
O=C1CCCC(CCN2CCC3(CC2)COc2ncccc23)O1,O=C1CCC(CNC(=O)C(=O)N2CCC3(CC2)COc2ncccc23)O1,0.574,c1cnc2c(c1)C1(CCNCC1)CO2;NCC1CCC(=O)O1;R38,1,,,
O=C1CCCC(CCN2CCC3(CC2)COc2ncccc23)O1,O=C1CCCC(CCN2CCC3(CC3)c3ccccc32)O1,0.557,c1ccc2c(c1)NCCC21CC1;O=C1CCCC(CCBr)O1;R9,1,,,
O=C1CCCC(CCN2CCC3(CC2)COc2ncccc23)O1,O=C1CCCC(CCN2CCC3(CC2)Oc2ccccc2O3)O1,0.550,c1ccc2c(c1)OC1(CCNCC1)O2;O=C1CCCC(CCBr)O1;R9,1,,,
O=C1CCCC(CCN2CCC3(CC2)COc2ncccc23)O1,O=C1CCCC(CCN2CCC3(CC2)CC3)O1,0.545,C1CC2(CCN1)CC2;O=C1CCCC(CCBr)O1;R9,1,,,
O=C1CCCC(CCN2CCC3(CC2)COc2ncccc23)O1,O=C1CCCC(CCN2CCC3(CC2)COC3)O1,0.544,C1CC2(CCN1)COC2;O=C1CCCC(CCBr)O1;R9,1,,,
O=C1CCCC(CCN2CCC3(CC2)COc2ncccc23)O1,BrCCC1CCCC1N1CCC2(CC1)COc1ncccc12,0.508,c1cnc2c(c1)C1(CCNCC1)CO2;O=C1CCCC1CCBr;R43,1,,,
O=C1CCCC(CCN2CCC3(CC2)COc2ncccc23)O1,BrCCC1CCCCC1N1CCC2(CC1)COc1ncccc12,0.508,c1cnc2c(c1)C1(CCNCC1)CO2;O=C1CCCCC1CCBr;R43,1,,,
O=C1CCCC(CCN2CCC3(CC2)COc2ncccc23)O1,O=C1CCCC(CCN2CCC3(CCNCC3)CC2)O1,0.500,C1CC2(CCN1)CCNCC2;O=C1CCCC(CCBr)O1;R9,1,,,
CSC(C)C(=O)N[C@@H]1C[C@H]2CC[C@@H]1CN(C(=O)COc1cnn(C)c1)C2,CSC(C)C(=O)N1CC2CC(CN(C(=O)COc3cnn(C)c3)C2)C1,0.645,CC(C)(C)OC(=O)N1CC2CCC(C1)C2C(=O)O;R112;CSC(C)C(=O)O;C1NCC2CNCC1C2;R8;Cn1cc(OCC(=O)O)cn1;R8,3,0.762,0.655,0.742
CSC(C)C(=O)N[C@@H]1C[C@H]2CC[C@@H]1CN(C(=O)COc1cnn(C)c1)C2,CSC(C)C(=O)N1CC2CN(C(=O)COc3cnn(C)c3)CC2C1,0.639,CC(C)(C)OC(=O)N1CC2CCC(C1)C2C(=O)O;R112;CSC(C)C(=O)O;C1NCC2CNCC12;R8;Cn1cc(OCC(=O)O)cn1;R8,3,0.714,0.593,0.742
CSC(C)C(=O)N[C@@H]1C[C@H]2CC[C@@H]1CN(C(=O)COc1cnn(C)c1)C2,CSC(SC)C(=O)N1CCC(NC(=O)[C@H](C)OC(=O)COc2cnn(C)c2)C1,0.474,CC(C)(C)OC(=O)N1C[C@@H]2CC[C@H](C1)[C@H](N)C2;R85;C[C@H](Br)C(=O)O;Cn1cc(OCC(=O)O)cn1;R31;CSC(SC)C(=O)O;CC1(C)CN(C2CCNC2)C(=O)O1;R69,3,0.436,0.420,0.467
CSC(C)C(=O)N[C@@H]1C[C@H]2CC[C@@H]1CN(C(=O)COc1cnn(C)c1)C2,CSC(SC)C(=O)NC1CCN(C(=O)[C@H](C)OC(=O)COc2cnn(C)c2)C1,0.474,CC(C)(C)OC(=O)N1C[C@@H]2CC[C@H](C1)[C@H](N)C2;R85;C[C@H](Br)C(=O)O;Cn1cc(OCC(=O)O)cn1;R31;CSC(SC)C(=O)O;CC1(C)CN(C2CCNC2)C(=O)O1;R69,3,0.565,0.486,0.490
CSC(C)C(=O)N[C@@H]1C[C@H]2CC[C@@H]1CN(C(=O)COc1cnn(C)c1)C2,CSC(SC)C(=O)N1CCC(NC(=O)[C@H](C)OC(=O)COc2cnn(C)c2)CC1,0.467,CC(C)(C)OC(=O)N1C[C@@H]2CC[C@H](C1)[C@H](N)C2;R85;C[C@H](Br)C(=O)O;Cn1cc(OCC(=O)O)cn1;R31;CSC(SC)C(=O)O;CC1(C)CN(C2CCNCC2)C(=O)O1;R69,3,0.453,0.468,0.526
CSC(C)C(=O)N[C@@H]1C[C@H]2CC[C@@H]1CN(C(=O)COc1cnn(C)c1)C2,CSC(SC)C(=O)NC1CCN(C(=O)[C@H](C)OC(=O)COc2cnn(C)c2)CC1,0.467,CC(C)(C)OC(=O)N1C[C@@H]2CC[C@H](C1)[C@H](N)C2;R85;C[C@H](Br)C(=O)O;Cn1cc(OCC(=O)O)cn1;R31;CSC(SC)C(=O)O;CC1(C)CN(C2CCNCC2)C(=O)O1;R69,3,0.553,0.538,0.549
CSC(C)C(=O)N[C@@H]1C[C@H]2CC[C@@H]1CN(C(=O)COc1cnn(C)c1)C2,Cn1cc(OCC(=O)N2CC3CCC2CN(C(=O)OC(C)(C)C)C3)cn1,0.446,CC(C)(C)OC(=O)N1CC2CCC(C1)C2C(=O)O;R112;CSC(C)C(=O)O;C1CCC2CNCC2CC1;R8;Cn1cc(OCC(=O)O)cn1;CC(C)(C)OC(=O)N1CC2CCC(C1)NC2;R8,3,0.660,0.606,0.561
CSC(C)C(=O)N[C@@H]1C[C@H]2CC[C@@H]1CN(C(=O)COc1cnn(C)c1)C2,CC(=O)N1CCC(NC(=O)[C@H](C)OC(=O)COc2cnn(C)c2)C1,0.446,CC(C)(C)OC(=O)N1C[C@@H]2CC[C@H](C1)[C@H](N)C2;R85;C[C@H](Br)C(=O)O;Cn1cc(OCC(=O)O)cn1;R31;CC(=O)O;CC1(C)CN(C2CCNC2)C(=O)O1;R69,3,0.436,0.395,0.441
CSC(C)C(=O)N[C@@H]1C[C@H]2CC[C@@H]1CN(C(=O)COc1cnn(C)c1)C2,CSC(SC)C(=O)N1CCCC(NC(=O)[C@H](C)OC(=O)COc2cnn(C)c2)CC1,0.443,CC(C)(C)OC(=O)N1C[C@@H]2CC[C@H](C1)[C@H](N)C2;R85;C[C@H](Br)C(=O)O;Cn1cc(OCC(=O)O)cn1;R31;CSC(SC)C(=O)O;CC1(C)CN(C2CCCNCC2)C(=O)O1;R69,3,0.421,0.572,0.562
CSC(C)C(=O)N[C@@H]1C[C@H]2CC[C@@H]1CN(C(=O)COc1cnn(C)c1)C2,CSC(SC)C(=O)NC1CCCN(C(=O)[C@H](C)OC(=O)COc2cnn(C)c2)CC1,0.443,CC(C)(C)OC(=O)N1C[C@@H]2CC[C@H](C1)[C@H](N)C2;R85;C[C@H](Br)C(=O)O;Cn1cc(OCC(=O)O)cn1;R31;CSC(SC)C(=O)O;CC1(C)CN(C2CCCNCC2)C(=O)O1;R69,3,0.553,0.628,0.587
CSC(C)C(=O)N[C@@H]1C[C@H]2CC[C@@H]1CN(C(=O)COc1cnn(C)c1)C2,CC(=O)N1CCC(NC(=O)[C@H](C)OC(=O)COc2cnn(C)c2)CC1,0.438,CC(C)(C)OC(=O)N1C[C@@H]2CC[C@H](C1)[C@H](N)C2;R85;C[C@H](Br)C(=O)O;Cn1cc(OCC(=O)O)cn1;R31;CC(=O)O;CC1(C)CN(C2CCNCC2)C(=O)O1;R69,3,,,
CSC(C)C(=O)N[C@@H]1C[C@H]2CC[C@@H]1CN(C(=O)COc1cnn(C)c1)C2,CC(=O)NC1CCN(C(=O)[C@H](C)OC(=O)COc2cnn(C)c2)C1,0.421,CC(C)(C)OC(=O)N1C[C@@H]2CC[C@H](C1)[C@H](N)C2;R85;C[C@H](Br)C(=O)O;Cn1cc(OCC(=O)O)cn1;R31;CC(=O)O;CC1(C)CN(C2CCNC2)C(=O)O1;R69,3,,,
CSC(C)C(=O)N[C@@H]1C[C@H]2CC[C@@H]1CN(C(=O)COc1cnn(C)c1)C2,CSC(C)C(NC(=O)[C@H](C)OC(=O)COc1cnn(C)c1)C(=O)O,0.413,CC(C)(C)OC(=O)N1C[C@@H]2CC[C@H](C1)[C@H](N)C2;R85;C[C@H](Br)C(=O)O;Cn1cc(OCC(=O)O)cn1;R31;CSC(C)C(N)C(=O)O;R8,3,,,
CSC(C)C(=O)N[C@@H]1C[C@H]2CC[C@@H]1CN(C(=O)COc1cnn(C)c1)C2,CC(=O)NC1CCN(C(=O)[C@H](C)OC(=O)COc2cnn(C)c2)CC1,0.413,CC(C)(C)OC(=O)N1C[C@@H]2CC[C@H](C1)[C@H](N)C2;R85;C[C@H](Br)C(=O)O;Cn1cc(OCC(=O)O)cn1;R31;CC(=O)O;CC1(C)CN(C2CCNCC2)C(=O)O1;R69,3,,,
CSC(C)C(=O)N[C@@H]1C[C@H]2CC[C@@H]1CN(C(=O)COc1cnn(C)c1)C2,CN1CC2(CN(C(=O)COc3cnn(C)c3)C2)OC1=O,0.394,CC(C)(C)OC(=O)N1CC2CCC(C(=O)O)CC2C1;R112;CN1CC2(CNC2)OC1=O;Cn1cc(OCC(=O)O)cn1;R8,2,,,
CSC(C)C(=O)N[C@@H]1C[C@H]2CC[C@@H]1CN(C(=O)COc1cnn(C)c1)C2,CC(NC(=O)[C@H](C)OC(=O)COc1cnn(C)c1)C(=O)O,0.389,CC(C)(C)OC(=O)N1C[C@@H]2CC[C@H](C1)[C@H](N)C2;R85;C[C@H](Br)C(=O)O;Cn1cc(OCC(=O)O)cn1;R31;CC(N)C(=O)O;R8,3,,,
CSC(C)C(=O)N[C@@H]1C[C@H]2CC[C@@H]1CN(C(=O)COc1cnn(C)c1)C2,CSC(C)C(OC(=O)[C@H](C)OC(=O)COc1cnn(C)c1)C(=O)O,0.387,CC(C)(C)OC(=O)N1C[C@@H]2CC[C@H](C1)[C@H](N)C2;R85;C[C@H](Br)C(=O)O;Cn1cc(OCC(=O)O)cn1;R31;CSC(C)C(O)C(=O)O;R72,3,,,
CSC(C)C(=O)N[C@@H]1C[C@H]2CC[C@@H]1CN(C(=O)COc1cnn(C)c1)C2,CCOC(=O)[C@H](C)NC(=O)COc1cnn(C)c1,0.386,CC(C)(C)OC(=O)N1CC2CCC(C(=O)O)CC2C1;R112;CN1CC2(CNC2)OC1=O;Cn1cc(OCC(=O)O)cn1;R107;CCOC(=O)[C@H](C)N;R57,3,,,
CSC(C)C(=O)N[C@@H]1C[C@H]2CC[C@@H]1CN(C(=O)COc1cnn(C)c1)C2,CCOC(=O)C(NC(=O)COc1cnn(C)c1)C(=O)NC(C(=O)O)C(C)SC,0.383,CC(C)(C)OC(=O)N1CC2CCC(C(=O)O)CC2C1;R112;CN1CC2(CNC2)OC1=O;Cn1cc(OCC(=O)O)cn1;R107;CCOC(=O)C(N)C(=O)OCC;R9;CSC(C)C(N)C(=O)O;R49,4,,,
CSC(C)C(=O)N[C@@H]1C[C@H]2CC[C@@H]1CN(C(=O)COc1cnn(C)c1)C2,CCOC(=O)C1C(=O)N(C(C(=O)O)C(C)SC)C(=O)N1C(=O)COc1cnn(C)c1,0.381,CC(C)(C)OC(=O)N1CC2CCC(C(=O)O)CC2C1;R112;CN1CC2(CNC2)OC1=O;Cn1cc(OCC(=O)O)cn1;R107;CCOC(=O)C(N)C(=O)OCC;R9;CSC(C)C(N)C(=O)O;R52,4,,,
CSC(C)C(=O)N[C@@H]1C[C@H]2CC[C@@H]1CN(C(=O)COc1cnn(C)c1)C2,CCOC(=O)C(C)C(C)NC(=O)COc1cnn(C)c1,0.375,CC(C)(C)OC(=O)N1CC2CCC(C(=O)O)CC2C1;R112;CN1CC2(CNC2)OC1=O;Cn1cc(OCC(=O)O)cn1;R107;CCOC(=O)C(C)C(C)N;R57,3,,,
CSC(C)C(=O)N[C@@H]1C[C@H]2CC[C@@H]1CN(C(=O)COc1cnn(C)c1)C2,CC(C)(C)OC(=O)N1CC2CCC(Cl)(C(N)=O)CC2C1.CNC(=O)COc1cnn(C)c1,0.372,CC(C)(C)OC(=O)N1CC2CCC(C(=O)O)CC2C1;R112;CN1CC2(CNC2)OC1=O;Cn1cc(OCC(=O)O)cn1;R69,2,,,
CSC(C)C(=O)N[C@@H]1C[C@H]2CC[C@@H]1CN(C(=O)COc1cnn(C)c1)C2,CNC(=O)C1(Cl)CCC2CN(C(=O)OC(C)(C)C)CC2C1.Cn1cc(OCC(N)=O)cn1,0.372,CC(C)(C)OC(=O)N1CC2CCC(C(=O)O)CC2C1;R112;CN1CC2(CNC2)OC1=O;Cn1cc(OCC(=O)O)cn1;R69,2,,,
CSC(C)C(=O)N[C@@H]1C[C@H]2CC[C@@H]1CN(C(=O)COc1cnn(C)c1)C2,CCOC(=O)C(NC(=O)COc1cnn(C)c1)C(=O)OCC,0.371,CC(C)(C)OC(=O)N1CC2CCC(C(=O)O)CC2C1;R112;CN1CC2(CNC2)OC1=O;Cn1cc(OCC(=O)O)cn1;R107;CCOC(=O)C(N)C(=O)OCC;R57,3,,,
CSC(C)C(=O)N[C@@H]1C[C@H]2CC[C@@H]1CN(C(=O)COc1cnn(C)c1)C2,CCOC(=O)C(NC(=O)COc1cnn(C)c1)C(=O)C(CC(C)SC)C(=O)O,0.366,CC(C)(C)OC(=O)N1CC2CCC(C(=O)O)CC2C1;R112;CN1CC2(CNC2)OC1=O;Cn1cc(OCC(=O)O)cn1;R107;CCOC(=O)C(N)C(=O)OCC;R9;CSC(C)CCC(=O)O;R94,4,,,
CSC(C)C(=O)N[C@@H]1C[C@H]2CC[C@@H]1CN(C(=O)COc1cnn(C)c1)C2,CCOC(=O)C(NC(=O)COc1cnn(C)c1)C(=O)NC(C)C(=O)O,0.359,CC(C)(C)OC(=O)N1CC2CCC(C(=O)O)CC2C1;R112;CN1CC2(CNC2)OC1=O;Cn1cc(OCC(=O)O)cn1;R107;CCOC(=O)C(N)C(=O)OCC;R9;CC(N)C(=O)O;R49,4,,,
CSC(C)C(=O)N[C@@H]1C[C@H]2CC[C@@H]1CN(C(=O)COc1cnn(C)c1)C2,CCOC(=O)C1C(=O)N(C(C)C(=O)O)C(=O)N1C(=O)COc1cnn(C)c1,0.358,CC(C)(C)OC(=O)N1CC2CCC(C(=O)O)CC2C1;R112;CN1CC2(CNC2)OC1=O;Cn1cc(OCC(=O)O)cn1;R107;CCOC(=O)C(N)C(=O)OCC;R9;CC(N)C(=O)O;R52,4,,,
CSC(C)C(=O)N[C@@H]1C[C@H]2CC[C@@H]1CN(C(=O)COc1cnn(C)c1)C2,CSCC(=O)N1CCC(NC(=O)C(OC(=O)C(C)SC)(C(=O)O)c2cnn(C)c2)C1,0.356,CC(C)(C)OC(=O)N1C[C@@H]2CC[C@H](C1)[C@H](N)C2;R85;C[C@H](Br)C(=O)O;Cn1cc(OCC(=O)O)cn1;R31;CSC(C)C(=O)O;Cn1cc(C(=O)C(=O)O)cn1;R71;CSCC(=O)O;CC1(C)CN(C2CCNC2)C(=O)O1;R69,4,,,
CSC(C)C(=O)N[C@@H]1C[C@H]2CC[C@@H]1CN(C(=O)COc1cnn(C)c1)C2,CC(C)n1cc(OCC(=O)N2CC3(CN(C)C(=O)O3)C2)cn1,0.351,CC(C)(C)OC(=O)N1CC2CCC(C(=O)O)CC2C1;R112;CN1CC2(CNC2)OC1=O;CC(C)n1cc(OCC(=O)O)cn1;R8,2,,,
CSC(C)C(=O)N[C@@H]1C[C@H]2CC[C@@H]1CN(C(=O)COc1cnn(C)c1)C2,CSCC(=O)N1CCC(NC(=O)C(OC(=O)C(C)SC)(C(=O)O)c2cnn(C)c2)CC1,0.349,CC(C)(C)OC(=O)N1C[C@@H]2CC[C@H](C1)[C@H](N)C2;R85;C[C@H](Br)C(=O)O;Cn1cc(OCC(=O)O)cn1;R31;CSC(C)C(=O)O;Cn1cc(C(=O)C(=O)O)cn1;R71;CSCC(=O)O;CC1(C)CN(C2CCNCC2)C(=O)O1;R69,4,,,
CSC(C)C(=O)N[C@@H]1C[C@H]2CC[C@@H]1CN(C(=O)COc1cnn(C)c1)C2,CC(C)C(C(=O)O)C(=O)N1CC(OC2CCCN(C(=O)[C@H](C)OC(=O)COc3cnn(C)c3)C2)C1,0.345,CC(C)(C)OC(=O)N1C[C@@H]2CC[C@H](C1)[C@H](N)C2;R85;C[C@H](Br)C(=O)O;Cn1cc(OCC(=O)O)cn1;R31;CC(C)C(C(=O)O)C(=O)O;CC(C)(C)OC(=O)N1CC(OC2CCCNC2)C1;R69,3,,,
CSC(C)C(=O)N[C@@H]1C[C@H]2CC[C@@H]1CN(C(=O)COc1cnn(C)c1)C2,CC(C)C(C(=O)O)C(=O)N1CCCC(OC2CN(C(=O)[C@H](C)OC(=O)COc3cnn(C)c3)C2)C1,0.345,CC(C)(C)OC(=O)N1C[C@@H]2CC[C@H](C1)[C@H](N)C2;R85;C[C@H](Br)C(=O)O;Cn1cc(OCC(=O)O)cn1;R31;CC(C)C(C(=O)O)C(=O)O;CC(C)(C)OC(=O)N1CC(OC2CCCNC2)C1;R69,3,,,
CSC(C)C(=O)N[C@@H]1C[C@H]2CC[C@@H]1CN(C(=O)COc1cnn(C)c1)C2,CSCC(=O)NC1CCN(C(=O)C(OC(=O)C(C)SC)(C(=O)O)c2cnn(C)c2)C1,0.341,CC(C)(C)OC(=O)N1C[C@@H]2CC[C@H](C1)[C@H](N)C2;R85;C[C@H](Br)C(=O)O;Cn1cc(OCC(=O)O)cn1;R31;CSC(C)C(=O)O;Cn1cc(C(=O)C(=O)O)cn1;R71;CSCC(=O)O;CC1(C)CN(C2CCNC2)C(=O)O1;R69,4,,,
CSC(C)C(=O)N[C@@H]1C[C@H]2CC[C@@H]1CN(C(=O)COc1cnn(C)c1)C2,CCOC(=O)C(NC(=O)COc1cnn(C)c1)C(=O)C(C)(CSC)C(=O)O,0.333,CC(C)(C)OC(=O)N1CC2CCC(C(=O)O)CC2C1;R112;CN1CC2(CNC2)OC1=O;Cn1cc(OCC(=O)O)cn1;R107;CCOC(=O)C(N)C(=O)OCC;R9;CSCC(C)C(=O)O;R94,4,,,
CSC(C)C(=O)N[C@@H]1C[C@H]2CC[C@@H]1CN(C(=O)COc1cnn(C)c1)C2,CSCC(=O)NC1CCN(C(=O)C(OC(=O)C(C)SC)(C(=O)O)c2cnn(C)c2)CC1,0.333,CC(C)(C)OC(=O)N1C[C@@H]2CC[C@H](C1)[C@H](N)C2;R85;C[C@H](Br)C(=O)O;Cn1cc(OCC(=O)O)cn1;R31;CSC(C)C(=O)O;Cn1cc(C(=O)C(=O)O)cn1;R71;CSCC(=O)O;CC1(C)CN(C2CCNCC2)C(=O)O1;R69,4,,,
CSC(C)C(=O)N[C@@H]1C[C@H]2CC[C@@H]1CN(C(=O)COc1cnn(C)c1)C2,CSCC(=O)N1CCCC(NC(=O)C(OC(=O)C(C)SC)(C(=O)O)c2cnn(C)c2)CC1,0.333,CC(C)(C)OC(=O)N1C[C@@H]2CC[C@H](C1)[C@H](N)C2;R85;C[C@H](Br)C(=O)O;Cn1cc(OCC(=O)O)cn1;R31;CSC(C)C(=O)O;Cn1cc(C(=O)C(=O)O)cn1;R71;CSCC(=O)O;CC1(C)CN(C2CCCNCC2)C(=O)O1;R69,4,,,
CSC(C)C(=O)N[C@@H]1C[C@H]2CC[C@@H]1CN(C(=O)COc1cnn(C)c1)C2,CSC(C)c1nc(COc2cnn(C)c2)no1,0.329,CC(C)(C)OC(=O)N1C[C@@H]2CC[C@H](C1)[C@H](N)C2;R85;C[C@H](Br)C(=O)O;Cn1cc(OCC(=O)O)cn1;R31;CSC(C)C(=O)O;Cn1cc(OCC#N)cn1;R46,3,,,
CSC(C)C(=O)N[C@@H]1C[C@H]2CC[C@@H]1CN(C(=O)COc1cnn(C)c1)C2,CC(C)n1cc(OCC(N)=O)cn1.CNC(=O)C1(Cl)CCC2CN(C(=O)OC(C)(C)C)CC2C1,0.326,CC(C)(C)OC(=O)N1CC2CCC(C(=O)O)CC2C1;R112;CN1CC2(CNC2)OC1=O;CC(C)n1cc(OCC(=O)O)cn1;R69,2,,,
CSC(C)C(=O)N[C@@H]1C[C@H]2CC[C@@H]1CN(C(=O)COc1cnn(C)c1)C2,CC(C)(C)OC(=O)N1CC2CCC(Cl)(C(N)=O)CC2C1.CNC(=O)COc1cnn(C(C)C)c1,0.326,CC(C)(C)OC(=O)N1CC2CCC(C(=O)O)CC2C1;R112;CN1CC2(CNC2)OC1=O;CC(C)n1cc(OCC(=O)O)cn1;R69,2,,,
CSC(C)C(=O)N[C@@H]1C[C@H]2CC[C@@H]1CN(C(=O)COc1cnn(C)c1)C2,CSC(C)C(=O)N(CC(=O)O)c1cnn(C)c1,0.319,CC(C)(C)OC(=O)N1C[C@@H]2CC[C@H](C1)[C@H](N)C2;R85;CSC(C)C(=O)O;Cn1cc(NCC(=O)O)cn1;R8,2,,,
CSC(C)C(=O)N[C@@H]1C[C@H]2CC[C@@H]1CN(C(=O)COc1cnn(C)c1)C2,CSC(C)C(=O)OC(C(=O)O)(c1cnn(C)c1)c1cnn(C)c1,0.319,CC(C)(C)OC(=O)N1C[C@@H]2CC[C@H](C1)[C@H](N)C2;R85;C[C@H](Br)C(=O)O;Cn1cc(OCC(=O)O)cn1;R31;CSC(C)C(=O)O;Cn1cc(C(=O)c2cnn(C)c2)cn1;R71,3,,,
CSC(C)C(=O)N[C@@H]1C[C@H]2CC[C@@H]1CN(C(=O)COc1cnn(C)c1)C2,CSCC(=O)NC1CCCN(C(=O)C(OC(=O)C(C)SC)(C(=O)O)c2cnn(C)c2)CC1,0.319,CC(C)(C)OC(=O)N1C[C@@H]2CC[C@H](C1)[C@H](N)C2;R85;C[C@H](Br)C(=O)O;Cn1cc(OCC(=O)O)cn1;R31;CSC(C)C(=O)O;Cn1cc(C(=O)C(=O)O)cn1;R71;CSCC(=O)O;CC1(C)CN(C2CCCNCC2)C(=O)O1;R69,4,,,
CSC(C)C(=O)N[C@@H]1C[C@H]2CC[C@@H]1CN(C(=O)COc1cnn(C)c1)C2,CSC(C)C(=O)OC(C(=O)O)(C(=O)OCC(=O)NN)c1cnn(C)c1,0.317,CC(C)(C)OC(=O)N1C[C@@H]2CC[C@H](C1)[C@H](N)C2;R85;C[C@H](Br)C(=O)O;Cn1cc(OCC(=O)O)cn1;R31;CSC(C)C(=O)O;Cn1cc(C(=O)C(=O)O)cn1;R71;NNC(=O)CO;R72,4,,,
CSC(C)C(=O)N[C@@H]1C[C@H]2CC[C@@H]1CN(C(=O)COc1cnn(C)c1)C2,CSC(C)C(=O)OC(C(=O)O)(C(=O)NCC(=O)NN)c1cnn(C)c1,0.301,CC(C)(C)OC(=O)N1C[C@@H]2CC[C@H](C1)[C@H](N)C2;R85;C[C@H](Br)C(=O)O;Cn1cc(OCC(=O)O)cn1;R31;CSC(C)C(=O)O;Cn1cc(C(=O)C(=O)O)cn1;R71;NCC(=O)NN;R8,4,,,
CSC(C)C(=O)N[C@@H]1C[C@H]2CC[C@@H]1CN(C(=O)COc1cnn(C)c1)C2,CSC(C)C(=O)OC(C(=O)O)(C(=O)N(C)CC(=O)NN)c1cnn(C)c1,0.298,CC(C)(C)OC(=O)N1C[C@@H]2CC[C@H](C1)[C@H](N)C2;R85;C[C@H](Br)C(=O)O;Cn1cc(OCC(=O)O)cn1;R31;CSC(C)C(=O)O;Cn1cc(C(=O)C(=O)O)cn1;R71;CNCC(=O)NN;R8,4,,,
CSC(C)C(=O)N[C@@H]1C[C@H]2CC[C@@H]1CN(C(=O)COc1cnn(C)c1)C2,CSC(C)C(=O)OC(C(=O)O)(C(=O)NCCC(=O)NN)c1cnn(C)c1,0.294,CC(C)(C)OC(=O)N1C[C@@H]2CC[C@H](C1)[C@H](N)C2;R85;C[C@H](Br)C(=O)O;Cn1cc(OCC(=O)O)cn1;R31;CSC(C)C(=O)O;Cn1cc(C(=O)C(=O)O)cn1;R71;NCCC(=O)NN;R8,4,,,
CSC(C)C(=O)N[C@@H]1C[C@H]2CC[C@@H]1CN(C(=O)COc1cnn(C)c1)C2,CSC(C)C(=O)OC(C(=O)O)(C(=O)OCCC(=O)NN)c1cnn(C)c1,0.294,CC(C)(C)OC(=O)N1C[C@@H]2CC[C@H](C1)[C@H](N)C2;R85;C[C@H](Br)C(=O)O;Cn1cc(OCC(=O)O)cn1;R31;CSC(C)C(=O)O;Cn1cc(C(=O)C(=O)O)cn1;R71;NNC(=O)CCO;R72,4,,,
CSC(C)C(=O)N[C@@H]1C[C@H]2CC[C@@H]1CN(C(=O)COc1cnn(C)c1)C2,CSCC(C)(OC(=O)C(OC(=O)C(C)SC)(C(=O)O)c1cnn(C)c1)C(=O)O,0.289,CC(C)(C)OC(=O)N1C[C@@H]2CC[C@H](C1)[C@H](N)C2;R85;C[C@H](Br)C(=O)O;Cn1cc(OCC(=O)O)cn1;R31;CSC(C)C(=O)O;Cn1cc(C(=O)C(=O)O)cn1;R71;CSCC(C)=O;R71,4,,,
CSC(C)C(=O)N[C@@H]1C[C@H]2CC[C@@H]1CN(C(=O)COc1cnn(C)c1)C2,CNCc1nnc(C(OC(=O)C(C)SC)(C(=O)O)c2cnn(C)c2)o1,0.287,CC(C)(C)OC(=O)N1C[C@@H]2CC[C@H](C1)[C@H](N)C2;R85;C[C@H](Br)C(=O)O;Cn1cc(OCC(=O)O)cn1;R31;CSC(C)C(=O)O;Cn1cc(C(=O)C(=O)O)cn1;R71;CNCC(=O)NN;R51,4,,,
CSC(C)C(=O)N[C@@H]1C[C@H]2CC[C@@H]1CN(C(=O)COc1cnn(C)c1)C2,CSC(C)C(=O)OC(C(=O)O)(c1cnn(C)c1)c1nnc(C(=O)NN)o1,0.287,CC(C)(C)OC(=O)N1C[C@@H]2CC[C@H](C1)[C@H](N)C2;R85;C[C@H](Br)C(=O)O;Cn1cc(OCC(=O)O)cn1;R31;CSC(C)C(=O)O;Cn1cc(C(=O)C(=O)O)cn1;R71;NNC(=O)C(=O)NN;R51,4,,,
CSC(C)C(=O)N[C@@H]1C[C@H]2CC[C@@H]1CN(C(=O)COc1cnn(C)c1)C2,CCC(C)c1nc(C(OC(=O)C(C)SC)(C(=O)O)c2cnn(C)c2)n(C(=O)NN)n1,0.283,CC(C)(C)OC(=O)N1C[C@@H]2CC[C@H](C1)[C@H](N)C2;R85;C[C@H](Br)C(=O)O;Cn1cc(OCC(=O)O)cn1;R31;CSC(C)C(=O)O;Cn1cc(C(=O)C(=O)O)cn1;R71;NNC(=O)NN;CCC(C)C(=N)N;R76,4,,,
CSC(C)C(=O)N[C@@H]1C[C@H]2CC[C@@H]1CN(C(=O)COc1cnn(C)c1)C2,CCC(CC)c1nc(C(OC(=O)C(C)SC)(C(=O)O)c2cnn(C)c2)n(C(=O)NN)n1,0.283,CC(C)(C)OC(=O)N1C[C@@H]2CC[C@H](C1)[C@H](N)C2;R85;C[C@H](Br)C(=O)O;Cn1cc(OCC(=O)O)cn1;R31;CSC(C)C(=O)O;Cn1cc(C(=O)C(=O)O)cn1;R71;NNC(=O)NN;CCC(CC)C(=N)N;R76,4,,,
CSC(C)C(=O)N[C@@H]1C[C@H]2CC[C@@H]1CN(C(=O)COc1cnn(C)c1)C2,CCc1nnc(C(OC(=O)C(C)SC)(C(=O)O)c2cnn(C)c2)o1,0.282,CC(C)(C)OC(=O)N1C[C@@H]2CC[C@H](C1)[C@H](N)C2;R85;C[C@H](Br)C(=O)O;Cn1cc(OCC(=O)O)cn1;R31;CSC(C)C(=O)O;Cn1cc(C(=O)C(=O)O)cn1;R71;CCC(=O)NN;R51,4,,,
CSC(C)C(=O)N[C@@H]1C[C@H]2CC[C@@H]1CN(C(=O)COc1cnn(C)c1)C2,CSC(C)C(=O)OC(C(=O)O)(c1cnn(C)c1)c1nnc(CO)o1,0.282,CC(C)(C)OC(=O)N1C[C@@H]2CC[C@H](C1)[C@H](N)C2;R85;C[C@H](Br)C(=O)O;Cn1cc(OCC(=O)O)cn1;R31;CSC(C)C(=O)O;Cn1cc(C(=O)C(=O)O)cn1;R71;NNC(=O)CO;R51,4,,,
CSC(C)C(=O)N[C@@H]1C[C@H]2CC[C@@H]1CN(C(=O)COc1cnn(C)c1)C2,CCC(CSC)(OC(=O)C(OC(=O)C(C)SC)(C(=O)O)c1cnn(C)c1)C(=O)O,0.282,CC(C)(C)OC(=O)N1C[C@@H]2CC[C@H](C1)[C@H](N)C2;R85;C[C@H](Br)C(=O)O;Cn1cc(OCC(=O)O)cn1;R31;CSC(C)C(=O)O;Cn1cc(C(=O)C(=O)O)cn1;R71;CCC(=O)CSC;R71,4,,,
CSC(C)C(=O)N[C@@H]1C[C@H]2CC[C@@H]1CN(C(=O)COc1cnn(C)c1)C2,CSC(C)C(=O)OC(C(=O)O)(c1cnn(C)c1)c1nc(C(C)C)nn1C(=O)NN,0.281,CC(C)(C)OC(=O)N1C[C@@H]2CC[C@H](C1)[C@H](N)C2;R85;C[C@H](Br)C(=O)O;Cn1cc(OCC(=O)O)cn1;R31;CSC(C)C(=O)O;Cn1cc(C(=O)C(=O)O)cn1;R71;NNC(=O)NN;CC(C)C(=N)N;R76,4,,,
CSC(C)C(=O)N[C@@H]1C[C@H]2CC[C@@H]1CN(C(=O)COc1cnn(C)c1)C2,CCC(O)c1nc(C(OC(=O)C(C)SC)(C(=O)O)c2cnn(C)c2)n(C(=O)NN)n1,0.280,CC(C)(C)OC(=O)N1C[C@@H]2CC[C@H](C1)[C@H](N)C2;R85;C[C@H](Br)C(=O)O;Cn1cc(OCC(=O)O)cn1;R31;CSC(C)C(=O)O;Cn1cc(C(=O)C(=O)O)cn1;R71;NNC(=O)NN;CCC(O)C(=N)N;R76,4,,,
CSC(C)C(=O)N[C@@H]1C[C@H]2CC[C@@H]1CN(C(=O)COc1cnn(C)c1)C2,CSCc1nnc(C(OC(=O)C(C)SC)(C(=O)O)c2cnn(C)c2)o1,0.279,CC(C)(C)OC(=O)N1C[C@@H]2CC[C@H](C1)[C@H](N)C2;R85;C[C@H](Br)C(=O)O;Cn1cc(OCC(=O)O)cn1;R31;CSC(C)C(=O)O;Cn1cc(C(=O)C(=O)O)cn1;R71;CSCC(=O)NN;R51,4,,,
CSC(C)C(=O)N[C@@H]1C[C@H]2CC[C@@H]1CN(C(=O)COc1cnn(C)c1)C2,CSC(C)C(=O)OC(C(=O)O)(c1cnn(C)c1)c1nnc(CN)o1,0.279,CC(C)(C)OC(=O)N1C[C@@H]2CC[C@H](C1)[C@H](N)C2;R85;C[C@H](Br)C(=O)O;Cn1cc(OCC(=O)O)cn1;R31;CSC(C)C(=O)O;Cn1cc(C(=O)C(=O)O)cn1;R71;NCC(=O)NN;R51,4,,,
CSC(C)C(=O)N[C@@H]1C[C@H]2CC[C@@H]1CN(C(=O)COc1cnn(C)c1)C2,CSC(C)C(=O)OC(C(=O)O)(c1cnn(C)c1)c1nnc(CC(C)C)o1,0.279,CC(C)(C)OC(=O)N1C[C@@H]2CC[C@H](C1)[C@H](N)C2;R85;C[C@H](Br)C(=O)O;Cn1cc(OCC(=O)O)cn1;R31;CSC(C)C(=O)O;Cn1cc(C(=O)C(=O)O)cn1;R71;CC(C)CC(=O)NN;R51,4,,,
CSC(C)C(=O)N[C@@H]1C[C@H]2CC[C@@H]1CN(C(=O)COc1cnn(C)c1)C2,CSC(C)C(=O)OC(C(=O)O)(c1cnn(C)c1)c1nc(C(C)N)nn1C(=O)NN,0.278,CC(C)(C)OC(=O)N1C[C@@H]2CC[C@H](C1)[C@H](N)C2;R85;C[C@H](Br)C(=O)O;Cn1cc(OCC(=O)O)cn1;R31;CSC(C)C(=O)O;Cn1cc(C(=O)C(=O)O)cn1;R71;NNC(=O)NN;CC(N)C(=N)N;R76,4,,,
CSC(C)C(=O)N[C@@H]1C[C@H]2CC[C@@H]1CN(C(=O)COc1cnn(C)c1)C2,CSC(C)C(=O)OC(C(=O)O)(c1cnn(C)c1)c1nc(C(C)O)nn1C(=O)NN,0.278,CC(C)(C)OC(=O)N1C[C@@H]2CC[C@H](C1)[C@H](N)C2;R85;C[C@H](Br)C(=O)O;Cn1cc(OCC(=O)O)cn1;R31;CSC(C)C(=O)O;Cn1cc(C(=O)C(=O)O)cn1;R71;NNC(=O)NN;CC(O)C(=N)N;R76,4,,,
CSC(C)C(=O)N[C@@H]1C[C@H]2CC[C@@H]1CN(C(=O)COc1cnn(C)c1)C2,CSC(C)C(=O)OC(C(=O)O)(c1cnn(C)c1)c1nnc(C)o1,0.277,CC(C)(C)OC(=O)N1C[C@@H]2CC[C@H](C1)[C@H](N)C2;R85;C[C@H](Br)C(=O)O;Cn1cc(OCC(=O)O)cn1;R31;CSC(C)C(=O)O;Cn1cc(C(=O)C(=O)O)cn1;R71;CC(=O)NN;R51,4,,,
CSC(C)C(=O)N[C@@H]1C[C@H]2CC[C@@H]1CN(C(=O)COc1cnn(C)c1)C2,CCOC(C)c1nc(C(OC(=O)C(C)SC)(C(=O)O)c2cnn(C)c2)n(C(=O)NN)n1,0.277,CC(C)(C)OC(=O)N1C[C@@H]2CC[C@H](C1)[C@H](N)C2;R85;C[C@H](Br)C(=O)O;Cn1cc(OCC(=O)O)cn1;R31;CSC(C)C(=O)O;Cn1cc(C(=O)C(=O)O)cn1;R71;NNC(=O)NN;CCOC(C)C(=N)N;R76,4,,,
CSC(C)C(=O)N[C@@H]1C[C@H]2CC[C@@H]1CN(C(=O)COc1cnn(C)c1)C2,CCOC(OCC)c1nc(C(OC(=O)C(C)SC)(C(=O)O)c2cnn(C)c2)n(C(=O)NN)n1,0.277,CC(C)(C)OC(=O)N1C[C@@H]2CC[C@H](C1)[C@H](N)C2;R85;C[C@H](Br)C(=O)O;Cn1cc(OCC(=O)O)cn1;R31;CSC(C)C(=O)O;Cn1cc(C(=O)C(=O)O)cn1;R71;NNC(=O)NN;CCOC(OCC)C(=N)N;R76,4,,,
CSC(C)C(=O)N[C@@H]1C[C@H]2CC[C@@H]1CN(C(=O)COc1cnn(C)c1)C2,CCCc1nnc(C(OC(=O)C(C)SC)(C(=O)O)c2cnn(C)c2)o1,0.276,CC(C)(C)OC(=O)N1C[C@@H]2CC[C@H](C1)[C@H](N)C2;R85;C[C@H](Br)C(=O)O;Cn1cc(OCC(=O)O)cn1;R31;CSC(C)C(=O)O;Cn1cc(C(=O)C(=O)O)cn1;R71;CCCC(=O)NN;R51,4,,,
CSC(C)C(=O)N[C@@H]1C[C@H]2CC[C@@H]1CN(C(=O)COc1cnn(C)c1)C2,CSC(C)C(=O)OC(C(=O)O)(c1cnn(C)c1)c1nnc(CC(C)(C)C)o1,0.276,CC(C)(C)OC(=O)N1C[C@@H]2CC[C@H](C1)[C@H](N)C2;R85;C[C@H](Br)C(=O)O;Cn1cc(OCC(=O)O)cn1;R31;CSC(C)C(=O)O;Cn1cc(C(=O)C(=O)O)cn1;R71;CC(C)(C)CC(=O)NN;R51,4,,,
CSC(C)C(=O)N[C@@H]1C[C@H]2CC[C@@H]1CN(C(=O)COc1cnn(C)c1)C2,CSC(C)C(=O)OC(C(=O)O)(c1cnn(C)c1)c1nnc(CCO)o1,0.276,CC(C)(C)OC(=O)N1C[C@@H]2CC[C@H](C1)[C@H](N)C2;R85;C[C@H](Br)C(=O)O;Cn1cc(OCC(=O)O)cn1;R31;CSC(C)C(=O)O;Cn1cc(C(=O)C(=O)O)cn1;R71;NNC(=O)CCO;R51,4,,,
CSC(C)C(=O)N[C@@H]1C[C@H]2CC[C@@H]1CN(C(=O)COc1cnn(C)c1)C2,CSC(C)C(=O)OC(C(=O)O)(c1cnn(C)c1)c1nc(C(C)Cl)nn1C(=O)NN,0.275,CC(C)(C)OC(=O)N1C[C@@H]2CC[C@H](C1)[C@H](N)C2;R85;C[C@H](Br)C(=O)O;Cn1cc(OCC(=O)O)cn1;R31;CSC(C)C(=O)O;Cn1cc(C(=O)C(=O)O)cn1;R71;NNC(=O)NN;CC(Cl)C(=N)N;R76,4,,,
CSC(C)C(=O)N[C@@H]1C[C@H]2CC[C@@H]1CN(C(=O)COc1cnn(C)c1)C2,CSC(C)C(=O)OC(C(=O)O)(c1cnn(C)c1)c1nc(CCC(C)C)nn1C(N)=O,0.275,CC(C)(C)OC(=O)N1C[C@@H]2CC[C@H](C1)[C@H](N)C2;R85;C[C@H](Br)C(=O)O;Cn1cc(OCC(=O)O)cn1;R31;CSC(C)C(=O)O;Cn1cc(C(=O)C(=O)O)cn1;R71;NNC(N)=O;CC(C)CCC(=N)N;R76,4,,,
CSC(C)C(=O)N[C@@H]1C[C@H]2CC[C@@H]1CN(C(=O)COc1cnn(C)c1)C2,CCc1nc(C(OC(=O)C(C)SC)(C(=O)O)c2cnn(C)c2)n(C(=O)NN)n1,0.275,CC(C)(C)OC(=O)N1C[C@@H]2CC[C@H](C1)[C@H](N)C2;R85;C[C@H](Br)C(=O)O;Cn1cc(OCC(=O)O)cn1;R31;CSC(C)C(=O)O;Cn1cc(C(=O)C(=O)O)cn1;R71;NNC(=O)NN;CCC(=N)N;R76,4,,,
CSC(C)C(=O)N[C@@H]1C[C@H]2CC[C@@H]1CN(C(=O)COc1cnn(C)c1)C2,CSC(C)C(=O)OC(C(=O)O)(c1cnn(C)c1)c1nnc(CCN)o1,0.273,CC(C)(C)OC(=O)N1C[C@@H]2CC[C@H](C1)[C@H](N)C2;R85;C[C@H](Br)C(=O)O;Cn1cc(OCC(=O)O)cn1;R31;CSC(C)C(=O)O;Cn1cc(C(=O)C(=O)O)cn1;R71;NCCC(=O)NN;R51,4,,,
CSC(C)C(=O)N[C@@H]1C[C@H]2CC[C@@H]1CN(C(=O)COc1cnn(C)c1)C2,CSC(C)C(=O)OC(C(=O)O)(c1cnn(C)c1)c1nnc(CN(C)C)o1,0.273,CC(C)(C)OC(=O)N1C[C@@H]2CC[C@H](C1)[C@H](N)C2;R85;C[C@H](Br)C(=O)O;Cn1cc(OCC(=O)O)cn1;R31;CSC(C)C(=O)O;Cn1cc(C(=O)C(=O)O)cn1;R71;CN(C)CC(=O)NN;R51,4,,,
CSC(C)C(=O)N[C@@H]1C[C@H]2CC[C@@H]1CN(C(=O)COc1cnn(C)c1)C2,CSC(C)C(=O)OC(C(=O)O)(c1cnn(C)c1)c1nnc(C[N+](C)(C)C)o1,0.273,CC(C)(C)OC(=O)N1C[C@@H]2CC[C@H](C1)[C@H](N)C2;R85;C[C@H](Br)C(=O)O;Cn1cc(OCC(=O)O)cn1;R31;CSC(C)C(=O)O;Cn1cc(C(=O)C(=O)O)cn1;R71;C[N+](C)(C)CC(=O)NN;R51,4,,,
CSC(C)C(=O)N[C@@H]1C[C@H]2CC[C@@H]1CN(C(=O)COc1cnn(C)c1)C2,COC(C)c1nc(C(OC(=O)C(C)SC)(C(=O)O)c2cnn(C)c2)n(C(=O)NN)n1,0.272,CC(C)(C)OC(=O)N1C[C@@H]2CC[C@H](C1)[C@H](N)C2;R85;C[C@H](Br)C(=O)O;Cn1cc(OCC(=O)O)cn1;R31;CSC(C)C(=O)O;Cn1cc(C(=O)C(=O)O)cn1;R71;NNC(=O)NN;COC(C)C(=N)N;R76,4,,,
CSC(C)C(=O)N[C@@H]1C[C@H]2CC[C@@H]1CN(C(=O)COc1cnn(C)c1)C2,CCc1nc(C(OC(=O)C(C)SC)(C(=O)O)c2cnn(C)c2)n(C(N)=O)n1,0.270,CC(C)(C)OC(=O)N1C[C@@H]2CC[C@H](C1)[C@H](N)C2;R85;C[C@H](Br)C(=O)O;Cn1cc(OCC(=O)O)cn1;R31;CSC(C)C(=O)O;Cn1cc(C(=O)C(=O)O)cn1;R71;NNC(N)=O;CCC(=N)N;R76,4,,,
CSC(C)C(=O)N[C@@H]1C[C@H]2CC[C@@H]1CN(C(=O)COc1cnn(C)c1)C2,CSC(C)C(=O)OC(C(=O)O)(c1cnn(C)c1)c1nc(CO)nn1C(N)=O,0.270,CC(C)(C)OC(=O)N1C[C@@H]2CC[C@H](C1)[C@H](N)C2;R85;C[C@H](Br)C(=O)O;Cn1cc(OCC(=O)O)cn1;R31;CSC(C)C(=O)O;Cn1cc(C(=O)C(=O)O)cn1;R71;NNC(N)=O;N=C(N)CO;R76,4,,,
CSC(C)C(=O)N[C@@H]1C[C@H]2CC[C@@H]1CN(C(=O)COc1cnn(C)c1)C2,CSC(C)C(=O)OC(C(=O)O)(c1cnn(C)c1)c1nc(CN)nn1C(N)=O,0.270,CC(C)(C)OC(=O)N1C[C@@H]2CC[C@H](C1)[C@H](N)C2;R85;C[C@H](Br)C(=O)O;Cn1cc(OCC(=O)O)cn1;R31;CSC(C)C(=O)O;Cn1cc(C(=O)C(=O)O)cn1;R71;NNC(N)=O;N=C(N)CN;R76,4,,,
CSC(C)C(=O)N[C@@H]1C[C@H]2CC[C@@H]1CN(C(=O)COc1cnn(C)c1)C2,CSC(C)C(=O)OC(C(=O)O)(c1cnn(C)c1)c1nc(C)nn1C(=O)NN,0.270,CC(C)(C)OC(=O)N1C[C@@H]2CC[C@H](C1)[C@H](N)C2;R85;C[C@H](Br)C(=O)O;Cn1cc(OCC(=O)O)cn1;R31;CSC(C)C(=O)O;Cn1cc(C(=O)C(=O)O)cn1;R71;NNC(=O)NN;CC(=N)N;R76,4,,,
CSC(C)C(=O)N[C@@H]1C[C@H]2CC[C@@H]1CN(C(=O)COc1cnn(C)c1)C2,CSC(C)C(=O)OC(C(=O)O)(c1cnn(C)c1)c1nc(CCl)nn1C(N)=O,0.267,CC(C)(C)OC(=O)N1C[C@@H]2CC[C@H](C1)[C@H](N)C2;R85;C[C@H](Br)C(=O)O;Cn1cc(OCC(=O)O)cn1;R31;CSC(C)C(=O)O;Cn1cc(C(=O)C(=O)O)cn1;R71;NNC(N)=O;N=C(N)CCl;R76,4,,,
CSC(C)C(=O)N[C@@H]1C[C@H]2CC[C@@H]1CN(C(=O)COc1cnn(C)c1)C2,CN1CC2(CN(C(=O)C3(Oc4cnn(C)c4)CC3)C2)OC1=O,0.266,CC(C)(C)OC(=O)N1CC2CCC(C(=O)O)CC2C1;R112;CN1CC2(CNC2)OC1=O;Cn1cc(OC2(C(=O)O)CC2)cn1;R8,2,,,
CSC(C)C(=O)N[C@@H]1C[C@H]2CC[C@@H]1CN(C(=O)COc1cnn(C)c1)C2,CSC(C)C(=O)OC(C(=O)O)(c1cnn(C)c1)c1nc(C)nn1C(N)=O,0.264,CC(C)(C)OC(=O)N1C[C@@H]2CC[C@H](C1)[C@H](N)C2;R85;C[C@H](Br)C(=O)O;Cn1cc(OCC(=O)O)cn1;R31;CSC(C)C(=O)O;Cn1cc(C(=O)C(=O)O)cn1;R71;NNC(N)=O;CC(=N)N;R76,4,,,
CSC(C)C(=O)N[C@@H]1C[C@H]2CC[C@@H]1CN(C(=O)COc1cnn(C)c1)C2,CCCc1nc(C(OC(=O)C(C)SC)(C(=O)O)c2cnn(C)c2)n(C(N)=O)n1,0.264,CC(C)(C)OC(=O)N1C[C@@H]2CC[C@H](C1)[C@H](N)C2;R85;C[C@H](Br)C(=O)O;Cn1cc(OCC(=O)O)cn1;R31;CSC(C)C(=O)O;Cn1cc(C(=O)C(=O)O)cn1;R71;NNC(N)=O;CCCC(=N)N;R76,4,,,
CSC(C)C(=O)N[C@@H]1C[C@H]2CC[C@@H]1CN(C(=O)COc1cnn(C)c1)C2,CSC(C)C(=O)OC(C(=O)O)(c1cnn(C)c1)c1nc(CCO)nn1C(N)=O,0.264,CC(C)(C)OC(=O)N1C[C@@H]2CC[C@H](C1)[C@H](N)C2;R85;C[C@H](Br)C(=O)O;Cn1cc(OCC(=O)O)cn1;R31;CSC(C)C(=O)O;Cn1cc(C(=O)C(=O)O)cn1;R71;NNC(N)=O;N=C(N)CCO;R76,4,,,
CSC(C)C(=O)N[C@@H]1C[C@H]2CC[C@@H]1CN(C(=O)COc1cnn(C)c1)C2,CSC(C)C(=O)OC(C(=O)O)(c1cnn(C)c1)c1nc(CCN)nn1C(N)=O,0.264,CC(C)(C)OC(=O)N1C[C@@H]2CC[C@H](C1)[C@H](N)C2;R85;C[C@H](Br)C(=O)O;Cn1cc(OCC(=O)O)cn1;R31;CSC(C)C(=O)O;Cn1cc(C(=O)C(=O)O)cn1;R71;NNC(N)=O;N=C(N)CCN;R76,4,,,
CSC(C)C(=O)N[C@@H]1C[C@H]2CC[C@@H]1CN(C(=O)COc1cnn(C)c1)C2,CSC(C)C(=O)OC(C(=O)O)(c1cnn(C)c1)c1nnc(CCCCC(=O)NN)o1,0.263,CC(C)(C)OC(=O)N1C[C@@H]2CC[C@H](C1)[C@H](N)C2;R85;C[C@H](Br)C(=O)O;Cn1cc(OCC(=O)O)cn1;R31;CSC(C)C(=O)O;Cn1cc(C(=O)C(=O)O)cn1;R71;NNC(=O)CCCCC(=O)NN;R51,4,,,
CSC(C)C(=O)N[C@@H]1C[C@H]2CC[C@@H]1CN(C(=O)COc1cnn(C)c1)C2,CSC(C)C(=O)OC(C(=O)O)(c1cnn(C)c1)c1nc(CC(=N)N)nn1C(N)=O,0.261,CC(C)(C)OC(=O)N1C[C@@H]2CC[C@H](C1)[C@H](N)C2;R85;C[C@H](Br)C(=O)O;Cn1cc(OCC(=O)O)cn1;R31;CSC(C)C(=O)O;Cn1cc(C(=O)C(=O)O)cn1;R71;NNC(N)=O;N=C(N)CC(=N)N;R76,4,,,
CSC(C)C(=O)N[C@@H]1C[C@H]2CC[C@@H]1CN(C(=O)COc1cnn(C)c1)C2,CSCCc1nc(C(OC(=O)C(C)SC)(C(=O)O)c2cnn(C)c2)n(C(N)=O)n1,0.261,CC(C)(C)OC(=O)N1C[C@@H]2CC[C@H](C1)[C@H](N)C2;R85;C[C@H](Br)C(=O)O;Cn1cc(OCC(=O)O)cn1;R31;CSC(C)C(=O)O;Cn1cc(C(=O)C(=O)O)cn1;R71;NNC(N)=O;CSCCC(=N)N;R76,4,,,
CSC(C)C(=O)N[C@@H]1C[C@H]2CC[C@@H]1CN(C(=O)COc1cnn(C)c1)C2,CCCCc1nc(C(OC(=O)C(C)SC)(C(=O)O)c2cnn(C)c2)n(C(N)=O)n1,0.258,CC(C)(C)OC(=O)N1C[C@@H]2CC[C@H](C1)[C@H](N)C2;R85;C[C@H](Br)C(=O)O;Cn1cc(OCC(=O)O)cn1;R31;CSC(C)C(=O)O;Cn1cc(C(=O)C(=O)O)cn1;R71;NNC(N)=O;CCCCC(=N)N;R76,4,,,
CSC(C)C(=O)N[C@@H]1C[C@H]2CC[C@@H]1CN(C(=O)COc1cnn(C)c1)C2,CSC(C)C(=O)OC(C(=O)O)(c1cnn(C)c1)c1nc(CCC(C)(C)C)nn1C(N)=O,0.258,CC(C)(C)OC(=O)N1C[C@@H]2CC[C@H](C1)[C@H](N)C2;R85;C[C@H](Br)C(=O)O;Cn1cc(OCC(=O)O)cn1;R31;CSC(C)C(=O)O;Cn1cc(C(=O)C(=O)O)cn1;R71;NNC(N)=O;CC(C)(C)CCC(=N)N;R76,4,,,
CSC(C)C(=O)N[C@@H]1C[C@H]2CC[C@@H]1CN(C(=O)COc1cnn(C)c1)C2,CSC(C)C(=O)OC(C(=O)O)(c1cnn(C)c1)c1nc(CCCN)nn1C(N)=O,0.258,CC(C)(C)OC(=O)N1C[C@@H]2CC[C@H](C1)[C@H](N)C2;R85;C[C@H](Br)C(=O)O;Cn1cc(OCC(=O)O)cn1;R31;CSC(C)C(=O)O;Cn1cc(C(=O)C(=O)O)cn1;R71;NNC(N)=O;N=C(N)CCCN;R76,4,,,
CSC(C)C(=O)N[C@@H]1C[C@H]2CC[C@@H]1CN(C(=O)COc1cnn(C)c1)C2,CSC(C)C(=O)OC(C(=O)O)(c1cnn(C)c1)c1nc(CCCO)nn1C(N)=O,0.258,CC(C)(C)OC(=O)N1C[C@@H]2CC[C@H](C1)[C@H](N)C2;R85;C[C@H](Br)C(=O)O;Cn1cc(OCC(=O)O)cn1;R31;CSC(C)C(=O)O;Cn1cc(C(=O)C(=O)O)cn1;R71;NNC(N)=O;N=C(N)CCCO;R76,4,,,
CSC(C)C(=O)N[C@@H]1C[C@H]2CC[C@@H]1CN(C(=O)COc1cnn(C)c1)C2,COCCc1nc(C(OC(=O)C(C)SC)(C(=O)O)c2cnn(C)c2)n(C(N)=O)n1,0.258,CC(C)(C)OC(=O)N1C[C@@H]2CC[C@H](C1)[C@H](N)C2;R85;C[C@H](Br)C(=O)O;Cn1cc(OCC(=O)O)cn1;R31;CSC(C)C(=O)O;Cn1cc(C(=O)C(=O)O)cn1;R71;NNC(N)=O;COCCC(=N)N;R76,4,,,
CSC(C)C(=O)N[C@@H]1C[C@H]2CC[C@@H]1CN(C(=O)COc1cnn(C)c1)C2,CSC(C)C(=O)OC(C(=O)O)(c1cnn(C)c1)c1nnc(CCSCCC(=O)NN)o1,0.258,CC(C)(C)OC(=O)N1C[C@@H]2CC[C@H](C1)[C@H](N)C2;R85;C[C@H](Br)C(=O)O;Cn1cc(OCC(=O)O)cn1;R31;CSC(C)C(=O)O;Cn1cc(C(=O)C(=O)O)cn1;R71;NNC(=O)CCSCCC(=O)NN;R51,4,,,
CSC(C)C(=O)N[C@@H]1C[C@H]2CC[C@@H]1CN(C(=O)COc1cnn(C)c1)C2,CCCCCc1nc(C(OC(=O)C(C)SC)(C(=O)O)c2cnn(C)c2)n(C(N)=O)n1,0.255,CC(C)(C)OC(=O)N1C[C@@H]2CC[C@H](C1)[C@H](N)C2;R85;C[C@H](Br)C(=O)O;Cn1cc(OCC(=O)O)cn1;R31;CSC(C)C(=O)O;Cn1cc(C(=O)C(=O)O)cn1;R71;NNC(N)=O;CCCCCC(=N)N;R76,4,,,
CSC(C)C(=O)N[C@@H]1C[C@H]2CC[C@@H]1CN(C(=O)COc1cnn(C)c1)C2,CSC(C)C(=O)OC(C(=O)O)(c1cnn(C)c1)c1nc(CCN(C)C)nn1C(N)=O,0.255,CC(C)(C)OC(=O)N1C[C@@H]2CC[C@H](C1)[C@H](N)C2;R85;C[C@H](Br)C(=O)O;Cn1cc(OCC(=O)O)cn1;R31;CSC(C)C(=O)O;Cn1cc(C(=O)C(=O)O)cn1;R71;NNC(N)=O;CN(C)CCC(=N)N;R76,4,,,
CSC(C)C(=O)N[C@@H]1C[C@H]2CC[C@@H]1CN(C(=O)COc1cnn(C)c1)C2,CCCCCCc1nc(C(OC(=O)C(C)SC)(C(=O)O)c2cnn(C)c2)n(C(N)=O)n1,0.253,CC(C)(C)OC(=O)N1C[C@@H]2CC[C@H](C1)[C@H](N)C2;R85;C[C@H](Br)C(=O)O;Cn1cc(OCC(=O)O)cn1;R31;CSC(C)C(=O)O;Cn1cc(C(=O)C(=O)O)cn1;R71;NNC(N)=O;CCCCCCC(=N)N;R76,4,,,
CSC(C)C(=O)N[C@@H]1C[C@H]2CC[C@@H]1CN(C(=O)COc1cnn(C)c1)C2,CCOCCc1nc(C(OC(=O)C(C)SC)(C(=O)O)c2cnn(C)c2)n(C(N)=O)n1,0.253,CC(C)(C)OC(=O)N1C[C@@H]2CC[C@H](C1)[C@H](N)C2;R85;C[C@H](Br)C(=O)O;Cn1cc(OCC(=O)O)cn1;R31;CSC(C)C(=O)O;Cn1cc(C(=O)C(=O)O)cn1;R71;NNC(N)=O;CCOCCC(=N)N;R76,4,,,
CSC(C)C(=O)N[C@@H]1C[C@H]2CC[C@@H]1CN(C(=O)COc1cnn(C)c1)C2,CC(C)C(C(=O)Nc1ccc(OCC(=O)O)cc1)C(C)C,0.233,CC(C)(C)OC(=O)N1C[C@@H]2CC[C@H](C1)[C@H](N)C2;R85;C[C@H](Br)C(=O)O;Cn1cc(OCC(=O)O)cn1;R31;CC(C)C(C(=O)O)C(C)C;Nc1ccc(OCC(=O)O)cc1;R8,3,,,
CSC(C)C(=O)N[C@@H]1C[C@H]2CC[C@@H]1CN(C(=O)COc1cnn(C)c1)C2,CN1CC2(CN(C(=O)Cc3cnn(C)c3)C2)OC1=O,0.231,CC(C)(C)OC(=O)N1CC2CCC(C(=O)O)CC2C1;R112;CN1CC2(CNC2)OC1=O;Cn1cc(CC(=O)O)cn1;R8,2,,,
CC(C)OCC1(C(=O)N2C[C@@H]3[C@H](C2)[C@H]3N(C)C(=O)[C@H]2CC[C@@H](C)O2)CC1,CC(C)OCC1(C(=O)N2C[C@@H]3[C@H](C2)[C@H]3N(C)C(=O)C2CCC(C)O2)CC1,1.000,O[C@H]1CCc2cc(Br)ccc21;CC(C)OCC1(C(=O)O)CC1;CC1CCC(C(=O)O)O1;CN[C@H]1[C@@H]2CN(C(=O)OC(C)(C)C)C[C@@H]21;R69,1,1.000,1.000,1.000
CC(C)OCC1(C(=O)N2C[C@@H]3[C@H](C2)[C@H]3N(C)C(=O)[C@H]2CC[C@@H](C)O2)CC1,CC(C)OCC1(C(=O)N2C[C@@H]3[C@H](C2)[C@H]3N(C)C(=O)C2CCCC(C)O2)CC1,0.885,O[C@H]1CCc2cc(Br)ccc21;CC(C)OCC1(C(=O)O)CC1;CC1CCCC(C(=O)O)O1;CN[C@H]1[C@@H]2CN(C(=O)OC(C)(C)C)C[C@@H]21;R69,1,0.917,0.907,0.949
CC(C)OCC1(C(=O)N2C[C@@H]3[C@H](C2)[C@H]3N(C)C(=O)[C@H]2CC[C@@H](C)O2)CC1,CC(C)OCC1(C(=O)N2C[C@@H]3[C@H](C2)[C@H]3N(C)C(=O)[C@H]2CC[C@@H](C(=O)N(C)C)O2)CC1,0.846,O[C@H]1CCc2cc(Br)ccc21;CC(C)OCC1(C(=O)O)CC1;CN(C)C(=O)[C@@H]1CC[C@H](C(=O)O)O1;CN[C@H]1[C@@H]2CN(C(=O)OC(C)(C)C)C[C@@H]21;R69,1,1.000,0.912,0.978
CC(C)OCC1(C(=O)N2C[C@@H]3[C@H](C2)[C@H]3N(C)C(=O)[C@H]2CC[C@@H](C)O2)CC1,CC(C)OCC1(C(=O)N2C[C@@H]3[C@H](C2)[C@H]3N(C)C(=O)[C@H]2CC[C@@H](C(=O)O)O2)CC1,0.815,O[C@H]1CCc2cc(Br)ccc21;CC(C)OCC1(C(=O)O)CC1;O=C(O)[C@@H]1CC[C@H](C(=O)O)O1;CN[C@H]1[C@@H]2CN(C(=O)OC(C)(C)C)C[C@@H]21;R69,1,1.000,0.726,0.902
CC(C)OCC1(C(=O)N2C[C@@H]3[C@H](C2)[C@H]3N(C)C(=O)[C@H]2CC[C@@H](C)O2)CC1,CC(C)OCC1(C(=O)N2C[C@@H]3[C@H](C2)[C@H]3N(C)C(=O)[C@@H]2CC[C@H](C(=O)O)O2)CC1,0.815,O[C@H]1CCc2cc(Br)ccc21;CC(C)OCC1(C(=O)O)CC1;O=C(O)[C@@H]1CC[C@H](C(=O)O)O1;CN[C@H]1[C@@H]2CN(C(=O)OC(C)(C)C)C[C@@H]21;R69,1,1.000,0.726,0.902
CC(C)OCC1(C(=O)N2C[C@@H]3[C@H](C2)[C@H]3N(C)C(=O)[C@H]2CC[C@@H](C)O2)CC1,CC(C)OCC1(C(=O)N2C[C@@H]3[C@H](C2)[C@H]3N(C)C(=O)[C@H]2CC[C@@H](C(N)=O)O2)CC1,0.815,O[C@H]1CCc2cc(Br)ccc21;CC(C)OCC1(C(=O)O)CC1;NC(=O)[C@@H]1CC[C@H](C(=O)O)O1;CN[C@H]1[C@@H]2CN(C(=O)OC(C)(C)C)C[C@@H]21;R69,1,1.000,0.797,0.978
CC(C)OCC1(C(=O)N2C[C@@H]3[C@H](C2)[C@H]3N(C)C(=O)[C@H]2CC[C@@H](C)O2)CC1,CC(C)OCC1(C(=O)N2CC(N(C)C(=O)C3CCC(C)O3)C2)CC1,0.808,O[C@H]1CCc2cc(Br)ccc21;CC(C)OCC1(C(=O)O)CC1;CC1CCC(C(=O)O)O1;CNC1CN(C(=O)OC(C)(C)C)C1;R69,1,0.763,0.474,0.720
CC(C)OCC1(C(=O)N2C[C@@H]3[C@H](C2)[C@H]3N(C)C(=O)[C@H]2CC[C@@H](C)O2)CC1,CC[C@@H]1CC[C@H](C(=O)N(C)[C@H]2[C@@H]3CN(C(=O)C4(COC(C)C)CC4)C[C@@H]32)O1,0.800,O[C@H]1CCc2cc(Br)ccc21;CC(C)OCC1(C(=O)O)CC1;CC[C@@H]1CC[C@H](C(=O)O)O1;CN[C@H]1[C@@H]2CN(C(=O)OC(C)(C)C)C[C@@H]21;R69,1,1.000,0.930,0.978
CC(C)OCC1(C(=O)N2C[C@@H]3[C@H](C2)[C@H]3N(C)C(=O)[C@H]2CC[C@@H](C)O2)CC1,COC(=O)[C@@H]1CC[C@H](C(=O)N(C)[C@H]2[C@@H]3CN(C(=O)C4(COC(C)C)CC4)C[C@@H]32)O1,0.800,O[C@H]1CCc2cc(Br)ccc21;CC(C)OCC1(C(=O)O)CC1;COC(=O)[C@@H]1CC[C@H](C(=O)O)O1;CN[C@H]1[C@@H]2CN(C(=O)OC(C)(C)C)C[C@@H]21;R69,1,1.000,0.912,0.869
CC(C)OCC1(C(=O)N2C[C@@H]3[C@H](C2)[C@H]3N(C)C(=O)[C@H]2CC[C@@H](C)O2)CC1,CC(C)OCC1(C(=O)N2C[C@@H]3[C@H](C2)[C@H]3N(C)C(=O)C2COCC(C)O2)CC1,0.796,O[C@H]1CCc2cc(Br)ccc21;CC(C)OCC1(C(=O)O)CC1;CC1COCC(C(=O)O)O1;CN[C@H]1[C@@H]2CN(C(=O)OC(C)(C)C)C[C@@H]21;R69,1,0.707,0.810,0.811
CC(C)OCC1(C(=O)N2C[C@@H]3[C@H](C2)[C@H]3N(C)C(=O)[C@H]2CC[C@@H](C)O2)CC1,CC(C)OCC1(C(=O)N2C[C@@H]3[C@H](C2)[C@H]3N(C)C(=O)[C@@H]2CC[C@H](C(F)F)O2)CC1,0.786,O[C@H]1CCc2cc(Br)ccc21;CC(C)OCC1(C(=O)O)CC1;O=C(O)[C@@H]1CC[C@H](C(F)F)O1;CN[C@H]1[C@@H]2CN(C(=O)OC(C)(C)C)C[C@@H]21;R69,1,,,
CC(C)OCC1(C(=O)N2C[C@@H]3[C@H](C2)[C@H]3N(C)C(=O)[C@H]2CC[C@@H](C)O2)CC1,CC(C)OCC1(C(=O)N2C[C@@H]3[C@H](C2)[C@H]3N(C)C(=O)[C@H]2CC[C@@H](CN(C)C)O2)CC1,0.786,O[C@H]1CCc2cc(Br)ccc21;CC(C)OCC1(C(=O)O)CC1;CN(C)C[C@@H]1CC[C@H](C(=O)O)O1;CN[C@H]1[C@@H]2CN(C(=O)OC(C)(C)C)C[C@@H]21;R69,1,,,
CC(C)OCC1(C(=O)N2C[C@@H]3[C@H](C2)[C@H]3N(C)C(=O)[C@H]2CC[C@@H](C)O2)CC1,CC(C)OCC1(C(=O)N2C[C@@H]3[C@H](C2)[C@H]3N(C)C(=O)[C@H]2CN(C)C[C@@H](C)O2)CC1,0.782,O[C@H]1CCc2cc(Br)ccc21;CC(C)OCC1(C(=O)O)CC1;C[C@@H]1CN(C)C[C@H](C(=O)O)O1;CN[C@H]1[C@@H]2CN(C(=O)OC(C)(C)C)C[C@@H]21;R69,1,,,
CC(C)OCC1(C(=O)N2C[C@@H]3[C@H](C2)[C@H]3N(C)C(=O)[C@H]2CC[C@@H](C)O2)CC1,CC(C)OCC1(C(=O)N2C[C@@H]3[C@H](C2)[C@H]3N(C)C(=O)C2CCO2)CC1,0.774,O[C@H]1CCc2cc(Br)ccc21;CC(C)OCC1(C(=O)O)CC1;O=C(O)C1CCO1;CN[C@H]1[C@@H]2CN(C(=O)OC(C)(C)C)C[C@@H]21;R69,1,,,
CC(C)OCC1(C(=O)N2C[C@@H]3[C@H](C2)[C@H]3N(C)C(=O)[C@H]2CC[C@@H](C)O2)CC1,CC(C)OCC1(C(=O)N2CC3CCC(N(C)C(=O)C4CCC(C)O4)C3C2)CC1,0.772,O[C@H]1CCc2cc(Br)ccc21;CC(C)OCC1(C(=O)O)CC1;CC1CCC(C(=O)O)O1;CNC1CCC2CN(C(=O)OC(C)(C)C)CC21;R69,1,,,
CC(C)OCC1(C(=O)N2C[C@@H]3[C@H](C2)[C@H]3N(C)C(=O)[C@H]2CC[C@@H](C)O2)CC1,CC(C)OCC1(C(=O)N2C[C@@H]3[C@H](C2)[C@H]3N(C)C(=O)[C@H]2CNC[C@@H](C)O2)CC1,0.768,O[C@H]1CCc2cc(Br)ccc21;CC(C)OCC1(C(=O)O)CC1;C[C@@H]1CNC[C@H](C(=O)O)O1;CN[C@H]1[C@@H]2CN(C(=O)OC(C)(C)C)C[C@@H]21;R69,1,,,
CC(C)OCC1(C(=O)N2C[C@@H]3[C@H](C2)[C@H]3N(C)C(=O)[C@H]2CC[C@@H](C)O2)CC1,CC(C)OCC1(C(=O)N2C[C@@H]3[C@H](C2)[C@H]3N(C)C(=O)[C@H]2CO[C@H](C)CO2)CC1,0.750,O[C@H]1CCc2cc(Br)ccc21;CC(C)OCC1(C(=O)O)CC1;C[C@@H]1CO[C@@H](C(=O)O)CO1;CN[C@H]1[C@@H]2CN(C(=O)OC(C)(C)C)C[C@@H]21;R69,1,,,
CC(C)OCC1(C(=O)N2C[C@@H]3[C@H](C2)[C@H]3N(C)C(=O)[C@H]2CC[C@@H](C)O2)CC1,CC(C)OCC1(C(=O)N2C[C@@H]3[C@@H](CN(C)C(=O)C4CCC(C)O4)[C@@H]3C2)CC1,0.750,O[C@H]1CCc2cc(Br)ccc21;CC(C)OCC1(C(=O)O)CC1;CC1CCC(C(=O)O)O1;CNC[C@@H]1[C@H]2CN(C(=O)OC(C)(C)C)C[C@@H]12;R69,1,,,
CC(C)OCC1(C(=O)N2C[C@@H]3[C@H](C2)[C@H]3N(C)C(=O)[C@H]2CC[C@@H](C)O2)CC1,CC(C)OCC1(C(=O)N2C[C@@H]3[C@H](C2)[C@H]3N(C)C(=O)[C@H]2C[C@@H](C)O[C@@H](C)C2)CC1,0.745,O[C@H]1CCc2cc(Br)ccc21;CC(C)OCC1(C(=O)O)CC1;C[C@@H]1C[C@H](C(=O)O)C[C@H](C)O1;CN[C@H]1[C@@H]2CN(C(=O)OC(C)(C)C)C[C@@H]21;R69,1,,,
CC(C)OCC1(C(=O)N2C[C@@H]3[C@H](C2)[C@H]3N(C)C(=O)[C@H]2CC[C@@H](C)O2)CC1,CC(C)OCC1(C(=O)N2C[C@@H]3[C@H](C2)[C@H]3N(C)C(=O)CC2CCC(C)O2)CC1,0.737,O[C@H]1CCc2cc(Br)ccc21;CC(C)OCC1(C(=O)O)CC1;CC1CCC(CC(=O)O)O1;CN[C@H]1[C@@H]2CN(C(=O)OC(C)(C)C)C[C@@H]21;R69,1,,,
CC(C)OCC1(C(=O)N2C[C@@H]3[C@H](C2)[C@H]3N(C)C(=O)[C@H]2CC[C@@H](C)O2)CC1,CC(C)OCC1(C(=O)N2C[C@@H](O)[C@H](N(C)C(=O)C3CCC(C)O3)C2)CC1,0.737,O[C@H]1CCc2cc(Br)ccc21;CC(C)OCC1(C(=O)O)CC1;CC1CCC(C(=O)O)O1;CN[C@@H]1CN(C(=O)OC(C)(C)C)C[C@H]1O;R69,1,,,
CC(C)OCC1(C(=O)N2C[C@@H]3[C@H](C2)[C@H]3N(C)C(=O)[C@H]2CC[C@@H](C)O2)CC1,CC(C)OCC1(C(=O)N2C[C@@H]3[C@H](C2)[C@H]3N(C)C(=O)C2CC(C)OC2C)CC1,0.719,O=C(O)C1CCc2cc(Br)ccc21;CC(C)OCC1(C(=O)O)CC1;CC1CC(C(=O)O)C(C)O1;CN[C@H]1[C@@H]2CN(C(=O)OC(C)(C)C)C[C@@H]21;R69,1,,,
CC(C)OCC1(C(=O)N2C[C@@H]3[C@H](C2)[C@H]3N(C)C(=O)[C@H]2CC[C@@H](C)O2)CC1,CC(C)OCC1(C(=O)N(C)[C@H]2[C@@H]3CN(C(=O)C4CCC(C)O4)C[C@@H]32)CC1,0.714,O[C@H]1CCc2cc(Br)ccc21;CC(C)OCC1(C(=O)O)CC1;CC1CCC(C(=O)O)O1;CN[C@H]1[C@@H]2CN(C(=O)OC(C)(C)C)C[C@@H]21;R69,1,,,
CC(C)OCC1(C(=O)N2C[C@@H]3[C@H](C2)[C@H]3N(C)C(=O)[C@H]2CC[C@@H](C)O2)CC1,CC(C)OCC1(C(=O)N2C[C@@H]3[C@H](C2)[C@H]3N(C)C(=O)C2C(C)CC2C)CC1,0.691,O=C(O)C1CCc2cc(Br)ccc21;CC(C)OCC1(C(=O)O)CC1;CC1CC(C)C1C(=O)O;CN[C@H]1[C@@H]2CN(C(=O)OC(C)(C)C)C[C@@H]21;R69,1,,,
CC(C)OCC1(C(=O)N2C[C@@H]3[C@H](C2)[C@H]3N(C)C(=O)[C@H]2CC[C@@H](C)O2)CC1,CC(C)OCC1(C(=O)N2C[C@@H]3[C@H](C2)[C@H]3N(C)C(=O)[C@H]2CO[C@H](C(=O)O)CO2)CC1,0.690,O[C@H]1CCc2cc(Br)ccc21;CC(C)OCC1(C(=O)O)CC1;O=C(O)[C@@H]1CO[C@@H](C(=O)O)CO1;CN[C@H]1[C@@H]2CN(C(=O)OC(C)(C)C)C[C@@H]21;R69,1,,,
CC(C)OCC1(C(=O)N2C[C@@H]3[C@H](C2)[C@H]3N(C)C(=O)[C@H]2CC[C@@H](C)O2)CC1,CC(C)OCC1(C(=O)N2C[C@@H]3[C@H](C2)[C@H]3N(C)C(=O)[C@@H]2CO[C@@H](C(=O)O)CO2)CC1,0.690,O[C@H]1CCc2cc(Br)ccc21;CC(C)OCC1(C(=O)O)CC1;O=C(O)[C@@H]1CO[C@@H](C(=O)O)CO1;CN[C@H]1[C@@H]2CN(C(=O)OC(C)(C)C)C[C@@H]21;R69,1,,,
CC(C)OCC1(C(=O)N2C[C@@H]3[C@H](C2)[C@H]3N(C)C(=O)[C@H]2CC[C@@H](C)O2)CC1,CC(C)OCC1(C(=O)N(C)[C@H]2[C@@H]3CN(C(=O)[C@H]4CC[C@@H](C(=O)N(C)C)O4)C[C@@H]32)CC1,0.633,O[C@H]1CCc2cc(Br)ccc21;CC(C)OCC1(C(=O)O)CC1;CN(C)C(=O)[C@@H]1CC[C@H](C(=O)O)O1;CN[C@H]1[C@@H]2CN(C(=O)OC(C)(C)C)C[C@@H]21;R69,1,,,
CC(C)OCC1(C(=O)N2C[C@@H]3[C@H](C2)[C@H]3N(C)C(=O)[C@H]2CC[C@@H](C)O2)CC1,CC(C)OCC1(C(=O)N(C)[C@H]2[C@@H]3CN(C(=O)C4CCCC(C)O4)C[C@@H]32)CC1,0.633,O[C@H]1CCc2cc(Br)ccc21;CC(C)OCC1(C(=O)O)CC1;CC1CCCC(C(=O)O)O1;CN[C@H]1[C@@H]2CN(C(=O)OC(C)(C)C)C[C@@H]21;R69,1,,,
CC(C)OCC1(C(=O)N2C[C@@H]3[C@H](C2)[C@H]3N(C)C(=O)[C@H]2CC[C@@H](C)O2)CC1,CC(C)OCC1(C(=O)N(C)[C@H]2[C@@H]3CN(C(=O)CC4CCC(C)O4)C[C@@H]32)CC1,0.623,O[C@H]1CCc2cc(Br)ccc21;CC(C)OCC1(C(=O)O)CC1;CC1CCC(CC(=O)O)O1;CN[C@H]1[C@@H]2CN(C(=O)OC(C)(C)C)C[C@@H]21;R69,1,,,
CC(C)OCC1(C(=O)N2C[C@@H]3[C@H](C2)[C@H]3N(C)C(=O)[C@H]2CC[C@@H](C)O2)CC1,CC(C)OCC1(C(=O)N(C)C2CN(C(=O)C3CCC(C)O3)C2)CC1,0.593,O[C@H]1CCc2cc(Br)ccc21;CC(C)OCC1(C(=O)O)CC1;CC1CCC(C(=O)O)O1;CNC1CN(C(=O)OC(C)(C)C)C1;R69,1,,,
CC(C)OCC1(C(=O)N2C[C@@H]3[C@H](C2)[C@H]3N(C)C(=O)[C@H]2CC[C@@H](C)O2)CC1,CC(C)OCC1(C(=O)N(C)[C@H]2[C@@H]3CN(C(=O)[C@@H]4CC[C@H](C(=O)O)O4)C[C@@H]32)CC1,0.581,O[C@H]1CCc2cc(Br)ccc21;CC(C)OCC1(C(=O)O)CC1;O=C(O)[C@@H]1CC[C@H](C(=O)O)O1;CN[C@H]1[C@@H]2CN(C(=O)OC(C)(C)C)C[C@@H]21;R69,1,,,
CC(C)OCC1(C(=O)N2C[C@@H]3[C@H](C2)[C@H]3N(C)C(=O)[C@H]2CC[C@@H](C)O2)CC1,CC(C)OCC1(C(=O)N(C)[C@H]2[C@@H]3CN(C(=O)[C@H]4CC[C@@H](C(=O)O)O4)C[C@@H]32)CC1,0.581,O[C@H]1CCc2cc(Br)ccc21;CC(C)OCC1(C(=O)O)CC1;O=C(O)[C@@H]1CC[C@H](C(=O)O)O1;CN[C@H]1[C@@H]2CN(C(=O)OC(C)(C)C)C[C@@H]21;R69,1,,,
CC(C)OCC1(C(=O)N2C[C@@H]3[C@H](C2)[C@H]3N(C)C(=O)[C@H]2CC[C@@H](C)O2)CC1,CC(C)OCC1(C(=O)N(C)[C@H]2[C@@H]3CN(C(=O)[C@H]4CC[C@@H](C(N)=O)O4)C[C@@H]32)CC1,0.581,O[C@H]1CCc2cc(Br)ccc21;CC(C)OCC1(C(=O)O)CC1;NC(=O)[C@@H]1CC[C@H](C(=O)O)O1;CN[C@H]1[C@@H]2CN(C(=O)OC(C)(C)C)C[C@@H]21;R69,1,,,
CC(C)OCC1(C(=O)N2C[C@@H]3[C@H](C2)[C@H]3N(C)C(=O)[C@H]2CC[C@@H](C)O2)CC1,CC(C)OCC1(C(=O)N(C)C[C@@H]2[C@H]3CN(C(=O)C4CCC(C)O4)C[C@@H]23)CC1,0.581,O[C@H]1CCc2cc(Br)ccc21;CC(C)OCC1(C(=O)O)CC1;CC1CCC(C(=O)O)O1;CNC[C@@H]1[C@H]2CN(C(=O)OC(C)(C)C)C[C@@H]12;R69,1,,,
CC(C)OCC1(C(=O)N2C[C@@H]3[C@H](C2)[C@H]3N(C)C(=O)[C@H]2CC[C@@H](C)O2)CC1,CC(C)OCC1(C(=O)N(C)[C@H]2[C@@H]3CN(C(=O)C4COCC(C)O4)C[C@@H]32)CC1,0.581,O[C@H]1CCc2cc(Br)ccc21;CC(C)OCC1(C(=O)O)CC1;CC1COCC(C(=O)O)O1;CN[C@H]1[C@@H]2CN(C(=O)OC(C)(C)C)C[C@@H]21;R69,1,,,
CC(C)OCC1(C(=O)N2C[C@@H]3[C@H](C2)[C@H]3N(C)C(=O)[C@H]2CC[C@@H](C)O2)CC1,CC(C)OCC1(C(=O)N(C)[C@H]2[C@@H]3CN(C(=O)[C@H]4CN(C)C[C@@H](C)O4)C[C@@H]32)CC1,0.581,O[C@H]1CCc2cc(Br)ccc21;CC(C)OCC1(C(=O)O)CC1;C[C@@H]1CN(C)C[C@H](C(=O)O)O1;CN[C@H]1[C@@H]2CN(C(=O)OC(C)(C)C)C[C@@H]21;R69,1,,,
CC(C)OCC1(C(=O)N2C[C@@H]3[C@H](C2)[C@H]3N(C)C(=O)[C@H]2CC[C@@H](C)O2)CC1,CC(C)OCC1(C(=O)N(C)C2CCC3CN(C(=O)C4CCC(C)O4)CC32)CC1,0.578,O[C@H]1CCc2cc(Br)ccc21;CC(C)OCC1(C(=O)O)CC1;CC1CCC(C(=O)O)O1;CNC1CCC2CN(C(=O)OC(C)(C)C)CC21;R69,1,,,
CC(C)OCC1(C(=O)N2C[C@@H]3[C@H](C2)[C@H]3N(C)C(=O)[C@H]2CC[C@@H](C)O2)CC1,CC(C)OCC1(C(=O)N(C)[C@H]2[C@@H]3CN(C(=O)[C@H]4C[C@@H](C)O[C@@H](C)C4)C[C@@H]32)CC1,0.574,O[C@H]1CCc2cc(Br)ccc21;CC(C)OCC1(C(=O)O)CC1;C[C@@H]1C[C@H](C(=O)O)C[C@H](C)O1;CN[C@H]1[C@@H]2CN(C(=O)OC(C)(C)C)C[C@@H]21;R69,1,,,
CC(C)OCC1(C(=O)N2C[C@@H]3[C@H](C2)[C@H]3N(C)C(=O)[C@H]2CC[C@@H](C)O2)CC1,CC[C@@H]1CC[C@H](C(=O)N2C[C@@H]3[C@H](C2)[C@H]3N(C)C(=O)C2(COC(C)C)CC2)O1,0.571,O[C@H]1CCc2cc(Br)ccc21;CC(C)OCC1(C(=O)O)CC1;CC[C@@H]1CC[C@H](C(=O)O)O1;CN[C@H]1[C@@H]2CN(C(=O)OC(C)(C)C)C[C@@H]21;R69,1,,,
CC(C)OCC1(C(=O)N2C[C@@H]3[C@H](C2)[C@H]3N(C)C(=O)[C@H]2CC[C@@H](C)O2)CC1,COC(=O)[C@@H]1CC[C@H](C(=O)N2C[C@@H]3[C@H](C2)[C@H]3N(C)C(=O)C2(COC(C)C)CC2)O1,0.571,O[C@H]1CCc2cc(Br)ccc21;CC(C)OCC1(C(=O)O)CC1;COC(=O)[C@@H]1CC[C@H](C(=O)O)O1;CN[C@H]1[C@@H]2CN(C(=O)OC(C)(C)C)C[C@@H]21;R69,1,,,
CC(C)OCC1(C(=O)N2C[C@@H]3[C@H](C2)[C@H]3N(C)C(=O)[C@H]2CC[C@@H](C)O2)CC1,CC(C)OCC1(C(=O)N(C)[C@H]2[C@@H]3CN(C(=O)[C@H]4CNC[C@@H](C)O4)C[C@@H]32)CC1,0.571,O[C@H]1CCc2cc(Br)ccc21;CC(C)OCC1(C(=O)O)CC1;C[C@@H]1CNC[C@H](C(=O)O)O1;CN[C@H]1[C@@H]2CN(C(=O)OC(C)(C)C)C[C@@H]21;R69,1,,,
CC(C)OCC1(C(=O)N2C[C@@H]3[C@H](C2)[C@H]3N(C)C(=O)[C@H]2CC[C@@H](C)O2)CC1,CC(C)OCC1(C(=O)N(C)[C@H]2[C@@H]3CN(C(=O)C4CCO4)C[C@@H]32)CC1,0.567,O[C@H]1CCc2cc(Br)ccc21;CC(C)OCC1(C(=O)O)CC1;O=C(O)C1CCO1;CN[C@H]1[C@@H]2CN(C(=O)OC(C)(C)C)C[C@@H]21;R69,1,,,
CC(C)OCC1(C(=O)N2C[C@@H]3[C@H](C2)[C@H]3N(C)C(=O)[C@H]2CC[C@@H](C)O2)CC1,CC(C)OCC1(C(=O)N(C)[C@H]2[C@@H]3CN(C(=O)[C@@H]4CC[C@H](C(F)F)O4)C[C@@H]32)CC1,0.562,O[C@H]1CCc2cc(Br)ccc21;CC(C)OCC1(C(=O)O)CC1;O=C(O)[C@@H]1CC[C@H](C(F)F)O1;CN[C@H]1[C@@H]2CN(C(=O)OC(C)(C)C)C[C@@H]21;R69,1,,,
CC(C)OCC1(C(=O)N2C[C@@H]3[C@H](C2)[C@H]3N(C)C(=O)[C@H]2CC[C@@H](C)O2)CC1,CC(C)OCC1(C(=O)N(C)[C@H]2[C@@H]3CN(C(=O)[C@H]4CC[C@@H](CN(C)C)O4)C[C@@H]32)CC1,0.562,O[C@H]1CCc2cc(Br)ccc21;CC(C)OCC1(C(=O)O)CC1;CN(C)C[C@@H]1CC[C@H](C(=O)O)O1;CN[C@H]1[C@@H]2CN(C(=O)OC(C)(C)C)C[C@@H]21;R69,1,,,
CC(C)OCC1(C(=O)N2C[C@@H]3[C@H](C2)[C@H]3N(C)C(=O)[C@H]2CC[C@@H](C)O2)CC1,CC1CCC(C(=O)N(C)[C@H]2[C@@H]3CN(C(=O)OC(C)(C)C)C[C@@H]32)O1,0.561,O[C@H]1CCc2cc(Br)ccc21;CC(C)OCC1(C(=O)O)CC1;CC1CCC(C(=O)O)O1;CN[C@H]1[C@@H]2CN(C(=O)OC(C)(C)C)C[C@@H]21;R8,1,,,
CC(C)OCC1(C(=O)N2C[C@@H]3[C@H](C2)[C@H]3N(C)C(=O)[C@H]2CC[C@@H](C)O2)CC1,CC(C)OCC1(C(=O)N(C)[C@H]2[C@@H]3CN(C(=O)[C@H]4CO[C@H](C)CO4)C[C@@H]32)CC1,0.556,O[C@H]1CCc2cc(Br)ccc21;CC(C)OCC1(C(=O)O)CC1;C[C@@H]1CO[C@@H](C(=O)O)CO1;CN[C@H]1[C@@H]2CN(C(=O)OC(C)(C)C)C[C@@H]21;R69,1,,,
CC(C)OCC1(C(=O)N2C[C@@H]3[C@H](C2)[C@H]3N(C)C(=O)[C@H]2CC[C@@H](C)O2)CC1,CC(C)OCC1(C(=O)N(C)[C@H]2[C@@H]3CN(C(=O)C4CC(C)OC4C)C[C@@H]32)CC1,0.556,O=C(O)C1CCc2cc(Br)ccc21;CC(C)OCC1(C(=O)O)CC1;CC1CC(C(=O)O)C(C)O1;CN[C@H]1[C@@H]2CN(C(=O)OC(C)(C)C)C[C@@H]21;R69,1,,,
CC(C)OCC1(C(=O)N2C[C@@H]3[C@H](C2)[C@H]3N(C)C(=O)[C@H]2CC[C@@H](C)O2)CC1,CC(C)OCC1(C(=O)N(C)[C@@H]2CN(C(=O)C3CCC(C)O3)C[C@H]2O)CC1,0.547,O[C@H]1CCc2cc(Br)ccc21;CC(C)OCC1(C(=O)O)CC1;CC1CCC(C(=O)O)O1;CN[C@@H]1CN(C(=O)OC(C)(C)C)C[C@H]1O;R69,1,,,
CC(C)OCC1(C(=O)N2C[C@@H]3[C@H](C2)[C@H]3N(C)C(=O)[C@H]2CC[C@@H](C)O2)CC1,CC(C)OCC1(C(=O)N(C)[C@H]2[C@@H]3CN(C(=O)C4C(C)CC4C)C[C@@H]32)CC1,0.525,O=C(O)C1CCc2cc(Br)ccc21;CC(C)OCC1(C(=O)O)CC1;CC1CC(C)C1C(=O)O;CN[C@H]1[C@@H]2CN(C(=O)OC(C)(C)C)C[C@@H]21;R69,1,,,
CC(C)OCC1(C(=O)N2C[C@@H]3[C@H](C2)[C@H]3N(C)C(=O)[C@H]2CC[C@@H](C)O2)CC1,CC(C)OCC1(C(=O)N(C)[C@H]2[C@@H]3CN(C(=O)[C@@H]4CO[C@@H](C(=O)O)CO4)C[C@@H]32)CC1,0.508,O[C@H]1CCc2cc(Br)ccc21;CC(C)OCC1(C(=O)O)CC1;O=C(O)[C@@H]1CO[C@@H](C(=O)O)CO1;CN[C@H]1[C@@H]2CN(C(=O)OC(C)(C)C)C[C@@H]21;R69,1,,,
CC(C)OCC1(C(=O)N2C[C@@H]3[C@H](C2)[C@H]3N(C)C(=O)[C@H]2CC[C@@H](C)O2)CC1,CC(C)OCC1(C(=O)N(C)[C@H]2[C@@H]3CN(C(=O)[C@H]4CO[C@H](C(=O)O)CO4)C[C@@H]32)CC1,0.508,O[C@H]1CCc2cc(Br)ccc21;CC(C)OCC1(C(=O)O)CC1;O=C(O)[C@@H]1CO[C@@H](C(=O)O)CO1;CN[C@H]1[C@@H]2CN(C(=O)OC(C)(C)C)C[C@@H]21;R69,1,,,
CC(C)OCC1(C(=O)N2C[C@@H]3[C@H](C2)[C@H]3N(C)C(=O)[C@H]2CC[C@@H](C)O2)CC1,CN(C)C(=O)[C@@H]1CC[C@H](C(=O)N(C)[C@H]2[C@@H]3CN(C(=O)OC(C)(C)C)C[C@@H]32)O1,0.443,O[C@H]1CCc2cc(Br)ccc21;CC(C)OCC1(C(=O)O)CC1;CN(C)C(=O)[C@@H]1CC[C@H](C(=O)O)O1;CN[C@H]1[C@@H]2CN(C(=O)OC(C)(C)C)C[C@@H]21;R8,1,,,
CC(C)OCC1(C(=O)N2C[C@@H]3[C@H](C2)[C@H]3N(C)C(=O)[C@H]2CC[C@@H](C)O2)CC1,CC[C@@H]1CC[C@H](C(=O)N(C)[C@H]2[C@@H]3CN(C(=O)OC(C)(C)C)C[C@@H]32)O1,0.438,O[C@H]1CCc2cc(Br)ccc21;CC(C)OCC1(C(=O)O)CC1;CC[C@@H]1CC[C@H](C(=O)O)O1;CN[C@H]1[C@@H]2CN(C(=O)OC(C)(C)C)C[C@@H]21;R8,1,,,
CC(C)OCC1(C(=O)N2C[C@@H]3[C@H](C2)[C@H]3N(C)C(=O)[C@H]2CC[C@@H](C)O2)CC1,CN(C(=O)[C@@H]1CC[C@H](C(F)F)O1)[C@H]1[C@@H]2CN(C(=O)OC(C)(C)C)C[C@@H]21,0.431,O[C@H]1CCc2cc(Br)ccc21;CC(C)OCC1(C(=O)O)CC1;O=C(O)[C@@H]1CC[C@H](C(F)F)O1;CN[C@H]1[C@@H]2CN(C(=O)OC(C)(C)C)C[C@@H]21;R8,1,,,
CC(C)OCC1(C(=O)N2C[C@@H]3[C@H](C2)[C@H]3N(C)C(=O)[C@H]2CC[C@@H](C)O2)CC1,CN(C)C[C@@H]1CC[C@H](C(=O)N(C)[C@H]2[C@@H]3CN(C(=O)OC(C)(C)C)C[C@@H]32)O1,0.431,O[C@H]1CCc2cc(Br)ccc21;CC(C)OCC1(C(=O)O)CC1;CN(C)C[C@@H]1CC[C@H](C(=O)O)O1;CN[C@H]1[C@@H]2CN(C(=O)OC(C)(C)C)C[C@@H]21;R8,1,,,
CC(C)OCC1(C(=O)N2C[C@@H]3[C@H](C2)[C@H]3N(C)C(=O)[C@H]2CC[C@@H](C)O2)CC1,CN(C(=O)[C@H]1CC[C@@H](C(=O)O)O1)[C@H]1[C@@H]2CN(C(=O)OC(C)(C)C)C[C@@H]21,0.429,O[C@H]1CCc2cc(Br)ccc21;CC(C)OCC1(C(=O)O)CC1;O=C(O)[C@@H]1CC[C@H](C(=O)O)O1;CN[C@H]1[C@@H]2CN(C(=O)OC(C)(C)C)C[C@@H]21;R8,1,,,
CC(C)OCC1(C(=O)N2C[C@@H]3[C@H](C2)[C@H]3N(C)C(=O)[C@H]2CC[C@@H](C)O2)CC1,CN(C(=O)[C@@H]1CC[C@H](C(=O)O)O1)[C@H]1[C@@H]2CN(C(=O)OC(C)(C)C)C[C@@H]21,0.429,O[C@H]1CCc2cc(Br)ccc21;CC(C)OCC1(C(=O)O)CC1;O=C(O)[C@@H]1CC[C@H](C(=O)O)O1;CN[C@H]1[C@@H]2CN(C(=O)OC(C)(C)C)C[C@@H]21;R8,1,,,
CC(C)OCC1(C(=O)N2C[C@@H]3[C@H](C2)[C@H]3N(C)C(=O)[C@H]2CC[C@@H](C)O2)CC1,CN(C(=O)[C@H]1CC[C@@H](C(N)=O)O1)[C@H]1[C@@H]2CN(C(=O)OC(C)(C)C)C[C@@H]21,0.429,O[C@H]1CCc2cc(Br)ccc21;CC(C)OCC1(C(=O)O)CC1;NC(=O)[C@@H]1CC[C@H](C(=O)O)O1;CN[C@H]1[C@@H]2CN(C(=O)OC(C)(C)C)C[C@@H]21;R8,1,,,
CC(C)OCC1(C(=O)N2C[C@@H]3[C@H](C2)[C@H]3N(C)C(=O)[C@H]2CC[C@@H](C)O2)CC1,CC1CCC(C(=O)N(C)C2CCC3CN(C(=O)OC(C)(C)C)CC32)O1,0.424,O[C@H]1CCc2cc(Br)ccc21;CC(C)OCC1(C(=O)O)CC1;CC1CCC(C(=O)O)O1;CNC1CCC2CN(C(=O)OC(C)(C)C)CC21;R8,1,,,
CC(C)OCC1(C(=O)N2C[C@@H]3[C@H](C2)[C@H]3N(C)C(=O)[C@H]2CC[C@@H](C)O2)CC1,COC(=O)[C@@H]1CC[C@H](C(=O)N(C)[C@H]2[C@@H]3CN(C(=O)OC(C)(C)C)C[C@@H]32)O1,0.422,O[C@H]1CCc2cc(Br)ccc21;CC(C)OCC1(C(=O)O)CC1;COC(=O)[C@@H]1CC[C@H](C(=O)O)O1;CN[C@H]1[C@@H]2CN(C(=O)OC(C)(C)C)C[C@@H]21;R8,1,,,
CC(C)OCC1(C(=O)N2C[C@@H]3[C@H](C2)[C@H]3N(C)C(=O)[C@H]2CC[C@@H](C)O2)CC1,CC1CCC(CC(=O)N(C)[C@H]2[C@@H]3CN(C(=O)OC(C)(C)C)C[C@@H]32)O1,0.394,O[C@H]1CCc2cc(Br)ccc21;CC(C)OCC1(C(=O)O)CC1;CC1CCC(CC(=O)O)O1;CN[C@H]1[C@@H]2CN(C(=O)OC(C)(C)C)C[C@@H]21;R8,1,,,
CC(C)OCC1(C(=O)N2C[C@@H]3[C@H](C2)[C@H]3N(C)C(=O)[C@H]2CC[C@@H](C)O2)CC1,CN(C(=O)C1CCO1)[C@H]1[C@@H]2CN(C(=O)OC(C)(C)C)C[C@@H]21,0.387,O[C@H]1CCc2cc(Br)ccc21;CC(C)OCC1(C(=O)O)CC1;O=C(O)C1CCO1;CN[C@H]1[C@@H]2CN(C(=O)OC(C)(C)C)C[C@@H]21;R8,1,,,
CC(C)OCC1(C(=O)N2C[C@@H]3[C@H](C2)[C@H]3N(C)C(=O)[C@H]2CC[C@@H](C)O2)CC1,C[C@@H]1CO[C@@H](C(=O)N(C)[C@H]2[C@@H]3CN(C(=O)OC(C)(C)C)C[C@@H]32)CO1,0.385,O[C@H]1CCc2cc(Br)ccc21;CC(C)OCC1(C(=O)O)CC1;C[C@@H]1CO[C@@H](C(=O)O)CO1;CN[C@H]1[C@@H]2CN(C(=O)OC(C)(C)C)C[C@@H]21;R8,1,,,
CC(C)OCC1(C(=O)N2C[C@@H]3[C@H](C2)[C@H]3N(C)C(=O)[C@H]2CC[C@@H](C)O2)CC1,C[C@@H]1C[C@H](C(=O)N(C)[C@H]2[C@@H]3CN(C(=O)OC(C)(C)C)C[C@@H]32)C[C@H](C)O1,0.375,O[C@H]1CCc2cc(Br)ccc21;CC(C)OCC1(C(=O)O)CC1;C[C@@H]1C[C@H](C(=O)O)C[C@H](C)O1;CN[C@H]1[C@@H]2CN(C(=O)OC(C)(C)C)C[C@@H]21;R8,1,,,
CC(C)OCC1(C(=O)N2C[C@@H]3[C@H](C2)[C@H]3N(C)C(=O)[C@H]2CC[C@@H](C)O2)CC1,CC1CC(C(=O)N(C)[C@H]2[C@@H]3CN(C(=O)OC(C)(C)C)C[C@@H]32)C(C)O1,0.364,O=C(O)C1CCc2cc(Br)ccc21;CC(C)OCC1(C(=O)O)CC1;CC1CC(C(=O)O)C(C)O1;CN[C@H]1[C@@H]2CN(C(=O)OC(C)(C)C)C[C@@H]21;R8,1,,,
CC(C)OCC1(C(=O)N2C[C@@H]3[C@H](C2)[C@H]3N(C)C(=O)[C@H]2CC[C@@H](C)O2)CC1,CN(C(=O)[C@H]1CO[C@H](C(=O)O)CO1)[C@H]1[C@@H]2CN(C(=O)OC(C)(C)C)C[C@@H]21,0.343,O[C@H]1CCc2cc(Br)ccc21;CC(C)OCC1(C(=O)O)CC1;O=C(O)[C@@H]1CO[C@@H](C(=O)O)CO1;CN[C@H]1[C@@H]2CN(C(=O)OC(C)(C)C)C[C@@H]21;R8,1,,,
CC(C)OCC1(C(=O)N2C[C@@H]3[C@H](C2)[C@H]3N(C)C(=O)[C@H]2CC[C@@H](C)O2)CC1,CN(C(=O)[C@@H]1CO[C@@H](C(=O)O)CO1)[C@H]1[C@@H]2CN(C(=O)OC(C)(C)C)C[C@@H]21,0.343,O[C@H]1CCc2cc(Br)ccc21;CC(C)OCC1(C(=O)O)CC1;O=C(O)[C@@H]1CO[C@@H](C(=O)O)CO1;CN[C@H]1[C@@H]2CN(C(=O)OC(C)(C)C)C[C@@H]21;R8,1,,,
CC(C)OCC1(C(=O)N2C[C@@H]3[C@H](C2)[C@H]3N(C)C(=O)[C@H]2CC[C@@H](C)O2)CC1,CC1CCC(C(=O)N[C@H]2[C@@H]3CN(C(=O)OC(C)(C)C)C[C@@H]32)O1,0.338,O[C@H]1CCc2cc(Br)ccc21;CC(C)OCC1(C(=O)O)CC1;CC1CCC(C(=O)O)O1;CC(C)(C)OC(=O)N1C[C@@H]2[C@@H](N)[C@@H]2C1;R8,1,,,
CC(C)OCC1(C(=O)N2C[C@@H]3[C@H](C2)[C@H]3N(C)C(=O)[C@H]2CC[C@@H](C)O2)CC1,CC1CC(C)C1C(=O)N(C)[C@H]1[C@@H]2CN(C(=O)OC(C)(C)C)C[C@@H]21,0.328,O=C(O)C1CCc2cc(Br)ccc21;CC(C)OCC1(C(=O)O)CC1;CC1CC(C)C1C(=O)O;CN[C@H]1[C@@H]2CN(C(=O)OC(C)(C)C)C[C@@H]21;R8,1,,,
CC(O)(CC(F)F)C(=O)Nc1ccc(-c2ccno2)cc1,CC(O)(CC(F)F)C(=O)Nc1ccc(-c2ccno2)cc1,1.000,Nc1ccc(-c2ccno2)cc1;CC(O)(CC(F)F)C(=O)O;R8,1,1.000,1.000,1.000
CC(O)(CC(F)F)C(=O)Nc1ccc(-c2ccno2)cc1,CC(C)CC(C)(O)C(=O)Nc1ccc(-c2ccno2)cc1,0.826,Nc1ccc(-c2ccno2)cc1;CC(C)CC(C)(O)C(=O)O;R8,1,1.000,0.707,0.837
CC(O)(CC(F)F)C(=O)Nc1ccc(-c2ccno2)cc1,CC(C)(CC(F)F)C(=O)Nc1ccc(-c2ccno2)cc1,0.783,Nc1ccc(-c2ccno2)cc1;CC(C)(CC(F)F)C(=O)O;R8,1,1.000,0.602,0.820
CC(O)(CC(F)F)C(=O)Nc1ccc(-c2ccno2)cc1,CCC(C)(O)C(=O)Nc1ccc(-c2ccno2)cc1,0.761,Nc1ccc(-c2ccno2)cc1;CCC(C)(O)C(=O)O;R8,1,1.000,0.827,0.899
CC(O)(CC(F)F)C(=O)Nc1ccc(-c2ccno2)cc1,CC(O)(CO)C(=O)Nc1ccc(-c2ccno2)cc1,0.761,Nc1ccc(-c2ccno2)cc1;CC(O)(CO)C(=O)O;R8,1,1.000,0.735,0.763
CC(O)(CC(F)F)C(=O)Nc1ccc(-c2ccno2)cc1,CC(O)(CC(F)F)C(=O)Nc1cccc(-c2ccno2)c1,0.760,Nc1cccc(-c2ccno2)c1;CC(O)(CC(F)F)C(=O)O;R8,1,1.000,0.649,0.828
CC(O)(CC(F)F)C(=O)Nc1ccc(-c2ccno2)cc1,CC(O)(CC(F)(F)F)C(=O)Nc1ccc(-c2ccno2)cc1,0.729,Nc1ccc(-c2ccno2)cc1;CC(O)(CC(F)(F)F)C(=O)O;R8,1,1.000,0.997,0.977
CC(O)(CC(F)F)C(=O)Nc1ccc(-c2ccno2)cc1,CCCC(C)(O)C(=O)Nc1ccc(-c2ccno2)cc1,0.729,Nc1ccc(-c2ccno2)cc1;CCCC(C)(O)C(=O)O;R8,1,1.000,0.827,0.854
CC(O)(CC(F)F)C(=O)Nc1ccc(-c2ccno2)cc1,CC(O)(CC(=O)O)C(=O)Nc1ccc(-c2ccno2)cc1,0.729,Nc1ccc(-c2ccno2)cc1;CC(O)(CC(=O)O)C(=O)O;R8,1,1.000,0.767,0.793
CC(O)(CC(F)F)C(=O)Nc1ccc(-c2ccno2)cc1,CC(O)(CCN)C(=O)Nc1ccc(-c2ccno2)cc1,0.714,Nc1ccc(-c2ccno2)cc1;CC(O)(CCN)C(=O)O;R8,1,1.000,0.784,0.861
CC(O)(CC(F)F)C(=O)Nc1ccc(-c2ccno2)cc1,COCC(C)(O)C(=O)Nc1ccc(-c2ccno2)cc1,0.714,Nc1ccc(-c2ccno2)cc1;COCC(C)(O)C(=O)O;R8,1,,,
CC(O)(CC(F)F)C(=O)Nc1ccc(-c2ccno2)cc1,CC(C)(O)C(=O)Nc1ccc(-c2ccno2)cc1,0.711,Nc1ccc(-c2ccno2)cc1;CC(C)(O)C(=O)O;R8,1,,,
CC(O)(CC(F)F)C(=O)Nc1ccc(-c2ccno2)cc1,CC(O)(CC(F)F)C(=O)Nc1ccc(-c2ccncc2)cc1,0.702,Nc1ccc(-c2ccncc2)cc1;CC(O)(CC(F)F)C(=O)O;R8,1,,,
CC(O)(CC(F)F)C(=O)Nc1ccc(-c2ccno2)cc1,CC(C)C(C)(O)C(=O)Nc1ccc(-c2ccno2)cc1,0.688,Nc1ccc(-c2ccno2)cc1;CC(C)C(C)(O)C(=O)O;R8,1,,,
CC(O)(CC(F)F)C(=O)Nc1ccc(-c2ccno2)cc1,CC(O)(CC(F)F)C(=O)Nc1ccc(-c2ncno2)cc1,0.686,Nc1ccc(-c2ncno2)cc1;CC(O)(CC(F)F)C(=O)O;R8,1,,,
CC(O)(CC(F)F)C(=O)Nc1ccc(-c2ccno2)cc1,CC(O)(CC(F)F)C(=O)Nc1ccc(-c2cnco2)cc1,0.686,Nc1ccc(-c2cnco2)cc1;CC(O)(CC(F)F)C(=O)O;R8,1,,,
CC(O)(CC(F)F)C(=O)Nc1ccc(-c2ccno2)cc1,CC(C)(C(=O)Nc1ccc(-c2ccno2)cc1)C(F)F,0.681,Nc1ccc(-c2ccno2)cc1;CC(C)(C(=O)O)C(F)F;R8,1,,,
CC(O)(CC(F)F)C(=O)Nc1ccc(-c2ccno2)cc1,CC(C)(CC(=O)Nc1ccc(-c2ccno2)cc1)CC(F)F,0.680,Nc1ccc(-c2ccno2)cc1;CC(C)(CC(=O)O)CC(F)F;R8,1,,,
CC(O)(CC(F)F)C(=O)Nc1ccc(-c2ccno2)cc1,CC(C)(CC(F)F)NC(=O)Nc1ccc(-c2ccno2)cc1,0.680,Nc1ccc(-c2ccno2)cc1;CC(C)(N)CC(F)F;R36,1,,,
CC(O)(CC(F)F)C(=O)Nc1ccc(-c2ccno2)cc1,CC(O)(CC(F)F)C(=O)Nc1ccc(-c2ccco2)cc1,0.680,Nc1ccc(-c2ccco2)cc1;CC(O)(CC(F)F)C(=O)O;R8,1,,,
CC(O)(CC(F)F)C(=O)Nc1ccc(-c2ccno2)cc1,C[C@@](O)(C(=O)Nc1ccc(-c2ccno2)cc1)C(F)(F)F,0.667,Nc1ccc(-c2ccno2)cc1;C[C@@](O)(C(=O)O)C(F)(F)F;R8,1,,,
CC(O)(CC(F)F)C(=O)Nc1ccc(-c2ccno2)cc1,CC(C)(C)C(=O)Nc1ccc(-c2ccno2)cc1,0.667,Nc1ccc(-c2ccno2)cc1;CC(C)(C)C(=O)O;R8,1,,,
CC(O)(CC(F)F)C(=O)Nc1ccc(-c2ccno2)cc1,CC(O)(C(=O)O)C(=O)Nc1ccc(-c2ccno2)cc1,0.667,Nc1ccc(-c2ccno2)cc1;CC(O)(C(=O)O)C(=O)O;R8,1,,,
CC(O)(CC(F)F)C(=O)Nc1ccc(-c2ccno2)cc1,CC(C)(CC(F)F)NC(=O)C(=O)Nc1ccc(-c2ccno2)cc1,0.667,Nc1ccc(-c2ccno2)cc1;CC(C)(N)CC(F)F;R38,1,,,
CC(O)(CC(F)F)C(=O)Nc1ccc(-c2ccno2)cc1,CC(O)(CC(F)F)C(=O)Nc1ccc(-c2ncccn2)cc1,0.660,Nc1ccc(-c2ncccn2)cc1;CC(O)(CC(F)F)C(=O)O;R8,1,,,
CC(O)(CC(F)F)C(=O)Nc1ccc(-c2ccno2)cc1,CC(O)(CC(F)F)C(=O)Nc1ccc(-c2ccc(F)cc2)cc1,0.660,Nc1ccc(-c2ccc(F)cc2)cc1;CC(O)(CC(F)F)C(=O)O;R8,1,,,
CC(O)(CC(F)F)C(=O)Nc1ccc(-c2ccno2)cc1,CC(O)(CC(F)F)C(=O)Nc1ccc(-c2ccccc2)cc1,0.660,Nc1ccc(-c2ccccc2)cc1;CC(O)(CC(F)F)C(=O)O;R8,1,,,
CC(O)(CC(F)F)C(=O)Nc1ccc(-c2ccno2)cc1,CC(O)(CC(F)F)C(=O)Nc1ccccc1-c1ccno1,0.654,Nc1ccccc1-c1ccno1;CC(O)(CC(F)F)C(=O)O;R8,1,,,
CC(O)(CC(F)F)C(=O)Nc1ccc(-c2ccno2)cc1,CC(O)(C(=O)O)C(C)(O)C(=O)Nc1ccc(-c2ccno2)cc1,0.653,Nc1ccc(-c2ccno2)cc1;CC(O)(C(=O)O)C(C)(O)C(=O)O;R8,1,,,
CC(O)(CC(F)F)C(=O)Nc1ccc(-c2ccno2)cc1,CC(C)(O)C(F)C(=O)Nc1ccc(-c2ccno2)cc1,0.653,Nc1ccc(-c2ccno2)cc1;CC(C)(O)C(F)C(=O)O;R8,1,,,
CC(O)(CC(F)F)C(=O)Nc1ccc(-c2ccno2)cc1,CC(C)(F)C(=O)Nc1ccc(-c2ccno2)cc1,0.652,Nc1ccc(-c2ccno2)cc1;CC(C)(F)C(=O)O;R8,1,,,
CC(O)(CC(F)F)C(=O)Nc1ccc(-c2ccno2)cc1,CC(F)(F)C(=O)Nc1ccc(-c2ccno2)cc1,0.652,Nc1ccc(-c2ccno2)cc1;CC(F)(F)C(=O)O;R8,1,,,
CC(O)(CC(F)F)C(=O)Nc1ccc(-c2ccno2)cc1,CC(O)(CC(F)F)C(=O)Nc1ccncc1,0.652,Nc1ccncc1;CC(O)(CC(F)F)C(=O)O;R8,1,,,
CC(O)(CC(F)F)C(=O)Nc1ccc(-c2ccno2)cc1,CC(C)(C(=O)O)C(=O)Nc1ccc(-c2ccno2)cc1,0.646,Nc1ccc(-c2ccno2)cc1;CC(C)(C(=O)O)C(=O)O;R8,1,,,
CC(O)(CC(F)F)C(=O)Nc1ccc(-c2ccno2)cc1,CC(O)(CC(F)F)C(=O)Nc1ccc(-c2ccc(N)cc2)cc1,0.646,Nc1ccc(-c2ccc(N)cc2)cc1;CC(O)(CC(F)F)C(=O)O;R8,1,,,
CC(O)(CC(F)F)C(=O)Nc1ccc(-c2ccno2)cc1,CC(O)(CC(F)F)C(=O)Nc1ccc(F)cc1,0.630,Nc1ccc(F)cc1;CC(O)(CC(F)F)C(=O)O;R8,1,,,
CC(O)(CC(F)F)C(=O)Nc1ccc(-c2ccno2)cc1,CC(O)(CC(F)F)C(=O)Nc1nc(-c2ccno2)cs1,0.630,Nc1nc(-c2ccno2)cs1;CC(O)(CC(F)F)C(=O)O;R8,1,,,
CC(O)(CC(F)F)C(=O)Nc1ccc(-c2ccno2)cc1,CC(O)(CC(=O)Nc1ccc(-c2ccno2)cc1)C(=O)O,0.627,Nc1ccc(-c2ccno2)cc1;CC(O)(CC(=O)O)C(=O)O;R8,1,,,
CC(O)(CC(F)F)C(=O)Nc1ccc(-c2ccno2)cc1,CC(C)CC(C)(O)C(=O)NC(C)(C)c1ccc(-c2ccno2)cc1,0.623,CC(C)(N)c1ccc(-c2ccno2)cc1;COC(=O)C(C)(O)CC(C)C;R49,1,,,
CC(O)(CC(F)F)C(=O)Nc1ccc(-c2ccno2)cc1,CC(O)(CCNC(=O)Nc1ccc(-c2ccno2)cc1)C(=O)O,0.593,Nc1ccc(-c2ccno2)cc1;CC(O)(CCN)C(=O)O;R36,1,,,
CC(O)(CC(F)F)C(=O)Nc1ccc(-c2ccno2)cc1,CC(O)(CCNC(=O)C(=O)Nc1ccc(-c2ccno2)cc1)C(=O)O,0.582,Nc1ccc(-c2ccno2)cc1;CC(O)(CCN)C(=O)O;R38,1,,,
CC(O)(CC(F)F)C(=O)Nc1ccc(-c2ccno2)cc1,CC(CC(F)F)(Oc1ccc(-c2ccno2)cc1)C(=O)O,0.556,Brc1ccc(-c2ccno2)cc1;CC(O)(CC(F)F)C(=O)O;R56,1,,,
CC(O)(CC(F)F)C(=O)Nc1ccc(-c2ccno2)cc1,CC(C)CC(C)(O)C(=O)Nc1nc(-c2ccno2)cs1,0.517,Nc1nc(-c2ccno2)cs1;CC(C)CC(C)(O)C(=O)O;R8,1,,,
CC(O)(CC(F)F)C(=O)Nc1ccc(-c2ccno2)cc1,CC(C)CC(C)(O)C(=O)Nc1ccc(-c2ccc(N)cc2)cc1,0.500,Nc1ccc(-c2ccc(N)cc2)cc1;CC(C)CC(C)(O)C(=O)O;R8,1,,,
CC(O)(CC(F)F)C(=O)Nc1ccc(-c2ccno2)cc1,CC(C)CC(C)(O)C(=O)Nc1ccc(F)cc1,0.500,Nc1ccc(F)cc1;CC(C)CC(C)(O)C(=O)O;R8,1,,,
CC(O)(CC(F)F)C(=O)Nc1ccc(-c2ccno2)cc1,CC(C)(CC(F)F)C(=O)Nc1nc(-c2ccno2)cs1,0.483,Nc1nc(-c2ccno2)cs1;CC(C)(CC(F)F)C(=O)O;R8,1,,,
CC(O)(CC(F)F)C(=O)Nc1ccc(-c2ccno2)cc1,CC(C)(CC(F)F)C(=O)Nc1ccc(-c2ccc(N)cc2)cc1,0.481,Nc1ccc(-c2ccc(N)cc2)cc1;CC(C)(CC(F)F)C(=O)O;R8,1,,,
CC(O)(CC(F)F)C(=O)Nc1ccc(-c2ccno2)cc1,CC(C)CC(C)(Oc1ccc(-c2ccno2)cc1)C(=O)O,0.474,Brc1ccc(-c2ccno2)cc1;CC(C)CC(C)(O)C(=O)O;R56,1,,,
CC(O)(CC(F)F)C(=O)Nc1ccc(-c2ccno2)cc1,CC(C)(CC(F)F)C(=O)Nc1ccc(F)cc1,0.460,Nc1ccc(F)cc1;CC(C)(CC(F)F)C(=O)O;R8,1,,,
CC(O)(CC(F)F)C(=O)Nc1ccc(-c2ccno2)cc1,CC(C)(CC(F)F)n1cnc2c(Nc3ccc(-c4ccno4)cc3)ncnc21,0.446,Nc1ccc(-c2ccno2)cc1;CC(C)(N)CC(F)F;R66,1,,,
CC(O)(CC(F)F)C(=O)Nc1ccc(-c2ccno2)cc1,CC(O)(CCn1cnc2c(Nc3ccc(-c4ccno4)cc3)ncnc21)C(=O)O,0.435,Nc1ccc(-c2ccno2)cc1;CC(O)(CCN)C(=O)O;R66,1,,,
CC(O)(CC(F)F)C(=O)Nc1ccc(-c2ccno2)cc1,CC(C)(CC(F)F)Nc1ncnc2c1ncn2-c1ccc(-c2ccno2)cc1,0.409,Nc1ccc(-c2ccno2)cc1;CC(C)(N)CC(F)F;R66,1,,,
CC(O)(CC(F)F)C(=O)Nc1ccc(-c2ccno2)cc1,CC(O)(CCNc1ncnc2c1ncn2-c1ccc(-c2ccno2)cc1)C(=O)O,0.394,Nc1ccc(-c2ccno2)cc1;CC(O)(CCN)C(=O)O;R66,1,,,
CC(O)(CC(F)F)C(=O)Nc1ccc(-c2ccno2)cc1,CC(C)(CC(F)F)C(=O)Cl,0.265,Nc1nc(-c2ccno2)cs1;CC(C)(CC(F)F)C(=O)O;R107,1,,,
CN1CCN(C(=O)Cc2ccc(NC(=O)C3CC3)cc2)C(C(F)F)C1,CN1CCN(C(=O)Cc2ccc(NC(=O)C3CC3)cc2)C(C(F)F)C1,1.000,CN1CCNC(C(F)F)C1;O=C(O)Cc1ccc(NC(=O)C2CC2)cc1;R8,1,1.000,1.000,1.000
CN1CCN(C(=O)Cc2ccc(NC(=O)C3CC3)cc2)C(C(F)F)C1,CN1CCN(C(=O)Cc2ccc(NC(=O)C3CCCC3)cc2)C(C(F)F)C1,0.920,CN1CCNC(C(F)F)C1;O=C(O)Cc1ccc(NC(=O)C2CCCC2)cc1;R8,1,0.900,0.760,0.915
CN1CCN(C(=O)Cc2ccc(NC(=O)C3CC3)cc2)C(C(F)F)C1,CC(C)C1CN(C)CCN1C(=O)Cc1ccc(NC(=O)C2CC2)cc1,0.824,CC(C)C1CN(C)CCN1;O=C(O)Cc1ccc(NC(=O)C2CC2)cc1;R8,1,1.000,0.828,0.737
CN1CCN(C(=O)Cc2ccc(NC(=O)C3CC3)cc2)C(C(F)F)C1,CC(=O)Nc1ccc(CC(=O)N2CCN(C)CC2C(F)F)cc1,0.784,CN1CCNC(C(F)F)C1;CC(=O)Nc1ccc(CC(=O)O)cc1;R8,1,0.561,0.912,0.910
CN1CCN(C(=O)Cc2ccc(NC(=O)C3CC3)cc2)C(C(F)F)C1,CN1CCN(C(=O)Cc2ccc(NC(N)=O)cc2)C(C(F)F)C1,0.769,CN1CCNC(C(F)F)C1;NC(=O)Nc1ccc(CC(=O)O)cc1;R8,1,0.561,0.837,0.837
CN1CCN(C(=O)Cc2ccc(NC(=O)C3CC3)cc2)C(C(F)F)C1,C#CC(=O)Nc1ccc(CC(=O)N2CCN(C)CC2C(F)F)cc1,0.759,CN1CCNC(C(F)F)C1;C#CC(=O)Nc1ccc(CC(=O)O)cc1;R8,1,0.561,0.912,0.878
CN1CCN(C(=O)Cc2ccc(NC(=O)C3CC3)cc2)C(C(F)F)C1,CN1CCN(C(=O)NCc2ccc(NC(=O)C3CC3)cc2)C(C(F)F)C1,0.745,CN1CCNC(C(F)F)C1;NCc1ccc(NC(=O)C2CC2)cc1;R36,1,0.711,0.517,0.615
CN1CCN(C(=O)Cc2ccc(NC(=O)C3CC3)cc2)C(C(F)F)C1,CN1CCN(C(=O)Nc2ccc(NC(=O)C3CC3)cc2)C(C(F)F)C1,0.745,CN1CCNC(C(F)F)C1;Nc1ccc(NC(=O)C2CC2)cc1;R36,1,0.707,0.864,0.579
CN1CCN(C(=O)Cc2ccc(NC(=O)C3CC3)cc2)C(C(F)F)C1,CN1CCN(C(=O)Cc2ccc(NC(=O)C(F)(F)F)cc2)C(C(F)F)C1,0.741,CN1CCNC(C(F)F)C1;O=C(O)Cc1ccc(NC(=O)C(F)(F)F)cc1;R8,1,0.561,0.855,0.858
CN1CCN(C(=O)Cc2ccc(NC(=O)C3CC3)cc2)C(C(F)F)C1,CC1CN(C)CCN1C(=O)Cc1ccc(NC(=O)C2CC2)cc1,0.731,CC1CN(C)CCN1;O=C(O)Cc1ccc(NC(=O)C2CC2)cc1;R8,1,1.000,0.907,0.818
CN1CCN(C(=O)Cc2ccc(NC(=O)C3CC3)cc2)C(C(F)F)C1,O=C(Nc1ccc(CC(=O)N2CCC[C@H]2C(F)F)cc1)C1CC1,0.731,FC(F)[C@@H]1CCCN1;O=C(O)Cc1ccc(NC(=O)C2CC2)cc1;R8,1,,,
CN1CCN(C(=O)Cc2ccc(NC(=O)C3CC3)cc2)C(C(F)F)C1,CN1CCN(C(=O)C(=O)NCc2ccc(NC(=O)C3CC3)cc2)C(C(F)F)C1,0.719,CN1CCNC(C(F)F)C1;NCc1ccc(NC(=O)C2CC2)cc1;R38,1,,,
CN1CCN(C(=O)Cc2ccc(NC(=O)C3CC3)cc2)C(C(F)F)C1,CN1CCN(C(=O)C(=O)Nc2ccc(NC(=O)C3CC3)cc2)C(C(F)F)C1,0.717,CN1CCNC(C(F)F)C1;Nc1ccc(NC(=O)C2CC2)cc1;R38,1,,,
CN1CCN(C(=O)Cc2ccc(NC(=O)C3CC3)cc2)C(C(F)F)C1,CN1CCN(C(=O)c2ccc(NC(=O)C3CC3)cc2)C(C(F)F)C1,0.717,CN1CCNC(C(F)F)C1;O=C(O)c1ccc(NC(=O)C2CC2)cc1;R8,1,,,
CN1CCN(C(=O)Cc2ccc(NC(=O)C3CC3)cc2)C(C(F)F)C1,O=C(Nc1ccc(CC(=O)N2CCCC[C@H]2C(F)F)cc1)C1CC1,0.717,FC(F)[C@@H]1CCCCN1;O=C(O)Cc1ccc(NC(=O)C2CC2)cc1;R8,1,,,
CN1CCN(C(=O)Cc2ccc(NC(=O)C3CC3)cc2)C(C(F)F)C1,CN1CCN(C(=O)Cc2ccc(NC(=O)C3CC3)cc2)C(C2CC2)C1,0.704,CN1CCNC(C2CC2)C1;O=C(O)Cc1ccc(NC(=O)C2CC2)cc1;R8,1,,,
CN1CCN(C(=O)Cc2ccc(NC(=O)C3CC3)cc2)C(C(F)F)C1,CC(C)CC1CN(C)CCN1C(=O)Cc1ccc(NC(=O)C2CC2)cc1,0.696,CC(C)CC1CN(C)CCN1;O=C(O)Cc1ccc(NC(=O)C2CC2)cc1;R8,1,,,
CN1CCN(C(=O)Cc2ccc(NC(=O)C3CC3)cc2)C(C(F)F)C1,CN1CCN(C(=O)Cc2ccc(NC(=O)C3CC3)cc2)C(C(C)(C)C)C1,0.691,CN1CCNC(C(C)(C)C)C1;O=C(O)Cc1ccc(NC(=O)C2CC2)cc1;R8,1,,,
CN1CCN(C(=O)Cc2ccc(NC(=O)C3CC3)cc2)C(C(F)F)C1,CN1CCN(C(=O)Cc2ccc(C3CC3)cc2)C(C(F)F)C1,0.679,CN1CCNC(C(F)F)C1;O=C(O)Cc1ccc(C2CC2)cc1;R8,1,,,
CN1CCN(C(=O)Cc2ccc(NC(=O)C3CC3)cc2)C(C(F)F)C1,O=C(Nc1ccc(CC(=O)N2CCOCC2C(F)F)cc1)C1CC1,0.679,FC(F)C1COCCN1;O=C(O)Cc1ccc(NC(=O)C2CC2)cc1;R8,1,,,
CN1CCN(C(=O)Cc2ccc(NC(=O)C3CC3)cc2)C(C(F)F)C1,CC1CCN(C)CCN1C(=O)Cc1ccc(NC(=O)C2CC2)cc1,0.667,CC1CCN(C)CCN1;O=C(O)Cc1ccc(NC(=O)C2CC2)cc1;R8,1,,,
CN1CCN(C(=O)Cc2ccc(NC(=O)C3CC3)cc2)C(C(F)F)C1,CN1CCN(C(=O)Cc2ccc(NC(=O)C3CC3)cc2)C(C2CCCCC2)C1,0.667,CN1CCNC(C2CCCCC2)C1;O=C(O)Cc1ccc(NC(=O)C2CC2)cc1;R8,1,,,
CN1CCN(C(=O)Cc2ccc(NC(=O)C3CC3)cc2)C(C(F)F)C1,CN1CCN(C(=O)c2ccc(NC(=O)C3CCC3)cc2)C(C(F)F)C1,0.661,CN1CCNC(C(F)F)C1;O=C(O)c1ccc(NC(=O)C2CCC2)cc1;R8,1,,,
CN1CCN(C(=O)Cc2ccc(NC(=O)C3CC3)cc2)C(C(F)F)C1,CN1CCN(C(=O)c2ccc(NC(=O)C3CCCC3)cc2)C(C(F)F)C1,0.661,CN1CCNC(C(F)F)C1;O=C(O)c1ccc(NC(=O)C2CCCC2)cc1;R8,1,,,
CN1CCN(C(=O)Cc2ccc(NC(=O)C3CC3)cc2)C(C(F)F)C1,CC1CN(C)CCCN1C(=O)Cc1ccc(NC(=O)C2CC2)cc1,0.643,CC1CN(C)CCCN1;O=C(O)Cc1ccc(NC(=O)C2CC2)cc1;R8,1,,,
CN1CCN(C(=O)Cc2ccc(NC(=O)C3CC3)cc2)C(C(F)F)C1,CN1CCN(C)CCN(C(=O)Cc2ccc(NC(=O)C3CC3)cc2)CC1,0.635,CN1CCNCCN(C)CC1;O=C(O)Cc1ccc(NC(=O)C2CC2)cc1;R8,1,,,
CN1CCN(C(=O)Cc2ccc(NC(=O)C3CC3)cc2)C(C(F)F)C1,CN1CCN(C(=O)Cc2ccc(NC(=O)C3CC3)cc2)CC1,0.635,CN1CCNCC1;O=C(O)Cc1ccc(NC(=O)C2CC2)cc1;R8,1,,,
CN1CCN(C(=O)Cc2ccc(NC(=O)C3CC3)cc2)C(C(F)F)C1,CC1CN(C)CCN(C(=O)Cc2ccc(NC(=O)C3CC3)cc2)C1,0.625,CC1CNCCN(C)C1;O=C(O)Cc1ccc(NC(=O)C2CC2)cc1;R8,1,,,
CN1CCN(C(=O)Cc2ccc(NC(=O)C3CC3)cc2)C(C(F)F)C1,CC(CC(=O)Nc1ccc(NC(=O)C2CC2)cc1)N1CCN(C)CC1C(F)F,0.610,CN1CCNC(C(F)F)C1;CC(=O)CC(=O)Nc1ccc(NC(=O)C2CC2)cc1;R43,1,,,
CN1CCN(C(=O)Cc2ccc(NC(=O)C3CC3)cc2)C(C(F)F)C1,CN1CCN(C(C)(CC(=O)Nc2ccc(NC(=O)C3CC3)cc2)C(=O)O)C(C(F)F)C1,0.571,CN1CCNC(C(F)F)C1;CC(=O)CC(=O)Nc1ccc(NC(=O)C2CC2)cc1;R71,1,,,
CN1CCN(C(=O)Cc2ccc(NC(=O)C3CC3)cc2)C(C(F)F)C1,O=C(Cl)Cc1ccc(NC(=O)C2CC2)cc1,0.481,CC(C)C1CN(C)CCN1;O=C(O)Cc1ccc(NC(=O)C2CC2)cc1;R107,1,,,
Cc1ncc(Br)cc1C(=O)N(C)C[C@@H](C)NC(=O)[C@@H]1COC(=O)N1,Cc1ncc(Br)cc1C(=O)N(C)CC(C)NC(=O)C1COC(=O)N1,1.000,CNCC(C)N;Cc1ncc(Br)cc1C(=O)O;R8;COC(=O)C1COC(=O)N1;R49,2,1.000,1.000,1.000
Cc1ncc(Br)cc1C(=O)N(C)C[C@@H](C)NC(=O)[C@@H]1COC(=O)N1,CC(CN(C)C(=O)c1cc(Br)cnc1Br)NC(=O)C1COC(=O)N1,0.845,CNCC(C)N;O=C(O)c1cc(Br)cnc1Br;R8;COC(=O)C1COC(=O)N1;R49,2,1.000,1.000,0.764
Cc1ncc(Br)cc1C(=O)N(C)C[C@@H](C)NC(=O)[C@@H]1COC(=O)N1,Cc1cnc(C)c(C(=O)N(C)CC(C)NC(=O)C2COC(=O)N2)c1,0.828,CNCC(C)N;Cc1cnc(C)c(C(=O)O)c1;R8;COC(=O)C1COC(=O)N1;R49,2,1.000,1.000,0.848
Cc1ncc(Br)cc1C(=O)N(C)C[C@@H](C)NC(=O)[C@@H]1COC(=O)N1,CC(CN(C)C(=O)c1cc(Br)cnc1N(C)C)NC(=O)C1COC(=O)N1,0.817,CNCC(C)N;CN(C)c1ncc(Br)cc1C(=O)O;R8;O=C1NC(C(=O)O)CO1;R8,2,1.000,0.969,0.707
Cc1ncc(Br)cc1C(=O)N(C)C[C@@H](C)NC(=O)[C@@H]1COC(=O)N1,CC(CN(C)C(=O)c1cc(Br)cnc1Cl)NC(=O)C1COC(=O)N1,0.817,CNCC(C)N;O=C(O)c1cc(Br)cnc1Cl;R8;COC(=O)C1COC(=O)N1;R49,2,1.000,1.000,0.766
Cc1ncc(Br)cc1C(=O)N(C)C[C@@H](C)NC(=O)[C@@H]1COC(=O)N1,CCc1ncc(Br)cc1C(=O)N(C)CC(C)NC(=O)C1COC(=O)N1,0.803,CNCC(C)N;CCc1ncc(Br)cc1C(=O)O;R8;O=C1NC(C(=O)O)CO1;R8,2,1.000,1.000,0.933
Cc1ncc(Br)cc1C(=O)N(C)C[C@@H](C)NC(=O)[C@@H]1COC(=O)N1,Cc1ncc(F)cc1C(=O)N(C)CC(C)NC(=O)C1COC(=O)N1,0.800,CNCC(C)N;Cc1ncc(F)cc1C(=O)O;R8;O=C1NC(C(=O)O)CO1;R8,2,1.000,0.947,0.814
Cc1ncc(Br)cc1C(=O)N(C)C[C@@H](C)NC(=O)[C@@H]1COC(=O)N1,Cc1ncc(N)cc1C(=O)N(C)CC(C)NC(=O)C1COC(=O)N1,0.800,CNCC(C)N;Cc1ncc(N)cc1C(=O)O;R8;COC(=O)C1COC(=O)N1;R49,2,1.000,0.823,0.818
Cc1ncc(Br)cc1C(=O)N(C)C[C@@H](C)NC(=O)[C@@H]1COC(=O)N1,Cc1ncc(Cl)cc1C(=O)N(C)CC(C)NC(=O)C1COC(=O)N1,0.800,CNCC(C)N;Cc1ncc(Cl)cc1C(=O)O;R8;COC(=O)C1COC(=O)N1;R49,2,1.000,1.000,0.824
Cc1ncc(Br)cc1C(=O)N(C)C[C@@H](C)NC(=O)[C@@H]1COC(=O)N1,CC(CN(C)C(=O)c1cc(Br)cnc1C(=O)O)NC(=O)C1COC(=O)N1,0.790,CNCC(C)N;O=C(O)c1cc(Br)cnc1C(=O)O;R8;COC(=O)C1COC(=O)N1;R49,2,1.000,0.768,0.843
Cc1ncc(Br)cc1C(=O)N(C)C[C@@H](C)NC(=O)[C@@H]1COC(=O)N1,CC(CN(C)C(=O)c1cc(Br)cnc1C(=O)[O-])NC(=O)C1COC(=O)N1,0.790,CNCC(C)N;O=C(O)c1cc(Br)cnc1C(=O)[O-];R8;COC(=O)C1COC(=O)N1;R49,2,,,
Cc1ncc(Br)cc1C(=O)N(C)C[C@@H](C)NC(=O)[C@@H]1COC(=O)N1,COc1ncc(Br)cc1C(=O)N(C)CC(C)NC(=O)C1COC(=O)N1,0.790,CNCC(C)N;COc1ncc(Br)cc1C(=O)O;R8;COC(=O)C1COC(=O)N1;R49,2,,,
Cc1ncc(Br)cc1C(=O)N(C)C[C@@H](C)NC(=O)[C@@H]1COC(=O)N1,CC(CN(C)C(=O)c1cc(Br)cnc1C(F)F)NC(=O)C1COC(=O)N1,0.790,CNCC(C)N;O=C(O)c1cc(Br)cnc1C(F)F;R8;COC(=O)C1COC(=O)N1;R49,2,,,
Cc1ncc(Br)cc1C(=O)N(C)C[C@@H](C)NC(=O)[C@@H]1COC(=O)N1,Cc1ncc(Br)cc1C(=O)N(C)CC(C)NC(=O)[C@@H]1CC(=O)N1,0.763,CNCC(C)N;Cc1ncc(Br)cc1C(=O)O;R8;COC(=O)[C@@H]1CC(=O)N1;R49,2,,,
Cc1ncc(Br)cc1C(=O)N(C)C[C@@H](C)NC(=O)[C@@H]1COC(=O)N1,CC(CN(C)C(=O)c1ncc(Br)cc1C(=O)O)NC(=O)C1COC(=O)N1,0.762,CNCC(C)N;O=C(O)c1cc(Br)cnc1C(=O)O;R8;COC(=O)C1COC(=O)N1;R49,2,,,
Cc1ncc(Br)cc1C(=O)N(C)C[C@@H](C)NC(=O)[C@@H]1COC(=O)N1,Cc1ncc(C(=O)N(C)CC(C)NC(=O)C2COC(=O)N2)c(O)c1Br,0.746,CNCC(C)N;Cc1ncc(C(=O)O)c(O)c1Br;R8;O=C1NC(C(=O)O)CO1;R8,2,,,
Cc1ncc(Br)cc1C(=O)N(C)C[C@@H](C)NC(=O)[C@@H]1COC(=O)N1,Cc1ncc(Br)cc1C(=O)NC(C)CN(C)C(=O)C1COC(=O)N1,0.742,CNCC(C)N;Cc1ncc(Br)cc1C(=O)O;R8;COC(=O)C1COC(=O)N1;R49,2,,,
Cc1ncc(Br)cc1C(=O)N(C)C[C@@H](C)NC(=O)[C@@H]1COC(=O)N1,Cc1ncc(Br)cc1C(=O)N(C)CC(C)NC(=O)C1CNC(=O)N1,0.738,CNCC(C)N;Cc1ncc(Br)cc1C(=O)O;R8;COC(=O)C1CNC(=O)N1;R49,2,,,
Cc1ncc(Br)cc1C(=O)N(C)C[C@@H](C)NC(=O)[C@@H]1COC(=O)N1,Cc1ncc(Br)cc1C(=O)N(C)CC(C)NC(=O)C1CCN1,0.733,CNCC(C)N;Cc1ncc(Br)cc1C(=O)O;R8;COC(=O)C1CCN1;R49,2,,,
Cc1ncc(Br)cc1C(=O)N(C)C[C@@H](C)NC(=O)[C@@H]1COC(=O)N1,Cc1ncc(Br)cc1C(=O)N(C)CC(C)NC(=O)C1COCCN1,0.730,CNCC(C)N;Cc1ncc(Br)cc1C(=O)O;R8;COC(=O)C1COCCN1;R49,2,,,
Cc1ncc(Br)cc1C(=O)N(C)C[C@@H](C)NC(=O)[C@@H]1COC(=O)N1,Cc1ncc(Br)cc1C(C)N(C)CC(C)NC(=O)C1COC(=O)N1,0.730,CNCC(C)N;CC(=O)c1cc(Br)cnc1C;R43;COC(=O)C1COC(=O)N1;R49,2,,,
Cc1ncc(Br)cc1C(=O)N(C)C[C@@H](C)NC(=O)[C@@H]1COC(=O)N1,Cc1ncc(Br)cc1C(=O)N(C)CC(C)NC(=O)C1CO1,0.729,CNCC(C)N;Cc1ncc(Br)cc1C(=O)O;R8;COC(=O)C1CO1;R49,2,,,
Cc1ncc(Br)cc1C(=O)N(C)C[C@@H](C)NC(=O)[C@@H]1COC(=O)N1,Cc1ncc(Br)cc1C(=O)N(C)CC(C)NC(=O)[C@@H]1CCC(=O)N1,0.726,CNCC(C)N;Cc1ncc(Br)cc1C(=O)O;R8;COC(=O)[C@@H]1CCC(=O)N1;R49,2,,,
Cc1ncc(Br)cc1C(=O)N(C)C[C@@H](C)NC(=O)[C@@H]1COC(=O)N1,Cc1ncc(Br)cc1C(=O)N(C)CC(C)NC(=O)C1CC(C)N1,0.721,CNCC(C)N;Cc1ncc(Br)cc1C(=O)O;R8;COC(=O)C1CC(C)N1;R49,2,,,
Cc1ncc(Br)cc1C(=O)N(C)C[C@@H](C)NC(=O)[C@@H]1COC(=O)N1,CC(=O)c1cc(Br)cnc1N(C)CC(C)NC(=O)C1COC(=O)N1,0.703,CNCC(C)N;CC(=O)c1cc(Br)cnc1Br;R103;O=C1NC(C(=O)O)CO1;R8,2,,,
Cc1ncc(Br)cc1C(=O)N(C)C[C@@H](C)NC(=O)[C@@H]1COC(=O)N1,Cc1ncc(Br)cc1C(=O)N(C)CC(C)NC(=O)[C@H]1CNCC(=O)N1,0.703,CNCC(C)N;Cc1ncc(Br)cc1C(=O)O;R8;COC(=O)[C@H]1CNCC(=O)N1;R49,2,,,
Cc1ncc(Br)cc1C(=O)N(C)C[C@@H](C)NC(=O)[C@@H]1COC(=O)N1,Cc1ncc(Br)cc1C(=O)N(C)CC(C)NC(=O)[C@H]1CCCC(=O)N1,0.703,CNCC(C)N;Cc1ncc(Br)cc1C(=O)O;R8;COC(=O)[C@H]1CCCC(=O)N1;R49,2,,,
Cc1ncc(Br)cc1C(=O)N(C)C[C@@H](C)NC(=O)[C@@H]1COC(=O)N1,Cc1ncc(Br)cc1C(=O)N(C)CC(C)NC(=O)C1CNC(=O)O1,0.703,CNCC(C)N;Cc1ncc(Br)cc1C(=O)O;R8;COC(=O)C1CNC(=O)O1;R49,2,,,
Cc1ncc(Br)cc1C(=O)N(C)C[C@@H](C)NC(=O)[C@@H]1COC(=O)N1,Cc1ncc(Br)cc1C(=O)N(C)CC(C)NC(=O)[C@@H]1C[C@@H](F)C(=O)N1,0.703,CNCC(C)N;Cc1ncc(Br)cc1C(=O)O;R8;COC(=O)[C@@H]1C[C@@H](F)C(=O)N1;R49,2,,,
Cc1ncc(Br)cc1C(=O)N(C)C[C@@H](C)NC(=O)[C@@H]1COC(=O)N1,Cc1ncc(Br)cc1C(=O)NC(C)C(C)NC(=O)C1COC(=O)N1,0.689,CC(N)C(C)N;O=C1NC(C(=O)O)CO1;R8;Cc1ncc(Br)cc1C(=O)O;R8,2,,,
Cc1ncc(Br)cc1C(=O)N(C)C[C@@H](C)NC(=O)[C@@H]1COC(=O)N1,Cc1ncc(Br)cc1C(=O)N(C)CC(C)NC(=O)C1C(=O)CCC1=O,0.689,CNCC(C)N;Cc1ncc(Br)cc1C(=O)O;R8;COC(=O)C1C(=O)CCC1=O;R49,2,,,
Cc1ncc(Br)cc1C(=O)N(C)C[C@@H](C)NC(=O)[C@@H]1COC(=O)N1,Cc1ncc(Br)cc1C(=O)N(C)CC(C)NC(=O)C1COCC1=O,0.688,CNCC(C)N;Cc1ncc(Br)cc1C(=O)O;R8;COC(=O)C1COCC1=O;R49,2,,,
Cc1ncc(Br)cc1C(=O)N(C)C[C@@H](C)NC(=O)[C@@H]1COC(=O)N1,COC(=O)C1CNC(C(=O)NC(C)CN(C)C(=O)c2cc(Br)cnc2C)CN1,0.677,CNCC(C)N;Cc1ncc(Br)cc1C(=O)O;R8;COC(=O)C1CNC(C(=O)OC)CN1;R49,2,,,
Cc1ncc(Br)cc1C(=O)N(C)C[C@@H](C)NC(=O)[C@@H]1COC(=O)N1,COC(=O)[C@@H]1C[C@@H](C(=O)NC(C)CN(C)C(=O)c2cc(Br)cnc2C)N1,0.677,CNCC(C)N;Cc1ncc(Br)cc1C(=O)O;R8;COC(=O)[C@@H]1C[C@@H](C(=O)OC)N1;R49,2,,,
Cc1ncc(Br)cc1C(=O)N(C)C[C@@H](C)NC(=O)[C@@H]1COC(=O)N1,CC(CN(C)C(=O)C(=O)Nc1ncc(Br)cc1C(=O)O)NC(=O)C1COC(=O)N1,0.667,CNCC(C)N;Nc1ncc(Br)cc1C(=O)O;R38;COC(=O)C1COC(=O)N1;R49,2,,,
Cc1ncc(Br)cc1C(=O)N(C)C[C@@H](C)NC(=O)[C@@H]1COC(=O)N1,Cc1ncc(NC(=O)C2COC(=O)N2)cc1C(=O)N(C)CC(C)N,0.652,CNCC(C)N;Cc1ncc(N)cc1C(=O)O;R8;COC(=O)C1COC(=O)N1;R49,2,,,
Cc1ncc(Br)cc1C(=O)N(C)C[C@@H](C)NC(=O)[C@@H]1COC(=O)N1,CC(CN(C)C(=O)C1COC(=O)N1)NC(=O)c1cc(Br)cnc1Br,0.646,CNCC(C)N;O=C(O)c1cc(Br)cnc1Br;R8;COC(=O)C1COC(=O)N1;R49,2,,,
Cc1ncc(Br)cc1C(=O)N(C)C[C@@H](C)NC(=O)[C@@H]1COC(=O)N1,COC(=O)[C@@H]1CO[C@@H](C(=O)NC(C)CN(C)C(=O)c2cc(Br)cnc2C)CO1,0.642,CNCC(C)N;Cc1ncc(Br)cc1C(=O)O;R8;COC(=O)[C@@H]1CO[C@@H](C(=O)OC)CO1;R49,2,,,
Cc1ncc(Br)cc1C(=O)N(C)C[C@@H](C)NC(=O)[C@@H]1COC(=O)N1,COC(=O)[C@H]1CO[C@H](C(=O)NC(C)CN(C)C(=O)c2cc(Br)cnc2C)CO1,0.642,CNCC(C)N;Cc1ncc(Br)cc1C(=O)O;R8;COC(=O)[C@@H]1CO[C@@H](C(=O)OC)CO1;R49,2,,,
Cc1ncc(Br)cc1C(=O)N(C)C[C@@H](C)NC(=O)[C@@H]1COC(=O)N1,COC(=O)C1COCC1C(=O)NC(C)CN(C)C(=O)c1cc(Br)cnc1C,0.642,CNCC(C)N;Cc1ncc(Br)cc1C(=O)O;R8;COC(=O)C1COCC1C(=O)OC;R49,2,,,
Cc1ncc(Br)cc1C(=O)N(C)C[C@@H](C)NC(=O)[C@@H]1COC(=O)N1,Cc1ncc(C(=O)O)c(Br)c1N(C)CC(C)NC(=O)C1COC(=O)N1,0.632,CNCC(C)N;Cc1ncc(C(=O)O)c(Br)c1Cl;R9;O=C1NC(C(=O)O)CO1;R8,2,,,
Cc1ncc(Br)cc1C(=O)N(C)C[C@@H](C)NC(=O)[C@@H]1COC(=O)N1,CC(CN(C)C(=O)C1COC(=O)N1)NC(=O)c1cc(Br)cnc1N(C)C,0.627,CNCC(C)N;CN(C)c1ncc(Br)cc1C(=O)O;R8;O=C1NC(C(=O)O)CO1;R8,2,,,
Cc1ncc(Br)cc1C(=O)N(C)C[C@@H](C)NC(=O)[C@@H]1COC(=O)N1,CC(CN(C)C(=O)C1COC(=O)N1)NC(=O)c1cc(Br)cnc1Cl,0.627,CNCC(C)N;O=C(O)c1cc(Br)cnc1Cl;R8;COC(=O)C1COC(=O)N1;R49,2,,,
Cc1ncc(Br)cc1C(=O)N(C)C[C@@H](C)NC(=O)[C@@H]1COC(=O)N1,COC(=O)C1CC1C(=O)NC(C)CN(C)C(=O)c1cc(Br)cnc1C,0.621,CNCC(C)N;Cc1ncc(Br)cc1C(=O)O;R8;COC(=O)C1CC1C(=O)OC;R49,2,,,
Cc1ncc(Br)cc1C(=O)N(C)C[C@@H](C)NC(=O)[C@@H]1COC(=O)N1,CCc1ncc(Br)cc1C(=O)NC(C)CN(C)C(=O)C1COC(=O)N1,0.618,CNCC(C)N;CCc1ncc(Br)cc1C(=O)O;R8;O=C1NC(C(=O)O)CO1;R8,2,,,
Cc1ncc(Br)cc1C(=O)N(C)C[C@@H](C)NC(=O)[C@@H]1COC(=O)N1,Cc1ncc(Br)cc1C(C)NC(C)CN(C)C(=O)C1COC(=O)N1,0.612,CNCC(C)N;CC(=O)c1cc(Br)cnc1C;R43;COC(=O)C1COC(=O)N1;R49,2,,,
Cc1ncc(Br)cc1C(=O)N(C)C[C@@H](C)NC(=O)[C@@H]1COC(=O)N1,CC(CN(C)C(=O)C1COC(=O)N1)NC(=O)c1cc(Br)cnc1C(=O)O,0.609,CNCC(C)N;O=C(O)c1cc(Br)cnc1C(=O)O;R8;COC(=O)C1COC(=O)N1;R49,2,,,
Cc1ncc(Br)cc1C(=O)N(C)C[C@@H](C)NC(=O)[C@@H]1COC(=O)N1,CC(CN(C)C(=O)C1COC(=O)N1)NC(=O)c1ncc(Br)cc1C(=O)O,0.609,CNCC(C)N;O=C(O)c1cc(Br)cnc1C(=O)O;R8;COC(=O)C1COC(=O)N1;R49,2,,,
Cc1ncc(Br)cc1C(=O)N(C)C[C@@H](C)NC(=O)[C@@H]1COC(=O)N1,CC(CN(C)C(=O)C1COC(=O)N1)NC(=O)c1cc(Br)cnc1C(=O)[O-],0.609,CNCC(C)N;O=C(O)c1cc(Br)cnc1C(=O)[O-];R8;COC(=O)C1COC(=O)N1;R49,2,,,
Cc1ncc(Br)cc1C(=O)N(C)C[C@@H](C)NC(=O)[C@@H]1COC(=O)N1,COc1ncc(Br)cc1C(=O)NC(C)CN(C)C(=O)C1COC(=O)N1,0.609,CNCC(C)N;COc1ncc(Br)cc1C(=O)O;R8;COC(=O)C1COC(=O)N1;R49,2,,,
Cc1ncc(Br)cc1C(=O)N(C)C[C@@H](C)NC(=O)[C@@H]1COC(=O)N1,CC(CN(C)C(=O)C1COC(=O)N1)NC(=O)c1cc(Br)cnc1C(F)F,0.609,CNCC(C)N;O=C(O)c1cc(Br)cnc1C(F)F;R8;COC(=O)C1COC(=O)N1;R49,2,,,
Cc1ncc(Br)cc1C(=O)N(C)C[C@@H](C)NC(=O)[C@@H]1COC(=O)N1,Cc1cnc(C)c(C(=O)NC(C)CN(C)C(=O)C2COC(=O)N2)c1,0.606,CNCC(C)N;Cc1cnc(C)c(C(=O)O)c1;R8;COC(=O)C1COC(=O)N1;R49,2,,,
Cc1ncc(Br)cc1C(=O)N(C)C[C@@H](C)NC(=O)[C@@H]1COC(=O)N1,CC(=O)c1cc(N(C)CC(C)NC(=O)C2COC(=O)N2)cnc1Br,0.603,CNCC(C)N;CC(=O)c1cc(Br)cnc1Br;R103;O=C1NC(C(=O)O)CO1;R8,2,,,
Cc1ncc(Br)cc1C(=O)N(C)C[C@@H](C)NC(=O)[C@@H]1COC(=O)N1,CC(=O)c1cc(Br)cnc1NC(C)CN(C)C(=O)C1COC(=O)N1,0.588,CNCC(C)N;CC(=O)c1cc(Br)cnc1Br;R103;O=C1NC(C(=O)O)CO1;R8,2,,,
Cc1ncc(Br)cc1C(=O)N(C)C[C@@H](C)NC(=O)[C@@H]1COC(=O)N1,Cc1ncc(F)cc1C(=O)NC(C)CN(C)C(=O)C1COC(=O)N1,0.588,CNCC(C)N;Cc1ncc(F)cc1C(=O)O;R8;O=C1NC(C(=O)O)CO1;R8,2,,,
Cc1ncc(Br)cc1C(=O)N(C)C[C@@H](C)NC(=O)[C@@H]1COC(=O)N1,Cc1ncc(N)cc1C(=O)NC(C)CN(C)C(=O)C1COC(=O)N1,0.588,CNCC(C)N;Cc1ncc(N)cc1C(=O)O;R8;COC(=O)C1COC(=O)N1;R49,2,,,
Cc1ncc(Br)cc1C(=O)N(C)C[C@@H](C)NC(=O)[C@@H]1COC(=O)N1,Cc1ncc(Cl)cc1C(=O)NC(C)CN(C)C(=O)C1COC(=O)N1,0.588,CNCC(C)N;Cc1ncc(Cl)cc1C(=O)O;R8;COC(=O)C1COC(=O)N1;R49,2,,,
Cc1ncc(Br)cc1C(=O)N(C)C[C@@H](C)NC(=O)[C@@H]1COC(=O)N1,Cc1ncc(C(=O)O)c(N(C)CC(C)NC(=O)C2COC(=O)N2)c1Cl,0.586,CNCC(C)N;Cc1ncc(C(=O)O)c(Br)c1Cl;R9;O=C1NC(C(=O)O)CO1;R8,2,,,
Cc1ncc(Br)cc1C(=O)N(C)C[C@@H](C)NC(=O)[C@@H]1COC(=O)N1,CC(CN(C)C(=O)C1COC(=O)N1)NC(=O)C(=O)Nc1ncc(Br)cc1C(=O)O,0.583,CNCC(C)N;Nc1ncc(Br)cc1C(=O)O;R38;COC(=O)C1COC(=O)N1;R49,2,,,
Cc1ncc(Br)cc1C(=O)N(C)C[C@@H](C)NC(=O)[C@@H]1COC(=O)N1,Cc1ncc(Br)cc1C(=O)NC(C)CN(C)C(=O)[C@@H]1CC(=O)N1,0.576,CNCC(C)N;Cc1ncc(Br)cc1C(=O)O;R8;COC(=O)[C@@H]1CC(=O)N1;R49,2,,,
Cc1ncc(Br)cc1C(=O)N(C)C[C@@H](C)NC(=O)[C@@H]1COC(=O)N1,Cc1ncc(C(=O)NC(C)CN(C)C(=O)C2COC(=O)N2)c(O)c1Br,0.571,CNCC(C)N;Cc1ncc(C(=O)O)c(O)c1Br;R8;O=C1NC(C(=O)O)CO1;R8,2,,,
Cc1ncc(Br)cc1C(=O)N(C)C[C@@H](C)NC(=O)[C@@H]1COC(=O)N1,Cc1ncc(Br)cc1C(=O)NC(C)CN(C)C(=O)C1COCCN1,0.571,CNCC(C)N;Cc1ncc(Br)cc1C(=O)O;R8;COC(=O)C1COCCN1;R49,2,,,
Cc1ncc(Br)cc1C(=O)N(C)C[C@@H](C)NC(=O)[C@@H]1COC(=O)N1,Cc1ncc(Br)cc1C(=O)NC(C)CN(C)C(=O)C1CO1,0.569,CNCC(C)N;Cc1ncc(Br)cc1C(=O)O;R8;COC(=O)C1CO1;R49,2,,,
Cc1ncc(Br)cc1C(=O)N(C)C[C@@H](C)NC(=O)[C@@H]1COC(=O)N1,COC(=O)[C@H]1CN(C(=O)NC(C)CN(C)C(=O)c2cc(Br)cnc2C)CC(=O)N1,0.568,CNCC(C)N;Cc1ncc(Br)cc1C(=O)O;R8;COC(=O)[C@H]1CNCC(=O)N1;R36,2,,,
Cc1ncc(Br)cc1C(=O)N(C)C[C@@H](C)NC(=O)[C@@H]1COC(=O)N1,COC(=O)C1COCCN1C(=O)NC(C)CN(C)C(=O)c1cc(Br)cnc1C,0.568,CNCC(C)N;Cc1ncc(Br)cc1C(=O)O;R8;COC(=O)C1COCCN1;R36,2,,,
Cc1ncc(Br)cc1C(=O)N(C)C[C@@H](C)NC(=O)[C@@H]1COC(=O)N1,Cc1ncc(Br)cc1C(=O)NC(C)CN(C)C(=O)C1CNC(=O)N1,0.559,CNCC(C)N;Cc1ncc(Br)cc1C(=O)O;R8;COC(=O)C1CNC(=O)N1;R49,2,,,
Cc1ncc(Br)cc1C(=O)N(C)C[C@@H](C)NC(=O)[C@@H]1COC(=O)N1,CC(CN(C)c1cnc(C(=O)O)c(C(=O)O)c1)NC(=O)C1COC(=O)N1,0.557,CNCC(C)N;O=C(O)c1cc(Br)cnc1C(=O)O;R103;O=C1NC(C(=O)O)CO1;R8,2,,,
Cc1ncc(Br)cc1C(=O)N(C)C[C@@H](C)NC(=O)[C@@H]1COC(=O)N1,Cc1ncc(Br)cc1C(=O)NC(C)CN(C)C(=O)C1CNC(=O)O1,0.557,CNCC(C)N;Cc1ncc(Br)cc1C(=O)O;R8;COC(=O)C1CNC(=O)O1;R49,2,,,
Cc1ncc(Br)cc1C(=O)N(C)C[C@@H](C)NC(=O)[C@@H]1COC(=O)N1,COC(=O)[C@H]1CN(C(=O)C(=O)NC(C)CN(C)C(=O)c2cc(Br)cnc2C)CC(=O)N1,0.553,CNCC(C)N;Cc1ncc(Br)cc1C(=O)O;R8;COC(=O)[C@H]1CNCC(=O)N1;R38,2,,,
Cc1ncc(Br)cc1C(=O)N(C)C[C@@H](C)NC(=O)[C@@H]1COC(=O)N1,COC(=O)C1COCCN1C(=O)C(=O)NC(C)CN(C)C(=O)c1cc(Br)cnc1C,0.553,CNCC(C)N;Cc1ncc(Br)cc1C(=O)O;R8;COC(=O)C1COCCN1;R38,2,,,
Cc1ncc(Br)cc1C(=O)N(C)C[C@@H](C)NC(=O)[C@@H]1COC(=O)N1,Cc1ncc(Br)cc1C(=O)NC(C)CN(C)C(=O)C1CCN1,0.552,CNCC(C)N;Cc1ncc(Br)cc1C(=O)O;R8;COC(=O)C1CCN1;R49,2,,,
Cc1ncc(Br)cc1C(=O)N(C)C[C@@H](C)NC(=O)[C@@H]1COC(=O)N1,Cc1ncc(Br)cc1C(=O)NC(C)CN(C)C(=O)[C@@H]1CCC(=O)N1,0.551,CNCC(C)N;Cc1ncc(Br)cc1C(=O)O;R8;COC(=O)[C@@H]1CCC(=O)N1;R49,2,,,
Cc1ncc(Br)cc1C(=O)N(C)C[C@@H](C)NC(=O)[C@@H]1COC(=O)N1,COC(=O)C1COCC1NC(C)CN(C)C(=O)c1cc(Br)cnc1C,0.549,CNCC(C)N;Cc1ncc(Br)cc1C(=O)O;R8;COC(=O)C1COCC1=O;R43,2,,,
Cc1ncc(Br)cc1C(=O)N(C)C[C@@H](C)NC(=O)[C@@H]1COC(=O)N1,Cc1ncc(Br)cc1C(=O)NC(C)CN(C)C(=O)C1CC(C)N1,0.544,CNCC(C)N;Cc1ncc(Br)cc1C(=O)O;R8;COC(=O)C1CC(C)N1;R49,2,,,
Cc1ncc(Br)cc1C(=O)N(C)C[C@@H](C)NC(=O)[C@@H]1COC(=O)N1,Cc1ncc(Br)cc1C(=O)NC(C)CN(C)C(=O)C1COCC1=O,0.543,CNCC(C)N;Cc1ncc(Br)cc1C(=O)O;R8;COC(=O)C1COCC1=O;R49,2,,,
Cc1ncc(Br)cc1C(=O)N(C)C[C@@H](C)NC(=O)[C@@H]1COC(=O)N1,COC(=O)C1CCN1C(=O)NC(C)CN(C)C(=O)c1cc(Br)cnc1C,0.542,CNCC(C)N;Cc1ncc(Br)cc1C(=O)O;R8;COC(=O)C1CCN1;R36,2,,,
Cc1ncc(Br)cc1C(=O)N(C)C[C@@H](C)NC(=O)[C@@H]1COC(=O)N1,COC(=O)[C@@H]1C[C@@H](C(=O)OC)N1C(=O)C(=O)NC(C)CN(C)C(=O)c1cc(Br)cnc1C,0.542,CNCC(C)N;Cc1ncc(Br)cc1C(=O)O;R8;COC(=O)[C@@H]1C[C@@H](C(=O)OC)N1;R38,2,,,
Cc1ncc(Br)cc1C(=O)N(C)C[C@@H](C)NC(=O)[C@@H]1COC(=O)N1,COC(=O)C1CN(C(=O)NC(C)CN(C)C(=O)c2cc(Br)cnc2C)C(C(=O)OC)CN1,0.539,CNCC(C)N;Cc1ncc(Br)cc1C(=O)O;R8;COC(=O)C1CNC(C(=O)OC)CN1;R36,2,,,
Cc1ncc(Br)cc1C(=O)N(C)C[C@@H](C)NC(=O)[C@@H]1COC(=O)N1,Cc1ncc(Br)cc1C(=O)NC(C)CN(C)C(=O)C1C(=O)CCC1=O,0.537,CNCC(C)N;Cc1ncc(Br)cc1C(=O)O;R8;COC(=O)C1C(=O)CCC1=O;R49,2,,,
Cc1ncc(Br)cc1C(=O)N(C)C[C@@H](C)NC(=O)[C@@H]1COC(=O)N1,Cc1ncc(Br)cc1C(=O)NC(C)CN(C)C(=O)[C@H]1CNCC(=O)N1,0.535,CNCC(C)N;Cc1ncc(Br)cc1C(=O)O;R8;COC(=O)[C@H]1CNCC(=O)N1;R49,2,,,
Cc1ncc(Br)cc1C(=O)N(C)C[C@@H](C)NC(=O)[C@@H]1COC(=O)N1,Cc1ncc(Br)cc1C(=O)NC(C)CN(C)C(=O)[C@H]1CCCC(=O)N1,0.535,CNCC(C)N;Cc1ncc(Br)cc1C(=O)O;R8;COC(=O)[C@H]1CCCC(=O)N1;R49,2,,,
Cc1ncc(Br)cc1C(=O)N(C)C[C@@H](C)NC(=O)[C@@H]1COC(=O)N1,Cc1ncc(Br)cc1C(=O)NC(C)CN(C)C(=O)[C@@H]1C[C@@H](F)C(=O)N1,0.535,CNCC(C)N;Cc1ncc(Br)cc1C(=O)O;R8;COC(=O)[C@@H]1C[C@@H](F)C(=O)N1;R49,2,,,
Cc1ncc(Br)cc1C(=O)N(C)C[C@@H](C)NC(=O)[C@@H]1COC(=O)N1,Cc1ncc(Br)cc1C(=O)N(C)CC(C)N1C(=O)C2COC(=O)N2C1=O,0.528,CNCC(C)N;Cc1ncc(Br)cc1C(=O)O;R8;COC(=O)C1COC(=O)N1;R52,2,,,
Cc1ncc(Br)cc1C(=O)N(C)C[C@@H](C)NC(=O)[C@@H]1COC(=O)N1,Cc1ncc(C(=O)O)c(Br)c1NC(C)CN(C)C(=O)C1COC(=O)N1,0.528,CNCC(C)N;Cc1ncc(C(=O)O)c(Br)c1Cl;R9;O=C1NC(C(=O)O)CO1;R8,2,,,
Cc1ncc(Br)cc1C(=O)N(C)C[C@@H](C)NC(=O)[C@@H]1COC(=O)N1,COC(=O)C1CCN1C(=O)C(=O)NC(C)CN(C)C(=O)c1cc(Br)cnc1C,0.527,CNCC(C)N;Cc1ncc(Br)cc1C(=O)O;R8;COC(=O)C1CCN1;R38,2,,,
Cc1ncc(Br)cc1C(=O)N(C)C[C@@H](C)NC(=O)[C@@H]1COC(=O)N1,COC(=O)C1CN(C(=O)C(=O)NC(C)CN(C)C(=O)c2cc(Br)cnc2C)C(C(=O)OC)CN1,0.526,CNCC(C)N;Cc1ncc(Br)cc1C(=O)O;R8;COC(=O)C1CNC(C(=O)OC)CN1;R38,2,,,
Cc1ncc(Br)cc1C(=O)N(C)C[C@@H](C)NC(=O)[C@@H]1COC(=O)N1,CNCC(C)NC(=O)c1cc(NC(=O)C2COC(=O)N2)cnc1C,0.521,CNCC(C)N;Cc1ncc(N)cc1C(=O)O;R8;COC(=O)C1COC(=O)N1;R49,2,,,
Cc1ncc(Br)cc1C(=O)N(C)C[C@@H](C)NC(=O)[C@@H]1COC(=O)N1,COC(=O)C1CNC(C(=O)N(C)CC(C)NC(=O)c2cc(Br)cnc2C)CN1,0.514,CNCC(C)N;Cc1ncc(Br)cc1C(=O)O;R8;COC(=O)C1CNC(C(=O)OC)CN1;R49,2,,,
Cc1ncc(Br)cc1C(=O)N(C)C[C@@H](C)NC(=O)[C@@H]1COC(=O)N1,CNCC(C)N(C(=O)C1COC(=O)N1)C(C)c1cc(Br)cnc1C,0.514,CNCC(C)N;CC(=O)c1cc(Br)cnc1C;R43;COC(=O)C1COC(=O)N1;R49,2,,,
Cc1ncc(Br)cc1C(=O)N(C)C[C@@H](C)NC(=O)[C@@H]1COC(=O)N1,COC(=O)[C@@H]1C[C@@H](C(=O)N(C)CC(C)NC(=O)c2cc(Br)cnc2C)N1,0.514,CNCC(C)N;Cc1ncc(Br)cc1C(=O)O;R8;COC(=O)[C@@H]1C[C@@H](C(=O)OC)N1;R49,2,,,
Cc1ncc(Br)cc1C(=O)N(C)C[C@@H](C)NC(=O)[C@@H]1COC(=O)N1,COC(=O)C(CO)NC(C)CN(C)C(=O)c1cc(Br)cnc1C,0.507,CNCC(C)N;Cc1ncc(Br)cc1C(=O)O;R8;COC(=O)C1CO1;R58,2,,,
Cc1ncc(Br)cc1C(=O)N(C)C[C@@H](C)NC(=O)[C@@H]1COC(=O)N1,COC(=O)C(O)CNC(C)CN(C)C(=O)c1cc(Br)cnc1C,0.507,CNCC(C)N;Cc1ncc(Br)cc1C(=O)O;R8;COC(=O)C1CO1;R58,2,,,
Cc1ncc(Br)cc1C(=O)N(C)C[C@@H](C)NC(=O)[C@@H]1COC(=O)N1,COC(=O)[C@@H]1CO[C@@H](C(=O)N(C)CC(C)NC(=O)c2cc(Br)cnc2C)CO1,0.507,CNCC(C)N;Cc1ncc(Br)cc1C(=O)O;R8;COC(=O)[C@@H]1CO[C@@H](C(=O)OC)CO1;R49,2,,,
Cc1ncc(Br)cc1C(=O)N(C)C[C@@H](C)NC(=O)[C@@H]1COC(=O)N1,COC(=O)[C@H]1CO[C@H](C(=O)N(C)CC(C)NC(=O)c2cc(Br)cnc2C)CO1,0.507,CNCC(C)N;Cc1ncc(Br)cc1C(=O)O;R8;COC(=O)[C@@H]1CO[C@@H](C(=O)OC)CO1;R49,2,,,
Cc1ncc(Br)cc1C(=O)N(C)C[C@@H](C)NC(=O)[C@@H]1COC(=O)N1,COC(=O)C1COCC1C(=O)N(C)CC(C)NC(=O)c1cc(Br)cnc1C,0.507,CNCC(C)N;Cc1ncc(Br)cc1C(=O)O;R8;COC(=O)C1COCC1C(=O)OC;R49,2,,,
Cc1ncc(Br)cc1C(=O)N(C)C[C@@H](C)NC(=O)[C@@H]1COC(=O)N1,CC(=O)c1cc(NC(C)CN(C)C(=O)C2COC(=O)N2)cnc1Br,0.500,CNCC(C)N;CC(=O)c1cc(Br)cnc1Br;R103;O=C1NC(C(=O)O)CO1;R8,2,,,
Cc1ncc(Br)cc1C(=O)N(C)C[C@@H](C)NC(=O)[C@@H]1COC(=O)N1,Cc1ncc(Br)cc1C(=O)N(C)CC(C)N1C(=O)C2COCCN2C1=O,0.493,CNCC(C)N;Cc1ncc(Br)cc1C(=O)O;R8;COC(=O)C1COCCN1;R52,2,,,
Cc1ncc(Br)cc1C(=O)N(C)C[C@@H](C)NC(=O)[C@@H]1COC(=O)N1,CNCC(C)N(C(=O)C1COC(=O)N1)c1ncc(Br)cc1C(C)=O,0.493,CNCC(C)N;CC(=O)c1cc(Br)cnc1Br;R103;O=C1NC(C(=O)O)CO1;R8,2,,,
Cc1ncc(Br)cc1C(=O)N(C)C[C@@H](C)NC(=O)[C@@H]1COC(=O)N1,Cc1ncc(C(=O)O)c(NC(C)CN(C)C(=O)C2COC(=O)N2)c1Cl,0.486,CNCC(C)N;Cc1ncc(C(=O)O)c(Br)c1Cl;R9;O=C1NC(C(=O)O)CO1;R8,2,,,
Cc1ncc(Br)cc1C(=O)N(C)C[C@@H](C)NC(=O)[C@@H]1COC(=O)N1,COC(=O)C1CC1C(=O)N(C)CC(C)NC(=O)c1cc(Br)cnc1C,0.486,CNCC(C)N;Cc1ncc(Br)cc1C(=O)O;R8;COC(=O)C1CC1C(=O)OC;R49,2,,,
CC(NS(=O)(=O)N1CCC[C@H]2CNC[C@H]21)c1ccc(Br)s1,C[C@H](NC(=O)C(=O)NS(=O)(=O)N1CCC[C@@H]2CCCC[C@@H]21)c1ccc(Br)s1,0.581,C[C@H](N)c1ccc(Br)s1;NS(=O)(=O)N1CCC[C@@H]2CCCC[C@@H]21;R38,1,0.586,0.364,0.582
CC(NS(=O)(=O)N1CCC[C@H]2CNC[C@H]21)c1ccc(Br)s1,C[C@H](NC(=O)N1CC2CNCC2C1)c1ccc(Br)s1,0.483,C[C@H](N)c1ccc(Br)s1;C1NCC2CNCC12;R36,1,0.464,0.413,0.378
CC(NS(=O)(=O)N1CCC[C@H]2CNC[C@H]21)c1ccc(Br)s1,C[C@H](NC(=O)N1CC(C2CNC2)C1)c1ccc(Br)s1,0.475,C[C@H](N)c1ccc(Br)s1;C1NCC1C1CNC1;R36,1,0.456,0.401,0.353
CC(NS(=O)(=O)N1CCC[C@H]2CNC[C@H]21)c1ccc(Br)s1,CC(c1ccc(Br)s1)N(CC#N)C(=O)C(=O)N1CCC[C@H]2CNC[C@H]21,0.472,CC(NCCO)c1ccc(Br)s1;R114;C1CN[C@@H]2CNC[C@@H]2C1;R38,2,0.596,0.542,0.456
CC(NS(=O)(=O)N1CCC[C@H]2CNC[C@H]21)c1ccc(Br)s1,C[C@H](NC(=O)C(=O)N1CC2CNCC2C1)c1ccc(Br)s1,0.468,C[C@H](N)c1ccc(Br)s1;C1NCC2CNCC12;R38,1,0.448,0.294,0.392
CC(NS(=O)(=O)N1CCC[C@H]2CNC[C@H]21)c1ccc(Br)s1,C[C@H](NC(=O)C(=O)N1CC(C2CNC2)C1)c1ccc(Br)s1,0.460,C[C@H](N)c1ccc(Br)s1;C1NCC1C1CNC1;R38,1,0.441,0.296,0.372
CC(NS(=O)(=O)N1CCC[C@H]2CNC[C@H]21)c1ccc(Br)s1,C[C@H](NC(=O)N1C[C@H]2CCCN(C)[C@H]2C1)c1ccc(Br)s1,0.455,C[C@H](N)c1ccc(Br)s1;CN1CCC[C@@H]2CNC[C@@H]21;R36,1,0.406,0.663,0.462
CC(NS(=O)(=O)N1CCC[C@H]2CNC[C@H]21)c1ccc(Br)s1,CC(NCC#N)c1ccc(N2CCC[C@H]3CNC[C@H]32)s1,0.455,CC(NCCO)c1ccc(Br)s1;R114;C1CN[C@@H]2CNC[C@@H]2C1;R9,2,0.491,0.425,0.422
CC(NS(=O)(=O)N1CCC[C@H]2CNC[C@H]21)c1ccc(Br)s1,C[C@H](NC(=O)N1CCC2C(CCCN2C)C1)c1ccc(Br)s1,0.448,C[C@H](N)c1ccc(Br)s1;CN1CCCC2CNCCC21;R36,1,0.415,0.474,0.434
CC(NS(=O)(=O)N1CCC[C@H]2CNC[C@H]21)c1ccc(Br)s1,C[C@H](NC(=O)N1C[C@H]2CCCC[C@H]2C1)c1ccc(Br)s1,0.443,C[C@H](N)c1ccc(Br)s1;C1CC[C@H]2CNC[C@H]2C1;R36,1,0.439,0.503,0.389
CC(NS(=O)(=O)N1CCC[C@H]2CNC[C@H]21)c1ccc(Br)s1,C[C@H](NC(=O)N1C[C@H]2CCC[C@H]2C1)c1ccc(Br)s1,0.443,C[C@H](N)c1ccc(Br)s1;C1C[C@@H]2CNC[C@@H]2C1;R36,1,,,
CC(NS(=O)(=O)N1CCC[C@H]2CNC[C@H]21)c1ccc(Br)s1,C[C@H](NC(=O)C(=O)N1C[C@H]2CCCN(C)[C@H]2C1)c1ccc(Br)s1,0.441,C[C@H](N)c1ccc(Br)s1;CN1CCC[C@@H]2CNC[C@@H]21;R38,1,,,
CC(NS(=O)(=O)N1CCC[C@H]2CNC[C@H]21)c1ccc(Br)s1,C[C@H](NC(=O)N1CCC(C2CCCC2)C1)c1ccc(Br)s1,0.438,C[C@H](N)c1ccc(Br)s1;C1CCC(C2CCNC2)C1;R36,1,,,
CC(NS(=O)(=O)N1CCC[C@H]2CNC[C@H]21)c1ccc(Br)s1,C[C@H](NC(=O)N1CCC2CCCCC2C1)c1ccc(Br)s1,0.438,C[C@H](N)c1ccc(Br)s1;C1CCC2CNCCC2C1;R36,1,,,
CC(NS(=O)(=O)N1CCC[C@H]2CNC[C@H]21)c1ccc(Br)s1,C[C@H](NC(=O)N1CC2CCCCCCC2C1)c1ccc(Br)s1,0.435,C[C@H](N)c1ccc(Br)s1;C1CCCC2CNCC2CC1;R36,1,,,
CC(NS(=O)(=O)N1CCC[C@H]2CNC[C@H]21)c1ccc(Br)s1,C[C@H](NC(=O)N1CC2CCCCCC2C1)c1ccc(Br)s1,0.435,C[C@H](N)c1ccc(Br)s1;C1CCC2CNCC2CC1;R36,1,,,
CC(NS(=O)(=O)N1CCC[C@H]2CNC[C@H]21)c1ccc(Br)s1,C[C@H](NC(=O)N1CC(C2CCCC2)C1)c1ccc(Br)s1,0.435,C[C@H](N)c1ccc(Br)s1;C1CCC(C2CNC2)C1;R36,1,,,
CC(NS(=O)(=O)N1CCC[C@H]2CNC[C@H]21)c1ccc(Br)s1,C[C@H](NC(=O)N1CC(C2CCC2)C1)c1ccc(Br)s1,0.435,C[C@H](N)c1ccc(Br)s1;C1CC(C2CNC2)C1;R36,1,,,
CC(NS(=O)(=O)N1CCC[C@H]2CNC[C@H]21)c1ccc(Br)s1,CC(NC(=O)N1CCC[C@H]2CNC[C@H]21)c1cc(Br)c(Cl)s1,0.435,CC(N)c1cc(Br)c(Cl)s1;C1CN[C@@H]2CNC[C@@H]2C1;R36,1,,,
CC(NS(=O)(=O)N1CCC[C@H]2CNC[C@H]21)c1ccc(Br)s1,C[C@H](NC(=O)C(=O)N1CCC2C(CCCN2C)C1)c1ccc(Br)s1,0.435,C[C@H](N)c1ccc(Br)s1;CN1CCCC2CNCCC21;R38,1,,,
CC(NS(=O)(=O)N1CCC[C@H]2CNC[C@H]21)c1ccc(Br)s1,C[C@H](NC(=O)N1CCC2C(CCCN2C2CC2)C1)c1ccc(Br)s1,0.435,C[C@H](N)c1ccc(Br)s1;C1CC2CNCCC2N(C2CC2)C1;R36,1,,,
CC(NS(=O)(=O)N1CCC[C@H]2CNC[C@H]21)c1ccc(Br)s1,C[C@H](NC(=O)N1CC(S(=O)(=O)N2CCCC2)C1)c1ccc(Br)s1,0.431,C[C@H](N)c1ccc(Br)s1;O=S(=O)(C1CNC1)N1CCCC1;R36,1,,,
CC(NS(=O)(=O)N1CCC[C@H]2CNC[C@H]21)c1ccc(Br)s1,C[C@H](NC(=O)C(=O)N1C[C@H]2CCCC[C@H]2C1)c1ccc(Br)s1,0.429,C[C@H](N)c1ccc(Br)s1;C1CC[C@H]2CNC[C@H]2C1;R38,1,,,
CC(NS(=O)(=O)N1CCC[C@H]2CNC[C@H]21)c1ccc(Br)s1,C[C@H](NC(=O)C(=O)N1C[C@H]2CCC[C@H]2C1)c1ccc(Br)s1,0.429,C[C@H](N)c1ccc(Br)s1;C1C[C@@H]2CNC[C@@H]2C1;R38,1,,,
CC(NS(=O)(=O)N1CCC[C@H]2CNC[C@H]21)c1ccc(Br)s1,C[C@H](NC(=O)N1CC(C2CCCCC2)C1)c1ccc(Br)s1,0.429,C[C@H](N)c1ccc(Br)s1;C1CCC(C2CNC2)CC1;R36,1,,,
CC(NS(=O)(=O)N1CCC[C@H]2CNC[C@H]21)c1ccc(Br)s1,C[C@H](NC(=O)N1CC(C2CCCCCC2)C1)c1ccc(Br)s1,0.429,C[C@H](N)c1ccc(Br)s1;C1CCCC(C2CNC2)CC1;R36,1,,,
CC(NS(=O)(=O)N1CCC[C@H]2CNC[C@H]21)c1ccc(Br)s1,C[C@H](NC(=O)C(=O)N1CCC(C2CCCC2)C1)c1ccc(Br)s1,0.424,C[C@H](N)c1ccc(Br)s1;C1CCC(C2CCNC2)C1;R38,1,,,
CC(NS(=O)(=O)N1CCC[C@H]2CNC[C@H]21)c1ccc(Br)s1,C[C@H](NC(=O)C(=O)N1CCC2CCCCC2C1)c1ccc(Br)s1,0.424,C[C@H](N)c1ccc(Br)s1;C1CCC2CNCCC2C1;R38,1,,,
CC(NS(=O)(=O)N1CCC[C@H]2CNC[C@H]21)c1ccc(Br)s1,CC(NC(=O)C(=O)N1CCC[C@H]2CNC[C@H]21)c1cc(Br)c(Cl)s1,0.423,CC(N)c1cc(Br)c(Cl)s1;C1CN[C@@H]2CNC[C@@H]2C1;R38,1,,,
CC(NS(=O)(=O)N1CCC[C@H]2CNC[C@H]21)c1ccc(Br)s1,C[C@H](NC(=O)C(=O)N1CCC2C(CCCN2C2CC2)C1)c1ccc(Br)s1,0.423,C[C@H](N)c1ccc(Br)s1;C1CC2CNCCC2N(C2CC2)C1;R38,1,,,
CC(NS(=O)(=O)N1CCC[C@H]2CNC[C@H]21)c1ccc(Br)s1,CC(N)c1cc(Br)c(N2CCC[C@H]3CNC[C@H]32)s1,0.422,CC(N)c1cc(Br)c(Cl)s1;C1CN[C@@H]2CNC[C@@H]2C1;R9,1,,,
CC(NS(=O)(=O)N1CCC[C@H]2CNC[C@H]21)c1ccc(Br)s1,C[C@H](NC(=O)C(=O)N1CC2CCCCCCC2C1)c1ccc(Br)s1,0.422,C[C@H](N)c1ccc(Br)s1;C1CCCC2CNCC2CC1;R38,1,,,
CC(NS(=O)(=O)N1CCC[C@H]2CNC[C@H]21)c1ccc(Br)s1,C[C@H](NC(=O)C(=O)N1CC2CCCCCC2C1)c1ccc(Br)s1,0.422,C[C@H](N)c1ccc(Br)s1;C1CCC2CNCC2CC1;R38,1,,,
CC(NS(=O)(=O)N1CCC[C@H]2CNC[C@H]21)c1ccc(Br)s1,C[C@H](NC(=O)C(=O)N1CC(C2CCCC2)C1)c1ccc(Br)s1,0.422,C[C@H](N)c1ccc(Br)s1;C1CCC(C2CNC2)C1;R38,1,,,
CC(NS(=O)(=O)N1CCC[C@H]2CNC[C@H]21)c1ccc(Br)s1,C[C@H](NC(=O)C(=O)N1CC(C2CCC2)C1)c1ccc(Br)s1,0.422,C[C@H](N)c1ccc(Br)s1;C1CC(C2CNC2)C1;R38,1,,,
CC(NS(=O)(=O)N1CCC[C@H]2CNC[C@H]21)c1ccc(Br)s1,C[C@H](NC(=O)C(=O)N1CC(S(=O)(=O)N2CCCC2)C1)c1ccc(Br)s1,0.418,C[C@H](N)c1ccc(Br)s1;O=S(=O)(C1CNC1)N1CCCC1;R38,1,,,
CC(NS(=O)(=O)N1CCC[C@H]2CNC[C@H]21)c1ccc(Br)s1,C[C@H](NC(=O)C(=O)N1CC(C2CCCCC2)C1)c1ccc(Br)s1,0.415,C[C@H](N)c1ccc(Br)s1;C1CCC(C2CNC2)CC1;R38,1,,,
CC(NS(=O)(=O)N1CCC[C@H]2CNC[C@H]21)c1ccc(Br)s1,C[C@H](NC(=O)C(=O)N1CC(C2CCCCCC2)C1)c1ccc(Br)s1,0.415,C[C@H](N)c1ccc(Br)s1;C1CCCC(C2CNC2)CC1;R38,1,,,
CC(NS(=O)(=O)N1CCC[C@H]2CNC[C@H]21)c1ccc(Br)s1,C[C@H](NC(=O)N1CC2CCCC(C1)C2O)c1ccc(Br)s1,0.415,C[C@H](N)c1ccc(Br)s1;OC1C2CCCC1CNC2;R36,1,,,
CC(NS(=O)(=O)N1CCC[C@H]2CNC[C@H]21)c1ccc(Br)s1,C[C@H](NC(=O)N1C[C@H]2CC3CCCN3[C@H]2C1)c1ccc(Br)s1,0.414,C[C@H](N)c1ccc(Br)s1;C1CC2C[C@@H]3CNC[C@@H]3N2C1;R36,1,,,
CC(NS(=O)(=O)N1CCC[C@H]2CNC[C@H]21)c1ccc(Br)s1,C[C@H](NC(=O)N1C[C@H]2CC[C@H]2C1)c1ccc(Br)s1,0.410,C[C@H](N)c1ccc(Br)s1;C1C[C@H]2CNC[C@@H]12;R36,1,,,
CC(NS(=O)(=O)N1CCC[C@H]2CNC[C@H]21)c1ccc(Br)s1,C[C@H](NC(=O)N1C[C@H]2CCN(C)[C@H]2C1)c1ccc(Br)s1,0.403,C[C@H](N)c1ccc(Br)s1;CN1CC[C@@H]2CNC[C@@H]21;R36,1,,,
CC(NS(=O)(=O)N1CCC[C@H]2CNC[C@H]21)c1ccc(Br)s1,C[C@H](NC(=O)C(=O)N1CC2CCCC(C1)C2O)c1ccc(Br)s1,0.403,C[C@H](N)c1ccc(Br)s1;OC1C2CCCC1CNC2;R38,1,,,
CC(NS(=O)(=O)N1CCC[C@H]2CNC[C@H]21)c1ccc(Br)s1,C[C@H](NC(=O)C(=O)N1C[C@H]2CC3CCCN3[C@H]2C1)c1ccc(Br)s1,0.403,C[C@H](N)c1ccc(Br)s1;C1CC2C[C@@H]3CNC[C@@H]3N2C1;R38,1,,,
CC(NS(=O)(=O)N1CCC[C@H]2CNC[C@H]21)c1ccc(Br)s1,C[C@H](NC(=O)C(=O)N1C[C@H]2CC[C@H]2C1)c1ccc(Br)s1,0.397,C[C@H](N)c1ccc(Br)s1;C1C[C@H]2CNC[C@@H]12;R38,1,,,
CC(NS(=O)(=O)N1CCC[C@H]2CNC[C@H]21)c1ccc(Br)s1,C[C@H](NC(=O)C(=O)N1C[C@H]2CCN(C)[C@H]2C1)c1ccc(Br)s1,0.391,C[C@H](N)c1ccc(Br)s1;CN1CC[C@@H]2CNC[C@@H]21;R38,1,,,
CC(NS(=O)(=O)N1CCC[C@H]2CNC[C@H]21)c1ccc(Br)s1,CC(C)Cc1ccc(N2CCC[C@H]3CNC[C@H]32)s1,0.391,CC(C)Cc1ccc(Br)s1;C1CN[C@@H]2CNC[C@@H]2C1;R9,1,,,
CC(NS(=O)(=O)N1CCC[C@H]2CNC[C@H]21)c1ccc(Br)s1,C[C@H](NC(=O)N1CC2CC2C1)c1ccc(Br)s1,0.387,C[C@H](N)c1ccc(Br)s1;C1NCC2CC12;R36,1,,,
CC(NS(=O)(=O)N1CCC[C@H]2CNC[C@H]21)c1ccc(Br)s1,CC(N)c1cc(N2CCC[C@H]3CNC[C@H]32)c(Cl)s1,0.379,CC(N)c1cc(Br)c(Cl)s1;C1CN[C@@H]2CNC[C@@H]2C1;R9,1,,,
CC(NS(=O)(=O)N1CCC[C@H]2CNC[C@H]21)c1ccc(Br)s1,C[C@H](NC(=O)C(=O)N1CC2CC2C1)c1ccc(Br)s1,0.375,C[C@H](N)c1ccc(Br)s1;C1NCC2CC12;R38,1,,,
CC(NS(=O)(=O)N1CCC[C@H]2CNC[C@H]21)c1ccc(Br)s1,CC(C)(C)c1ccc(N2CCC[C@H]3CNC[C@H]32)s1,0.365,CC(C)(C)c1ccc(Br)s1;C1CN[C@@H]2CNC[C@@H]2C1;R9,1,,,
CC(NS(=O)(=O)N1CCC[C@H]2CNC[C@H]21)c1ccc(Br)s1,C[C@H](N)c1ccc(OC2C3CCCC2CNC3)s1,0.328,C[C@H](N)c1ccc(Br)s1;OC1C2CCCC1CNC2;R56,1,,,
CC(NS(=O)(=O)N1CCC[C@H]2CNC[C@H]21)c1ccc(Br)s1,CC(c1ccc(Br)s1)N(CC#N)C(=O)C(=O)N1C[C@@H]2CCCN[C@@H]2C1,0.309,CC(NCCO)c1ccc(Br)s1;R114;C1CN[C@@H]2CNC[C@@H]2C1;R38,2,,,
CC(NS(=O)(=O)N1CCC[C@H]2CNC[C@H]21)c1ccc(Br)s1,C[C@H](N)c1ccc(N2CC3CNCC3C2)s1,0.306,C[C@H](N)c1ccc(Br)s1;C1NCC2CNCC12;R9,1,,,
CC(NS(=O)(=O)N1CCC[C@H]2CNC[C@H]21)c1ccc(Br)s1,C[C@H](N)c1ccc(N2C[C@H]3CCCN(C)[C@H]3C2)s1,0.294,C[C@H](N)c1ccc(Br)s1;CN1CCC[C@@H]2CNC[C@@H]21;R9,1,,,
CC(NS(=O)(=O)N1CCC[C@H]2CNC[C@H]21)c1ccc(Br)s1,C[C@H](N)c1ccc(N2CCC3C(CCCN3C)C2)s1,0.290,C[C@H](N)c1ccc(Br)s1;CN1CCCC2CNCCC21;R9,1,,,
CC(NS(=O)(=O)N1CCC[C@H]2CNC[C@H]21)c1ccc(Br)s1,C[C@H](N)c1ccc(N2CC(S(=O)(=O)N3CCCC3)C2)s1,0.284,C[C@H](N)c1ccc(Br)s1;O=S(=O)(C1CNC1)N1CCCC1;R9,1,,,
CC(NS(=O)(=O)N1CCC[C@H]2CNC[C@H]21)c1ccc(Br)s1,C[C@H](N)c1ccc(N2CCC3C(CCCN3C3CC3)C2)s1,0.282,C[C@H](N)c1ccc(Br)s1;C1CC2CNCCC2N(C2CC2)C1;R9,1,,,
CC(NS(=O)(=O)N1CCC[C@H]2CNC[C@H]21)c1ccc(Br)s1,CC(NCC#N)c1ccc(N2C[C@@H]3CCCN[C@@H]3C2)s1,0.280,CC(NCCO)c1ccc(Br)s1;R114;C1CN[C@@H]2CNC[C@@H]2C1;R9,2,,,
CC(NS(=O)(=O)N1CCC[C@H]2CNC[C@H]21)c1ccc(Br)s1,C[C@H](N)c1ccc(N2C[C@H]3CCCC[C@H]3C2)s1,0.270,C[C@H](N)c1ccc(Br)s1;C1CC[C@H]2CNC[C@H]2C1;R9,1,,,
CC(NS(=O)(=O)N1CCC[C@H]2CNC[C@H]21)c1ccc(Br)s1,C[C@H](N)c1ccc(N2CC3CCCCCCC3C2)s1,0.270,C[C@H](N)c1ccc(Br)s1;C1CCCC2CNCC2CC1;R9,1,,,
CC(NS(=O)(=O)N1CCC[C@H]2CNC[C@H]21)c1ccc(Br)s1,C[C@H](N)c1ccc(N2CC3CCCCCC3C2)s1,0.270,C[C@H](N)c1ccc(Br)s1;C1CCC2CNCC2CC1;R9,1,,,
CC(NS(=O)(=O)N1CCC[C@H]2CNC[C@H]21)c1ccc(Br)s1,C[C@H](N)c1ccc(N2C[C@H]3CCC[C@H]3C2)s1,0.270,C[C@H](N)c1ccc(Br)s1;C1C[C@@H]2CNC[C@@H]2C1;R9,1,,,
CC(NS(=O)(=O)N1CCC[C@H]2CNC[C@H]21)c1ccc(Br)s1,CC(NC(=O)N1C[C@@H]2CCCN[C@@H]2C1)c1cc(Br)c(Cl)s1,0.269,CC(N)c1cc(Br)c(Cl)s1;C1CN[C@@H]2CNC[C@@H]2C1;R36,1,,,
CC(NS(=O)(=O)N1CCC[C@H]2CNC[C@H]21)c1ccc(Br)s1,C[C@H](N)c1ccc(N2C[C@H]3CC4CCCN4[C@H]3C2)s1,0.264,C[C@H](N)c1ccc(Br)s1;C1CC2C[C@@H]3CNC[C@@H]3N2C1;R9,1,,,
CC(NS(=O)(=O)N1CCC[C@H]2CNC[C@H]21)c1ccc(Br)s1,CC(NC(=O)C(=O)N1C[C@@H]2CCCN[C@@H]2C1)c1cc(Br)c(Cl)s1,0.263,CC(N)c1cc(Br)c(Cl)s1;C1CN[C@@H]2CNC[C@@H]2C1;R38,1,,,
CC(NS(=O)(=O)N1CCC[C@H]2CNC[C@H]21)c1ccc(Br)s1,C[C@H](N)c1ccc(N2CC3CCCC(C2)C3O)s1,0.254,C[C@H](N)c1ccc(Br)s1;OC1C2CCCC1CNC2;R9,1,,,
CC(NS(=O)(=O)N1CCC[C@H]2CNC[C@H]21)c1ccc(Br)s1,CC(N)c1cc(Br)c(N2C[C@@H]3CCCN[C@@H]3C2)s1,0.247,CC(N)c1cc(Br)c(Cl)s1;C1CN[C@@H]2CNC[C@@H]2C1;R9,1,,,
CC(NS(=O)(=O)N1CCC[C@H]2CNC[C@H]21)c1ccc(Br)s1,C[C@H](N)c1ccc(N2C[C@H]3CCN(C)[C@H]3C2)s1,0.246,C[C@H](N)c1ccc(Br)s1;CN1CC[C@@H]2CNC[C@@H]21;R9,1,,,
CC(NS(=O)(=O)N1CCC[C@H]2CNC[C@H]21)c1ccc(Br)s1,CC(C)Cc1ccc(N2C[C@@H]3CCCN[C@@H]3C2)s1,0.219,CC(C)Cc1ccc(Br)s1;C1CN[C@@H]2CNC[C@@H]2C1;R9,1,,,
CC(NS(=O)(=O)N1CCC[C@H]2CNC[C@H]21)c1ccc(Br)s1,CC(N)c1cc(N2C[C@@H]3CCCN[C@@H]3C2)c(Cl)s1,0.213,CC(N)c1cc(Br)c(Cl)s1;C1CN[C@@H]2CNC[C@@H]2C1;R9,1,,,
CC(NS(=O)(=O)N1CCC[C@H]2CNC[C@H]21)c1ccc(Br)s1,CC(C)(C)c1ccc(N2C[C@@H]3CCCN[C@@H]3C2)s1,0.194,CC(C)(C)c1ccc(Br)s1;C1CN[C@@H]2CNC[C@@H]2C1;R9,1,,,
CC1COCCCN1Cc1cn(-c2c(Cl)cccc2Cl)nn1,Cc1cccc(C#CC(=O)O)c1N(c1ccc(CN2CCOCC2C)cc1)c1c(Cl)cccc1-n1cc(CN2CCCOC[C@@H]2C)nn1,0.494,CC1COCCN1Cc1ccc(N)cc1;Cc1cccc(Cl)c1I;R9;C#CC(=O)O;R100;O=Cc1cn(-c2cccc(Cl)c2Cl)nn1;R9;C[C@H]1COCCCN1;R43,4,0.618,0.289,0.535
CC1COCCCN1Cc1cn(-c2c(Cl)cccc2Cl)nn1,Cc1cccc(N(c2ccc(CN3CCOCC3C)cc2)c2c(Cl)cccc2-n2cc(CN3CCCOC[C@@H]3C)nn2)c1C#CC(=O)O,0.488,CC1COCCN1Cc1ccc(N)cc1;Cc1cccc(Cl)c1I;R9;C#CC(=O)O;R100;O=Cc1cn(-c2cccc(Cl)c2Cl)nn1;R9;C[C@H]1COCCCN1;R43,4,0.618,0.287,0.526
CC1COCCCN1Cc1cn(-c2c(Cl)cccc2Cl)nn1,Cc1cccc(N(c2ccc(CN3CCOCC3C)cc2)c2cccc(-n3cc(CN4CCCOC[C@@H]4C)nn3)c2Cl)c1C#CC(=O)O,0.465,CC1COCCN1Cc1ccc(N)cc1;Cc1cccc(Cl)c1I;R9;C#CC(=O)O;R100;O=Cc1cn(-c2cccc(Cl)c2Cl)nn1;R9;C[C@H]1COCCCN1;R43,4,0.685,0.300,0.606
CC1COCCCN1Cc1cn(-c2c(Cl)cccc2Cl)nn1,Cc1cccc(Cl)c1N(Cc1cn(-c2cccc(Br)c2)nn1)c1ccc(CN2CCOCC2C)cc1,0.456,CC1COCCN1Cc1ccc(N)cc1;Cc1cccc(Cl)c1I;R103;O=Cc1cn(-c2cccc(Br)c2)nn1;R43,2,0.615,0.265,0.489
CC1COCCCN1Cc1cn(-c2c(Cl)cccc2Cl)nn1,Cc1cccc(C#CC(=O)O)c1N(c1ccc(CN2CCOCC2C)cc1)c1cccc(-n2cc(CN3CCCOC[C@@H]3C)nn2)c1Cl,0.455,CC1COCCN1Cc1ccc(N)cc1;Cc1cccc(Cl)c1I;R9;C#CC(=O)O;R100;O=Cc1cn(-c2cccc(Cl)c2Cl)nn1;R9;C[C@H]1COCCCN1;R43,4,0.685,0.301,0.617
CC1COCCCN1Cc1cn(-c2c(Cl)cccc2Cl)nn1,CC1COCCN1CCc1c(Cl)cccc1Cl,0.446,CC1COCCN1CCBr;Clc1cccc(Cl)c1I;R95,1,0.370,0.192,0.260
CC1COCCCN1Cc1cn(-c2c(Cl)cccc2Cl)nn1,COc1cccc(-n2cc(CN(c3ccc(CN4CCOCC4C)cc3)c3c(C)cccc3Cl)nn2)c1,0.444,CC1COCCN1Cc1ccc(N)cc1;Cc1cccc(Cl)c1I;R103;COc1cccc(-n2cc(C=O)nn2)c1;R43,2,0.615,0.246,0.483
CC1COCCCN1Cc1cn(-c2c(Cl)cccc2Cl)nn1,CC1COCCN1Cc1ccc(Nc2c(Cl)cccc2Cl)cc1,0.443,CC1COCCN1Cc1ccc(N)cc1;Clc1cccc(Cl)c1I;R103,1,0.388,0.242,0.295
CC1COCCCN1Cc1cn(-c2c(Cl)cccc2Cl)nn1,CC1COCCN1CCSc1c(Cl)cccc1Cl,0.424,CC1COCCN1CCBr;Clc1cccc(Cl)c1I;R21,1,0.347,0.308,0.247
CC1COCCCN1Cc1cn(-c2c(Cl)cccc2Cl)nn1,C[C@@H]1COCCN1CC#Cc1c(Cl)cccc1Cl,0.424,C#CCN1CCOC[C@H]1C;Clc1cccc(Cl)c1Cl;R100,1,0.347,0.231,0.240
CC1COCCCN1Cc1cn(-c2c(Cl)cccc2Cl)nn1,C[C@@H]1COCCN1CC#CCc1c(Cl)cccc1Cl,0.417,C#CCN1CCOC[C@H]1C;ClCc1c(Cl)cccc1Cl;R100,1,,,
CC1COCCCN1Cc1cn(-c2c(Cl)cccc2Cl)nn1,Cc1cccc(Cl)c1CCN1CCOCC1C,0.417,CC1COCCN1CCBr;Cc1cccc(Cl)c1I;R95,1,,,
CC1COCCCN1Cc1cn(-c2c(Cl)cccc2Cl)nn1,CC1COCCN1Cc1ccc(Nc2cccc(Cl)c2I)cc1,0.415,CC1COCCN1Cc1ccc(N)cc1;Clc1cccc(Cl)c1I;R103,1,,,
CC1COCCCN1Cc1cn(-c2c(Cl)cccc2Cl)nn1,CC1COCCN1CCC(=O)c1c(Cl)cccc1Cl,0.410,CC1COCCN1CCCO;R114;Clc1cccc(Cl)c1I;R97,2,,,
CC1COCCCN1Cc1cn(-c2c(Cl)cccc2Cl)nn1,CC1COCCN1Cc1ccc(Nc2c(F)cccc2Cl)cc1,0.409,CC1COCCN1Cc1ccc(N)cc1;Fc1cccc(Cl)c1I;R103,1,,,
CC1COCCCN1Cc1cn(-c2c(Cl)cccc2Cl)nn1,Cc1cccc(Cl)c1N(c1ccc(CN2CCOCC2C)cc1)c1cccc(-n2cc(C=O)nn2)c1,0.407,CC1COCCN1Cc1ccc(N)cc1;Cc1cccc(Cl)c1I;R103;O=Cc1cn(-c2cccc(Br)c2)nn1;R9,2,,,
CC1COCCCN1Cc1cn(-c2c(Cl)cccc2Cl)nn1,Cc1cccc(N(Cc2cn(-c3cccc(Cl)c3Cl)nn2)c2ccc(CN3CCOCC3C)cc2)c1C#CC(=O)O,0.404,CC1COCCN1Cc1ccc(N)cc1;Cc1cccc(Cl)c1I;R9;C#CC(=O)O;R100;O=Cc1cn(-c2cccc(Cl)c2Cl)nn1;R43,3,,,
CC1COCCCN1Cc1cn(-c2c(Cl)cccc2Cl)nn1,Cc1cccc(C#CC(=O)O)c1N(Cc1cn(-c2cccc(Cl)c2Cl)nn1)c1ccc(CN2CCOCC2C)cc1,0.404,CC1COCCN1Cc1ccc(N)cc1;Cc1cccc(Cl)c1I;R9;C#CC(=O)O;R100;O=Cc1cn(-c2cccc(Cl)c2Cl)nn1;R43,3,,,
CC1COCCCN1Cc1cn(-c2c(Cl)cccc2Cl)nn1,C[C@@H]1COCCN1CC#Cc1cccc(Cl)c1Cl,0.403,C#CCN1CCOC[C@H]1C;Clc1cccc(Cl)c1Cl;R100,1,,,
CC1COCCCN1Cc1cn(-c2c(Cl)cccc2Cl)nn1,Cc1c(Cl)cccc1C#CCN1CCOC[C@H]1C,0.397,C#CCN1CCOC[C@H]1C;Cc1c(Cl)cccc1Cl;R100,1,,,
CC1COCCCN1Cc1cn(-c2c(Cl)cccc2Cl)nn1,Cc1cccc(Cl)c1SCCN1CCOCC1C,0.397,CC1COCCN1CCBr;Cc1cccc(Cl)c1I;R21,1,,,
CC1COCCCN1Cc1cn(-c2c(Cl)cccc2Cl)nn1,CC1COCCN1CCCC#Cc1c(Cl)cccc1Cl,0.397,CC1COCCN1CCCO;R109;C#Cc1c(Cl)cccc1Cl;R100,2,,,
CC1COCCCN1Cc1cn(-c2c(Cl)cccc2Cl)nn1,C#CC(=O)N(c1ccc(CN2CCOCC2C)cc1)c1cccc(C)c1N1CC(C)N(c2c(Cl)cccc2N2CCCOC[C@@H]2C)CC1C,0.395,CC1COCCN1Cc1ccc(N)cc1;Cc1cccc(Cl)c1I;R9;C#CC(=O)OC(=O)C#C;R44;CC1CNC(C)CN1;R9;Clc1cccc(Cl)c1I;R9;C[C@H]1COCCCN1;R9,5,,,
CC1COCCCN1Cc1cn(-c2c(Cl)cccc2Cl)nn1,C#CC(=O)N(c1ccc(CN2CCOCC2C)cc1)c1cccc(C)c1N1CC(C)N(c2cccc(Cl)c2N2CCCOC[C@@H]2C)CC1C,0.391,CC1COCCN1Cc1ccc(N)cc1;Cc1cccc(Cl)c1I;R9;C#CC(=O)OC(=O)C#C;R44;CC1CNC(C)CN1;R9;Clc1cccc(Cl)c1I;R9;C[C@H]1COCCCN1;R9,5,,,
CC1COCCCN1Cc1cn(-c2c(Cl)cccc2Cl)nn1,CC1COCCN1CCSc1cccc(Cl)c1I,0.391,CC1COCCN1CCBr;Clc1cccc(Cl)c1I;R21,1,,,
CC1COCCCN1Cc1cn(-c2c(Cl)cccc2Cl)nn1,C[C@@H]1COCCN1CC#Cc1cccc(Cl)c1O,0.391,C#CCN1CCOC[C@H]1C;Oc1c(Cl)cccc1Cl;R100,1,,,
CC1COCCCN1Cc1cn(-c2c(Cl)cccc2Cl)nn1,C[C@@H]1COCCN1CC#Cc1cccc(Cl)c1I,0.391,C#CCN1CCOC[C@H]1C;Clc1cccc(Cl)c1I;R100,1,,,
CC1COCCCN1Cc1cn(-c2c(Cl)cccc2Cl)nn1,C[C@@H]1COCCN1CC#Cc1cccc(Cl)c1N,0.391,C#CCN1CCOC[C@H]1C;Nc1c(Cl)cccc1Cl;R100,1,,,
CC1COCCCN1Cc1cn(-c2c(Cl)cccc2Cl)nn1,C[C@@H]1COCCN1CC#Cc1cccc(Cl)c1Br,0.391,C#CCN1CCOC[C@H]1C;Clc1cccc(Cl)c1Br;R100,1,,,
CC1COCCCN1Cc1cn(-c2c(Cl)cccc2Cl)nn1,C[C@@H]1COCCN1CC#Cc1cccc(Cl)c1F,0.391,C#CCN1CCOC[C@H]1C;Fc1c(Cl)cccc1Cl;R100,1,,,
CC1COCCCN1Cc1cn(-c2c(Cl)cccc2Cl)nn1,C[C@@H]1COCCN1CC#Cc1c(O)cccc1Cl,0.391,C#CCN1CCOC[C@H]1C;Oc1cccc(Cl)c1Cl;R100,1,,,
CC1COCCCN1Cc1cn(-c2c(Cl)cccc2Cl)nn1,C[C@@H]1COCCN1CC#Cc1c(Cl)cccc1Br,0.391,C#CCN1CCOC[C@H]1C;Clc1cccc(Br)c1Cl;R100,1,,,
CC1COCCCN1Cc1cn(-c2c(Cl)cccc2Cl)nn1,CC1COCCN1CCC(=O)c1cccc(Cl)c1Cl,0.391,CC1COCCN1CCCO;R114;Clc1cccc(Cl)c1Cl;R97,2,,,
CC1COCCCN1Cc1cn(-c2c(Cl)cccc2Cl)nn1,Cc1cccc(N(C(=O)C#Cc2c(Cl)cccc2Cl)c2ccc(CN3CCOCC3C)cc2)c1N1CCCOC[C@@H]1C,0.390,CC1COCCN1Cc1ccc(N)cc1;Cc1cccc(Cl)c1I;R9;C#CC(=O)OC(=O)C#C;R44;C[C@H]1COCCCN1;R103;Clc1cccc(Cl)c1Br;R100,4,,,
CC1COCCCN1Cc1cn(-c2c(Cl)cccc2Cl)nn1,C#CC(=O)N(c1ccc(CN2CCOCC2C)cc1)c1cccc(C)c1N1CC(C)N(c2c(Cl)cccc2N2CCCOCC2)CC1C,0.386,CC1COCCN1Cc1ccc(N)cc1;Cc1cccc(Cl)c1I;R9;C#CC(=O)OC(=O)C#C;R44;CC1CNC(C)CN1;R9;Clc1cccc(Cl)c1I;R9;C1CNCCOC1;R9,5,,,
CC1COCCCN1Cc1cn(-c2c(Cl)cccc2Cl)nn1,Cc1cccc(N(Cc2cn(-c3cccc(Br)c3)nn2)c2ccc(CN3CCOCC3C)cc2)c1I,0.386,CC1COCCN1Cc1ccc(N)cc1;Cc1cccc(Cl)c1I;R103;O=Cc1cn(-c2cccc(Br)c2)nn1;R43,2,,,
CC1COCCCN1Cc1cn(-c2c(Cl)cccc2Cl)nn1,C[C@@H]1COCCN1CC#Cc1cccc(Cl)c1CCl,0.385,C#CCN1CCOC[C@H]1C;ClCc1c(Cl)cccc1Cl;R100,1,,,
CC1COCCCN1Cc1cn(-c2c(Cl)cccc2Cl)nn1,Cc1c(Cl)cccc1C(=O)CCN1CCOCC1C,0.385,CC1COCCN1CCCO;R114;Cc1c(Cl)cccc1Cl;R97,2,,,
CC1COCCCN1Cc1cn(-c2c(Cl)cccc2Cl)nn1,C#CC(=O)N(c1ccc(CN2CCOCC2C)cc1)c1c(C)cccc1N1CC(C)N(c2cccc(Cl)c2N2CCCOC[C@@H]2C)CC1C,0.384,CC1COCCN1Cc1ccc(N)cc1;Cc1cccc(Cl)c1I;R9;C#CC(=O)OC(=O)C#C;R44;CC1CNC(C)CN1;R9;Clc1cccc(Cl)c1I;R9;C[C@H]1COCCCN1;R9,5,,,
CC1COCCCN1Cc1cn(-c2c(Cl)cccc2Cl)nn1,Cc1cccc(C#CC(=O)N2CCCOC[C@@H]2C)c1N(c1ccc(CN2CCOCC2C)cc1)c1c(Cl)cccc1-n1cc(C=O)nn1,0.383,CC1COCCN1Cc1ccc(N)cc1;Cc1cccc(Cl)c1I;R9;C#CC(=O)O;R100;O=Cc1cn(-c2cccc(Cl)c2Cl)nn1;R9;C[C@H]1COCCCN1;R8,4,,,
CC1COCCCN1Cc1cn(-c2c(Cl)cccc2Cl)nn1,C#CC(=O)N(c1ccc(CN2CCOCC2C)cc1)c1cccc(C)c1N1CCN(c2c(Cl)cccc2Cl)C(C)CC1C,0.383,CC1COCCN1Cc1ccc(N)cc1;Cc1cccc(Cl)c1I;R9;C#CC(=O)OC(=O)C#C;R44;CC1CC(C)NCCN1;R9;Clc1cccc(Cl)c1I;R103,4,,,
CC1COCCCN1Cc1cn(-c2c(Cl)cccc2Cl)nn1,C#CC(=O)N(c1ccc(CN2CCOCC2C)cc1)c1cccc(C)c1N1CC(C)N(c2cccc(Cl)c2N2CCCOCC2)CC1C,0.382,CC1COCCN1Cc1ccc(N)cc1;Cc1cccc(Cl)c1I;R9;C#CC(=O)OC(=O)C#C;R44;CC1CNC(C)CN1;R9;Clc1cccc(Cl)c1I;R9;C1CNCCOC1;R9,5,,,
CC1COCCCN1Cc1cn(-c2c(Cl)cccc2Cl)nn1,C#CC(=O)N(c1ccc(CN2CCOCC2C)cc1)c1cccc(C)c1N1CC(C)N(c2c(Cl)cccc2N2CCCOC2)CC1C,0.382,CC1COCCN1Cc1ccc(N)cc1;Cc1cccc(Cl)c1I;R9;C#CC(=O)OC(=O)C#C;R44;CC1CNC(C)CN1;R9;Clc1cccc(Cl)c1I;R9;C1CNCOC1;R9,5,,,
CC1COCCCN1Cc1cn(-c2c(Cl)cccc2Cl)nn1,C#CC(=O)N(c1ccc(CN2CCOCC2C)cc1)c1c(C)cccc1N1CC(C)N(c2c(Cl)cccc2N2CCCOC[C@@H]2C)CC1C,0.379,CC1COCCN1Cc1ccc(N)cc1;Cc1cccc(Cl)c1I;R9;C#CC(=O)OC(=O)C#C;R44;CC1CNC(C)CN1;R9;Clc1cccc(Cl)c1I;R9;C[C@H]1COCCCN1;R9,5,,,
CC1COCCCN1Cc1cn(-c2c(Cl)cccc2Cl)nn1,Cc1cccc(N(c2ccc(CN3CCOCC3C)cc2)c2c(Cl)cccc2-n2cc(C=O)nn2)c1C#CC(=O)N1CCCOC[C@@H]1C,0.379,CC1COCCN1Cc1ccc(N)cc1;Cc1cccc(Cl)c1I;R9;C#CC(=O)O;R100;O=Cc1cn(-c2cccc(Cl)c2Cl)nn1;R9;C[C@H]1COCCCN1;R8,4,,,
CC1COCCCN1Cc1cn(-c2c(Cl)cccc2Cl)nn1,CNc1c(Cl)cccc1C#CCN1CCOC[C@H]1C,0.379,C#CCN1CCOC[C@H]1C;CNc1c(Cl)cccc1Cl;R100,1,,,
CC1COCCCN1Cc1cn(-c2c(Cl)cccc2Cl)nn1,C#Cc1c(Cl)cccc1C#CCN1CCOC[C@H]1C,0.379,C#CCN1CCOC[C@H]1C;C#Cc1c(Cl)cccc1Cl;R100,1,,,
CC1COCCCN1Cc1cn(-c2c(Cl)cccc2Cl)nn1,C[C@@H]1COCCN1CC#Cc1cccc(Cl)c1C#N,0.379,C#CCN1CCOC[C@H]1C;N#Cc1c(Cl)cccc1Cl;R100,1,,,
CC1COCCCN1Cc1cn(-c2c(Cl)cccc2Cl)nn1,CC1COCCN1CCC(=O)c1cccc(Cl)c1I,0.379,CC1COCCN1CCCO;R114;Clc1cccc(Cl)c1I;R97,2,,,
CC1COCCCN1Cc1cn(-c2c(Cl)cccc2Cl)nn1,CC1COCCN1CCC(=O)c1cccc(Cl)c1N,0.379,CC1COCCN1CCCO;R114;Nc1c(Cl)cccc1Cl;R97,2,,,
CC1COCCCN1Cc1cn(-c2c(Cl)cccc2Cl)nn1,CC1COCCN1CCC(=O)c1cccc(Cl)c1Br,0.379,CC1COCCN1CCCO;R114;Clc1cccc(Cl)c1Br;R97,2,,,
CC1COCCCN1Cc1cn(-c2c(Cl)cccc2Cl)nn1,CC1COCCN1CCC(=O)c1cccc(Cl)c1F,0.379,CC1COCCN1CCCO;R114;Fc1c(Cl)cccc1Cl;R97,2,,,
CC1COCCCN1Cc1cn(-c2c(Cl)cccc2Cl)nn1,CC1COCCN1CCC(=O)c1cccc(Cl)c1O,0.379,CC1COCCN1CCCO;R114;Oc1c(Cl)cccc1Cl;R97,2,,,
CC1COCCCN1Cc1cn(-c2c(Cl)cccc2Cl)nn1,C#CC(=O)N(c1ccc(CN2CCOCC2C)cc1)c1cccc(C)c1N1CC(C)N(c2cccc(Cl)c2N2CCCOC2)CC1C,0.378,CC1COCCN1Cc1ccc(N)cc1;Cc1cccc(Cl)c1I;R9;C#CC(=O)OC(=O)C#C;R44;CC1CNC(C)CN1;R9;Clc1cccc(Cl)c1I;R9;C1CNCOC1;R9,5,,,
CC1COCCCN1Cc1cn(-c2c(Cl)cccc2Cl)nn1,COc1cccc(-n2cc(CN(c3ccc(CN4CCOCC4C)cc3)c3cccc(C)c3I)nn2)c1,0.376,CC1COCCN1Cc1ccc(N)cc1;Cc1cccc(Cl)c1I;R103;COc1cccc(-n2cc(C=O)nn2)c1;R43,2,,,
CC1COCCCN1Cc1cn(-c2c(Cl)cccc2Cl)nn1,C#CC(=O)N(c1ccc(CN2CCOCC2C)cc1)c1cccc(C)c1N1CCCN(c2c(Cl)cccc2Cl)CC1C,0.376,CC1COCCN1Cc1ccc(N)cc1;Cc1cccc(Cl)c1I;R9;C#CC(=O)OC(=O)C#C;R44;CC1CNCCCN1;R9;Clc1cccc(Cl)c1I;R9,4,,,
CC1COCCCN1Cc1cn(-c2c(Cl)cccc2Cl)nn1,C#CC(=O)N(c1ccc(CN2CCOCC2C)cc1)c1cccc(C)c1N1CCCN(c2c(Cl)cccc2Cl)C(C)C1,0.376,CC1COCCN1Cc1ccc(N)cc1;Cc1cccc(Cl)c1I;R9;C#CC(=O)OC(=O)C#C;R44;CC1CNCCCN1;R9;Clc1cccc(Cl)c1I;R9,4,,,
CC1COCCCN1Cc1cn(-c2c(Cl)cccc2Cl)nn1,C#CC(=O)N(c1ccc(CN2CCOCC2C)cc1)c1c(C)cccc1N1CC(C)N(c2cccc(Cl)c2N2CCCOCC2)CC1C,0.375,CC1COCCN1Cc1ccc(N)cc1;Cc1cccc(Cl)c1I;R9;C#CC(=O)OC(=O)C#C;R44;CC1CNC(C)CN1;R9;Clc1cccc(Cl)c1I;R9;C1CNCCOC1;R9,5,,,
CC1COCCCN1Cc1cn(-c2c(Cl)cccc2Cl)nn1,C[C@@H]1COCCN1CC#Cc1cccc(Cl)c1NN,0.373,C#CCN1CCOC[C@H]1C;NNc1c(Cl)cccc1Cl;R100,1,,,
CC1COCCCN1Cc1cn(-c2c(Cl)cccc2Cl)nn1,C[C@@H]1COCCN1CC#Cc1cccc(Cl)c1C=O,0.373,C#CCN1CCOC[C@H]1C;O=Cc1c(Cl)cccc1Cl;R100,1,,,
CC1COCCCN1Cc1cn(-c2c(Cl)cccc2Cl)nn1,C[C@@H]1COCCN1CC#Cc1cccc(Cl)c1N=O,0.373,C#CCN1CCOC[C@H]1C;O=Nc1c(Cl)cccc1Cl;R100,1,,,
CC1COCCCN1Cc1cn(-c2c(Cl)cccc2Cl)nn1,C#CC(=O)N(c1ccc(CN2CCOCC2C)cc1)c1c(C)cccc1N1CC(C)N(c2c(Cl)cccc2N2CCCOCC2)CC1C,0.371,CC1COCCN1Cc1ccc(N)cc1;Cc1cccc(Cl)c1I;R9;C#CC(=O)OC(=O)C#C;R44;CC1CNC(C)CN1;R9;Clc1cccc(Cl)c1I;R9;C1CNCCOC1;R9,5,,,
CC1COCCCN1Cc1cn(-c2c(Cl)cccc2Cl)nn1,C#CC(=O)N(c1ccc(CN2CCOCC2C)cc1)c1c(C)cccc1N1CC(C)N(c2cccc(Cl)c2N2CCCOC2)CC1C,0.371,CC1COCCN1Cc1ccc(N)cc1;Cc1cccc(Cl)c1I;R9;C#CC(=O)OC(=O)C#C;R44;CC1CNC(C)CN1;R9;Clc1cccc(Cl)c1I;R9;C1CNCOC1;R9,5,,,
CC1COCCCN1Cc1cn(-c2c(Cl)cccc2Cl)nn1,Cc1cccc(N(C(=O)C#Cc2cccc(Cl)c2Br)c2ccc(CN3CCOCC3C)cc2)c1N1CCCOC[C@@H]1C,0.368,CC1COCCN1Cc1ccc(N)cc1;Cc1cccc(Cl)c1I;R9;C#CC(=O)OC(=O)C#C;R44;C[C@H]1COCCCN1;R103;Clc1cccc(Cl)c1Br;R100,4,,,
CC1COCCCN1Cc1cn(-c2c(Cl)cccc2Cl)nn1,C#Cc1c(Cl)cccc1SCCCN1CCOCC1C,0.368,CC1COCCN1CCCO;R109;C#Cc1c(Cl)cccc1Cl;R21,2,,,
CC1COCCCN1Cc1cn(-c2c(Cl)cccc2Cl)nn1,C#CC(=O)N(c1ccc(CN2CCOCC2C)cc1)c1cccc(C)c1N1CC(C)N(c2c(Cl)cccc2N2CCCOC2C)CC1C,0.367,CC1COCCN1Cc1ccc(N)cc1;Cc1cccc(Cl)c1I;R9;C#CC(=O)OC(=O)C#C;R44;CC1CNC(C)CN1;R9;Clc1cccc(Cl)c1I;R9;CC1NCCCO1;R9,5,,,
CC1COCCCN1Cc1cn(-c2c(Cl)cccc2Cl)nn1,C#CC(=O)N(c1ccc(CN2CCOCC2C)cc1)c1c(C)cccc1N1CC(C)N(c2c(Cl)cccc2N2CCCOC2)CC1C,0.367,CC1COCCN1Cc1ccc(N)cc1;Cc1cccc(Cl)c1I;R9;C#CC(=O)OC(=O)C#C;R44;CC1CNC(C)CN1;R9;Clc1cccc(Cl)c1I;R9;C1CNCOC1;R9,5,,,
CC1COCCCN1Cc1cn(-c2c(Cl)cccc2Cl)nn1,C#CC(=O)N(c1ccc(CN2CCOCC2C)cc1)c1cccc(C)c1N1CC(C)N(c2cccc(Cl)c2N2CCCOC2C)CC1C,0.363,CC1COCCN1Cc1ccc(N)cc1;Cc1cccc(Cl)c1I;R9;C#CC(=O)OC(=O)C#C;R44;CC1CNC(C)CN1;R9;Clc1cccc(Cl)c1I;R9;CC1NCCCO1;R9,5,,,
CC1COCCCN1Cc1cn(-c2c(Cl)cccc2Cl)nn1,C#Cc1c(Cl)cccc1NC(C)CN1CCOCC1C,0.362,CC(N)CN1CCOCC1C;C#Cc1c(Cl)cccc1Cl;R103,1,,,
CC1COCCCN1Cc1cn(-c2c(Cl)cccc2Cl)nn1,C#CC(=O)N(c1ccc(CN2CCOCC2C)cc1)c1cccc(C)c1N1CC(C)N(c2c(Cl)cccc2N2CCOC[C@H]2C)CC1C,0.360,CC1COCCN1Cc1ccc(N)cc1;Cc1cccc(Cl)c1I;R9;C#CC(=O)OC(=O)C#C;R44;CC1CNC(C)CN1;R9;Clc1cccc(Cl)c1I;R9;C[C@@H]1COCCN1;R9,5,,,
CC1COCCCN1Cc1cn(-c2c(Cl)cccc2Cl)nn1,C#CC(=O)N(c1ccc(CN2CCOCC2C)cc1)c1cccc(C)c1N1CC(C)N(c2c(Cl)cccc2N2CCCC2C)CC1C,0.360,CC1COCCN1Cc1ccc(N)cc1;Cc1cccc(Cl)c1I;R9;C#CC(=O)OC(=O)C#C;R44;CC1CNC(C)CN1;R9;Clc1cccc(Cl)c1I;R9;CC1CCCN1;R9,5,,,
CC1COCCCN1Cc1cn(-c2c(Cl)cccc2Cl)nn1,C[C@@H]1COCCN1CC#Cc1cccc(Cl)c1,0.359,C#CCN1CCOC[C@H]1C;Clc1cccc(Cl)c1;R100,1,,,
CC1COCCCN1Cc1cn(-c2c(Cl)cccc2Cl)nn1,Cc1cccc(N(c2ccc(CN3CCOCC3C)cc2)c2cccc(-n3cc(C=O)nn3)c2Cl)c1C#CC(=O)N1CCCOC[C@@H]1C,0.358,CC1COCCN1Cc1ccc(N)cc1;Cc1cccc(Cl)c1I;R9;C#CC(=O)O;R100;O=Cc1cn(-c2cccc(Cl)c2Cl)nn1;R9;C[C@H]1COCCCN1;R8,4,,,
CC1COCCCN1Cc1cn(-c2c(Cl)cccc2Cl)nn1,C#CC(=O)N(c1ccc(CN2CCOCC2C)cc1)c1c(C)cccc1N1CCN(c2c(Cl)cccc2Cl)C(C)CC1C,0.357,CC1COCCN1Cc1ccc(N)cc1;Cc1cccc(Cl)c1I;R9;C#CC(=O)OC(=O)C#C;R44;CC1CC(C)NCCN1;R9;Clc1cccc(Cl)c1I;R103,4,,,
CC1COCCCN1Cc1cn(-c2c(Cl)cccc2Cl)nn1,Cc1cccc(N2CCCOC[C@@H]2C)c1N(C(=O)C#Cc1c(Cl)cccc1Cl)c1ccc(CN2CCOCC2C)cc1,0.357,CC1COCCN1Cc1ccc(N)cc1;Cc1cccc(Cl)c1I;R9;C#CC(=O)OC(=O)C#C;R44;C[C@H]1COCCCN1;R103;Clc1cccc(Cl)c1Br;R100,4,,,
CC1COCCCN1Cc1cn(-c2c(Cl)cccc2Cl)nn1,C#CC(=O)N(c1ccc(CN2CCOCC2C)cc1)c1c(C)cccc1N1CCCN(c2c(Cl)cccc2Cl)CC1C,0.356,CC1COCCN1Cc1ccc(N)cc1;Cc1cccc(Cl)c1I;R9;C#CC(=O)OC(=O)C#C;R44;CC1CNCCCN1;R9;Clc1cccc(Cl)c1I;R9,4,,,
CC1COCCCN1Cc1cn(-c2c(Cl)cccc2Cl)nn1,C#CC(=O)N(c1ccc(CN2CCOCC2C)cc1)c1c(C)cccc1N1CCCN(c2c(Cl)cccc2Cl)C(C)C1,0.356,CC1COCCN1Cc1ccc(N)cc1;Cc1cccc(Cl)c1I;R9;C#CC(=O)OC(=O)C#C;R44;CC1CNCCCN1;R9;Clc1cccc(Cl)c1I;R9,4,,,
CC1COCCCN1Cc1cn(-c2c(Cl)cccc2Cl)nn1,C#CC(=O)N(c1ccc(CN2CCOCC2C)cc1)c1cccc(C)c1N1CC(C)N(c2cccc(Cl)c2N2CCOC[C@H]2C)CC1C,0.356,CC1COCCN1Cc1ccc(N)cc1;Cc1cccc(Cl)c1I;R9;C#CC(=O)OC(=O)C#C;R44;CC1CNC(C)CN1;R9;Clc1cccc(Cl)c1I;R9;C[C@@H]1COCCN1;R9,5,,,
CC1COCCCN1Cc1cn(-c2c(Cl)cccc2Cl)nn1,C#CC(=O)N(c1ccc(CN2CCOCC2C)cc1)c1cccc(C)c1N1CC(C)N(c2c(Cl)cccc2N2[C@@H](C)COC[C@@H]2C)CC1C,0.356,CC1COCCN1Cc1ccc(N)cc1;Cc1cccc(Cl)c1I;R9;C#CC(=O)OC(=O)C#C;R44;CC1CNC(C)CN1;R9;Clc1cccc(Cl)c1I;R9;C[C@H]1COC[C@H](C)N1;R9,5,,,
CC1COCCCN1Cc1cn(-c2c(Cl)cccc2Cl)nn1,C#CC(=O)N(c1ccc(CN2CCOCC2C)cc1)c1c(C)cccc1N1CC(C)N(c2cccc(Cl)c2N2CCCOC2C)CC1C,0.356,CC1COCCN1Cc1ccc(N)cc1;Cc1cccc(Cl)c1I;R9;C#CC(=O)OC(=O)C#C;R44;CC1CNC(C)CN1;R9;Clc1cccc(Cl)c1I;R9;CC1NCCCO1;R9,5,,,
CC1COCCCN1Cc1cn(-c2c(Cl)cccc2Cl)nn1,C#CC(=O)N(c1ccc(CN2CCOCC2C)cc1)c1cccc(C)c1N1CC(C)N(c2cccc(Cl)c2N2CCCC2C)CC1C,0.356,CC1COCCN1Cc1ccc(N)cc1;Cc1cccc(Cl)c1I;R9;C#CC(=O)OC(=O)C#C;R44;CC1CNC(C)CN1;R9;Clc1cccc(Cl)c1I;R9;CC1CCCN1;R9,5,,,
CC1COCCCN1Cc1cn(-c2c(Cl)cccc2Cl)nn1,C#CC(=O)N(c1ccc(CN2CCOCC2C)cc1)c1cccc(C)c1N1CC(C)N(c2c(Cl)cccc2N2CCCCC2C)CC1C,0.356,CC1COCCN1Cc1ccc(N)cc1;Cc1cccc(Cl)c1I;R9;C#CC(=O)OC(=O)C#C;R44;CC1CNC(C)CN1;R9;Clc1cccc(Cl)c1I;R9;CC1CCCCN1;R9,5,,,
CC1COCCCN1Cc1cn(-c2c(Cl)cccc2Cl)nn1,Cc1cccc(N(C(=O)C#Cc2c(Cl)cccc2Cl)c2ccc(CN3CCOCC3C)cc2)c1N1[C@@H](C)COC[C@@H]1C,0.354,CC1COCCN1Cc1ccc(N)cc1;Cc1cccc(Cl)c1I;R9;C#CC(=O)OC(=O)C#C;R44;C[C@H]1COC[C@H](C)N1;R9;Clc1cccc(Cl)c1I;R100,4,,,
CC1COCCCN1Cc1cn(-c2c(Cl)cccc2Cl)nn1,C#CC(=O)N(c1ccc(CN2CCOCC2C)cc1)c1cccc(C)c1N1CC(C)N(c2cccc(Cl)c2N2[C@@H](C)COC[C@@H]2C)CC1C,0.352,CC1COCCN1Cc1ccc(N)cc1;Cc1cccc(Cl)c1I;R9;C#CC(=O)OC(=O)C#C;R44;CC1CNC(C)CN1;R9;Clc1cccc(Cl)c1I;R9;C[C@H]1COC[C@H](C)N1;R9,5,,,
CC1COCCCN1Cc1cn(-c2c(Cl)cccc2Cl)nn1,C#CC(=O)N(c1ccc(CN2CCOCC2C)cc1)c1cccc(C)c1N1CC(C)N(c2c(Cl)cccc2N2CCC2C)CC1C,0.352,CC1COCCN1Cc1ccc(N)cc1;Cc1cccc(Cl)c1I;R9;C#CC(=O)OC(=O)C#C;R44;CC1CNC(C)CN1;R9;Clc1cccc(Cl)c1I;R9;CC1CCN1;R9,5,,,
CC1COCCCN1Cc1cn(-c2c(Cl)cccc2Cl)nn1,C#CC(=O)N(c1ccc(CN2CCOCC2C)cc1)c1c(C)cccc1N1CC(C)N(c2c(Cl)cccc2N2CCCOC2C)CC1C,0.352,CC1COCCN1Cc1ccc(N)cc1;Cc1cccc(Cl)c1I;R9;C#CC(=O)OC(=O)C#C;R44;CC1CNC(C)CN1;R9;Clc1cccc(Cl)c1I;R9;CC1NCCCO1;R9,5,,,
CC1COCCCN1Cc1cn(-c2c(Cl)cccc2Cl)nn1,C#CC(=O)N(c1ccc(CN2CCOCC2C)cc1)c1cccc(C)c1N1CC(C)N(c2cccc(Cl)c2N2CCCCC2C)CC1C,0.352,CC1COCCN1Cc1ccc(N)cc1;Cc1cccc(Cl)c1I;R9;C#CC(=O)OC(=O)C#C;R44;CC1CNC(C)CN1;R9;Clc1cccc(Cl)c1I;R9;CC1CCCCN1;R9,5,,,
CC1COCCCN1Cc1cn(-c2c(Cl)cccc2Cl)nn1,C#CC(=O)N(c1ccc(CN2CCOCC2C)cc1)c1cccc(C)c1N1CC(C)N(c2c(Cl)cccc2N2CCCCCCC2C)CC1C,0.352,CC1COCCN1Cc1ccc(N)cc1;Cc1cccc(Cl)c1I;R9;C#CC(=O)OC(=O)C#C;R44;CC1CNC(C)CN1;R9;Clc1cccc(Cl)c1I;R9;CC1CCCCCCN1;R9,5,,,
CC1COCCCN1Cc1cn(-c2c(Cl)cccc2Cl)nn1,C#CC(=O)N(c1ccc(CN2CCOCC2C)cc1)c1cccc(C)c1N1CC(C)N(c2c(Cl)cccc2N2CCCCCC2C)CC1C,0.352,CC1COCCN1Cc1ccc(N)cc1;Cc1cccc(Cl)c1I;R9;C#CC(=O)OC(=O)C#C;R44;CC1CNC(C)CN1;R9;Clc1cccc(Cl)c1I;R9;CC1CCCCCN1;R9,5,,,
CC1COCCCN1Cc1cn(-c2c(Cl)cccc2Cl)nn1,Cc1cccc(C#CC(=O)N2CCCOC[C@@H]2C)c1N(c1ccc(CN2CCOCC2C)cc1)c1cccc(-n2cc(C=O)nn2)c1Cl,0.351,CC1COCCN1Cc1ccc(N)cc1;Cc1cccc(Cl)c1I;R9;C#CC(=O)O;R100;O=Cc1cn(-c2cccc(Cl)c2Cl)nn1;R9;C[C@H]1COCCCN1;R8,4,,,
CC1COCCCN1Cc1cn(-c2c(Cl)cccc2Cl)nn1,C[C@@H]1COCCN1CC#Cc1c(Cl)ccc(Cl)c1Cl,0.349,C#CCN1CCOC[C@H]1C;Clc1ccc(Cl)c(Cl)c1Cl;R100,1,,,
CC1COCCCN1Cc1cn(-c2c(Cl)cccc2Cl)nn1,C#CC(=O)N(c1ccc(CN2CCOCC2C)cc1)c1c(C)cccc1N1CC(C)N(c2cccc(Cl)c2N2CCOC[C@H]2C)CC1C,0.349,CC1COCCN1Cc1ccc(N)cc1;Cc1cccc(Cl)c1I;R9;C#CC(=O)OC(=O)C#C;R44;CC1CNC(C)CN1;R9;Clc1cccc(Cl)c1I;R9;C[C@@H]1COCCN1;R9,5,,,
CC1COCCCN1Cc1cn(-c2c(Cl)cccc2Cl)nn1,C[C@@H]1COCCN1CC#Cc1cccc(O)c1Cl,0.348,C#CCN1CCOC[C@H]1C;Oc1cccc(Cl)c1Cl;R100,1,,,
CC1COCCCN1Cc1cn(-c2c(Cl)cccc2Cl)nn1,C[C@@H]1COCCN1CC#Cc1cccc(Br)c1Cl,0.348,C#CCN1CCOC[C@H]1C;Clc1cccc(Br)c1Cl;R100,1,,,
CC1COCCCN1Cc1cn(-c2c(Cl)cccc2Cl)nn1,C[C@@H]1COCCN1CC#Cc1ccc(Cl)c2ccccc12,0.348,C#CCN1CCOC[C@H]1C;Clc1ccc(Cl)c2ccccc12;R100,1,,,
CC1COCCCN1Cc1cn(-c2c(Cl)cccc2Cl)nn1,C#CC(=O)N(c1ccc(CN2CCOCC2C)cc1)c1c(C)cccc1N1CC(C)N(c2cccc(Cl)c2N2CCCC2C)CC1C,0.348,CC1COCCN1Cc1ccc(N)cc1;Cc1cccc(Cl)c1I;R9;C#CC(=O)OC(=O)C#C;R44;CC1CNC(C)CN1;R9;Clc1cccc(Cl)c1I;R9;CC1CCCN1;R9,5,,,
CC1COCCCN1Cc1cn(-c2c(Cl)cccc2Cl)nn1,C#CC(=O)N(c1ccc(CN2CCOCC2C)cc1)c1cccc(C)c1N1CC(C)N(c2cccc(Cl)c2N2CCC2C)CC1C,0.348,CC1COCCN1Cc1ccc(N)cc1;Cc1cccc(Cl)c1I;R9;C#CC(=O)OC(=O)C#C;R44;CC1CNC(C)CN1;R9;Clc1cccc(Cl)c1I;R9;CC1CCN1;R9,5,,,
CC1COCCCN1Cc1cn(-c2c(Cl)cccc2Cl)nn1,C#CC(=O)N(c1ccc(CN2CCOCC2C)cc1)c1cccc(C)c1N1CC(C)N(c2cccc(Cl)c2N2CCCCCCC2C)CC1C,0.348,CC1COCCN1Cc1ccc(N)cc1;Cc1cccc(Cl)c1I;R9;C#CC(=O)OC(=O)C#C;R44;CC1CNC(C)CN1;R9;Clc1cccc(Cl)c1I;R9;CC1CCCCCCN1;R9,5,,,
CC1COCCCN1Cc1cn(-c2c(Cl)cccc2Cl)nn1,C#CC(=O)N(c1ccc(CN2CCOCC2C)cc1)c1cccc(C)c1N1CC(C)N(c2cccc(Cl)c2N2CCCCCC2C)CC1C,0.348,CC1COCCN1Cc1ccc(N)cc1;Cc1cccc(Cl)c1I;R9;C#CC(=O)OC(=O)C#C;R44;CC1CNC(C)CN1;R9;Clc1cccc(Cl)c1I;R9;CC1CCCCCN1;R9,5,,,
CC1COCCCN1Cc1cn(-c2c(Cl)cccc2Cl)nn1,Cc1cccc(N(C(=O)C#Cc2c(Cl)cccc2Cl)c2ccc(CN3CCOCC3C)cc2)c1N1CCC1C,0.345,CC1COCCN1Cc1ccc(N)cc1;Cc1cccc(Cl)c1I;R9;C#CC(=O)OC(=O)C#C;R44;CC1CCN1;R103;Clc1cccc(Cl)c1I;R100,4,,,
CCC(CCCC(F)(F)F)NC(=O)c1nc(Br)c[nH]1,CCC(CCCC(F)(F)F)NC(=O)c1nc(Br)c[nH]1,1.000,CCC(N)CCCC(F)(F)F;O=C(O)c1nc(Br)c[nH]1;R8,1,1.000,1.000,1.000
CCC(CCCC(F)(F)F)NC(=O)c1nc(Br)c[nH]1,CCC(CCCC(F)(F)F)NC(=O)c1nc(C)c[nH]1,0.771,CCC(N)CCCC(F)(F)F;Cc1c[nH]c(C(=O)O)n1;R8,1,1.000,1.000,0.657
CCC(CCCC(F)(F)F)NC(=O)c1nc(Br)c[nH]1,CCCCC(CC)NC(=O)c1nc(Br)c[nH]1,0.761,CCCCC(N)CC;O=C(O)c1nc(Br)c[nH]1;R8,1,1.000,0.835,0.906
CCC(CCCC(F)(F)F)NC(=O)c1nc(Br)c[nH]1,O=C(NC(CCC(F)(F)F)CCC(F)(F)F)c1nc(Br)c[nH]1,0.756,NC(CCC(F)(F)F)CCC(F)(F)F;O=C(O)c1nc(Br)c[nH]1;R8,1,1.000,0.587,0.913
CCC(CCCC(F)(F)F)NC(=O)c1nc(Br)c[nH]1,CC(CCCC(F)(F)F)NC(=O)c1nc(Br)c[nH]1,0.750,CC(N)CCCC(F)(F)F;O=C(O)c1nc(Br)c[nH]1;R8,1,1.000,0.832,0.961
CCC(CCCC(F)(F)F)NC(=O)c1nc(Br)c[nH]1,CCC(CC(F)(F)F)NC(=O)c1nc(Br)c[nH]1,0.745,CCC(N)CC(F)(F)F;O=C(O)c1nc(Br)c[nH]1;R8,1,1.000,0.399,0.799
CCC(CCCC(F)(F)F)NC(=O)c1nc(Br)c[nH]1,CCCCCCC(CC)NC(=O)c1nc(Br)c[nH]1,0.729,CCCCCCC(N)CC;O=C(O)c1nc(Br)c[nH]1;R8,1,1.000,0.686,0.885
CCC(CCCC(F)(F)F)NC(=O)c1nc(Br)c[nH]1,CCCC(CC)NC(=O)c1nc(Br)c[nH]1,0.717,CCCC(N)CC;O=C(O)c1nc(Br)c[nH]1;R8,1,1.000,0.685,0.869
CCC(CCCC(F)(F)F)NC(=O)c1nc(Br)c[nH]1,CCC(CC)NC(=O)c1nc(Br)c[nH]1,0.705,CCC(N)CC;O=C(O)c1nc(Br)c[nH]1;R8,1,1.000,0.446,0.807
CCC(CCCC(F)(F)F)NC(=O)c1nc(Br)c[nH]1,CC(CCC(F)(F)F)NC(=O)c1nc(Br)c[nH]1,0.688,CC(N)CCC(F)(F)F;O=C(O)c1nc(Br)c[nH]1;R8,1,1.000,0.440,0.868
CCC(CCCC(F)(F)F)NC(=O)c1nc(Br)c[nH]1,CCC(CCN)NC(=O)c1nc(Br)c[nH]1,0.688,CCC(N)CCN;O=C(O)c1nc(Br)c[nH]1;R8,1,,,
CCC(CCCC(F)(F)F)NC(=O)c1nc(Br)c[nH]1,CCCCC(CCCC)NC(=O)c1nc(Br)c[nH]1,0.681,CCCCC(N)CCCC;O=C(O)c1nc(Br)c[nH]1;R8,1,,,
CCC(CCCC(F)(F)F)NC(=O)c1nc(Br)c[nH]1,CCC(CF)NC(=O)c1nc(Br)c[nH]1,0.681,CCC(N)CF;O=C(O)c1nc(Br)c[nH]1;R8,1,,,
CCC(CCCC(F)(F)F)NC(=O)c1nc(Br)c[nH]1,CCC(CCCC(F)(F)F)NC(=O)NCc1nc(Br)c[nH]1,0.667,CCC(N)CCCC(F)(F)F;NCc1nc(Br)c[nH]1;R36,1,,,
CCC(CCCC(F)(F)F)NC(=O)c1nc(Br)c[nH]1,CCC(CCCC(F)(F)F)NC(=O)C(=O)NCc1nc(Br)c[nH]1,0.655,CCC(N)CCCC(F)(F)F;NCc1nc(Br)c[nH]1;R38,1,,,
CCC(CCCC(F)(F)F)NC(=O)c1nc(Br)c[nH]1,CCC(CCCC(F)(F)F)NC(=O)c1ncc[nH]1,0.647,CCC(N)CCCC(F)(F)F;O=C(O)c1ncc[nH]1;R8,1,,,
CCC(CCCC(F)(F)F)NC(=O)c1nc(Br)c[nH]1,CCC(CCCC(F)(F)F)NC(=O)c1cc(Br)c[nH]1,0.635,CCC(N)CCCC(F)(F)F;O=C(O)c1cc(Br)c[nH]1;R8,1,,,
CCC(CCCC(F)(F)F)NC(=O)c1nc(Br)c[nH]1,CC[C@H](NC(=O)c1nc(Br)c[nH]1)C(F)(F)F,0.633,CC[C@H](N)C(F)(F)F;O=C(O)c1nc(Br)c[nH]1;R8,1,,,
CCC(CCCC(F)(F)F)NC(=O)c1nc(Br)c[nH]1,CCC(CCCC(F)(F)F)NC(=O)c1nc(=O)[nH][nH]1,0.627,CCC(N)CCCC(F)(F)F;O=C(O)c1nc(=O)[nH][nH]1;R8,1,,,
CCC(CCCC(F)(F)F)NC(=O)c1nc(Br)c[nH]1,CCC(CCCC(F)(F)F)NC(=O)c1cccc(Br)n1,0.623,CCC(N)CCCC(F)(F)F;O=C(O)c1cccc(Br)n1;R8,1,,,
CCC(CCCC(F)(F)F)NC(=O)c1nc(Br)c[nH]1,O=C(NCCCC(F)(F)F)c1nc(Br)c[nH]1,0.612,NCCCC(F)(F)F;O=C(O)c1nc(Br)c[nH]1;R8,1,,,
CCC(CCCC(F)(F)F)NC(=O)c1nc(Br)c[nH]1,O=C(NCCCCC(F)(F)F)c1nc(Br)c[nH]1,0.600,NCCCCC(F)(F)F;O=C(O)c1nc(Br)c[nH]1;R8,1,,,
CCC(CCCC(F)(F)F)NC(=O)c1nc(Br)c[nH]1,CCC(CCCC(F)(F)F)NCc1nc(Br)c[nH]1,0.596,CCC(N)CCCC(F)(F)F;O=Cc1nc(Br)c[nH]1;R43,1,,,
CCC(CCCC(F)(F)F)NC(=O)c1nc(Br)c[nH]1,CCC(CCCC(F)(F)F)NC(=O)c1csc(Br)n1,0.593,CCC(N)CCCC(F)(F)F;O=C(O)c1csc(Br)n1;R8,1,,,
CCC(CCCC(F)(F)F)NC(=O)c1nc(Br)c[nH]1,CCC(CCCC(F)(F)F)Nc1c[nH]c(C(=O)O)n1,0.574,CCC(N)CCCC(F)(F)F;O=C(O)c1nc(Br)c[nH]1;R9,1,,,
CCC(CCCC(F)(F)F)NC(=O)c1nc(Br)c[nH]1,Cc1c[nH]c(C(=O)NC(C)CCCC(F)(F)F)n1,0.566,CC(N)CCCC(F)(F)F;Cc1c[nH]c(C(=O)O)n1;R8,1,,,
CCC(CCCC(F)(F)F)NC(=O)c1nc(Br)c[nH]1,CCC(N)CCNC(=O)c1nc(Br)c[nH]1,0.500,CCC(N)CCN;O=C(O)c1nc(Br)c[nH]1;R8,1,,,
CCC(CCCC(F)(F)F)NC(=O)c1nc(Br)c[nH]1,CCC(CCCC(F)(F)F)Nc1c[nH]c(CCl)n1,0.456,CCC(N)CCCC(F)(F)F;ClCc1nc(Br)c[nH]1;R9,1,,,
CCC(CCCC(F)(F)F)NC(=O)c1nc(Br)c[nH]1,O=C(O)c1nc(NC(CCC(F)(F)F)CCC(F)(F)F)c[nH]1,0.436,NC(CCC(F)(F)F)CCC(F)(F)F;O=C(O)c1nc(Br)c[nH]1;R9,1,,,
CCC(CCCC(F)(F)F)NC(=O)c1nc(Br)c[nH]1,CCCCCCC(CC)Nc1c[nH]c(C(=O)O)n1,0.407,CCCCCCC(N)CC;O=C(O)c1nc(Br)c[nH]1;R9,1,,,
CCC(CCCC(F)(F)F)NC(=O)c1nc(Br)c[nH]1,CCCC(CC)Nc1c[nH]c(C(=O)O)n1,0.386,CCCC(N)CC;O=C(O)c1nc(Br)c[nH]1;R9,1,,,
COc1cc(NC(=O)C2(N(C)C)CCCOC2)cc2cccnc12,COc1cc(NC(=O)C2(N(C)C)CCCOC2)cc2cccnc12,1.000,COc1cc(N)cc2cccnc12;CN(C)C1(C(=O)O)CCCOC1;R8,1,1.000,1.000,1.000
COc1cc(NC(=O)C2(N(C)C)CCCOC2)cc2cccnc12,COc1cc(NC(=O)C2(N(C)C)CCCC2)cc2cccnc12,0.800,COc1cc(N)cc2cccnc12;CN(C)C1(C(=O)O)CCCC1;R8,1,0.761,0.698,0.796
COc1cc(NC(=O)C2(N(C)C)CCCOC2)cc2cccnc12,COc1cc(NC(=O)C2(N(C)C)CCC2)cc2cccnc12,0.800,COc1cc(N)cc2cccnc12;CN(C)C1(C(=O)O)CCC1;R8,1,0.761,0.855,0.796
COc1cc(NC(=O)C2(N(C)C)CCCOC2)cc2cccnc12,COc1cc(NC(=O)C2(N(C)C)CCOCC2)cc2cccnc12,0.789,COc1cc(N)cc2cccnc12;CN(C)C1(C(=O)O)CCOCC1;R8,1,0.750,0.787,0.790
COc1cc(NC(=O)C2(N(C)C)CCCOC2)cc2cccnc12,COc1cc(NC(=O)C2(N(C)C)CCCCC2)cc2cccnc12,0.786,COc1cc(N)cc2cccnc12;CN(C)C1(C(=O)O)CCCCC1;R8,1,0.745,0.592,0.787
COc1cc(NC(=O)C2(N(C)C)CCCOC2)cc2cccnc12,COc1cccc2cc(NC(=O)C3(N(C)C)CCCOC3)cnc12,0.780,COc1cccc2cc(N)cnc12;CN(C)C1(C(=O)O)CCCOC1;R8,1,0.740,0.577,0.876
COc1cc(NC(=O)C2(N(C)C)CCCOC2)cc2cccnc12,COc1cc(NC(=O)C2(N(C)C)CC2)cc2cccnc12,0.764,COc1cc(N)cc2cccnc12;CN(C)C1(C(=O)O)CC1;R8,1,0.717,0.855,0.751
COc1cc(NC(=O)C2(N(C)C)CCCOC2)cc2cccnc12,COc1cc(NC(=O)C2(C)CCCOC2)cc2cccnc12,0.763,COc1cc(N)cc2cccnc12;CC1(C(=O)O)CCCOC1;R8,1,1.000,0.650,0.735
COc1cc(NC(=O)C2(N(C)C)CCCOC2)cc2cccnc12,COc1cc(NC(=O)C2(OC)CCCOC2)cc2cccnc12,0.763,COc1cc(N)cc2cccnc12;COC1(C(=O)O)CCCOC1;R8,1,1.000,0.889,0.673
COc1cc(NC(=O)C2(N(C)C)CCCOC2)cc2cccnc12,COc1cc(NC(=O)C2(F)CCCOC2)cc2cccnc12,0.750,COc1cc(N)cc2cccnc12;O=C(O)C1(F)CCCOC1;R8,1,1.000,0.889,0.695
COc1cc(NC(=O)C2(N(C)C)CCCOC2)cc2cccnc12,COc1cc(NC(=O)C2(N(C)C)CCCOC2)cc2ccccc12,0.729,COc1cc(N)cc2ccccc12;CN(C)C1(C(=O)O)CCCOC1;R8,1,,,
COc1cc(NC(=O)C2(N(C)C)CCCOC2)cc2cccnc12,CCC1(C(=O)Nc2cc(OC)c3ncccc3c2)CCCOC1,0.726,COc1cc(N)cc2cccnc12;CCC1(C(=O)O)CCCOC1;R8,1,,,
COc1cc(NC(=O)C2(N(C)C)CCCOC2)cc2cccnc12,COc1cc(NC(=O)C2(N(C)C(=O)OC(C)(C)C)CCOC2)cc2cccnc12,0.723,COc1cc(N)cc2cccnc12;CN(C(=O)OC(C)(C)C)C1(C(=O)O)CCOC1;R8,1,,,
COc1cc(NC(=O)C2(N(C)C)CCCOC2)cc2cccnc12,COc1cc(NC(=O)C2(C#N)CCCOC2)cc2cccnc12,0.714,COc1cc(N)cc2cccnc12;N#CC1(C(=O)O)CCCOC1;R8,1,,,
COc1cc(NC(=O)C2(N(C)C)CCCOC2)cc2cccnc12,COc1cc(NC(=O)C2(C3(O)CCCOC3)CC2)cc2cccnc12,0.714,COc1cc(N)cc2cccnc12;O=C(O)C1(C2(O)CCCOC2)CC1;R8,1,,,
COc1cc(NC(=O)C2(N(C)C)CCCOC2)cc2cccnc12,COc1cc(NC(=O)C2(OC)CCOC2)cc2cccnc12,0.712,COc1cc(N)cc2cccnc12;COC1(C(=O)O)CCOC1;R8,1,,,
COc1cc(NC(=O)C2(N(C)C)CCCOC2)cc2cccnc12,COc1cc(NC(=O)C2(N(C)C)CCCOC2)c2ncccc2c1,0.710,COc1cc(N)c2ncccc2c1;CN(C)C1(C(=O)O)CCCOC1;R8,1,,,
COc1cc(NC(=O)C2(N(C)C)CCCOC2)cc2cccnc12,COc1cc(NC(=O)C2(N(C)C)CCNCC2)cc2cccnc12,0.700,COc1cc(N)cc2cccnc12;CN(C)C1(C(=O)O)CCNCC1;R8,1,,,
COc1cc(NC(=O)C2(N(C)C)CCCOC2)cc2cccnc12,COc1cc(NC(=O)C2(C)CCOC2)cc2cccnc12,0.700,COc1cc(N)cc2cccnc12;CC1(C(=O)O)CCOC1;R8,1,,,
COc1cc(NC(=O)C2(N(C)C)CCCOC2)cc2cccnc12,COc1nc(NC(=O)C2(N(C)C)CCCOC2)cc2cccnc12,0.698,COc1nc(N)cc2cccnc12;CN(C)C1(C(=O)O)CCCOC1;R8,1,,,
COc1cc(NC(=O)C2(N(C)C)CCCOC2)cc2cccnc12,COc1cccnc1NC(=O)C1(N(C)C)CCCOC1,0.690,COc1cccnc1N;CN(C)C1(C(=O)O)CCCOC1;R8,1,,,
COc1cc(NC(=O)C2(N(C)C)CCCOC2)cc2cccnc12,COc1cc(NC(=O)C2(O)CCOC2)cc2cccnc12,0.689,COc1cc(N)cc2cccnc12;O=C(O)C1(O)CCOC1;R8,1,,,
COc1cc(NC(=O)C2(N(C)C)CCCOC2)cc2cccnc12,COc1cc(NC(=O)C2(C)CCCO2)cc2cccnc12,0.672,COc1cc(N)cc2cccnc12;CC1(C(=O)O)CCCO1;R8,1,,,
COc1cc(NC(=O)C2(N(C)C)CCCOC2)cc2cccnc12,CN(C)C1(C(=O)Nc2cnc3ncccc3c2)CCCOC1,0.672,Nc1cnc2ncccc2c1;CN(C)C1(C(=O)O)CCCOC1;R8,1,,,
COc1cc(NC(=O)C2(N(C)C)CCCOC2)cc2cccnc12,COc1ccc(NC(=O)C2(N(C)C)CCCOC2)c2ncccc12,0.667,COc1ccc(N)c2ncccc12;CN(C)C1(C(=O)O)CCCOC1;R8,1,,,
COc1cc(NC(=O)C2(N(C)C)CCCOC2)cc2cccnc12,COc1cc(NC(=O)C2(N(C)C)CCCOC2)cc(OC)c1C,0.667,COc1cc(N)cc(OC)c1C;CN(C)C1(C(=O)O)CCCOC1;R8,1,,,
COc1cc(NC(=O)C2(N(C)C)CCCOC2)cc2cccnc12,COc1cc(NC(=O)C2(C)CCOCC2)cc2cccnc12,0.667,COc1cc(N)cc2cccnc12;CC1(C(=O)O)CCOCC1;R8,1,,,
COc1cc(NC(=O)C2(N(C)C)CCCOC2)cc2cccnc12,COc1cc(NC(=O)C2(N(C)C)CCCOC2)cc(OC)c1OC,0.667,COc1cc(N)cc(OC)c1OC;CN(C)C1(C(=O)O)CCCOC1;R8,1,,,
COc1cc(NC(=O)C2(N(C)C)CCCOC2)cc2cccnc12,Cc1cc(NC(=O)C2(N(C)C)CCCOC2)c2ncccc2c1,0.661,Cc1cc(N)c2ncccc2c1;CN(C)C1(C(=O)O)CCCOC1;R8,1,,,
COc1cc(NC(=O)C2(N(C)C)CCCOC2)cc2cccnc12,COc1cc(NC(=O)NCC2(C(=O)O)CCCOC2)cc2cccnc12,0.632,COc1cc(N)cc2cccnc12;NCC1(C(=O)O)CCCOC1;R36,1,,,
COc1cc(NC(=O)C2(N(C)C)CCCOC2)cc2cccnc12,COc1cc(NC(=O)C(=O)NCC2(C(=O)O)CCCOC2)cc2cccnc12,0.614,COc1cc(N)cc2cccnc12;NCC1(C(=O)O)CCCOC1;R38,1,,,
COc1cc(NC(=O)C2(N(C)C)CCCOC2)cc2cccnc12,COc1cc(NC(=O)N2CCC(C(=O)O)(N(C)C)CC2)cc2cccnc12,0.582,COc1cc(N)cc2cccnc12;CN(C)C1(C(=O)O)CCNCC1;R36,1,,,
COc1cc(NC(=O)C2(N(C)C)CCCOC2)cc2cccnc12,COc1cc(NC(=O)C(=O)N2CCC(C(=O)O)(N(C)C)CC2)cc2cccnc12,0.565,COc1cc(N)cc2cccnc12;CN(C)C1(C(=O)O)CCNCC1;R38,1,,,
COc1cc(NC(=O)C2(N(C)C)CCCOC2)cc2cccnc12,COc1cc(NC(=O)C2(N(C)C)CCCC2)c2ncccc2c1,0.547,COc1cc(N)c2ncccc2c1;CN(C)C1(C(=O)O)CCCC1;R8,1,,,
COc1cc(NC(=O)C2(N(C)C)CCCOC2)cc2cccnc12,CN(C)C1(C(=O)Cl)CCCOC1,0.379,COc1cc(N)cc2cccnc12;CN(C)C1(C(=O)O)CCCOC1;R107,1,,,
COc1cc(NC(=O)C2(N(C)C)CCCOC2)cc2cccnc12,CN(C)C1(C(=O)Cl)CCOCC1,0.246,COc1cc(N)cc2cccnc12;CN(C)C1(C(=O)O)CCOCC1;R107,1,,,
O=C(NCC1CCCC2(CN(C(=O)C[C@H]3CCCO3)C2)O1)[C@@H](O)c1ccccc1,O=C(NC1CCN(C(=O)CC2CCCC3(CN(C(=O)CC4CCCO4)C3)O2)CC1)[C@@H](O)c1ccccc1,0.758,CC(C)(C)OC(=O)N1CC2(CCCC(CC(=O)O)O2)C1;R84;O=C(Cl)CC1CCCO1;R9;O=C(O)[C@@H](O)c1ccccc1;CC1(C)CN(C2CCNCC2)C(=O)O1;R69,3,0.758,0.579,0.852
O=C(NCC1CCCC2(CN(C(=O)C[C@H]3CCCO3)C2)O1)[C@@H](O)c1ccccc1,O=C(NC1CCN(C(=O)CC2CCCC3(CN(C(=O)CC4CCCO4)C3)O2)C1)[C@@H](O)c1ccccc1,0.735,CC(C)(C)OC(=O)N1CC2(CCCC(CC(=O)O)O2)C1;R84;O=C(Cl)CC1CCCO1;R9;O=C(O)[C@@H](O)c1ccccc1;CC1(C)CN(C2CCNC2)C(=O)O1;R69,3,0.734,0.623,0.792
O=C(NCC1CCCC2(CN(C(=O)C[C@H]3CCCO3)C2)O1)[C@@H](O)c1ccccc1,O=C(NC1CCCN(C(=O)CC2CCCC3(CN(C(=O)CC4CCCO4)C3)O2)CC1)[C@@H](O)c1ccccc1,0.725,CC(C)(C)OC(=O)N1CC2(CCCC(CC(=O)O)O2)C1;R84;O=C(Cl)CC1CCCO1;R9;O=C(O)[C@@H](O)c1ccccc1;CC1(C)CN(C2CCCNCC2)C(=O)O1;R69,3,0.723,0.579,0.839
O=C(NCC1CCCC2(CN(C(=O)C[C@H]3CCCO3)C2)O1)[C@@H](O)c1ccccc1,O=C(CC1CCCC2(CN(C(=O)CC3CCCO3)C2)O1)NC1CCN(C(=O)[C@@H](O)c2ccccc2)CC1,0.676,CC(C)(C)OC(=O)N1CC2(CCCC(CC(=O)O)O2)C1;R84;O=C(Cl)CC1CCCO1;R9;O=C(O)[C@@H](O)c1ccccc1;CC1(C)CN(C2CCNCC2)C(=O)O1;R69,3,0.697,0.561,0.835
O=C(NCC1CCCC2(CN(C(=O)C[C@H]3CCCO3)C2)O1)[C@@H](O)c1ccccc1,CC(C)(C)OC(=O)N1CC2(CCCC(CNC(=O)[C@@H](O)c3ccccc3)O2)C1,0.672,CC(C)(C)OC(=O)N1CC2(CCCC(C(=O)O)O2)C1;R85;O=C(O)[C@@H](O)c1ccccc1;CC(C)(C)OC(=O)N1CC2(CCCC(CN)O2)C1;R8,2,0.627,0.762,0.747
O=C(NCC1CCCC2(CN(C(=O)C[C@H]3CCCO3)C2)O1)[C@@H](O)c1ccccc1,O=C(CC1CCCC2(CN(C(=O)CC3CCCO3)C2)O1)N[C@H](C(=O)O)c1ccccc1,0.662,CC(C)(C)OC(=O)N1CC2(CCCC(CC(=O)O)O2)C1;R84;O=C(Cl)CC1CCCO1;R9;N[C@H](C(=O)O)c1ccccc1;R8,3,0.750,0.606,0.684
O=C(NCC1CCCC2(CN(C(=O)C[C@H]3CCCO3)C2)O1)[C@@H](O)c1ccccc1,CCNC(=O)[C@@H](O)c1ccc(C)cc1.CNC(=O)CC1CCCC2(CN(C(=O)CC3CCCO3)C2)O1,0.658,CC(C)(C)OC(=O)N1CC2(CCCC(CC(=O)O)O2)C1;R84;O=C(Cl)CC1CCCO1;R57;Cc1ccc([C@H](O)C(=O)O)cc1;CN1CC2(CCCNC2)OC1=O;R69,3,0.559,0.549,0.921
O=C(NCC1CCCC2(CN(C(=O)C[C@H]3CCCO3)C2)O1)[C@@H](O)c1ccccc1,O=C(CC1CCCC2(CN(C(=O)CC3CCCO3)C2)O1)NC1CCN(C(=O)[C@@H](O)c2ccccc2)C1,0.658,CC(C)(C)OC(=O)N1CC2(CCCC(CC(=O)O)O2)C1;R84;O=C(Cl)CC1CCCO1;R9;O=C(O)[C@@H](O)c1ccccc1;CC1(C)CN(C2CCNC2)C(=O)O1;R69,3,0.676,0.609,0.777
O=C(NCC1CCCC2(CN(C(=O)C[C@H]3CCCO3)C2)O1)[C@@H](O)c1ccccc1,O=C(CC1CCCC2(CN(C(=O)CC3CCCO3)C2)O1)OC(c1ccccc1)c1ccccc1,0.652,CC(C)(C)OC(=O)N1CC2(CCCC(CC(=O)O)O2)C1;R84;O=C(Cl)CC1CCCO1;R9;OC(c1ccccc1)c1ccccc1;R72,3,0.606,0.627,0.618
O=C(NCC1CCCC2(CN(C(=O)C[C@H]3CCCO3)C2)O1)[C@@H](O)c1ccccc1,O=C(CC1CCCC2(CN(C(=O)CC3CCCO3)C2)O1)NC1CCCN(C(=O)[C@@H](O)c2ccccc2)CC1,0.649,CC(C)(C)OC(=O)N1CC2(CCCC(CC(=O)O)O2)C1;R84;O=C(Cl)CC1CCCO1;R9;O=C(O)[C@@H](O)c1ccccc1;CC1(C)CN(C2CCCNCC2)C(=O)O1;R69,3,0.667,0.531,0.821
O=C(NCC1CCCC2(CN(C(=O)C[C@H]3CCCO3)C2)O1)[C@@H](O)c1ccccc1,CCNC(=O)C(O)c1ccc(F)cc1.CNC(=O)CC1CCCC2(CN(C(=O)CC3CCCO3)C2)O1,0.649,CC(C)(C)OC(=O)N1CC2(CCCC(CC(=O)O)O2)C1;R84;O=C(Cl)CC1CCCO1;R9;O=C(O)C(O)c1ccc(F)cc1;CN1CC2(CCCNC2)OC1=O;R69,3,,,
O=C(NCC1CCCC2(CN(C(=O)C[C@H]3CCCO3)C2)O1)[C@@H](O)c1ccccc1,CCNC(=O)CC1CCCC2(CN(C(=O)CC3CCCO3)C2)O1.CNC(=O)[C@@H](O)c1ccc(C)cc1,0.635,CC(C)(C)OC(=O)N1CC2(CCCC(CC(=O)O)O2)C1;R84;O=C(Cl)CC1CCCO1;R57;Cc1ccc([C@H](O)C(=O)O)cc1;CN1CC2(CCCNC2)OC1=O;R69,3,,,
O=C(NCC1CCCC2(CN(C(=O)C[C@H]3CCCO3)C2)O1)[C@@H](O)c1ccccc1,CNC(=O)[C@H](C)c1ccccc1.NC(=O)CC1CCCC2(CN(C(=O)CC3CCCO3)C2)O1,0.634,CC(C)(C)OC(=O)N1CC2(CCCC(CC(=O)O)O2)C1;R84;O=C(Cl)CC1CCCO1;R9;C[C@@H](C(=O)O)c1ccccc1;CN1CC2(CNC2)OC1=O;R69,3,,,
O=C(NCC1CCCC2(CN(C(=O)C[C@H]3CCCO3)C2)O1)[C@@H](O)c1ccccc1,CNC(=O)C(O)c1ccc(Br)cc1.NC(=O)CC1CCCC2(CN(C(=O)CC3CCCO3)C2)O1,0.630,CC(C)(C)OC(=O)N1CC2(CCCC(CC(=O)O)O2)C1;R84;O=C(Cl)CC1CCCO1;R57;O=C(O)C(O)c1ccc(Br)cc1;CN1CC2(CNC2)OC1=O;R69,3,,,
O=C(NCC1CCCC2(CN(C(=O)C[C@H]3CCCO3)C2)O1)[C@@H](O)c1ccccc1,O=C(CC1CCCC2(CN(C(=O)CC3CCCO3)C2)O1)Nc1ccc(C(O)C(=O)O)cc1,0.629,CC(C)(C)OC(=O)N1CC2(CCCC(CC(=O)O)O2)C1;R84;O=C(Cl)CC1CCCO1;R9;Nc1ccc(C(O)C(=O)O)cc1;R8,3,,,
O=C(NCC1CCCC2(CN(C(=O)C[C@H]3CCCO3)C2)O1)[C@@H](O)c1ccccc1,CCNC(=O)C(O)c1cccc(C(=O)O)c1.CNC(=O)CC1CCCC2(CN(C(=O)CC3CCCO3)C2)O1,0.628,CC(C)(C)OC(=O)N1CC2(CCCC(CC(=O)O)O2)C1;R84;O=C(Cl)CC1CCCO1;R57;O=C(O)c1cccc(C(O)C(=O)O)c1;CN1CC2(CCCNC2)OC1=O;R69,3,,,
O=C(NCC1CCCC2(CN(C(=O)C[C@H]3CCCO3)C2)O1)[C@@H](O)c1ccccc1,CCNC(=O)CC1CCCC2(CN(C(=O)CC3CCCO3)C2)O1.CNC(=O)C(O)c1ccc(F)cc1,0.627,CC(C)(C)OC(=O)N1CC2(CCCC(CC(=O)O)O2)C1;R84;O=C(Cl)CC1CCCO1;R9;O=C(O)C(O)c1ccc(F)cc1;CN1CC2(CCCNC2)OC1=O;R69,3,,,
O=C(NCC1CCCC2(CN(C(=O)C[C@H]3CCCO3)C2)O1)[C@@H](O)c1ccccc1,CNC(=O)C(Br)c1ccccc1.NC(=O)CC1CCCC2(CN(C(=O)CC3CCCO3)C2)O1,0.625,CC(C)(C)OC(=O)N1CC2(CCCC(CC(=O)O)O2)C1;R84;O=C(Cl)CC1CCCO1;R9;O=C(O)C(Br)c1ccccc1;CN1CC2(CNC2)OC1=O;R69,3,,,
O=C(NCC1CCCC2(CN(C(=O)C[C@H]3CCCO3)C2)O1)[C@@H](O)c1ccccc1,O=C(CC1CCCC2(CN(C(=O)CC3CCCO3)C2)O1)Nc1cccc(C(O)C(=O)O)c1,0.616,CC(C)(C)OC(=O)N1CC2(CCCC(CC(=O)O)O2)C1;R84;O=C(Cl)CC1CCCO1;R9;Nc1cccc(C(O)C(=O)O)c1;R8,3,,,
O=C(NCC1CCCC2(CN(C(=O)C[C@H]3CCCO3)C2)O1)[C@@H](O)c1ccccc1,CC(=O)C(OC(=O)CC1CCCC2(CN(C(=O)CC3CCCO3)C2)O1)c1ccccc1,0.614,CC(C)(C)OC(=O)N1CC2(CCCC(CC(=O)O)O2)C1;R84;O=C(Cl)CC1CCCO1;R9;CC(=O)C(O)c1ccccc1;R72,3,,,
O=C(NCC1CCCC2(CN(C(=O)C[C@H]3CCCO3)C2)O1)[C@@H](O)c1ccccc1,CNC(=O)CC1CCCC2(CN(C(=O)CC3CCCO3)C2)O1.C[C@@H](C(N)=O)c1ccccc1,0.611,CC(C)(C)OC(=O)N1CC2(CCCC(CC(=O)O)O2)C1;R84;O=C(Cl)CC1CCCO1;R9;C[C@@H](C(=O)O)c1ccccc1;CN1CC2(CNC2)OC1=O;R69,3,,,
O=C(NCC1CCCC2(CN(C(=O)C[C@H]3CCCO3)C2)O1)[C@@H](O)c1ccccc1,CC(OC(=O)CC1CCCC2(CN(C(=O)CC3CCCO3)C2)O1)(C(=O)O)C(O)c1ccccc1,0.608,CC(C)(C)OC(=O)N1CC2(CCCC(CC(=O)O)O2)C1;R84;O=C(Cl)CC1CCCO1;R9;CC(=O)C(O)c1ccccc1;R71,3,,,
O=C(NCC1CCCC2(CN(C(=O)C[C@H]3CCCO3)C2)O1)[C@@H](O)c1ccccc1,CCNC(=O)CC1CCCC2(CN(C(=O)CC3CCCO3)C2)O1.CNC(=O)C(O)c1cccc(C(=O)O)c1,0.608,CC(C)(C)OC(=O)N1CC2(CCCC(CC(=O)O)O2)C1;R84;O=C(Cl)CC1CCCO1;R57;O=C(O)c1cccc(C(O)C(=O)O)c1;CN1CC2(CCCNC2)OC1=O;R69,3,,,
O=C(NCC1CCCC2(CN(C(=O)C[C@H]3CCCO3)C2)O1)[C@@H](O)c1ccccc1,O=C(CC1CCCC2(CN(C(=O)CC3CCCO3)C2)O1)OC(C(=O)c1ccccc1)c1ccccc1,0.606,CC(C)(C)OC(=O)N1CC2(CCCC(CC(=O)O)O2)C1;R84;O=C(Cl)CC1CCCO1;R9;O=C(c1ccccc1)C(O)c1ccccc1;R72,3,,,
O=C(NCC1CCCC2(CN(C(=O)C[C@H]3CCCO3)C2)O1)[C@@H](O)c1ccccc1,CNC(=O)CC1CCCC2(CN(C(=O)CC3CCCO3)C2)O1.NC(=O)C(Br)c1ccccc1,0.603,CC(C)(C)OC(=O)N1CC2(CCCC(CC(=O)O)O2)C1;R84;O=C(Cl)CC1CCCO1;R9;O=C(O)C(Br)c1ccccc1;CN1CC2(CNC2)OC1=O;R69,3,,,
O=C(NCC1CCCC2(CN(C(=O)C[C@H]3CCCO3)C2)O1)[C@@H](O)c1ccccc1,O=C(CC1CCCC2(CN(C(=O)CC3CCCO3)C2)O1)OC(C(=O)O)(c1ccccc1)C(O)c1ccccc1,0.600,CC(C)(C)OC(=O)N1CC2(CCCC(CC(=O)O)O2)C1;R84;O=C(Cl)CC1CCCO1;R9;O=C(c1ccccc1)C(O)c1ccccc1;R71,3,,,
O=C(NCC1CCCC2(CN(C(=O)C[C@H]3CCCO3)C2)O1)[C@@H](O)c1ccccc1,O=C(CC1CCCC2(CN(C(=O)CC3CCCO3)C2)O1)OC(C(F)=C(F)F)c1ccccc1,0.597,CC(C)(C)OC(=O)N1CC2(CCCC(CC(=O)O)O2)C1;R84;O=C(Cl)CC1CCCO1;R57;OC(C(F)=C(F)F)c1ccccc1;R72,3,,,
O=C(NCC1CCCC2(CN(C(=O)C[C@H]3CCCO3)C2)O1)[C@@H](O)c1ccccc1,CC(C)(C)OC(=O)N1CC2(CCC(CNC(=O)[C@@H](O)c3ccccc3)O2)C1,0.594,CC(C)(C)OC(=O)N1CCC2(CCCC(CC(=O)O)O2)C1;R85;O=C(O)C[C@@H]1CCCO1;CC(C)(C)OC(=O)N1CC2(CCCC(CI)O2)C1;R31;O=C(O)[C@@H](O)c1ccccc1;CC(C)(C)OC(=O)N1CC2(CCC(CN)O2)C1;R8,3,,,
O=C(NCC1CCCC2(CN(C(=O)C[C@H]3CCCO3)C2)O1)[C@@H](O)c1ccccc1,CC(C)(C)OC(=O)N1CCC2(CCCC(CNC(=O)[C@@H](O)c3ccccc3)O2)CC1,0.592,CC(C)(C)OC(=O)N1CCC2(CCCC(CC(=O)O)O2)C1;R85;O=C(O)C[C@@H]1CCCO1;CC(C)(C)OC(=O)N1CC2(CCCC(CI)O2)C1;R31;O=C(O)[C@@H](O)c1ccccc1;CC(C)(C)OC(=O)N1CCC2(CCCC(CN)O2)CC1;R8,3,,,
O=C(NCC1CCCC2(CN(C(=O)C[C@H]3CCCO3)C2)O1)[C@@H](O)c1ccccc1,CNC(=O)CC1CCCC2(CN(C(=O)CC3CCCO3)C2)O1.NC(=O)C(O)c1ccc(Br)cc1,0.587,CC(C)(C)OC(=O)N1CC2(CCCC(CC(=O)O)O2)C1;R84;O=C(Cl)CC1CCCO1;R57;O=C(O)C(O)c1ccc(Br)cc1;CN1CC2(CNC2)OC1=O;R69,3,,,
O=C(NCC1CCCC2(CN(C(=O)C[C@H]3CCCO3)C2)O1)[C@@H](O)c1ccccc1,CCNC(=O)CC1CCCC2(CN(C(=O)CC3CCCO3)C2)O1.CNC(=O)c1cccc(C(O)C(=O)O)c1,0.568,CC(C)(C)OC(=O)N1CC2(CCCC(CC(=O)O)O2)C1;R84;O=C(Cl)CC1CCCO1;R57;O=C(O)c1cccc(C(O)C(=O)O)c1;CN1CC2(CCCNC2)OC1=O;R69,3,,,
O=C(NCC1CCCC2(CN(C(=O)C[C@H]3CCCO3)C2)O1)[C@@H](O)c1ccccc1,CCNC(=O)c1cccc(C(O)C(=O)O)c1.CNC(=O)CC1CCCC2(CN(C(=O)CC3CCCO3)C2)O1,0.568,CC(C)(C)OC(=O)N1CC2(CCCC(CC(=O)O)O2)C1;R84;O=C(Cl)CC1CCCO1;R57;O=C(O)c1cccc(C(O)C(=O)O)c1;CN1CC2(CCCNC2)OC1=O;R69,3,,,
O=C(NCC1CCCC2(CN(C(=O)C[C@H]3CCCO3)C2)O1)[C@@H](O)c1ccccc1,Nc1cccc(C(OC(=O)CC2CCCC3(CN(C(=O)CC4CCCO4)C3)O2)C(=O)O)c1,0.566,CC(C)(C)OC(=O)N1CC2(CCCC(CC(=O)O)O2)C1;R84;O=C(Cl)CC1CCCO1;R9;Nc1cccc(C(O)C(=O)O)c1;R72,3,,,
O=C(NCC1CCCC2(CN(C(=O)C[C@H]3CCCO3)C2)O1)[C@@H](O)c1ccccc1,CC(C)(C)OC(=O)C1CC2(CCCC(CNC(=O)[C@@H](O)c3ccccc3)O2)C1,0.563,CC(C)(C)OC(=O)N1CCC2(CCCC(CC(=O)O)O2)C1;R85;O=C(O)C[C@@H]1CCCO1;CC(C)(C)OC(=O)N1CC2(CCCC(CI)O2)C1;R31;O=C(O)[C@@H](O)c1ccccc1;CC(C)(C)OC(=O)C1CC2(CCCC(CN)O2)C1;R8,3,,,
O=C(NCC1CCCC2(CN(C(=O)C[C@H]3CCCO3)C2)O1)[C@@H](O)c1ccccc1,CC(C)(C)OC(=O)N1CC(CNC(=O)[C@@H](O)c2ccccc2)OC2(CCC2)C1,0.556,CC(C)(C)OC(=O)N1CCC2(CCCC(CC(=O)O)O2)C1;R85;O=C(O)C[C@@H]1CCCO1;CC(C)(C)OC(=O)N1CC2(CCCC(CI)O2)C1;R31;O=C(O)[C@@H](O)c1ccccc1;CC(C)(C)OC(=O)N1CC(CN)OC2(CCC2)C1;R8,3,,,
O=C(NCC1CCCC2(CN(C(=O)C[C@H]3CCCO3)C2)O1)[C@@H](O)c1ccccc1,Nc1ccc(C(OC(=O)CC2CCCC3(CN(C(=O)CC4CCCO4)C3)O2)C(=O)O)cc1,0.533,CC(C)(C)OC(=O)N1CC2(CCCC(CC(=O)O)O2)C1;R84;O=C(Cl)CC1CCCO1;R9;Nc1ccc(C(O)C(=O)O)cc1;R72,3,,,
O=C(NCC1CCCC2(CN(C(=O)C[C@H]3CCCO3)C2)O1)[C@@H](O)c1ccccc1,CC(C)(C)OC(=O)N1CCC2(CCC(CNC(=O)[C@@H](O)c3ccccc3)O2)CC1,0.521,CC(C)(C)OC(=O)N1CCC2(CCCC(CC(=O)O)O2)C1;R85;O=C(O)C[C@@H]1CCCO1;CC(C)(C)OC(=O)N1CC2(CCCC(CI)O2)C1;R31;O=C(O)[C@@H](O)c1ccccc1;CC(C)(C)OC(=O)N1CCC2(CCC(CN)O2)CC1;R8,3,,,
O=C(NCC1CCCC2(CN(C(=O)C[C@H]3CCCO3)C2)O1)[C@@H](O)c1ccccc1,CC(C)(C)OC(=O)N1CC2(COCC(CNC(=O)[C@@H](O)c3ccccc3)O2)C1,0.493,CC(C)(C)OC(=O)N1CCC2(CCCC(CC(=O)O)O2)C1;R85;O=C(O)C[C@@H]1CCCO1;CC(C)(C)OC(=O)N1CC2(CCCC(CI)O2)C1;R31;O=C(O)[C@@H](O)c1ccccc1;CC(C)(C)OC(=O)N1CC2(COCC(CN)O2)C1;R8,3,,,
O=C(NCC1CCCC2(CN(C(=O)C[C@H]3CCCO3)C2)O1)[C@@H](O)c1ccccc1,CC(C)(C)OC(=O)N1CC2(CCCC(CNC(=O)C[C@@H]3CCCO3)O2)C1,0.493,CC(C)(C)OC(=O)N1CCC2(CCCC(CC(=O)O)O2)C1;R85;O=C(O)C[C@@H]1CCCO1;CC(C)(C)OC(=O)N1CC2(CCCC(CN)O2)C1;R8,2,,,
O=C(NCC1CCCC2(CN(C(=O)C[C@H]3CCCO3)C2)O1)[C@@H](O)c1ccccc1,CC(C)(C)OC(=O)N1CC2(CCCC(COC(=O)[C@@H](O)c3ccccc3)O2)C1,0.480,CC(C)(C)OC(=O)N1CCC2(CCCC(CC(=O)O)O2)C1;R85;O=C(O)C[C@@H]1CCCO1;CC(C)(C)OC(=O)N1CC2(CCCC(CI)O2)C1;R31;O=C(O)[C@@H](O)c1ccccc1;CC(C)(C)OC(=O)N1CC2(CCCC(CI)O2)C1;R31,3,,,
O=C(NCC1CCCC2(CN(C(=O)C[C@H]3CCCO3)C2)O1)[C@@H](O)c1ccccc1,CC(C)(C)OC(=O)N1CCC2(CC1)CC(CNC(=O)[C@@H](O)c1ccccc1)O2,0.473,CC(C)(C)OC(=O)N1CCC2(CCCC(CC(=O)O)O2)C1;R85;O=C(O)C[C@@H]1CCCO1;CC(C)(C)OC(=O)N1CC2(CCCC(CI)O2)C1;R31;O=C(O)[C@@H](O)c1ccccc1;CC(C)(C)OC(=O)N1CCC2(CC1)CC(CN)O2;R8,3,,,
O=C(NCC1CCCC2(CN(C(=O)C[C@H]3CCCO3)C2)O1)[C@@H](O)c1ccccc1,CC(C)(C)OC(=O)N1CC2(CCC(CNC(=O)C[C@@H]3CCCO3)O2)C1,0.452,CC(C)(C)OC(=O)N1CCC2(CCCC(CC(=O)O)O2)C1;R85;O=C(O)C[C@@H]1CCCO1;CC(C)(C)OC(=O)N1CC2(CCC(CN)O2)C1;R8,2,,,
O=C(NCC1CCCC2(CN(C(=O)C[C@H]3CCCO3)C2)O1)[C@@H](O)c1ccccc1,CC(C)(C)OC(=O)N1CC2(CCCC(CC(=O)O[C@H](C(=O)O)c3ccccc3)O2)C1,0.436,CC(C)(C)OC(=O)N1CCC2(CCCC(CC(=O)O)O2)C1;R85;O=C(O)C[C@@H]1CCCO1;CC(C)(C)OC(=O)N1CC2(CCCC(CI)O2)C1;R31;O=C(O)[C@@H](O)c1ccccc1;CC(C)(C)OC(=O)N1CC2(CCCC(CC(=O)O)O2)C1;R72,3,,,
O=C(NCC1CCCC2(CN(C(=O)C[C@H]3CCCO3)C2)O1)[C@@H](O)c1ccccc1,CC(C)(C)OC(=O)N1CCC2(CCCC(CNC(=O)C[C@@H]3CCCO3)O2)CC1,0.427,CC(C)(C)OC(=O)N1CCC2(CCCC(CC(=O)O)O2)C1;R85;O=C(O)C[C@@H]1CCCO1;CC(C)(C)OC(=O)N1CCC2(CCCC(CN)O2)CC1;R8,2,,,
O=C(NCC1CCCC2(CN(C(=O)C[C@H]3CCCO3)C2)O1)[C@@H](O)c1ccccc1,CC(C)(C)OC(=O)N1CC2(CCCC(CO[C@H](C(=O)O)c3ccccc3)O2)C1,0.423,CC(C)(C)OC(=O)N1CCC2(CCCC(CC(=O)O)O2)C1;R85;O=C(O)C[C@@H]1CCCO1;CC(C)(C)OC(=O)N1CC2(CCCC(CI)O2)C1;R31;O=C(O)[C@@H](O)c1ccccc1;CC(C)(C)OC(=O)N1CC2(CCCC(CI)O2)C1;R56,3,,,
O=C(NCC1CCCC2(CN(C(=O)C[C@H]3CCCO3)C2)O1)[C@@H](O)c1ccccc1,CC(C)(C)OC(=O)N1CC(CNC(=O)C[C@@H]2CCCO2)OC2(CCC2)C1,0.421,CC(C)(C)OC(=O)N1CCC2(CCCC(CC(=O)O)O2)C1;R85;O=C(O)C[C@@H]1CCCO1;CC(C)(C)OC(=O)N1CC(CN)OC2(CCC2)C1;R8,2,,,
O=C(NCC1CCCC2(CN(C(=O)C[C@H]3CCCO3)C2)O1)[C@@H](O)c1ccccc1,CC(C)(C)OC(=O)N1CCC2(CCCC(COC(=O)[C@@H](O)c3ccccc3)O2)CC1,0.418,CC(C)(C)OC(=O)N1CCC2(CCCC(CC(=O)O)O2)C1;R85;O=C(O)C[C@@H]1CCCO1;CC(C)(C)OC(=O)N1CC2(CCCC(CI)O2)C1;R31;O=C(O)[C@@H](O)c1ccccc1;CC(C)(C)OC(=O)N1CCC2(CCCC(CI)O2)CC1;R31,3,,,
O=C(NCC1CCCC2(CN(C(=O)C[C@H]3CCCO3)C2)O1)[C@@H](O)c1ccccc1,CC(C)(C)OC(=O)N1CC2(CCC(COC(=O)[C@@H](O)c3ccccc3)O2)C1,0.416,CC(C)(C)OC(=O)N1CCC2(CCCC(CC(=O)O)O2)C1;R85;O=C(O)C[C@@H]1CCCO1;CC(C)(C)OC(=O)N1CC2(CCCC(CI)O2)C1;R31;O=C(O)[C@@H](O)c1ccccc1;CC(C)(C)OC(=O)N1CC2(CCC(CO)O2)C1;R72,3,,,
O=C(NCC1CCCC2(CN(C(=O)C[C@H]3CCCO3)C2)O1)[C@@H](O)c1ccccc1,O=C(O)CN(CC1CCCO1)C(=O)[C@@H](O)c1ccccc1,0.414,CC(C)(C)OC(=O)N1CCC2(CCCC(CC(=O)O)O2)C1;R107;O=C(O)[C@@H](O)c1ccccc1;O=C(O)CNCC1CCCO1;R8,2,,,
O=C(NCC1CCCC2(CN(C(=O)C[C@H]3CCCO3)C2)O1)[C@@H](O)c1ccccc1,O=C(C[C@@H]1CCCO1)O[C@H](C(=O)O)c1ccccc1,0.412,CC(C)(C)OC(=O)N1CCC2(CCCC(CC(=O)O)O2)C1;R107;O=C(O)[C@@H](O)c1ccccc1;O=C(O)C[C@@H]1CCCO1;R72,2,,,
O=C(NCC1CCCC2(CN(C(=O)C[C@H]3CCCO3)C2)O1)[C@@H](O)c1ccccc1,CC(C)(C)OC(=O)N1CCC2(CCCC(CC(=O)O[C@H](C(=O)O)c3ccccc3)O2)C1,0.407,CC(C)(C)OC(=O)N1CCC2(CCCC(CC(=O)O)O2)C1;R85;O=C(O)C[C@@H]1CCCO1;CC(C)(C)OC(=O)N1CC2(CCCC(CI)O2)C1;R31;O=C(O)[C@@H](O)c1ccccc1;CC(C)(C)OC(=O)N1CCC2(CCCC(CC(=O)O)O2)C1;R72,3,,,
O=C(NCC1CCCC2(CN(C(=O)C[C@H]3CCCO3)C2)O1)[C@@H](O)c1ccccc1,CC(C)(C)OC(=O)N1CC(COC(=O)[C@@H](O)c2ccccc2)OC2(CCC2)C1,0.405,CC(C)(C)OC(=O)N1CCC2(CCCC(CC(=O)O)O2)C1;R85;O=C(O)C[C@@H]1CCCO1;CC(C)(C)OC(=O)N1CC2(CCCC(CI)O2)C1;R31;O=C(O)[C@@H](O)c1ccccc1;CC(C)(C)OC(=O)N1CC(CI)OC2(CCC2)C1;R31,3,,,
O=C(NCC1CCCC2(CN(C(=O)C[C@H]3CCCO3)C2)O1)[C@@H](O)c1ccccc1,CC(C)(C)OC(=O)N1CCC2(CCC(CNC(=O)C[C@@H]3CCCO3)O2)CC1,0.390,CC(C)(C)OC(=O)N1CCC2(CCCC(CC(=O)O)O2)C1;R85;O=C(O)C[C@@H]1CCCO1;CC(C)(C)OC(=O)N1CCC2(CCC(CN)O2)CC1;R8,2,,,
O=C(NCC1CCCC2(CN(C(=O)C[C@H]3CCCO3)C2)O1)[C@@H](O)c1ccccc1,O=C(CC1CCCCO1)O[C@H](C(=O)O)c1ccccc1,0.386,CC(C)(C)OC(=O)N1CCC2(CCCC(CC(=O)O)O2)C1;R107;O=C(O)[C@@H](O)c1ccccc1;O=C(O)CC1CCCCO1;R72,2,,,
O=C(NCC1CCCC2(CN(C(=O)C[C@H]3CCCO3)C2)O1)[C@@H](O)c1ccccc1,CC(C)(C)OC(=O)N1CCC2(COCC(CNC(=O)C[C@@H]3CCCO3)O2)C1,0.378,CC(C)(C)OC(=O)N1CCC2(CCCC(CC(=O)O)O2)C1;R85;O=C(O)C[C@@H]1CCCO1;CC(C)(C)OC(=O)N1CCC2(COCC(CN)O2)C1;R8,2,,,
O=C(NCC1CCCC2(CN(C(=O)C[C@H]3CCCO3)C2)O1)[C@@H](O)c1ccccc1,CC(C)(C)OC(=O)N1CC2(CCC(CC(=O)O[C@H](C(=O)O)c3ccccc3)O2)C1,0.375,CC(C)(C)OC(=O)N1CCC2(CCCC(CC(=O)O)O2)C1;R85;O=C(O)C[C@@H]1CCCO1;CC(C)(C)OC(=O)N1CC2(CCCC(CI)O2)C1;R31;O=C(O)[C@@H](O)c1ccccc1;CC(C)(C)OC(=O)N1CC2(CCC(CC(=O)O)O2)C1;R72,3,,,
O=C(NCC1CCCC2(CN(C(=O)C[C@H]3CCCO3)C2)O1)[C@@H](O)c1ccccc1,CC(C)(C)OC(=O)N1CC(CC(=O)O[C@H](C(=O)O)c2ccccc2)OC2(CCC2)C1,0.366,CC(C)(C)OC(=O)N1CCC2(CCCC(CC(=O)O)O2)C1;R85;O=C(O)C[C@@H]1CCCO1;CC(C)(C)OC(=O)N1CC2(CCCC(CI)O2)C1;R31;O=C(O)[C@@H](O)c1ccccc1;CC(C)(C)OC(=O)N1CC(CC(=O)O)OC2(CCC2)C1;R72,3,,,
O=C(NCC1CCCC2(CN(C(=O)C[C@H]3CCCO3)C2)O1)[C@@H](O)c1ccccc1,CC(C)(C)OC(=O)N1CCC2(CCCC(CO[C@H](C(=O)O)c3ccccc3)O2)CC1,0.366,CC(C)(C)OC(=O)N1CCC2(CCCC(CC(=O)O)O2)C1;R85;O=C(O)C[C@@H]1CCCO1;CC(C)(C)OC(=O)N1CC2(CCCC(CI)O2)C1;R31;O=C(O)[C@@H](O)c1ccccc1;CC(C)(C)OC(=O)N1CCC2(CCCC(CI)O2)CC1;R56,3,,,
O=C(NCC1CCCC2(CN(C(=O)C[C@H]3CCCO3)C2)O1)[C@@H](O)c1ccccc1,CC(C)(C)OC(=O)N1CC2(CCC(CO[C@H](C(=O)O)c3ccccc3)O2)C1,0.362,CC(C)(C)OC(=O)N1CCC2(CCCC(CC(=O)O)O2)C1;R85;O=C(O)C[C@@H]1CCCO1;CC(C)(C)OC(=O)N1CC2(CCCC(CI)O2)C1;R31;O=C(O)[C@@H](O)c1ccccc1;CC(C)(C)OC(=O)N1CC2(CCC(CI)O2)C1;R56,3,,,
O=C(NCC1CCCC2(CN(C(=O)C[C@H]3CCCO3)C2)O1)[C@@H](O)c1ccccc1,CC(C)(C)OC(=O)N1CC2(CCCC(C(=O)O[C@H](C(=O)O)c3ccccc3)O2)C1,0.358,CC(C)(C)OC(=O)N1CCC2(CCCC(CC(=O)O)O2)C1;R85;O=C(O)C[C@@H]1CCCO1;CC(C)(C)OC(=O)N1CC2(CCCC(CI)O2)C1;R31;O=C(O)[C@@H](O)c1ccccc1;CC(C)(C)OC(=O)N1CC2(CCCC(C(=O)O)O2)C1;R72,3,,,
O=C(NCC1CCCC2(CN(C(=O)C[C@H]3CCCO3)C2)O1)[C@@H](O)c1ccccc1,CC(C)(C)OC(=O)N1CC(CO[C@H](C(=O)O)c2ccccc2)OC2(CCC2)C1,0.354,CC(C)(C)OC(=O)N1CCC2(CCCC(CC(=O)O)O2)C1;R85;O=C(O)C[C@@H]1CCCO1;CC(C)(C)OC(=O)N1CC2(CCCC(CI)O2)C1;R31;O=C(O)[C@@H](O)c1ccccc1;CC(C)(C)OC(=O)N1CC(CI)OC2(CCC2)C1;R56,3,,,
O=C(NCC1CCCC2(CN(C(=O)C[C@H]3CCCO3)C2)O1)[C@@H](O)c1ccccc1,CC1(C)CN(C2CCCN(C(=O)[C@@H](O)c3ccccc3)C2)C1,0.320,CC(C)(C)OC(=O)N1CC2(CCCC(CC(=O)O)O2)C1;R84;O=C(Cl)CC1CCCO1;R9;O=C(O)[C@@H](O)c1ccccc1;CC1(C)CN(C2CCCNC2)C1;R8,3,,,
O=C(NCC1CCCC2(CN(C(=O)C[C@H]3CCCO3)C2)O1)[C@@H](O)c1ccccc1,O=C([C@@H](O)c1ccccc1)N1CCC(N2CCCOC2=O)CC1,0.320,CC(C)(C)OC(=O)N1CC2(CCCC(CC(=O)O)O2)C1;R84;O=C(Cl)CC1CCCO1;R9;O=C(O)[C@@H](O)c1ccccc1;O=C1OCCCN1C1CCNCC1;R8,3,,,
O=C(NCC1CCCC2(CN(C(=O)C[C@H]3CCCO3)C2)O1)[C@@H](O)c1ccccc1,CC1(C)CN(C2CCN(C(=O)[C@@H](O)c3ccccc3)CC2)C1,0.319,CC(C)(C)OC(=O)N1CC2(CCCC(CC(=O)O)O2)C1;R84;O=C(Cl)CC1CCCO1;R9;O=C(O)[C@@H](O)c1ccccc1;CC1(C)CN(C2CCNCC2)C1;R8,3,,,
O=C(NCC1CCCC2(CN(C(=O)C[C@H]3CCCO3)C2)O1)[C@@H](O)c1ccccc1,O=C([C@@H](O)c1ccccc1)N1CCC(N2CCC2)CC1,0.319,CC(C)(C)OC(=O)N1CC2(CCCC(CC(=O)O)O2)C1;R84;O=C(Cl)CC1CCCO1;R9;O=C(O)[C@@H](O)c1ccccc1;C1CN(C2CCNCC2)C1;R8,3,,,
O=C(NCC1CCCC2(CN(C(=O)C[C@H]3CCCO3)C2)O1)[C@@H](O)c1ccccc1,O=C([C@@H](O)c1ccccc1)N1CCC(N2CCCC2)CC1,0.319,CC(C)(C)OC(=O)N1CC2(CCCC(CC(=O)O)O2)C1;R84;O=C(Cl)CC1CCCO1;R9;O=C(O)[C@@H](O)c1ccccc1;C1CCN(C2CCNCC2)C1;R8,3,,,
O=C(NCC1CCCC2(CN(C(=O)C[C@H]3CCCO3)C2)O1)[C@@H](O)c1ccccc1,O=C([C@@H](O)c1ccccc1)N1CCC1,0.317,CC(C)(C)OC(=O)N1CC2(CCCC(CC(=O)O)O2)C1;R84;O=C(Cl)CC1CCCO1;R9;O=C(O)[C@@H](O)c1ccccc1;C1CNC1;R8,3,,,
O=C(NCC1CCCC2(CN(C(=O)C[C@H]3CCCO3)C2)O1)[C@@H](O)c1ccccc1,CC(C)(C)OC(=O)N1CC2(CCC(C(=O)O[C@H](C(=O)O)c3ccccc3)O2)C1,0.317,CC(C)(C)OC(=O)N1CCC2(CCCC(CC(=O)O)O2)C1;R85;O=C(O)C[C@@H]1CCCO1;CC(C)(C)OC(=O)N1CC2(CCCC(CI)O2)C1;R31;O=C(O)[C@@H](O)c1ccccc1;CC(C)(C)OC(=O)N1CC2(CCC(C(=O)O)O2)C1;R72,3,,,
O=C(NCC1CCCC2(CN(C(=O)C[C@H]3CCCO3)C2)O1)[C@@H](O)c1ccccc1,CC1(O)CN(C2CCN(C(=O)[C@@H](O)c3ccccc3)CC2)C1,0.315,CC(C)(C)OC(=O)N1CC2(CCCC(CC(=O)O)O2)C1;R84;O=C(Cl)CC1CCCO1;R9;O=C(O)[C@@H](O)c1ccccc1;CC1(O)CN(C2CCNCC2)C1;R8,3,,,
O=C(NCC1CCCC2(CN(C(=O)C[C@H]3CCCO3)C2)O1)[C@@H](O)c1ccccc1,CC1(C)CN(C2CCCN(C(=O)[C@@H](O)c3ccccc3)CC2)C(=O)O1,0.312,CC(C)(C)OC(=O)N1CC2(CCCC(CC(=O)O)O2)C1;R84;O=C(Cl)CC1CCCO1;R9;O=C(O)[C@@H](O)c1ccccc1;CC1(C)CN(C2CCCNCC2)C(=O)O1;R8,3,,,
O=C(NCC1CCCC2(CN(C(=O)C[C@H]3CCCO3)C2)O1)[C@@H](O)c1ccccc1,CC1(C)CN(C2CCN(C(=O)[C@@H](O)c3ccccc3)CC2)C(=O)O1,0.312,CC(C)(C)OC(=O)N1CC2(CCCC(CC(=O)O)O2)C1;R84;O=C(Cl)CC1CCCO1;R9;O=C(O)[C@@H](O)c1ccccc1;CC1(C)CN(C2CCNCC2)C(=O)O1;R8,3,,,
O=C(NCC1CCCC2(CN(C(=O)C[C@H]3CCCO3)C2)O1)[C@@H](O)c1ccccc1,CC1(C)CN(C2CCCN(C(=O)[C@@H](O)c3ccccc3)C2)C1=O,0.312,CC(C)(C)OC(=O)N1CC2(CCCC(CC(=O)O)O2)C1;R84;O=C(Cl)CC1CCCO1;R9;O=C(O)[C@@H](O)c1ccccc1;CC1(C)CN(C2CCCNC2)C1=O;R8,3,,,
O=C(NCC1CCCC2(CN(C(=O)C[C@H]3CCCO3)C2)O1)[C@@H](O)c1ccccc1,O=C([C@@H](O)c1ccccc1)N1CCCC(N2CCOC2=O)CC1,0.312,CC(C)(C)OC(=O)N1CC2(CCCC(CC(=O)O)O2)C1;R84;O=C(Cl)CC1CCCO1;R9;O=C(O)[C@@H](O)c1ccccc1;O=C1OCCN1C1CCCNCC1;R8,3,,,
O=C(NCC1CCCC2(CN(C(=O)C[C@H]3CCCO3)C2)O1)[C@@H](O)c1ccccc1,O=C([C@@H](O)c1ccccc1)N1CCCC(N2CCOC2=O)C1,0.312,CC(C)(C)OC(=O)N1CC2(CCCC(CC(=O)O)O2)C1;R84;O=C(Cl)CC1CCCO1;R9;O=C(O)[C@@H](O)c1ccccc1;O=C1OCCN1C1CCCNC1;R8,3,,,
O=C(NCC1CCCC2(CN(C(=O)C[C@H]3CCCO3)C2)O1)[C@@H](O)c1ccccc1,CC1(C)CN(C2CCN(C(=O)[C@@H](O)c3ccccc3)CC2)C1=O,0.311,CC(C)(C)OC(=O)N1CC2(CCCC(CC(=O)O)O2)C1;R84;O=C(Cl)CC1CCCO1;R9;O=C(O)[C@@H](O)c1ccccc1;CC1(C)CN(C2CCNCC2)C1=O;R8,3,,,
O=C(NCC1CCCC2(CN(C(=O)C[C@H]3CCCO3)C2)O1)[C@@H](O)c1ccccc1,CC1(C)CN(C2CCN(C(=O)[C@@H](O)c3ccccc3)C2)C1,0.311,CC(C)(C)OC(=O)N1CC2(CCCC(CC(=O)O)O2)C1;R84;O=C(Cl)CC1CCCO1;R9;O=C(O)[C@@H](O)c1ccccc1;CC1(C)CN(C2CCNC2)C1;R8,3,,,
O=C(NCC1CCCC2(CN(C(=O)C[C@H]3CCCO3)C2)O1)[C@@H](O)c1ccccc1,O=C([C@@H](O)c1ccccc1)N1CCC(N2CCOC2=O)CC1,0.311,CC(C)(C)OC(=O)N1CC2(CCCC(CC(=O)O)O2)C1;R84;O=C(Cl)CC1CCCO1;R9;O=C(O)[C@@H](O)c1ccccc1;O=C1OCCN1C1CCNCC1;R8,3,,,
O=C(NCC1CCCC2(CN(C(=O)C[C@H]3CCCO3)C2)O1)[C@@H](O)c1ccccc1,Cc1ccc([C@H](O)C(=O)N2CCCC3(CN(C)C(=O)O3)C2)cc1,0.308,CC(C)(C)OC(=O)N1CC2(CCCC(CC(=O)O)O2)C1;R84;O=C(Cl)CC1CCCO1;R57;Cc1ccc([C@H](O)C(=O)O)cc1;CN1CC2(CCCNC2)OC1=O;R8,3,,,
O=C(NCC1CCCC2(CN(C(=O)C[C@H]3CCCO3)C2)O1)[C@@H](O)c1ccccc1,O=C([C@@H](O)c1ccccc1)N1CCCC(N2CCCC2)CC1,0.306,CC(C)(C)OC(=O)N1CC2(CCCC(CC(=O)O)O2)C1;R84;O=C(Cl)CC1CCCO1;R9;O=C(O)[C@@H](O)c1ccccc1;C1CNCCC(N2CCCC2)C1;R8,3,,,
O=C(NCC1CCCC2(CN(C(=O)C[C@H]3CCCO3)C2)O1)[C@@H](O)c1ccccc1,CN1CC2(CCCN(C(=O)C(O)c3ccc(F)cc3)C2)OC1=O,0.304,CC(C)(C)OC(=O)N1CC2(CCCC(CC(=O)O)O2)C1;R84;O=C(Cl)CC1CCCO1;R9;O=C(O)C(O)c1ccc(F)cc1;CN1CC2(CCCNC2)OC1=O;R8,3,,,
O=C(NCC1CCCC2(CN(C(=O)C[C@H]3CCCO3)C2)O1)[C@@H](O)c1ccccc1,CC1(C)CN(C2CCN(C(=O)[C@@H](O)c3ccccc3)C2)C(=O)O1,0.304,CC(C)(C)OC(=O)N1CC2(CCCC(CC(=O)O)O2)C1;R84;O=C(Cl)CC1CCCO1;R9;O=C(O)[C@@H](O)c1ccccc1;CC1(C)CN(C2CCNC2)C(=O)O1;R8,3,,,
O=C(NCC1CCCC2(CN(C(=O)C[C@H]3CCCO3)C2)O1)[C@@H](O)c1ccccc1,CC1(C)CN(C2CCN(C(=O)[C@@H](O)c3ccccc3)C2)C1=O,0.303,CC(C)(C)OC(=O)N1CC2(CCCC(CC(=O)O)O2)C1;R84;O=C(Cl)CC1CCCO1;R9;O=C(O)[C@@H](O)c1ccccc1;CC1(C)CN(C2CCNC2)C1=O;R8,3,,,
O=C(NCC1CCCC2(CN(C(=O)C[C@H]3CCCO3)C2)O1)[C@@H](O)c1ccccc1,O=C([C@@H](O)c1ccccc1)N1CCC(N2C(=O)CCCC2=O)CC1,0.301,CC(C)(C)OC(=O)N1CC2(CCCC(CC(=O)O)O2)C1;R84;O=C(Cl)CC1CCCO1;R9;O=C(O)[C@@H](O)c1ccccc1;O=C1CCCC(=O)N1C1CCNCC1;R8,3,,,
O=C(NCC1CCCC2(CN(C(=O)C[C@H]3CCCO3)C2)O1)[C@@H](O)c1ccccc1,CN1CC2(CCCN(C(=O)C(O)c3cccc(C(=O)O)c3)C2)OC1=O,0.301,CC(C)(C)OC(=O)N1CC2(CCCC(CC(=O)O)O2)C1;R84;O=C(Cl)CC1CCCO1;R57;O=C(O)c1cccc(C(O)C(=O)O)c1;CN1CC2(CCCNC2)OC1=O;R8,3,,,
O=C(NCC1CCCC2(CN(C(=O)C[C@H]3CCCO3)C2)O1)[C@@H](O)c1ccccc1,CN1CC2(CCCN(C(=O)c3cccc(C(O)C(=O)O)c3)C2)OC1=O,0.301,CC(C)(C)OC(=O)N1CC2(CCCC(CC(=O)O)O2)C1;R84;O=C(Cl)CC1CCCO1;R57;O=C(O)c1cccc(C(O)C(=O)O)c1;CN1CC2(CCCNC2)OC1=O;R8,3,,,
O=C(NCC1CCCC2(CN(C(=O)C[C@H]3CCCO3)C2)O1)[C@@H](O)c1ccccc1,O=C([C@@H](O)c1ccccc1)N1CCCC(N2CCCC2=O)CC1,0.286,CC(C)(C)OC(=O)N1CC2(CCCC(CC(=O)O)O2)C1;R84;O=C(Cl)CC1CCCO1;R9;O=C(O)[C@@H](O)c1ccccc1;O=C1CCCN1C1CCCNCC1;R8,3,,,
O=C(NCC1CCCC2(CN(C(=O)C[C@H]3CCCO3)C2)O1)[C@@H](O)c1ccccc1,O=C([C@@H](O)c1ccccc1)N1CCC(N2CCCNC2=O)CC1,0.286,CC(C)(C)OC(=O)N1CC2(CCCC(CC(=O)O)O2)C1;R84;O=C(Cl)CC1CCCO1;R9;O=C(O)[C@@H](O)c1ccccc1;O=C1NCCCN1C1CCNCC1;R8,3,,,
O=C(NCC1CCCC2(CN(C(=O)C[C@H]3CCCO3)C2)O1)[C@@H](O)c1ccccc1,CC1(OC(=O)[C@@H](O)c2ccccc2)CN(C2CCNCC2)C1,0.286,CC(C)(C)OC(=O)N1CC2(CCCC(CC(=O)O)O2)C1;R84;O=C(Cl)CC1CCCO1;R9;O=C(O)[C@@H](O)c1ccccc1;CC1(O)CN(C2CCNCC2)C1;R72,3,,,
O=C(NCC1CCCC2(CN(C(=O)C[C@H]3CCCO3)C2)O1)[C@@H](O)c1ccccc1,O=C([C@@H](O)c1ccccc1)N1CCCC(N2CCNC2=O)C1,0.278,CC(C)(C)OC(=O)N1CC2(CCCC(CC(=O)O)O2)C1;R84;O=C(Cl)CC1CCCO1;R9;O=C(O)[C@@H](O)c1ccccc1;O=C1NCCN1C1CCCNC1;R8,3,,,
O=C(NCC1CCCC2(CN(C(=O)C[C@H]3CCCO3)C2)O1)[C@@H](O)c1ccccc1,O=C([C@@H](O)c1ccccc1)N1CCC(N2CCNC2=O)CC1,0.276,CC(C)(C)OC(=O)N1CC2(CCCC(CC(=O)O)O2)C1;R84;O=C(Cl)CC1CCCO1;R9;O=C(O)[C@@H](O)c1ccccc1;O=C1NCCN1C1CCNCC1;R8,3,,,
O=C(NCC1CCCC2(CN(C(=O)C[C@H]3CCCO3)C2)O1)[C@@H](O)c1ccccc1,O=C1CN(C2CCN(C(=O)[C@@H](O)c3ccccc3)CC2)C(=O)N1,0.273,CC(C)(C)OC(=O)N1CC2(CCCC(CC(=O)O)O2)C1;R84;O=C(Cl)CC1CCCO1;R9;O=C(O)[C@@H](O)c1ccccc1;O=C1CN(C2CCNCC2)C(=O)N1;R8,3,,,
O=C(NCC1CCCC2(CN(C(=O)C[C@H]3CCCO3)C2)O1)[C@@H](O)c1ccccc1,C[C@@H](C(=O)N1CC2(CN(C)C(=O)O2)C1)c1ccccc1,0.270,CC(C)(C)OC(=O)N1CC2(CCCC(CC(=O)O)O2)C1;R84;O=C(Cl)CC1CCCO1;R9;C[C@@H](C(=O)O)c1ccccc1;CN1CC2(CNC2)OC1=O;R8,3,,,
O=C(NCC1CCCC2(CN(C(=O)C[C@H]3CCCO3)C2)O1)[C@@H](O)c1ccccc1,CN1CC2(CN(C(=O)C(Br)c3ccccc3)C2)OC1=O,0.267,CC(C)(C)OC(=O)N1CC2(CCCC(CC(=O)O)O2)C1;R84;O=C(Cl)CC1CCCO1;R9;O=C(O)C(Br)c1ccccc1;CN1CC2(CNC2)OC1=O;R8,3,,,
O=C(NCC1CCCC2(CN(C(=O)C[C@H]3CCCO3)C2)O1)[C@@H](O)c1ccccc1,CN1CC2(CN(C(=O)C(O)c3ccc(Br)cc3)C2)OC1=O,0.260,CC(C)(C)OC(=O)N1CC2(CCCC(CC(=O)O)O2)C1;R84;O=C(Cl)CC1CCCO1;R57;O=C(O)C(O)c1ccc(Br)cc1;CN1CC2(CNC2)OC1=O;R8,3,,,
O=C(NCC1CCCC2(CN(C(=O)C[C@H]3CCCO3)C2)O1)[C@@H](O)c1ccccc1,CN1CC2(CN(C(C(=O)O)c3ccccc3)C2)OC1=O,0.250,CC(C)(C)OC(=O)N1CC2(CCCC(CC(=O)O)O2)C1;R84;O=C(Cl)CC1CCCO1;R9;O=C(O)C(Br)c1ccccc1;CN1CC2(CNC2)OC1=O;R9,3,,,
O=C(NCC1CCCC2(CN(C(=O)C[C@H]3CCCO3)C2)O1)[C@@H](O)c1ccccc1,CN1CC2(CN(c3ccc(C(O)C(=O)O)cc3)C2)OC1=O,0.231,CC(C)(C)OC(=O)N1CC2(CCCC(CC(=O)O)O2)C1;R84;O=C(Cl)CC1CCCO1;R57;O=C(O)C(O)c1ccc(Br)cc1;CN1CC2(CNC2)OC1=O;R9,3,,,
CC(CC(=O)c1cccc(Br)c1)C(=O)Nc1ccc2nonc2c1,CC(CC(=O)c1cccc(Br)c1)C(=O)Nc1ccc2nonc2c1,1.000,Nc1ccc2nonc2c1;CC(CC(=O)c1cccc(Br)c1)C(=O)O;R8,1,1.000,1.000,1.000
CC(CC(=O)c1cccc(Br)c1)C(=O)Nc1ccc2nonc2c1,CC(CC(=O)c1ccccc1)C(=O)Nc1ccc2nonc2c1,0.780,Nc1ccc2nonc2c1;CC(CC(=O)c1ccccc1)C(=O)O;R8,1,1.000,0.894,0.898
CC(CC(=O)c1cccc(Br)c1)C(=O)Nc1ccc2nonc2c1,CC(CC(=O)c1cccc(F)c1)C(=O)Nc1ccc2nonc2c1,0.774,Nc1ccc2nonc2c1;CC(CC(=O)c1cccc(F)c1)C(=O)O;R8,1,1.000,0.932,0.821
CC(CC(=O)c1cccc(Br)c1)C(=O)Nc1ccc2nonc2c1,CC(CC(=O)c1ccc2ccccc2c1)C(=O)Nc1ccc2nonc2c1,0.709,Nc1ccc2nonc2c1;CC(CC(=O)c1ccc2ccccc2c1)C(=O)O;R8,1,0.761,0.937,0.840
CC(CC(=O)c1cccc(Br)c1)C(=O)Nc1ccc2nonc2c1,CC(CC(=O)c1ccc(F)cc1)C(=O)Nc1ccc2nonc2c1,0.685,Nc1ccc2nonc2c1;CC(CC(=O)c1ccc(F)cc1)C(=O)O;R8,1,1.000,0.805,0.856
CC(CC(=O)c1cccc(Br)c1)C(=O)Nc1ccc2nonc2c1,CC(CC(=O)c1ccc(Cl)cc1)C(=O)Nc1ccc2nonc2c1,0.685,Nc1ccc2nonc2c1;CC(CC(=O)c1ccc(Cl)cc1)C(=O)O;R8,1,1.000,0.850,0.854
CC(CC(=O)c1cccc(Br)c1)C(=O)Nc1ccc2nonc2c1,O=C(CCC(=O)c1cccc(Br)c1)Nc1ccc2nonc2c1,0.667,Nc1ccc2nonc2c1;O=C(O)CCC(=O)c1cccc(Br)c1;R8,1,1.000,1.000,0.930
CC(CC(=O)c1cccc(Br)c1)C(=O)Nc1ccc2nonc2c1,O=C(NCC(=O)c1cccc(Br)c1)Nc1ccc2nonc2c1,0.655,Nc1ccc2nonc2c1;NCC(=O)c1cccc(Br)c1;R36,1,0.674,0.804,0.598
CC(CC(=O)c1cccc(Br)c1)C(=O)Nc1ccc2nonc2c1,CC(C(=O)Nc1ccc2nonc2c1)c1cccc(Br)c1,0.648,Nc1ccc2nonc2c1;CC(C(=O)O)c1cccc(Br)c1;R8,1,0.659,0.695,0.623
CC(CC(=O)c1cccc(Br)c1)C(=O)Nc1ccc2nonc2c1,O=C(NCC(=O)c1cccc(Br)c1)C(=O)Nc1ccc2nonc2c1,0.643,Nc1ccc2nonc2c1;NCC(=O)c1cccc(Br)c1;R38,1,0.660,0.501,0.619
CC(CC(=O)c1cccc(Br)c1)C(=O)Nc1ccc2nonc2c1,O=C(CNc1ccc2nonc2c1)c1cccc(Br)c1,0.642,Nc1ccc2nonc2c1;O=C(CBr)c1cccc(Br)c1;R9,1,,,
CC(CC(=O)c1cccc(Br)c1)C(=O)Nc1ccc2nonc2c1,CC(CC(=O)c1cccc(Nc2ccc3nonc3c2)c1)C(=O)O,0.614,Nc1ccc2nonc2c1;CC(CC(=O)c1cccc(Br)c1)C(=O)O;R9,1,,,
CC(CC(=O)c1cccc(Br)c1)C(=O)Nc1ccc2nonc2c1,CC(C)CC(=O)c1cccc(Nc2ccc3nonc3c2)c1,0.600,Nc1ccc2nonc2c1;CC(C)CC(=O)c1cccc(Br)c1;R9,1,,,
CC(CC(=O)c1cccc(Br)c1)C(=O)Nc1ccc2nonc2c1,CC(CC(=O)c1ccc(Nc2ccc3nonc3c2)cc1)C(=O)O,0.534,Nc1ccc2nonc2c1;CC(CC(=O)c1ccc(Cl)cc1)C(=O)O;R9,1,,,
CC(CC(=O)c1cccc(Br)c1)C(=O)Nc1ccc2nonc2c1,CC(CC(Nc1ccc2nonc2c1)c1cccc(Br)c1)C(=O)O,0.524,Nc1ccc2nonc2c1;CC(CC(=O)c1cccc(Br)c1)C(=O)O;R43,1,,,
CC(CC(=O)c1cccc(Br)c1)C(=O)Nc1ccc2nonc2c1,O=C(CBr)c1cccc(Nc2ccc3nonc3c2)c1,0.518,Nc1ccc2nonc2c1;O=C(CBr)c1cccc(Br)c1;R9,1,,,
CC(CC(=O)c1cccc(Br)c1)C(=O)Nc1ccc2nonc2c1,CCC(=O)c1cccc(Nc2ccc3nonc3c2)c1,0.518,Nc1ccc2nonc2c1;CCC(=O)c1cccc(Br)c1;R9,1,,,
CC(CC(=O)c1cccc(Br)c1)C(=O)Nc1ccc2nonc2c1,CC(Nc1ccc2nonc2c1)c1cccc(Br)c1,0.500,Nc1ccc2nonc2c1;CC(=O)c1cccc(Br)c1;R43,1,,,
CC(CC(=O)c1cccc(Br)c1)C(=O)Nc1ccc2nonc2c1,CC(CC(=O)c1ccccc1)CC(Nc1ccc2nonc2c1)c1ccccc1,0.492,Nc1ccc2nonc2c1;CC(CC(=O)c1ccccc1)CC(=O)c1ccccc1;R43,1,,,
CC(CC(=O)c1cccc(Br)c1)C(=O)Nc1ccc2nonc2c1,NCC(=O)c1cccc(Nc2ccc3nonc3c2)c1,0.491,Nc1ccc2nonc2c1;NCC(=O)c1cccc(Br)c1;R9,1,,,
CC(CC(=O)c1cccc(Br)c1)C(=O)Nc1ccc2nonc2c1,O=C(CO)c1cccc(Nc2ccc3nonc3c2)c1,0.491,Nc1ccc2nonc2c1;O=C(CO)c1cccc(Br)c1;R9,1,,,
CC(CC(=O)c1cccc(Br)c1)C(=O)Nc1ccc2nonc2c1,O=C(CF)c1cccc(Nc2ccc3nonc3c2)c1,0.491,Nc1ccc2nonc2c1;O=C(CF)c1cccc(Br)c1;R9,1,,,
CC(CC(=O)c1cccc(Br)c1)C(=O)Nc1ccc2nonc2c1,CC(C)CC(Nc1ccc2nonc2c1)c1cccc(Br)c1,0.483,Nc1ccc2nonc2c1;CC(C)CC(=O)c1cccc(Br)c1;R43,1,,,
CC(CC(=O)c1cccc(Br)c1)C(=O)Nc1ccc2nonc2c1,CN(C)CCC(=O)c1cccc(Nc2ccc3nonc3c2)c1,0.475,Nc1ccc2nonc2c1;CN(C)CCC(=O)c1cccc(Br)c1;R9,1,,,
CC(CC(=O)c1cccc(Br)c1)C(=O)Nc1ccc2nonc2c1,CCC(Nc1ccc2nonc2c1)c1cccc(Br)c1,0.475,Nc1ccc2nonc2c1;CCC(=O)c1cccc(Br)c1;R43,1,,,
CC(CC(=O)c1cccc(Br)c1)C(=O)Nc1ccc2nonc2c1,O=C(O)CCC(Nc1ccc2nonc2c1)c1cccc(Br)c1,0.469,Nc1ccc2nonc2c1;O=C(O)CCC(=O)c1cccc(Br)c1;R43,1,,,
CC(CC(=O)c1cccc(Br)c1)C(=O)Nc1ccc2nonc2c1,O=C(O)CCC(=O)c1cccc(Nc2ccc3nonc3c2)c1,0.467,Nc1ccc2nonc2c1;O=C(O)CCC(=O)c1cccc(Br)c1;R9,1,,,
CC(CC(=O)c1cccc(Br)c1)C(=O)Nc1ccc2nonc2c1,O=C(CC(F)(F)F)c1cccc(Nc2ccc3nonc3c2)c1,0.467,Nc1ccc2nonc2c1;O=C(CC(F)(F)F)c1cccc(Br)c1;R9,1,,,
CC(CC(=O)c1cccc(Br)c1)C(=O)Nc1ccc2nonc2c1,N#CCC(=O)c1cccc(Nc2ccc3nonc3c2)c1,0.467,Nc1ccc2nonc2c1;N#CCC(=O)c1cccc(Br)c1;R9,1,,,
CC(CC(=O)c1cccc(Br)c1)C(=O)Nc1ccc2nonc2c1,CC(=O)c1cccc(Nc2ccc3nonc3c2)c1,0.464,Nc1ccc2nonc2c1;CC(=O)c1cccc(Br)c1;R9,1,,,
CC(CC(=O)c1cccc(Br)c1)C(=O)Nc1ccc2nonc2c1,NCC(Nc1ccc2nonc2c1)c1cccc(Br)c1,0.450,Nc1ccc2nonc2c1;NCC(=O)c1cccc(Br)c1;R43,1,,,
CC(CC(=O)c1cccc(Br)c1)C(=O)Nc1ccc2nonc2c1,FCC(Nc1ccc2nonc2c1)c1cccc(Br)c1,0.450,Nc1ccc2nonc2c1;O=C(CF)c1cccc(Br)c1;R43,1,,,
CC(CC(=O)c1cccc(Br)c1)C(=O)Nc1ccc2nonc2c1,Brc1cccc(C(Nc2ccc3nonc3c2)c2ccccc2)c1,0.441,Nc1ccc2nonc2c1;O=C(c1ccccc1)c1cccc(Br)c1;R43,1,,,
CC(CC(=O)c1cccc(Br)c1)C(=O)Nc1ccc2nonc2c1,CN(C)CCC(Nc1ccc2nonc2c1)c1cccc(Br)c1,0.438,Nc1ccc2nonc2c1;CN(C)CCC(=O)c1cccc(Br)c1;R43,1,,,
CC(CC(=O)c1cccc(Br)c1)C(=O)Nc1ccc2nonc2c1,FC(F)(F)CC(Nc1ccc2nonc2c1)c1cccc(Br)c1,0.429,Nc1ccc2nonc2c1;O=C(CC(F)(F)F)c1cccc(Br)c1;R43,1,,,
CC(CC(=O)c1cccc(Br)c1)C(=O)Nc1ccc2nonc2c1,CC(CC(Nc1ccc2nonc2c1)c1ccccc1)C(=O)O,0.422,Nc1ccc2nonc2c1;CC(CC(=O)c1ccccc1)C(=O)O;R43,1,,,
CC(CC(=O)c1cccc(Br)c1)C(=O)Nc1ccc2nonc2c1,CC(CC(Nc1ccc2nonc2c1)c1cccc(F)c1)C(=O)O,0.412,Nc1ccc2nonc2c1;CC(CC(=O)c1cccc(F)c1)C(=O)O;R43,1,,,
CC(CC(=O)c1cccc(Br)c1)C(=O)Nc1ccc2nonc2c1,CC(CC(Nc1ccc2nonc2c1)c1ccc2ccccc2c1)C(=O)O,0.391,Nc1ccc2nonc2c1;CC(CC(=O)c1ccc2ccccc2c1)C(=O)O;R43,1,,,
CC(CC(=O)c1cccc(Br)c1)C(=O)Nc1ccc2nonc2c1,CC(CC(Nc1ccc2nonc2c1)c1ccc(F)cc1)C(=O)O,0.388,Nc1ccc2nonc2c1;CC(CC(=O)c1ccc(F)cc1)C(=O)O;R43,1,,,
CC(CC(=O)c1cccc(Br)c1)C(=O)Nc1ccc2nonc2c1,CC(CC(Nc1ccc2nonc2c1)c1ccc(Cl)cc1)C(=O)O,0.388,Nc1ccc2nonc2c1;CC(CC(=O)c1ccc(Cl)cc1)C(=O)O;R43,1,,,
CCC(C)(F)C(=O)N1C[C@@H]2C[C@@H](C)N(C(=O)CCn3cnc4ccccc43)[C@@H]2C1,CCC(F)(F)C(=O)N1C[C@@H]2C[C@@H](C)N(C(=O)CCn3cnc4ccccc43)[C@@H]2C1,0.857,CCC(F)(F)C(=O)O;O=C(O)CCn1cnc2ccccc21;C[C@@H]1C[C@H]2CNC[C@H]2N1C(=O)OC(C)(C)C;R69,1,1.000,0.993,0.938
CCC(C)(F)C(=O)N1C[C@@H]2C[C@@H](C)N(C(=O)CCn3cnc4ccccc43)[C@@H]2C1,CCCC(C)(CCC)C(=O)N1C[C@@H]2C[C@@H](C)N(C(=O)CCn3cnc4ccccc43)[C@@H]2C1,0.788,CCCC(C)(CCC)C(=O)O;O=C(O)CCn1cnc2ccccc21;C[C@@H]1C[C@H]2CNC[C@H]2N1C(=O)OC(C)(C)C;R69,1,1.000,0.843,0.888
CCC(C)(F)C(=O)N1C[C@@H]2C[C@@H](C)N(C(=O)CCn3cnc4ccccc43)[C@@H]2C1,CCC(F)(F)C(=O)N1[C@H](C)C[C@H]2CN(C(=O)CCn3cnc4ccccc43)C[C@H]21,0.773,CCC(F)(F)C(=O)O;O=C(O)CCn1cnc2ccccc21;C[C@@H]1C[C@H]2CNC[C@H]2N1C(=O)OC(C)(C)C;R69,1,0.567,0.845,0.927
CCC(C)(F)C(=O)N1C[C@@H]2C[C@@H](C)N(C(=O)CCn3cnc4ccccc43)[C@@H]2C1,CCC(C)(F)C(=O)N1C[C@@H]2C[C@@H](C)N(C(=O)C(C)Cn3cnc4ccccc43)[C@@H]2C1,0.739,CCC(C)(F)C(=O)O;CC(Cn1cnc2ccccc21)C(=O)O;C[C@@H]1C[C@H]2CN(C(=O)OC(C)(C)C)C[C@H]2N1;R69,1,1.000,1.000,0.967
CCC(C)(F)C(=O)N1C[C@@H]2C[C@@H](C)N(C(=O)CCn3cnc4ccccc43)[C@@H]2C1,CC1CC2CN(C(=O)CCn3cnc4ccccc43)CC2N1C(=O)C(C)(C)C,0.738,CCC(F)(F)C(=O)O;O=C(O)CCn1cnc2ccccc21;CC1CC2CNCC2N1C(=O)C(C)(C)C;R8,1,0.567,0.745,0.902
CCC(C)(F)C(=O)N1C[C@@H]2C[C@@H](C)N(C(=O)CCn3cnc4ccccc43)[C@@H]2C1,CCC(C)(F)C(=O)N1C[C@@H]2C[C@@H](C)N(C(=O)CCn3c4ccccc4c4ccccc43)[C@@H]2C1,0.712,CCC(C)(F)C(=O)O;O=C(O)CCn1c2ccccc2c2ccccc21;C[C@@H]1C[C@H]2CN(C(=O)OC(C)(C)C)C[C@H]2N1;R69,1,0.648,0.821,0.765
CCC(C)(F)C(=O)N1C[C@@H]2C[C@@H](C)N(C(=O)CCn3cnc4ccccc43)[C@@H]2C1,CCCC(C)(CCC)C(=O)N1[C@H](C)C[C@H]2CN(C(=O)CCn3cnc4ccccc43)C[C@H]21,0.710,CCCC(C)(CCC)C(=O)O;O=C(O)CCn1cnc2ccccc21;C[C@@H]1C[C@H]2CNC[C@H]2N1C(=O)OC(C)(C)C;R69,1,0.567,0.745,0.884
CCC(C)(F)C(=O)N1C[C@@H]2C[C@@H](C)N(C(=O)CCn3cnc4ccccc43)[C@@H]2C1,CCC(C)(F)C(=O)N1[C@H](C)C[C@H]2CN(C(=O)C(C)Cn3cnc4ccccc43)C[C@H]21,0.690,CCC(C)(F)C(=O)O;CC(Cn1cnc2ccccc21)C(=O)O;C[C@@H]1C[C@H]2CN(C(=O)OC(C)(C)C)C[C@H]2N1;R69,1,0.567,0.850,0.956
CCC(C)(F)C(=O)N1C[C@@H]2C[C@@H](C)N(C(=O)CCn3cnc4ccccc43)[C@@H]2C1,C[C@@H]1C[C@H]2CN(C(=O)CCn3cnc4ccccc43)C[C@H]2N1C(=O)OC(C)(C)C,0.681,CCC(F)(F)C(=O)O;O=C(O)CCn1cnc2ccccc21;C[C@@H]1C[C@H]2CNC[C@H]2N1C(=O)OC(C)(C)C;R8,1,0.567,0.726,0.787
CCC(C)(F)C(=O)N1C[C@@H]2C[C@@H](C)N(C(=O)CCn3cnc4ccccc43)[C@@H]2C1,CCC(F)(F)C(=O)N1C[C@@H]2[C@H](C1)N2C(=O)CCn1cnc2ccccc21,0.677,CCC(F)(F)C(=O)O;O=C(O)CCn1cnc2ccccc21;CC(C)(C)OC(=O)N1[C@@H]2CNC[C@@H]21;R69,1,0.706,0.662,0.749
CCC(C)(F)C(=O)N1C[C@@H]2C[C@@H](C)N(C(=O)CCn3cnc4ccccc43)[C@@H]2C1,CC1CC(C(=O)N2C[C@@H]3C[C@@H](C)N(C(=O)CCn4cnc5ccccc54)[C@@H]3C2)N1C(=O)OC(C)(C)C,0.671,CCCC(C)(CCC)C(=O)O;O=C(O)CCn1cnc2ccccc21;CC1CC(C(=O)O)N1C(=O)OC(C)(C)C;C[C@@H]1C[C@H]2CN(C(=O)OC(C)(C)C)C[C@H]2N1;R69,1,,,
CCC(C)(F)C(=O)N1C[C@@H]2C[C@@H](C)N(C(=O)CCn3cnc4ccccc43)[C@@H]2C1,CCC(F)(F)C(=O)N1C[C@@H](C)N(C(=O)CCn2cnc3ccccc32)[C@@H](C)C1,0.667,CCC(F)(F)C(=O)O;O=C(O)CCn1cnc2ccccc21;C[C@@H]1CNC[C@H](C)N1C(=O)OC(C)(C)C;R69,1,,,
CCC(C)(F)C(=O)N1C[C@@H]2C[C@@H](C)N(C(=O)CCn3cnc4ccccc43)[C@@H]2C1,CCC(F)(F)C(=O)N1CC(C2CN(C(=O)CCn3cnc4ccccc43)C2)C1,0.636,CCC(F)(F)C(=O)O;O=C(O)CCn1cnc2ccccc21;CC(C)(C)OC(=O)N1CC(C2CNC2)C1;R69,1,,,
CCC(C)(F)C(=O)N1C[C@@H]2C[C@@H](C)N(C(=O)CCn3cnc4ccccc43)[C@@H]2C1,CCC(F)(F)C(=O)N1CC2CC(C1)N2C(=O)CCn1cnc2ccccc21,0.632,CCC(F)(F)C(=O)O;O=C(O)CCn1cnc2ccccc21;CC(C)(C)OC(=O)N1C2CNCC1C2;R69,1,,,
CCC(C)(F)C(=O)N1C[C@@H]2C[C@@H](C)N(C(=O)CCn3cnc4ccccc43)[C@@H]2C1,CCC(F)(F)C(=O)N1[C@@H]2CN(C(=O)CCn3cnc4ccccc43)C[C@@H]21,0.627,CCC(F)(F)C(=O)O;O=C(O)CCn1cnc2ccccc21;CC(C)(C)OC(=O)N1[C@@H]2CNC[C@@H]21;R69,1,,,
CCC(C)(F)C(=O)N1C[C@@H]2C[C@@H](C)N(C(=O)CCn3cnc4ccccc43)[C@@H]2C1,CC1CC(C(=O)N2[C@H](C)C[C@H]3CN(C(=O)CCn4cnc5ccccc54)C[C@H]32)N1C(=O)OC(C)(C)C,0.627,CCCC(C)(CCC)C(=O)O;O=C(O)CCn1cnc2ccccc21;CC1CC(C(=O)O)N1C(=O)OC(C)(C)C;C[C@@H]1C[C@H]2CN(C(=O)OC(C)(C)C)C[C@H]2N1;R69,1,,,
CCC(C)(F)C(=O)N1C[C@@H]2C[C@@H](C)N(C(=O)CCn3cnc4ccccc43)[C@@H]2C1,CCC(F)(F)C(=O)N1[C@H](C)CN(C(=O)CCn2cnc3ccccc32)C[C@@H]1C,0.618,CCC(F)(F)C(=O)O;O=C(O)CCn1cnc2ccccc21;C[C@@H]1CNC[C@H](C)N1C(=O)OC(C)(C)C;R69,1,,,
CCC(C)(F)C(=O)N1C[C@@H]2C[C@@H](C)N(C(=O)CCn3cnc4ccccc43)[C@@H]2C1,CCCC(C)(CCC)C(=O)N1C[C@@H]2[C@H](C1)N2C(=O)CCn1cnc2ccccc21,0.618,CCCC(C)(CCC)C(=O)O;O=C(O)CCn1cnc2ccccc21;CC(C)(C)OC(=O)N1[C@@H]2CNC[C@@H]21;R69,1,,,
CCC(C)(F)C(=O)N1C[C@@H]2C[C@@H](C)N(C(=O)CCn3cnc4ccccc43)[C@@H]2C1,CC(C)COC(=O)N1C(C)CC2CN(C(=O)CCn3cnc4ccccc43)CC21,0.616,CCC(F)(F)C(=O)O;O=C(O)CCn1cnc2ccccc21;CC(C)COC(=O)N1C(C)CC2CNCC21;R8,1,,,
CCC(C)(F)C(=O)N1C[C@@H]2C[C@@H](C)N(C(=O)CCn3cnc4ccccc43)[C@@H]2C1,CCC(C)(F)C(=O)N1[C@H](C)C[C@H]2CN(C(=O)CCn3c4ccccc4c4ccccc43)C[C@H]21,0.614,CCC(C)(F)C(=O)O;O=C(O)CCn1c2ccccc2c2ccccc21;C[C@@H]1C[C@H]2CN(C(=O)OC(C)(C)C)C[C@H]2N1;R69,1,,,
CCC(C)(F)C(=O)N1C[C@@H]2C[C@@H](C)N(C(=O)CCn3cnc4ccccc43)[C@@H]2C1,CCC(F)(F)C(=O)N1C[C@H]2CCN(C(=O)CCn3cnc4ccccc43)[C@H]2C1,0.611,CCC(F)(F)C(=O)O;O=C(O)CCn1cnc2ccccc21;CC(C)(C)OC(=O)N1CC[C@@H]2CNC[C@@H]21;R69,1,,,
CCC(C)(F)C(=O)N1C[C@@H]2C[C@@H](C)N(C(=O)CCn3cnc4ccccc43)[C@@H]2C1,CCC(F)(F)C(=O)N1CC2CCC(C1)N2C(=O)CCn1cnc2ccccc21,0.609,CCC(F)(F)C(=O)O;O=C(O)CCn1cnc2ccccc21;CC(C)(C)OC(=O)N1C2CCC1CNC2;R69,1,,,
CCC(C)(F)C(=O)N1C[C@@H]2C[C@@H](C)N(C(=O)CCn3cnc4ccccc43)[C@@H]2C1,CCCC(C)(CCC)C(=O)N1C[C@@H](C)N(C(=O)CCn2cnc3ccccc32)[C@@H](C)C1,0.609,CCCC(C)(CCC)C(=O)O;O=C(O)CCn1cnc2ccccc21;C[C@@H]1CNC[C@H](C)N1C(=O)OC(C)(C)C;R69,1,,,
CCC(C)(F)C(=O)N1C[C@@H]2C[C@@H](C)N(C(=O)CCn3cnc4ccccc43)[C@@H]2C1,CCC(F)(F)C(=O)N1C[C@@H]2CCCN(C(=O)CCn3cnc4ccccc43)[C@@H]2C1,0.595,CCC(F)(F)C(=O)O;O=C(O)CCn1cnc2ccccc21;CC(C)(C)OC(=O)N1CCC[C@H]2CNC[C@H]21;R69,1,,,
CCC(C)(F)C(=O)N1C[C@@H]2C[C@@H](C)N(C(=O)CCn3cnc4ccccc43)[C@@H]2C1,CCC(F)(F)C(=O)N1C2CC1CN(C(=O)CCn1cnc3ccccc31)C2,0.594,CCC(F)(F)C(=O)O;O=C(O)CCn1cnc2ccccc21;CC(C)(C)OC(=O)N1C2CNCC1C2;R69,1,,,
CCC(C)(F)C(=O)N1C[C@@H]2C[C@@H](C)N(C(=O)CCn3cnc4ccccc43)[C@@H]2C1,CCC(F)(F)C(=O)N1CC2CC(CN(C(=O)CCn3cnc4ccccc43)C2)C1,0.594,CCC(F)(F)C(=O)O;O=C(O)CCn1cnc2ccccc21;CC(C)(C)OC(=O)N1CC2CNCC(C2)C1;R69,1,,,
CCC(C)(F)C(=O)N1C[C@@H]2C[C@@H](C)N(C(=O)CCn3cnc4ccccc43)[C@@H]2C1,CCC(F)(F)C(=O)N1CC2CCCC(C1)N2C(=O)CCn1cnc2ccccc21,0.592,CCC(F)(F)C(=O)O;O=C(O)CCn1cnc2ccccc21;CC(C)(C)OC(=O)N1C2CCCC1CNC2;R69,1,,,
CCC(C)(F)C(=O)N1C[C@@H]2C[C@@H](C)N(C(=O)CCn3cnc4ccccc43)[C@@H]2C1,CCC(F)(F)C(=O)N1CC(C2CCN(C(=O)CCn3cnc4ccccc43)CC2)C1,0.592,CCC(F)(F)C(=O)O;O=C(O)CCn1cnc2ccccc21;CC(C)(C)OC(=O)N1CCC(C2CNC2)CC1;R69,1,,,
CCC(C)(F)C(=O)N1C[C@@H]2C[C@@H](C)N(C(=O)CCn3cnc4ccccc43)[C@@H]2C1,CCC(F)(F)C(=O)N1CC[C@@H]2CN(C(=O)CCn3cnc4ccccc43)C[C@@H]21,0.589,CCC(F)(F)C(=O)O;O=C(O)CCn1cnc2ccccc21;CC(C)(C)OC(=O)N1CC[C@@H]2CNC[C@@H]21;R69,1,,,
CCC(C)(F)C(=O)N1C[C@@H]2C[C@@H](C)N(C(=O)CCn3cnc4ccccc43)[C@@H]2C1,CCC(F)(F)C(=O)N1CC(C)CN(C(=O)CCn2cnc3ccccc32)C(C)C1,0.583,CCC(F)(F)C(=O)O;O=C(O)CCn1cnc2ccccc21;CC1CNCC(C)N(C(=O)OC(C)(C)C)C1;R69,1,,,
CCC(C)(F)C(=O)N1C[C@@H]2C[C@@H](C)N(C(=O)CCn3cnc4ccccc43)[C@@H]2C1,CCCC(C)(CCC)C(=O)N1CC(C2CN(C(=O)CCn3cnc4ccccc43)C2)C1,0.580,CCCC(C)(CCC)C(=O)O;O=C(O)CCn1cnc2ccccc21;CC(C)(C)OC(=O)N1CC(C2CNC2)C1;R69,1,,,
CCC(C)(F)C(=O)N1C[C@@H]2C[C@@H](C)N(C(=O)CCn3cnc4ccccc43)[C@@H]2C1,CCCC(C)(CCC)C(=O)N1CC2CC(C1)N2C(=O)CCn1cnc2ccccc21,0.577,CCCC(C)(CCC)C(=O)O;O=C(O)CCn1cnc2ccccc21;CC(C)(C)OC(=O)N1C2CNCC1C2;R69,1,,,
CCC(C)(F)C(=O)N1C[C@@H]2C[C@@H](C)N(C(=O)CCn3cnc4ccccc43)[C@@H]2C1,CCC(F)(F)C(=O)N1CCC[C@H]2CN(C(=O)CCn3cnc4ccccc43)C[C@H]21,0.573,CCC(F)(F)C(=O)O;O=C(O)CCn1cnc2ccccc21;CC(C)(C)OC(=O)N1CCC[C@H]2CNC[C@H]21;R69,1,,,
CCC(C)(F)C(=O)N1C[C@@H]2C[C@@H](C)N(C(=O)CCn3cnc4ccccc43)[C@@H]2C1,CCC(F)(F)C(=O)N1C2CCC1CN(C(=O)CCn1cnc3ccccc31)C2,0.571,CCC(F)(F)C(=O)O;O=C(O)CCn1cnc2ccccc21;CC(C)(C)OC(=O)N1C2CCC1CNC2;R69,1,,,
CCC(C)(F)C(=O)N1C[C@@H]2C[C@@H](C)N(C(=O)CCn3cnc4ccccc43)[C@@H]2C1,CCCC(C)(CCC)C(=O)N1[C@@H]2CN(C(=O)CCn3cnc4ccccc43)C[C@@H]21,0.571,CCCC(C)(CCC)C(=O)O;O=C(O)CCn1cnc2ccccc21;CC(C)(C)OC(=O)N1[C@@H]2CNC[C@@H]21;R69,1,,,
CCC(C)(F)C(=O)N1C[C@@H]2C[C@@H](C)N(C(=O)CCn3cnc4ccccc43)[C@@H]2C1,CCC(F)(F)C(=O)N1CCN(C(=O)CCn2cnc3ccccc32)[C@@H](C)C1,0.569,CCC(F)(F)C(=O)O;O=C(O)CCn1cnc2ccccc21;C[C@H]1CNCCN1C(=O)OC(C)(C)C;R69,1,,,
CCC(C)(F)C(=O)N1C[C@@H]2C[C@@H](C)N(C(=O)CCn3cnc4ccccc43)[C@@H]2C1,CCC(F)(F)C(=O)N1CCN(C(=O)CCn2cnc3ccccc32)C[C@@H]1C,0.569,CCC(F)(F)C(=O)O;O=C(O)CCn1cnc2ccccc21;C[C@H]1CNCCN1C(=O)OC(C)(C)C;R69,1,,,
CCC(C)(F)C(=O)N1C[C@@H]2C[C@@H](C)N(C(=O)CCn3cnc4ccccc43)[C@@H]2C1,CCC(F)(F)C(=O)N1CCC(C2CN(C(=O)CCn3cnc4ccccc43)C2)CC1,0.569,CCC(F)(F)C(=O)O;O=C(O)CCn1cnc2ccccc21;CC(C)(C)OC(=O)N1CCC(C2CNC2)CC1;R69,1,,,
CCC(C)(F)C(=O)N1C[C@@H]2C[C@@H](C)N(C(=O)CCn3cnc4ccccc43)[C@@H]2C1,CCC(F)(F)C(=O)N1C[C@@H]2CCN(C(=O)CCn3cnc4ccccc43)C[C@@H]21,0.568,CCC(F)(F)C(=O)O;O=C(O)CCn1cnc2ccccc21;CC(C)(C)OC(=O)N1C[C@@H]2CCNC[C@@H]21;R69,1,,,
CCC(C)(F)C(=O)N1C[C@@H]2C[C@@H](C)N(C(=O)CCn3cnc4ccccc43)[C@@H]2C1,CCC(F)(F)C(=O)N1CC[C@H]2CN(C(=O)CCn3cnc4ccccc43)[C@H]2C1,0.568,CCC(F)(F)C(=O)O;O=C(O)CCn1cnc2ccccc21;CC(C)(C)OC(=O)N1C[C@@H]2CCNC[C@@H]21;R69,1,,,
CCC(C)(F)C(=O)N1C[C@@H]2C[C@@H](C)N(C(=O)CCn3cnc4ccccc43)[C@@H]2C1,CCC(F)(F)C(=O)N1C[C@@H]2CN(C(=O)CCn3cnc4ccccc43)CC[C@@H]21,0.568,CCC(F)(F)C(=O)O;O=C(O)CCn1cnc2ccccc21;CC(C)(C)OC(=O)N1C[C@@H]2CNCC[C@@H]21;R69,1,,,
CCC(C)(F)C(=O)N1C[C@@H]2C[C@@H](C)N(C(=O)CCn3cnc4ccccc43)[C@@H]2C1,CCC(F)(F)C(=O)N1CC[C@H]2[C@@H](C1)CN2C(=O)CCn1cnc2ccccc21,0.568,CCC(F)(F)C(=O)O;O=C(O)CCn1cnc2ccccc21;CC(C)(C)OC(=O)N1C[C@@H]2CNCC[C@@H]21;R69,1,,,
CCC(C)(F)C(=O)N1C[C@@H]2C[C@@H](C)N(C(=O)CCn3cnc4ccccc43)[C@@H]2C1,CCCC(C)(CCC)C(=O)N1[C@H](C)CN(C(=O)CCn2cnc3ccccc32)C[C@@H]1C,0.563,CCCC(C)(CCC)C(=O)O;O=C(O)CCn1cnc2ccccc21;C[C@@H]1CNC[C@H](C)N1C(=O)OC(C)(C)C;R69,1,,,
CCC(C)(F)C(=O)N1C[C@@H]2C[C@@H](C)N(C(=O)CCn3cnc4ccccc43)[C@@H]2C1,CCC(F)(F)C(=O)N1CC(C)CN(C(=O)CCn2cnc3ccccc32)CC1C,0.562,CCC(F)(F)C(=O)O;O=C(O)CCn1cnc2ccccc21;CC1CNCC(C)N(C(=O)OC(C)(C)C)C1;R69,1,,,
CCC(C)(F)C(=O)N1C[C@@H]2C[C@@H](C)N(C(=O)CCn3cnc4ccccc43)[C@@H]2C1,CCCC(C)(CCC)C(=O)N1C[C@H]2CCN(C(=O)CCn3cnc4ccccc43)[C@H]2C1,0.560,CCCC(C)(CCC)C(=O)O;O=C(O)CCn1cnc2ccccc21;CC(C)(C)OC(=O)N1CC[C@@H]2CNC[C@@H]21;R69,1,,,
CCC(C)(F)C(=O)N1C[C@@H]2C[C@@H](C)N(C(=O)CCn3cnc4ccccc43)[C@@H]2C1,CCC(F)(F)C(=O)N1C2CCCC1CN(C(=O)CCn1cnc3ccccc31)C2,0.556,CCC(F)(F)C(=O)O;O=C(O)CCn1cnc2ccccc21;CC(C)(C)OC(=O)N1C2CCCC1CNC2;R69,1,,,
CCC(C)(F)C(=O)N1C[C@@H]2C[C@@H](C)N(C(=O)CCn3cnc4ccccc43)[C@@H]2C1,CCCC(C)(CCC)C(=O)N1CC2CCC(C1)N2C(=O)CCn1cnc2ccccc21,0.556,CCCC(C)(CCC)C(=O)O;O=C(O)CCn1cnc2ccccc21;CC(C)(C)OC(=O)N1C2CCC1CNC2;R69,1,,,
CCC(C)(F)C(=O)N1C[C@@H]2C[C@@H](C)N(C(=O)CCn3cnc4ccccc43)[C@@H]2C1,CCCC(C)(CCC)C(=O)N1C[C@@H]2CCCN(C(=O)CCn3cnc4ccccc43)[C@@H]2C1,0.545,CCCC(C)(CCC)C(=O)O;O=C(O)CCn1cnc2ccccc21;CC(C)(C)OC(=O)N1CCC[C@H]2CNC[C@H]21;R69,1,,,
CCC(C)(F)C(=O)N1C[C@@H]2C[C@@H](C)N(C(=O)CCn3cnc4ccccc43)[C@@H]2C1,CC(C)(C)OC(=O)N1[C@@H]2CN(C(=O)CCn3cnc4ccccc43)C[C@@H]21,0.543,CCC(F)(F)C(=O)O;O=C(O)CCn1cnc2ccccc21;CC(C)(C)OC(=O)N1[C@@H]2CNC[C@@H]21;R8,1,,,
CCC(C)(F)C(=O)N1C[C@@H]2C[C@@H](C)N(C(=O)CCn3cnc4ccccc43)[C@@H]2C1,CCCC(C)(CCC)C(=O)N1C2CC1CN(C(=O)CCn1cnc3ccccc31)C2,0.542,CCCC(C)(CCC)C(=O)O;O=C(O)CCn1cnc2ccccc21;CC(C)(C)OC(=O)N1C2CNCC1C2;R69,1,,,
CCC(C)(F)C(=O)N1C[C@@H]2C[C@@H](C)N(C(=O)CCn3cnc4ccccc43)[C@@H]2C1,CCCC(C)(CCC)C(=O)N1CC2CC(CN(C(=O)CCn3cnc4ccccc43)C2)C1,0.542,CCCC(C)(CCC)C(=O)O;O=C(O)CCn1cnc2ccccc21;CC(C)(C)OC(=O)N1CC2CNCC(C2)C1;R69,1,,,
CCC(C)(F)C(=O)N1C[C@@H]2C[C@@H](C)N(C(=O)CCn3cnc4ccccc43)[C@@H]2C1,CCCC(C)(CCC)C(=O)N1CC2CCCC(C1)N2C(=O)CCn1cnc2ccccc21,0.541,CCCC(C)(CCC)C(=O)O;O=C(O)CCn1cnc2ccccc21;CC(C)(C)OC(=O)N1C2CCCC1CNC2;R69,1,,,
CCC(C)(F)C(=O)N1C[C@@H]2C[C@@H](C)N(C(=O)CCn3cnc4ccccc43)[C@@H]2C1,CCCC(C)(CCC)C(=O)N1CC(C2CCN(C(=O)CCn3cnc4ccccc43)CC2)C1,0.541,CCCC(C)(CCC)C(=O)O;O=C(O)CCn1cnc2ccccc21;CC(C)(C)OC(=O)N1CCC(C2CNC2)CC1;R69,1,,,
CCC(C)(F)C(=O)N1C[C@@H]2C[C@@H](C)N(C(=O)CCn3cnc4ccccc43)[C@@H]2C1,CCCC(C)(CCC)C(=O)N1CC[C@@H]2CN(C(=O)CCn3cnc4ccccc43)C[C@@H]21,0.539,CCCC(C)(CCC)C(=O)O;O=C(O)CCn1cnc2ccccc21;CC(C)(C)OC(=O)N1CC[C@@H]2CNC[C@@H]21;R69,1,,,
CCC(C)(F)C(=O)N1C[C@@H]2C[C@@H](C)N(C(=O)CCn3cnc4ccccc43)[C@@H]2C1,C[C@@H]1CN(C(=O)CCn2cnc3ccccc32)C[C@H](C)N1C(=O)OC(C)(C)C,0.535,CCC(F)(F)C(=O)O;O=C(O)CCn1cnc2ccccc21;C[C@@H]1CNC[C@H](C)N1C(=O)OC(C)(C)C;R8,1,,,
CCC(C)(F)C(=O)N1C[C@@H]2C[C@@H](C)N(C(=O)CCn3cnc4ccccc43)[C@@H]2C1,CCCC(C)(CCC)C(=O)N1CC(C)CN(C(=O)CCn2cnc3ccccc32)C(C)C1,0.533,CCCC(C)(CCC)C(=O)O;O=C(O)CCn1cnc2ccccc21;CC1CNCC(C)N(C(=O)OC(C)(C)C)C1;R69,1,,,
CCC(C)(F)C(=O)N1C[C@@H]2C[C@@H](C)N(C(=O)CCn3cnc4ccccc43)[C@@H]2C1,CC(Cn1cnc2ccccc21)C(=O)N1[C@H](C)C[C@H]2CN(C(=O)OC(C)(C)C)C[C@H]21,0.532,CCC(C)(F)C(=O)O;CC(Cn1cnc2ccccc21)C(=O)O;C[C@@H]1C[C@H]2CN(C(=O)OC(C)(C)C)C[C@H]2N1;R8,1,,,
CCC(C)(F)C(=O)N1C[C@@H]2C[C@@H](C)N(C(=O)CCn3cnc4ccccc43)[C@@H]2C1,CCCC(C)(CCC)C(=O)N1CCC[C@H]2CN(C(=O)CCn3cnc4ccccc43)C[C@H]21,0.526,CCCC(C)(CCC)C(=O)O;O=C(O)CCn1cnc2ccccc21;CC(C)(C)OC(=O)N1CCC[C@H]2CNC[C@H]21;R69,1,,,
CCC(C)(F)C(=O)N1C[C@@H]2C[C@@H](C)N(C(=O)CCn3cnc4ccccc43)[C@@H]2C1,CCCC(C)(CCC)C(=O)N1C2CCC1CN(C(=O)CCn1cnc3ccccc31)C2,0.521,CCCC(C)(CCC)C(=O)O;O=C(O)CCn1cnc2ccccc21;CC(C)(C)OC(=O)N1C2CCC1CNC2;R69,1,,,
CCC(C)(F)C(=O)N1C[C@@H]2C[C@@H](C)N(C(=O)CCn3cnc4ccccc43)[C@@H]2C1,CCCC(C)(CCC)C(=O)N1CCN(C(=O)CCn2cnc3ccccc32)C[C@@H]1C,0.520,CCCC(C)(CCC)C(=O)O;O=C(O)CCn1cnc2ccccc21;C[C@H]1CNCCN1C(=O)OC(C)(C)C;R69,1,,,
CCC(C)(F)C(=O)N1C[C@@H]2C[C@@H](C)N(C(=O)CCn3cnc4ccccc43)[C@@H]2C1,CCCC(C)(CCC)C(=O)N1CCN(C(=O)CCn2cnc3ccccc32)[C@@H](C)C1,0.520,CCCC(C)(CCC)C(=O)O;O=C(O)CCn1cnc2ccccc21;C[C@H]1CNCCN1C(=O)OC(C)(C)C;R69,1,,,
CCC(C)(F)C(=O)N1C[C@@H]2C[C@@H](C)N(C(=O)CCn3cnc4ccccc43)[C@@H]2C1,CCCC(C)(CCC)C(=O)N1CCC(C2CN(C(=O)CCn3cnc4ccccc43)C2)CC1,0.520,CCCC(C)(CCC)C(=O)O;O=C(O)CCn1cnc2ccccc21;CC(C)(C)OC(=O)N1CCC(C2CNC2)CC1;R69,1,,,
CCC(C)(F)C(=O)N1C[C@@H]2C[C@@H](C)N(C(=O)CCn3cnc4ccccc43)[C@@H]2C1,CCCC(C)(CCC)C(=O)N1CC[C@H]2CN(C(=O)CCn3cnc4ccccc43)[C@H]2C1,0.519,CCCC(C)(CCC)C(=O)O;O=C(O)CCn1cnc2ccccc21;CC(C)(C)OC(=O)N1C[C@@H]2CCNC[C@@H]21;R69,1,,,
CCC(C)(F)C(=O)N1C[C@@H]2C[C@@H](C)N(C(=O)CCn3cnc4ccccc43)[C@@H]2C1,CCCC(C)(CCC)C(=O)N1C[C@@H]2CCN(C(=O)CCn3cnc4ccccc43)C[C@@H]21,0.519,CCCC(C)(CCC)C(=O)O;O=C(O)CCn1cnc2ccccc21;CC(C)(C)OC(=O)N1C[C@@H]2CCNC[C@@H]21;R69,1,,,
CCC(C)(F)C(=O)N1C[C@@H]2C[C@@H](C)N(C(=O)CCn3cnc4ccccc43)[C@@H]2C1,CCCC(C)(CCC)C(=O)N1CC[C@H]2[C@@H](C1)CN2C(=O)CCn1cnc2ccccc21,0.519,CCCC(C)(CCC)C(=O)O;O=C(O)CCn1cnc2ccccc21;CC(C)(C)OC(=O)N1C[C@@H]2CNCC[C@@H]21;R69,1,,,
CCC(C)(F)C(=O)N1C[C@@H]2C[C@@H](C)N(C(=O)CCn3cnc4ccccc43)[C@@H]2C1,CCCC(C)(CCC)C(=O)N1C[C@@H]2CN(C(=O)CCn3cnc4ccccc43)CC[C@@H]21,0.519,CCCC(C)(CCC)C(=O)O;O=C(O)CCn1cnc2ccccc21;CC(C)(C)OC(=O)N1C[C@@H]2CNCC[C@@H]21;R69,1,,,
CCC(C)(F)C(=O)N1C[C@@H]2C[C@@H](C)N(C(=O)CCn3cnc4ccccc43)[C@@H]2C1,CC(C)(C)OC(=O)N1CC[C@@H]2CN(C(=O)CCn3cnc4ccccc43)C[C@@H]21,0.513,CCC(F)(F)C(=O)O;O=C(O)CCn1cnc2ccccc21;CC(C)(C)OC(=O)N1CC[C@@H]2CNC[C@@H]21;R8,1,,,
CCC(C)(F)C(=O)N1C[C@@H]2C[C@@H](C)N(C(=O)CCn3cnc4ccccc43)[C@@H]2C1,CCCC(C)(CCC)C(=O)N1CC(C)CN(C(=O)CCn2cnc3ccccc32)CC1C,0.513,CCCC(C)(CCC)C(=O)O;O=C(O)CCn1cnc2ccccc21;CC1CNCC(C)N(C(=O)OC(C)(C)C)C1;R69,1,,,
CCC(C)(F)C(=O)N1C[C@@H]2C[C@@H](C)N(C(=O)CCn3cnc4ccccc43)[C@@H]2C1,CC(C)(C)OC(=O)N1C[C@@H]2CCN(C(=O)CCn3cnc4ccccc43)C[C@@H]21,0.513,CCC(F)(F)C(=O)O;O=C(O)CCn1cnc2ccccc21;CC(C)(C)OC(=O)N1C[C@@H]2CCNC[C@@H]21;R8,1,,,
CCC(C)(F)C(=O)N1C[C@@H]2C[C@@H](C)N(C(=O)CCn3cnc4ccccc43)[C@@H]2C1,CC(C)(C)OC(=O)N1C[C@@H]2CN(C(=O)CCn3cnc4ccccc43)CC[C@@H]21,0.513,CCC(F)(F)C(=O)O;O=C(O)CCn1cnc2ccccc21;CC(C)(C)OC(=O)N1C[C@@H]2CNCC[C@@H]21;R8,1,,,
CCC(C)(F)C(=O)N1C[C@@H]2C[C@@H](C)N(C(=O)CCn3cnc4ccccc43)[C@@H]2C1,C[C@@H]1C[C@H]2CN(C(=O)OC(C)(C)C)C[C@H]2N1C(=O)CCn1c2ccccc2c2ccccc21,0.507,CCC(C)(F)C(=O)O;O=C(O)CCn1c2ccccc2c2ccccc21;C[C@@H]1C[C@H]2CN(C(=O)OC(C)(C)C)C[C@H]2N1;R8,1,,,
CCC(C)(F)C(=O)N1C[C@@H]2C[C@@H](C)N(C(=O)CCn3cnc4ccccc43)[C@@H]2C1,CC(C)(C)OC(=O)N1C2CC1CN(C(=O)CCn1cnc3ccccc31)C2,0.507,CCC(F)(F)C(=O)O;O=C(O)CCn1cnc2ccccc21;CC(C)(C)OC(=O)N1C2CNCC1C2;R8,1,,,
CCC(C)(F)C(=O)N1C[C@@H]2C[C@@H](C)N(C(=O)CCn3cnc4ccccc43)[C@@H]2C1,CCCC(C)(CCC)C(=O)N1C2CCCC1CN(C(=O)CCn1cnc3ccccc31)C2,0.507,CCCC(C)(CCC)C(=O)O;O=C(O)CCn1cnc2ccccc21;CC(C)(C)OC(=O)N1C2CCCC1CNC2;R69,1,,,
CCC(C)(F)C(=O)N1C[C@@H]2C[C@@H](C)N(C(=O)CCn3cnc4ccccc43)[C@@H]2C1,CC(C)(C)OC(=O)N1CCC[C@H]2CN(C(=O)CCn3cnc4ccccc43)C[C@H]21,0.500,CCC(F)(F)C(=O)O;O=C(O)CCn1cnc2ccccc21;CC(C)(C)OC(=O)N1CCC[C@H]2CNC[C@H]21;R8,1,,,
CCC(C)(F)C(=O)N1C[C@@H]2C[C@@H](C)N(C(=O)CCn3cnc4ccccc43)[C@@H]2C1,C[C@H]1CN(C(=O)CCn2cnc3ccccc32)CCN1C(=O)OC(C)(C)C,0.493,CCC(F)(F)C(=O)O;O=C(O)CCn1cnc2ccccc21;C[C@H]1CNCCN1C(=O)OC(C)(C)C;R8,1,,,
CCC(C)(F)C(=O)N1C[C@@H]2C[C@@H](C)N(C(=O)CCn3cnc4ccccc43)[C@@H]2C1,CC(C)(C)OC(=O)N1CC2CC(CN(C(=O)CCn3cnc4ccccc43)C2)C1,0.493,CCC(F)(F)C(=O)O;O=C(O)CCn1cnc2ccccc21;CC(C)(C)OC(=O)N1CC2CNCC(C2)C1;R8,1,,,
CCC(C)(F)C(=O)N1C[C@@H]2C[C@@H](C)N(C(=O)CCn3cnc4ccccc43)[C@@H]2C1,CC1CN(C(=O)CCn2cnc3ccccc32)CC(C)N(C(=O)OC(C)(C)C)C1,0.487,CCC(F)(F)C(=O)O;O=C(O)CCn1cnc2ccccc21;CC1CNCC(C)N(C(=O)OC(C)(C)C)C1;R8,1,,,
CCC(C)(F)C(=O)N1C[C@@H]2C[C@@H](C)N(C(=O)CCn3cnc4ccccc43)[C@@H]2C1,CC(C)(C)OC(=O)N1C2CCC1CN(C(=O)CCn1cnc3ccccc31)C2,0.486,CCC(F)(F)C(=O)O;O=C(O)CCn1cnc2ccccc21;CC(C)(C)OC(=O)N1C2CCC1CNC2;R8,1,,,
CCC(C)(F)C(=O)N1C[C@@H]2C[C@@H](C)N(C(=O)CCn3cnc4ccccc43)[C@@H]2C1,CC(C)(C)OC(=O)N1C2CCCC1CN(C(=O)CCn1cnc3ccccc31)C2,0.474,CCC(F)(F)C(=O)O;O=C(O)CCn1cnc2ccccc21;CC(C)(C)OC(=O)N1C2CCCC1CNC2;R8,1,,,
CCC(C)(F)C(=O)N1C[C@@H]2C[C@@H](C)N(C(=O)CCn3cnc4ccccc43)[C@@H]2C1,C[C@@H]1C[C@H](NC(=O)CCn2cnc3ccccc32)C[C@H](C)N1C(=O)OC(C)(C)C,0.474,CCC(F)(F)C(=O)O;O=C(O)CCn1cnc2ccccc21;C[C@@H]1C[C@H](N)C[C@H](C)N1C(=O)OC(C)(C)C;R8,1,,,
CCC(C)(F)C(=O)N1C[C@@H]2C[C@@H](C)N(C(=O)CCn3cnc4ccccc43)[C@@H]2C1,CC1CC(C(=O)N2[C@H](C)C[C@H]3CN(C(=O)OC(C)(C)C)C[C@H]32)N1C(=O)OC(C)(C)C,0.307,CCCC(C)(CCC)C(=O)O;O=C(O)CCn1cnc2ccccc21;CC1CC(C(=O)O)N1C(=O)OC(C)(C)C;C[C@@H]1C[C@H]2CN(C(=O)OC(C)(C)C)C[C@H]2N1;R8,1,,,
CCC(C)c1ccc(CNC(=O)C2(C3CCNCC3)CC2)cc1,CCC(C)c1ccc(CNC(=O)C2(C3CCNCC3)CC2)cc1,1.000,COC(=O)C1(C2CCNCC2)CC1;CCC(C)c1ccc(CN)cc1;R49,1,1.000,1.000,1.000
CCC(C)c1ccc(CNC(=O)C2(C3CCNCC3)CC2)cc1,CC(C)c1ccc(CNC(=O)C2(C3CCNCC3)CC2)cc1,0.804,COC(=O)C1(C2CCNCC2)CC1;CC(C)c1ccc(CN)cc1;R49,1,1.000,1.000,0.946
CCC(C)c1ccc(CNC(=O)C2(C3CCNCC3)CC2)cc1,CCC(C)c1ccc(CNC(=O)C2(C3CCCNC3)CC2)cc1,0.784,COC(=O)C1(C2CCCNC2)CC1;CCC(C)c1ccc(CN)cc1;R49,1,0.744,0.483,0.829
CCC(C)c1ccc(CNC(=O)C2(C3CCNCC3)CC2)cc1,CCC(C)c1ccc(CNC(=O)C2(C3CC3)CCNC2)cc1,0.780,COC(=O)C1(C2CC2)CCNC1;CCC(C)c1ccc(CN)cc1;R49,1,0.738,0.332,0.699
CCC(C)c1ccc(CNC(=O)C2(C3CCNCC3)CC2)cc1,CCC(C)c1ccc(CNC(=O)C2(C3CCC(=O)CC3)CC2)cc1,0.776,COC(=O)C1(C2CCC(=O)CC2)CC1;CCC(C)c1ccc(CN)cc1;R49,1,0.732,0.645,0.865
CCC(C)c1ccc(CNC(=O)C2(C3CCNCC3)CC2)cc1,CC(N)c1ccc(CNC(=O)C2(C3CCNCC3)CC2)cc1,0.771,COC(=O)C1(C2CCNCC2)CC1;CC(N)c1ccc(CN)cc1;R49,1,1.000,0.646,0.870
CCC(C)c1ccc(CNC(=O)C2(C3CCNCC3)CC2)cc1,CC(O)c1ccc(CNC(=O)C2(C3CCNCC3)CC2)cc1,0.771,COC(=O)C1(C2CCNCC2)CC1;CC(O)c1ccc(CN)cc1;R49,1,1.000,0.738,0.834
CCC(C)c1ccc(CNC(=O)C2(C3CCNCC3)CC2)cc1,CCC(C)c1ccc(CNC(=O)C2(C3CCC3)CCNC2)cc1,0.750,COC(=O)C1(C2CCC2)CCNC1;CCC(C)c1ccc(CN)cc1;R49,1,0.705,0.306,0.689
CCC(C)c1ccc(CNC(=O)C2(C3CCNCC3)CC2)cc1,CC(c1ccc(CNC(=O)C2(C3CCNCC3)CC2)cc1)N(C)C,0.740,COC(=O)C1(C2CCNCC2)CC1;CC(c1ccc(CN)cc1)N(C)C;R49,1,1.000,0.724,0.821
CCC(C)c1ccc(CNC(=O)C2(C3CCNCC3)CC2)cc1,CCc1ccc(CNC(=O)C2(C3CCNCC3)CC2)cc1,0.739,COC(=O)C1(C2CCNCC2)CC1;CCc1ccc(CN)cc1;R49,1,1.000,1.000,0.906
CCC(C)c1ccc(CNC(=O)C2(C3CCNCC3)CC2)cc1,CC(C)Cc1ccc(CNC(=O)C2(C3CCNCC3)CC2)cc1,0.729,COC(=O)C1(C2CCNCC2)CC1;CC(C)Cc1ccc(CN)cc1;R49,1,,,
CCC(C)c1ccc(CNC(=O)C2(C3CCNCC3)CC2)cc1,O=C(NCc1ccc(C(F)F)cc1)C1(C2CCNCC2)CC1,0.729,COC(=O)C1(C2CCNCC2)CC1;NCc1ccc(C(F)F)cc1;R49,1,,,
CCC(C)c1ccc(CNC(=O)C2(C3CCNCC3)CC2)cc1,COC(OC)c1ccc(CNC(=O)C2(C3CCNCC3)CC2)cc1,0.720,COC(=O)C1(C2CCNCC2)CC1;COC(OC)c1ccc(CN)cc1;R49,1,,,
CCC(C)c1ccc(CNC(=O)C2(C3CCNCC3)CC2)cc1,CCC(C)c1ccc(NC(=O)C2(C3CCNCC3)CC2)cc1,0.714,COC(=O)C1(C2CCNCC2)CC1;CCC(C)c1ccc(N)cc1;R49,1,,,
CCC(C)c1ccc(CNC(=O)C2(C3CCNCC3)CC2)cc1,CCC(C)Oc1ccc(CNC(=O)C2(C3CCNCC3)CC2)cc1,0.712,COC(=O)C1(C2CCNCC2)CC1;CCC(C)Oc1ccc(CN)cc1;R49,1,,,
CCC(C)c1ccc(CNC(=O)C2(C3CCNCC3)CC2)cc1,CCC(C)c1ccc(CNC(=O)[C@]23CC[C@H]2CNC3)cc1,0.712,COC(=O)[C@]12CC[C@H]1CNC2;CCC(C)c1ccc(CN)cc1;R49,1,,,
CCC(C)c1ccc(CNC(=O)C2(C3CCNCC3)CC2)cc1,CCCc1ccc(CNC(=O)C2(C3CCNCC3)CC2)cc1,0.708,COC(=O)C1(C2CCNCC2)CC1;CCCc1ccc(CN)cc1;R49,1,,,
CCC(C)c1ccc(CNC(=O)C2(C3CCNCC3)CC2)cc1,Cc1ccc(CNC(=O)C2(C3CCNCC3)CC2)cc1,0.702,COC(=O)C1(C2CCNCC2)CC1;Cc1ccc(CN)cc1;R49,1,,,
CCC(C)c1ccc(CNC(=O)C2(C3CCNCC3)CC2)cc1,CCC(C)c1ccc(CNC(=O)C2(C)CCNCC2)cc1,0.694,COC(=O)C1(C)CCNCC1;CCC(C)c1ccc(CN)cc1;R49,1,,,
CCC(C)c1ccc(CNC(=O)C2(C3CCNCC3)CC2)cc1,CCC(C)c1ccc(C(NC(=O)C2(C3CCNCC3)CC2)C(C)C)cc1,0.686,COC(=O)C1(C2CCNCC2)CC1;CCC(C)c1ccc(C(N)C(C)C)cc1;R49,1,,,
CCC(C)c1ccc(CNC(=O)C2(C3CCNCC3)CC2)cc1,NCc1ccc(CNC(=O)C2(C3CCNCC3)CC2)cc1,0.667,COC(=O)C1(C2CCNCC2)CC1;NCc1ccc(CN)cc1;R49,1,,,
CCC(C)c1ccc(CNC(=O)C2(C3CCNCC3)CC2)cc1,Nc1ccc(CNC(=O)C2(C3CCNCC3)CC2)cc1,0.667,COC(=O)C1(C2CCNCC2)CC1;NCc1ccc(N)cc1;R49,1,,,
CCC(C)c1ccc(CNC(=O)C2(C3CCNCC3)CC2)cc1,CCc1ccc([C@H](C)NC(=O)C2(C3CCNCC3)CC2)cc1,0.615,COC(=O)C1(C2CCNCC2)CC1;CCc1ccc([C@H](C)N)cc1;R49,1,,,
CCC(C)c1ccc(CNC(=O)C2(C3CCNCC3)CC2)cc1,CCC(C)c1ccc(CNC(=O)N2CCC(C3(C(=O)OC)CC3)CC2)cc1,0.576,COC(=O)C1(C2CCNCC2)CC1;CCC(C)c1ccc(CN)cc1;R36,1,,,
CCC(C)c1ccc(CNC(=O)C2(C3CCNCC3)CC2)cc1,CC(NC(=O)C1(C2CCNCC2)CC1)c1ccc(CN)cc1,0.574,COC(=O)C1(C2CCNCC2)CC1;CC(N)c1ccc(CN)cc1;R49,1,,,
CCC(C)c1ccc(CNC(=O)C2(C3CCNCC3)CC2)cc1,CCC(C)c1ccc(CNC(=O)C(=O)N2CCC(C3(C(=O)OC)CC3)CC2)cc1,0.557,COC(=O)C1(C2CCNCC2)CC1;CCC(C)c1ccc(CN)cc1;R38,1,,,
CCC(C)c1ccc(CNC(=O)C2(C3CCNCC3)CC2)cc1,CCC(C)c1ccc(CNC(=O)N2C[C@@H]3CC[C@]3(C(=O)OC)C2)cc1,0.508,COC(=O)[C@]12CC[C@H]1CNC2;CCC(C)c1ccc(CN)cc1;R36,1,,,
CCC(C)c1ccc(CNC(=O)C2(C3CCNCC3)CC2)cc1,CCC(C)c1ccc(CNC(=O)C(=O)N2C[C@@H]3CC[C@]3(C(=O)OC)C2)cc1,0.492,COC(=O)[C@]12CC[C@H]1CNC2;CCC(C)c1ccc(CN)cc1;R38,1,,,
CCC(C)c1ccc(CNC(=O)C2(C3CCNCC3)CC2)cc1,CCC(C)c1ccc(CN2CCC(C3(C(=O)OC)CC3)CC2)cc1,0.492,COC(=O)C1(C2CCNCC2)CC1;CCC(C)c1ccc(CBr)cc1;R9,1,,,
CCC(C)c1ccc(CNC(=O)C2(C3CCNCC3)CC2)cc1,NCc1ccc(NC(=O)C2(C3CCNCC3)CC2)cc1,0.481,COC(=O)C1(C2CCNCC2)CC1;NCc1ccc(N)cc1;R49,1,,,
CCC(C)c1ccc(CNC(=O)C2(C3CCNCC3)CC2)cc1,COC(=O)C1(C2CCN(C(=O)NCc3ccc(C(C)C)cc3)CC2)CC1,0.452,COC(=O)C1(C2CCNCC2)CC1;CC(C)c1ccc(CN)cc1;R36,1,,,
CCC(C)c1ccc(CNC(=O)C2(C3CCNCC3)CC2)cc1,CCC(C)c1ccc(NC(=O)N2CCC(C3(C(=O)OC)CC3)CC2)cc1,0.444,COC(=O)C1(C2CCNCC2)CC1;CCC(C)c1ccc(N)cc1;R36,1,,,
CCC(C)c1ccc(CNC(=O)C2(C3CCNCC3)CC2)cc1,COC(=O)C1(C2CCN(C(=O)C(=O)NCc3ccc(C(C)C)cc3)CC2)CC1,0.438,COC(=O)C1(C2CCNCC2)CC1;CC(C)c1ccc(CN)cc1;R38,1,,,
CCC(C)c1ccc(CNC(=O)C2(C3CCNCC3)CC2)cc1,COC(=O)C1(C2CCN(C(=O)NCc3ccc(C(C)N)cc3)CC2)CC1,0.438,COC(=O)C1(C2CCNCC2)CC1;CC(N)c1ccc(CN)cc1;R36,1,,,
CCC(C)c1ccc(CNC(=O)C2(C3CCNCC3)CC2)cc1,CCC(C)c1ccc(C(NC(=O)N2CCC(C3(C(=O)OC)CC3)CC2)C(C)C)cc1,0.431,COC(=O)C1(C2CCNCC2)CC1;CCC(C)c1ccc(C(N)C(C)C)cc1;R36,1,,,
CCC(C)c1ccc(CNC(=O)C2(C3CCNCC3)CC2)cc1,CCC(C)c1ccc(NC(=O)C(=O)N2CCC(C3(C(=O)OC)CC3)CC2)cc1,0.431,COC(=O)C1(C2CCNCC2)CC1;CCC(C)c1ccc(N)cc1;R38,1,,,
CCC(C)c1ccc(CNC(=O)C2(C3CCNCC3)CC2)cc1,COC(=O)C1(C2CCN(C(=O)C(=O)NCc3ccc(C(C)N)cc3)CC2)CC1,0.424,COC(=O)C1(C2CCNCC2)CC1;CC(N)c1ccc(CN)cc1;R38,1,,,
CCC(C)c1ccc(CNC(=O)C2(C3CCNCC3)CC2)cc1,COC(=O)C1(C2CCN(C(=O)C(=O)NCc3ccc(C(C)O)cc3)CC2)CC1,0.424,COC(=O)C1(C2CCNCC2)CC1;CC(O)c1ccc(CN)cc1;R38,1,,,
CCC(C)c1ccc(CNC(=O)C2(C3CCNCC3)CC2)cc1,COC(=O)C1(C2CCN(C(=O)NCc3ccc(C(C)N(C)C)cc3)CC2)CC1,0.424,COC(=O)C1(C2CCNCC2)CC1;CC(c1ccc(CN)cc1)N(C)C;R36,1,,,
CCC(C)c1ccc(CNC(=O)C2(C3CCNCC3)CC2)cc1,COC(=O)C1(C2CCN(C(=O)NCc3ccc(C(OC)OC)cc3)CC2)CC1,0.422,COC(=O)C1(C2CCNCC2)CC1;COC(OC)c1ccc(CN)cc1;R36,1,,,
CCC(C)c1ccc(CNC(=O)C2(C3CCNCC3)CC2)cc1,CCC(C)c1ccc(C(NC(=O)C(=O)N2CCC(C3(C(=O)OC)CC3)CC2)C(C)C)cc1,0.418,COC(=O)C1(C2CCNCC2)CC1;CCC(C)c1ccc(C(N)C(C)C)cc1;R38,1,,,
CCC(C)c1ccc(CNC(=O)C2(C3CCNCC3)CC2)cc1,CCC(C)Oc1ccc(CNC(=O)N2CCC(C3(C(=O)OC)CC3)CC2)cc1,0.418,COC(=O)C1(C2CCNCC2)CC1;CCC(C)Oc1ccc(CN)cc1;R36,1,,,
CCC(C)c1ccc(CNC(=O)C2(C3CCNCC3)CC2)cc1,COC(=O)C1(C2CCN(C(=O)C(=O)NCc3ccc(C(C)N(C)C)cc3)CC2)CC1,0.412,COC(=O)C1(C2CCNCC2)CC1;CC(c1ccc(CN)cc1)N(C)C;R38,1,,,
CCC(C)c1ccc(CNC(=O)C2(C3CCNCC3)CC2)cc1,COC(=O)C1(C2CCN(C(=O)C(=O)NCc3ccc(C(OC)OC)cc3)CC2)CC1,0.409,COC(=O)C1(C2CCNCC2)CC1;COC(OC)c1ccc(CN)cc1;R38,1,,,
CCC(C)c1ccc(CNC(=O)C2(C3CCNCC3)CC2)cc1,COC(=O)C1(C2CCN(C(=O)NCc3ccc(CC(C)C)cc3)CC2)CC1,0.406,COC(=O)C1(C2CCNCC2)CC1;CC(C)Cc1ccc(CN)cc1;R36,1,,,
CCC(C)c1ccc(CNC(=O)C2(C3CCNCC3)CC2)cc1,CCC(C)Oc1ccc(CNC(=O)C(=O)N2CCC(C3(C(=O)OC)CC3)CC2)cc1,0.406,COC(=O)C1(C2CCNCC2)CC1;CCC(C)Oc1ccc(CN)cc1;R38,1,,,
CCC(C)c1ccc(CNC(=O)C2(C3CCNCC3)CC2)cc1,CCc1ccc(CNC(=O)N2CCC(C3(C(=O)OC)CC3)CC2)cc1,0.403,COC(=O)C1(C2CCNCC2)CC1;CCc1ccc(CN)cc1;R36,1,,,
CCC(C)c1ccc(CNC(=O)C2(C3CCNCC3)CC2)cc1,COC(=O)C1(C2CCN(C(=O)C(=O)NCc3ccc(CC(C)C)cc3)CC2)CC1,0.394,COC(=O)C1(C2CCNCC2)CC1;CC(C)Cc1ccc(CN)cc1;R38,1,,,
CCC(C)c1ccc(CNC(=O)C2(C3CCNCC3)CC2)cc1,CCc1ccc(CNC(=O)C(=O)N2CCC(C3(C(=O)OC)CC3)CC2)cc1,0.391,COC(=O)C1(C2CCNCC2)CC1;CCc1ccc(CN)cc1;R38,1,,,
CCC(C)c1ccc(CNC(=O)C2(C3CCNCC3)CC2)cc1,CCCc1ccc(CNC(=O)N2CCC(C3(C(=O)OC)CC3)CC2)cc1,0.391,COC(=O)C1(C2CCNCC2)CC1;CCCc1ccc(CN)cc1;R36,1,,,
CCC(C)c1ccc(CNC(=O)C2(C3CCNCC3)CC2)cc1,COC(=O)C1(C2CCN(C(=O)NCc3ccc(C)cc3)CC2)CC1,0.381,COC(=O)C1(C2CCNCC2)CC1;Cc1ccc(CN)cc1;R36,1,,,
CCC(C)c1ccc(CNC(=O)C2(C3CCNCC3)CC2)cc1,CCCc1ccc(CNC(=O)C(=O)N2CCC(C3(C(=O)OC)CC3)CC2)cc1,0.379,COC(=O)C1(C2CCNCC2)CC1;CCCc1ccc(CN)cc1;R38,1,,,
CCC(C)c1ccc(CNC(=O)C2(C3CCNCC3)CC2)cc1,CCc1ccc([C@H](C)NC(=O)N2CCC(C3(C(=O)OC)CC3)CC2)cc1,0.379,COC(=O)C1(C2CCNCC2)CC1;CCc1ccc([C@H](C)N)cc1;R36,1,,,
CCC(C)c1ccc(CNC(=O)C2(C3CCNCC3)CC2)cc1,COC(=O)C1(C2CCN(C(=O)NCc3ccc(CN)cc3)CC2)CC1,0.375,COC(=O)C1(C2CCNCC2)CC1;NCc1ccc(CN)cc1;R36,1,,,
CCC(C)c1ccc(CNC(=O)C2(C3CCNCC3)CC2)cc1,COC(=O)C1(C2CCN(C(=O)NCc3ccc(N)cc3)CC2)CC1,0.375,COC(=O)C1(C2CCNCC2)CC1;NCc1ccc(N)cc1;R36,1,,,
CCC(C)c1ccc(CNC(=O)C2(C3CCNCC3)CC2)cc1,COC(=O)C1(C2CCN(C(=O)C(=O)NCc3ccc(C)cc3)CC2)CC1,0.369,COC(=O)C1(C2CCNCC2)CC1;Cc1ccc(CN)cc1;R38,1,,,
CCC(C)c1ccc(CNC(=O)C2(C3CCNCC3)CC2)cc1,CCc1ccc([C@H](C)NC(=O)C(=O)N2CCC(C3(C(=O)OC)CC3)CC2)cc1,0.368,COC(=O)C1(C2CCNCC2)CC1;CCc1ccc([C@H](C)N)cc1;R38,1,,,
CCC(C)c1ccc(CNC(=O)C2(C3CCNCC3)CC2)cc1,COC(=O)C1(C2CCN(C(=O)C(=O)NCc3ccc(CN)cc3)CC2)CC1,0.364,COC(=O)C1(C2CCNCC2)CC1;NCc1ccc(CN)cc1;R38,1,,,
CCC(C)c1ccc(CNC(=O)C2(C3CCNCC3)CC2)cc1,COC(=O)C1(C2CCN(C(=O)C(=O)NCc3ccc(N)cc3)CC2)CC1,0.364,COC(=O)C1(C2CCNCC2)CC1;NCc1ccc(N)cc1;R38,1,,,
CCC(C)c1ccc(CNC(=O)C2(C3CCNCC3)CC2)cc1,COC(=O)C1(C2CCN(C(=O)NC(C)c3ccc(CN)cc3)CC2)CC1,0.353,COC(=O)C1(C2CCNCC2)CC1;CC(N)c1ccc(CN)cc1;R36,1,,,
CCC(C)c1ccc(CNC(=O)C2(C3CCNCC3)CC2)cc1,COC(=O)C1(C2CCN(C(=O)C(=O)NC(C)c3ccc(CN)cc3)CC2)CC1,0.343,COC(=O)C1(C2CCNCC2)CC1;CC(N)c1ccc(CN)cc1;R38,1,,,
CCC(C)c1ccc(CNC(=O)C2(C3CCNCC3)CC2)cc1,COC(=O)C1(C2CCN(C(=O)Nc3ccc(CN)cc3)CC2)CC1,0.294,COC(=O)C1(C2CCNCC2)CC1;NCc1ccc(N)cc1;R36,1,,,
CCC(C)c1ccc(CNC(=O)C2(C3CCNCC3)CC2)cc1,COC(=O)C1(C2CCN(C(=O)C(=O)Nc3ccc(CN)cc3)CC2)CC1,0.286,COC(=O)C1(C2CCNCC2)CC1;NCc1ccc(N)cc1;R38,1,,,
CC(C)C12CC(C(=O)NC3CN(C(=O)C(C)(C)NC(=O)OC(C)(C)C)C3)(C1)C2,CC(C)C12CC(C(=O)NC(C)(C)C(=O)N3CCN(C(=O)C(C)(C)NC(=O)OC(C)(C)C)CC3)(C1)C2,0.714,CC(C)(C)OC(=O)NC12CC(CO)(C1)C2;CC(C)C12CC(C(=O)O)(C1)C2;CC(C)(N)C(=O)N1CCNCC1;R8;CC(C)(C)OC(=O)NC(C)(C)C(=O)O;R8,2,0.436,0.614,0.889
CC(C)C12CC(C(=O)NC3CN(C(=O)C(C)(C)NC(=O)OC(C)(C)C)C3)(C1)C2,CC(C)C12CC(C(=O)NC3CN(C(=O)OC(C)(C)C)C3)(C1)C2,0.708,CC(C)(C)OC(=O)NC12CCC(C(=O)O)(CC1)CC2;CC(C)(C)OC(=O)NC1CNCC(O)C1;R8;CC(C)(N)C(=O)O;R72;NCc1cc(C(=O)O)no1;R36;CC(C)(C)OC(=O)N1CC(N)C1;CC(C)C12CC(C(=O)O)(C1)C2;R8,4,1.000,0.538,0.685
CC(C)C12CC(C(=O)NC3CN(C(=O)C(C)(C)NC(=O)OC(C)(C)C)C3)(C1)C2,CC(C)C12CC(C(=O)NC3CN(C(=O)OC(C)(C)C)CCN(C(=O)OC(C)(C)C)C3)(C1)C2,0.680,CC(C)(C)OC(=O)NC12CCC(C(=O)O)(CC1)CC2;CC(C)(C)OC(=O)NC1CNCC(O)C1;R8;CC(C)(N)C(=O)O;R72;NCc1cc(C(=O)O)no1;R36;CC(C)(C)OC(=O)N1CCN(C(=O)OC(C)(C)C)CC(N)C1;CC(C)C12CC(C(=O)O)(C1)C2;R8,4,0.852,0.516,0.650
CC(C)C12CC(C(=O)NC3CN(C(=O)C(C)(C)NC(=O)OC(C)(C)C)C3)(C1)C2,CC(C)C12CC(C(=O)NC3CN(C(=O)C(F)(F)F)C3)(C1)C2,0.633,CC(C)(C)OC(=O)NC12CC(CO)(C1)C2;CC(C)C12CC(C(=O)O)(C1)C2;NC1CN(C(=O)C(F)(F)F)C1;R8,1,1.000,0.665,0.587
CC(C)C12CC(C(=O)NC3CN(C(=O)C(C)(C)NC(=O)OC(C)(C)C)C3)(C1)C2,CC(C)C12CC(C(=O)NC(C)(C)C(=O)N3CCN(C(=O)C(C)(C)C(C)(C)NC(=O)OC(C)(C)C)CC3)(C1)C2,0.618,CC(C)(C)OC(=O)NC12CC(CO)(C1)C2;CC(C)C12CC(C(=O)O)(C1)C2;CC(C)(N)C(=O)N1CCNCC1;R8;CC(C)(C)OC(=O)NC(C)(C)C(C)(C)C(=O)O;R8,2,0.436,0.499,0.657
CC(C)C12CC(C(=O)NC3CN(C(=O)C(C)(C)NC(=O)OC(C)(C)C)C3)(C1)C2,CC(C)C12CC(C(=O)N3CCN(C(=O)C(C)(C)NC(=O)C(C)(C)NC(=O)OC(C)(C)C)CC3)(C1)C2,0.600,CC(C)(C)OC(=O)NC12CC(CO)(C1)C2;CC(C)C12CC(C(=O)O)(C1)C2;CC(C)(N)C(=O)N1CCNCC1;R8;CC(C)(C)OC(=O)NC(C)(C)C(=O)O;R8,2,0.371,0.537,0.848
CC(C)C12CC(C(=O)NC3CN(C(=O)C(C)(C)NC(=O)OC(C)(C)C)C3)(C1)C2,CC(C)C12CC(C(=O)NC(C)(C)C(=O)N3CCN(C(C)C(C)(C)NC(=O)OC(C)(C)C)CC3)(C1)C2,0.596,CC(C)(C)OC(=O)NC12CC(CO)(C1)C2;CC(C)C12CC(C(=O)O)(C1)C2;CC(C)(N)C(=O)N1CCNCC1;R8;CC(=O)C(C)(C)NC(=O)OC(C)(C)C;R43,2,0.436,0.510,0.779
CC(C)C12CC(C(=O)NC3CN(C(=O)C(C)(C)NC(=O)OC(C)(C)C)C3)(C1)C2,CC(=O)N1CC(NC(=O)C23CC(C(C)C)(C2)C3)C1,0.583,CC(C)(C)OC(=O)NC12CC(CO)(C1)C2;CC(C)C12CC(C(=O)O)(C1)C2;CC(=O)N1CC(N)C1;R8,1,1.000,0.512,0.634
CC(C)C12CC(C(=O)NC3CN(C(=O)C(C)(C)NC(=O)OC(C)(C)C)C3)(C1)C2,CC(C)C12CC(C(=O)N(C3CN(C(=O)C(C)(C)NC(=O)OC(C)(C)C)C3)C(C)C34CC(NC(=O)OC(C)(C)C)(C3)C4)(C1)C2,0.581,CC(=O)C12CC(NC(=O)OC(C)(C)C)(C1)C2;CC(C)(C)OC(=O)N1CC(N)C1;R43;CC(C)(C)OC(=O)NC(C)(C)C(=O)O;CC(C)C12CC(C(=O)O)(C1)C2;R69,2,0.385,0.603,0.754
CC(C)C12CC(C(=O)NC3CN(C(=O)C(C)(C)NC(=O)OC(C)(C)C)C3)(C1)C2,COC(=O)N1CC(NC(=O)C23CC(C(C)C)(C2)C3)C1,0.580,CC(C)(C)OC(=O)NC12CC(CO)(C1)C2;CC(C)C12CC(C(=O)O)(C1)C2;COC(=O)N1CC(N)C1;R8,1,1.000,0.518,0.627
CC(C)C12CC(C(=O)NC3CN(C(=O)C(C)(C)NC(=O)OC(C)(C)C)C3)(C1)C2,CC(C)C12CC(C(=O)NC3CN(C(N)=O)C3)(C1)C2,0.571,CC(C)(C)OC(=O)NC12CC(CO)(C1)C2;CC(C)C12CC(C(=O)O)(C1)C2;NC(=O)N1CC(N)C1;R8,1,,,
CC(C)C12CC(C(=O)NC3CN(C(=O)C(C)(C)NC(=O)OC(C)(C)C)C3)(C1)C2,CC(C)C12CC(C(=O)OC3CCN(C(=O)C(C)(C)NC(=O)C(C)(C)NC(=O)OC(C)(C)C)CC3)(C1)C2,0.567,CC(C)(C)OC(=O)NC12CC(CO)(C1)C2;CC(C)C12CC(C(=O)O)(C1)C2;CC(C)(N)C(=O)N1CCC(O)CC1;R72;CC(C)(C)OC(=O)NC(C)(C)C(=O)O;R8,2,,,
CC(C)C12CC(C(=O)NC3CN(C(=O)C(C)(C)NC(=O)OC(C)(C)C)C3)(C1)C2,COC(=O)NC(C)(C)C(=O)N1CCN(C(=O)C(C)(C)NC(=O)C23CC(C(C)C)(C2)C3)CC1,0.566,CC(C)(C)OC(=O)NC12CC(CO)(C1)C2;CC(C)C12CC(C(=O)O)(C1)C2;CC(C)(N)C(=O)N1CCNCC1;R8;COC(=O)NC(C)(C)C(=O)O;R8,2,,,
CC(C)C12CC(C(=O)NC3CN(C(=O)C(C)(C)NC(=O)OC(C)(C)C)C3)(C1)C2,CNC(=O)N1CC(NC(=O)C23CC(C(C)C)(C2)C3)C1,0.560,CC(C)(C)OC(=O)NC12CC(CO)(C1)C2;CC(C)C12CC(C(=O)O)(C1)C2;CNC(=O)N1CC(N)C1;R8,1,,,
CC(C)C12CC(C(=O)NC3CN(C(=O)C(C)(C)NC(=O)OC(C)(C)C)C3)(C1)C2,CC(C)C12CC(C(=O)NC(C)(C)C(=O)N3CCN(C(C)(C(=O)O)C(C)(C)NC(=O)OC(C)(C)C)CC3)(C1)C2,0.557,CC(C)(C)OC(=O)NC12CC(CO)(C1)C2;CC(C)C12CC(C(=O)O)(C1)C2;CC(C)(N)C(=O)N1CCNCC1;R8;CC(=O)C(C)(C)NC(=O)OC(C)(C)C;R71,2,,,
CC(C)C12CC(C(=O)NC3CN(C(=O)C(C)(C)NC(=O)OC(C)(C)C)C3)(C1)C2,CCC(=O)N1CC(NC(=O)C23CC(C(C)C)(C2)C3)C1,0.549,CC(C)(C)OC(=O)NC12CC(CO)(C1)C2;CC(C)C12CC(C(=O)O)(C1)C2;CCC(=O)N1CC(N)C1;R8,1,,,
CC(C)C12CC(C(=O)NC3CN(C(=O)C(C)(C)NC(=O)OC(C)(C)C)C3)(C1)C2,CC(C)C12CC(C(=O)NC3CN(C(=O)C4CC4)C3)(C1)C2,0.549,CC(C)(C)OC(=O)NC12CC(CO)(C1)C2;CC(C)C12CC(C(=O)O)(C1)C2;NC1CN(C(=O)C2CC2)C1;R8,1,,,
CC(C)C12CC(C(=O)NC3CN(C(=O)C(C)(C)NC(=O)OC(C)(C)C)C3)(C1)C2,CCOC(=O)N1CC(NC(=O)C23CC(C(C)C)(C2)C3)C1,0.547,CC(C)(C)OC(=O)NC12CC(CO)(C1)C2;CC(C)C12CC(C(=O)O)(C1)C2;CCOC(=O)N1CC(N)C1;R8,1,,,
CC(C)C12CC(C(=O)NC3CN(C(=O)C(C)(C)NC(=O)OC(C)(C)C)C3)(C1)C2,CC(C)C12CC(C(=O)N3CCN(C(=O)C(C)(C)NC(=O)C(C)(C)C(C)(C)NC(=O)OC(C)(C)C)CC3)(C1)C2,0.542,CC(C)(C)OC(=O)NC12CC(CO)(C1)C2;CC(C)C12CC(C(=O)O)(C1)C2;CC(C)(N)C(=O)N1CCNCC1;R8;CC(C)(C)OC(=O)NC(C)(C)C(C)(C)C(=O)O;R8,2,,,
CC(C)C12CC(C(=O)NC3CN(C(=O)C(C)(C)NC(=O)OC(C)(C)C)C3)(C1)C2,CC(C)C12CC(C(=O)NC(C)(C)C(=O)N3CCCC3)(C1)C2,0.529,CC(C)(C)OC(=O)NC12CC(CO)(C1)C2;CC(C)C12CC(C(=O)O)(C1)C2;CC(C)(N)C(=O)N1CCCC1;R8,1,,,
CC(C)C12CC(C(=O)NC3CN(C(=O)C(C)(C)NC(=O)OC(C)(C)C)C3)(C1)C2,CC(C)C12CC(C(=O)NC3CCN(C(=O)C(C)(C)C)CC3)(C1)C2,0.528,CC(C)(C)OC(=O)NC12CC(CO)(C1)C2;CC(C)C12CC(C(=O)O)(C1)C2;CC(C)(C)C(=O)N1CCC(N)CC1;R8,1,,,
CC(C)C12CC(C(=O)NC3CN(C(=O)C(C)(C)NC(=O)OC(C)(C)C)C3)(C1)C2,CC(C)C12CC(C(=O)N3CCN(C(=O)C(C)(C)NC(C)C(C)(C)NC(=O)OC(C)(C)C)CC3)(C1)C2,0.525,CC(C)(C)OC(=O)NC12CC(CO)(C1)C2;CC(C)C12CC(C(=O)O)(C1)C2;CC(C)(N)C(=O)N1CCNCC1;R8;CC(=O)C(C)(C)NC(=O)OC(C)(C)C;R43,2,,,
CC(C)C12CC(C(=O)NC3CN(C(=O)C(C)(C)NC(=O)OC(C)(C)C)C3)(C1)C2,CC(C)(C)OC(=O)N1CC(NC(=O)C23CC(C(C)(C)C)(C2)C3)C1,0.509,CC(C)(C)OC(=O)NC12CCC(C(=O)O)(CC1)CC2;CC(C)(C)OC(=O)NC1CNCC(O)C1;R8;CC(C)(N)C(=O)O;R72;CC(C)(N)c1cc(C(=O)O)no1;R38;CC(C)(C)OC(=O)N1CC(N)C1;CC(C)(C)C12CC(C(=O)O)(C1)C2;R8,4,,,
CC(C)C12CC(C(=O)NC3CN(C(=O)C(C)(C)NC(=O)OC(C)(C)C)C3)(C1)C2,CC(C)C12CC(C(=O)NC(C)(C)C(=O)N3CCC(O)CC3)(C1)C2,0.509,CC(C)(C)OC(=O)NC12CC(CO)(C1)C2;CC(C)C12CC(C(=O)O)(C1)C2;CC(C)(N)C(=O)N1CCC(O)CC1;R8,1,,,
CC(C)C12CC(C(=O)NC3CN(C(=O)C(C)(C)NC(=O)OC(C)(C)C)C3)(C1)C2,CC(C)C12CC(C(=O)NC34CC(NC(=O)OC(C)(C)C)(C3)C4)(C1)C2,0.500,CC(C)(C)OC(=O)NC12CC(N)(C1)C2;CC(C)C12CC(C(=O)O)(C1)C2;R8,1,,,
CC(C)C12CC(C(=O)NC3CN(C(=O)C(C)(C)NC(=O)OC(C)(C)C)C3)(C1)C2,CC(C)(C)OC(=O)NC(C)(C)C(=O)NC1CN(C(=O)OC(C)(C)C)C1,0.500,CC(C)(C)OC(=O)NC12CC(CO)(C1)C2;CC(C)C12CC(C(=O)O)(C1)C2;CC(C)(C)OC(=O)N1CC(N)C1;CC(C)(C)OC(=O)NC(C)(C)C(=O)O;R8,1,,,
CC(C)C12CC(C(=O)NC3CN(C(=O)C(C)(C)NC(=O)OC(C)(C)C)C3)(C1)C2,CC(C)C12CC(NC(=O)C(C)(C)NC(=O)OC(C)(C)C)(C1)C2,0.500,CC(=O)C12CC(NC(=O)OC(C)(C)C)(C1)C2;CC(C)(C)OC(=O)N1CC(N)C1;R43;CC(C)(C)OC(=O)NC(C)(C)C(=O)O;CC(C)C12CC(N)(C1)C2;R8,2,,,
CC(C)C12CC(C(=O)NC3CN(C(=O)C(C)(C)NC(=O)OC(C)(C)C)C3)(C1)C2,CC(C)C12CC(OC(=O)C(C)(C)NC(=O)OC(C)(C)C)(C1)C2,0.500,CC(=O)C12CC(NC(=O)OC(C)(C)C)(C1)C2;CC(C)(C)OC(=O)N1CC(N)C1;R43;CC(C)(C)OC(=O)NC(C)(C)C(=O)O;CC(C)C12CC(O)(C1)C2;R72,2,,,
CC(C)C12CC(C(=O)NC3CN(C(=O)C(C)(C)NC(=O)OC(C)(C)C)C3)(C1)C2,CC(N(C(=O)C12CC(C(F)F)(C1)C2)C1CN(C(=O)C(C)(C)NC(=O)OC(C)(C)C)C1)C12CC(NC(=O)OC(C)(C)C)(C1)C2,0.493,CC(=O)C12CC(NC(=O)OC(C)(C)C)(C1)C2;CC(C)(C)OC(=O)N1CC(N)C1;R43;CC(C)(C)OC(=O)NC(C)(C)C(=O)O;O=C(O)C12CC(C(F)F)(C1)C2;R69,2,,,
CC(C)C12CC(C(=O)NC3CN(C(=O)C(C)(C)NC(=O)OC(C)(C)C)C3)(C1)C2,CC(C)C12CC(C(=O)N3CC(N(C(=O)C(C)(C)NC(=O)OC(C)(C)C)C(C)C45CC(NC(=O)OC(C)(C)C)(C4)C5)C3)(C1)C2,0.485,CC(=O)C12CC(NC(=O)OC(C)(C)C)(C1)C2;CC(C)(C)OC(=O)N1CC(N)C1;R43;CC(C)(C)OC(=O)NC(C)(C)C(=O)O;CC(C)C12CC(C(=O)O)(C1)C2;R69,2,,,
CC(C)C12CC(C(=O)NC3CN(C(=O)C(C)(C)NC(=O)OC(C)(C)C)C3)(C1)C2,CC(N(C(=O)C12CC(C)(C1)C2)C1CN(C(=O)C(C)(C)NC(=O)OC(C)(C)C)C1)C12CC(NC(=O)OC(C)(C)C)(C1)C2,0.485,CC(=O)C12CC(NC(=O)OC(C)(C)C)(C1)C2;CC(C)(C)OC(=O)N1CC(N)C1;R43;CC(C)(C)OC(=O)NC(C)(C)C(=O)O;CC12CC(C(=O)O)(C1)C2;R69,2,,,
CC(C)C12CC(C(=O)NC3CN(C(=O)C(C)(C)NC(=O)OC(C)(C)C)C3)(C1)C2,CC(N(C(=O)C12CC3(C)CC(C)(CC(C)(C3)C1)C2)C1CN(C(=O)C(C)(C)NC(=O)OC(C)(C)C)C1)C12CC(NC(=O)OC(C)(C)C)(C1)C2,0.485,CC(=O)C12CC(NC(=O)OC(C)(C)C)(C1)C2;CC(C)(C)OC(=O)N1CC(N)C1;R43;CC(C)(C)OC(=O)NC(C)(C)C(=O)O;CC12CC3(C)CC(C)(C1)CC(C(=O)O)(C2)C3;R69,2,,,
CC(C)C12CC(C(=O)NC3CN(C(=O)C(C)(C)NC(=O)OC(C)(C)C)C3)(C1)C2,CC(N(C(=O)C12CC(N)(C1)C2)C1CN(C(=O)C(C)(C)NC(=O)OC(C)(C)C)C1)C12CC(NC(=O)OC(C)(C)C)(C1)C2,0.485,CC(=O)C12CC(NC(=O)OC(C)(C)C)(C1)C2;CC(C)(C)OC(=O)N1CC(N)C1;R43;CC(C)(C)OC(=O)NC(C)(C)C(=O)O;NC12CC(C(=O)O)(C1)C2;R69,2,,,
CC(C)C12CC(C(=O)NC3CN(C(=O)C(C)(C)NC(=O)OC(C)(C)C)C3)(C1)C2,CC(N(C(=O)C1(C(C)C)CC1)C1CN(C(=O)C(C)(C)NC(=O)OC(C)(C)C)C1)C12CC(NC(=O)OC(C)(C)C)(C1)C2,0.485,CC(=O)C12CC(NC(=O)OC(C)(C)C)(C1)C2;CC(C)(C)OC(=O)N1CC(N)C1;R43;CC(C)(C)OC(=O)NC(C)(C)C(=O)O;CC(C)C1(C(=O)O)CC1;R69,2,,,
CC(C)C12CC(C(=O)NC3CN(C(=O)C(C)(C)NC(=O)OC(C)(C)C)C3)(C1)C2,CC(C)(C)OC(=O)NC12CCC(C(=O)NC3CN(C(=O)OC(C)(C)C)C3)(C1)C2,0.483,CC(C)(C)OC(=O)NC12CCC(C(=O)O)(C1)C2;CC(C)(C)OC(=O)N1CC(N)C1;R8,1,,,
CC(C)C12CC(C(=O)NC3CN(C(=O)C(C)(C)NC(=O)OC(C)(C)C)C3)(C1)C2,CC(N(C(=O)C12CC(C(C)(C)C)(C1)C2)C1CN(C(=O)C(C)(C)NC(=O)OC(C)(C)C)C1)C12CC(NC(=O)OC(C)(C)C)(C1)C2,0.478,CC(=O)C12CC(NC(=O)OC(C)(C)C)(C1)C2;CC(C)(C)OC(=O)N1CC(N)C1;R43;CC(C)(C)OC(=O)NC(C)(C)C(=O)O;CC(C)(C)C12CC(C(=O)O)(C1)C2;R69,2,,,
CC(C)C12CC(C(=O)NC3CN(C(=O)C(C)(C)NC(=O)OC(C)(C)C)C3)(C1)C2,CC(N(C(=O)C12CC(F)(C1)C2)C1CN(C(=O)C(C)(C)NC(=O)OC(C)(C)C)C1)C12CC(NC(=O)OC(C)(C)C)(C1)C2,0.478,CC(=O)C12CC(NC(=O)OC(C)(C)C)(C1)C2;CC(C)(C)OC(=O)N1CC(N)C1;R43;CC(C)(C)OC(=O)NC(C)(C)C(=O)O;O=C(O)C12CC(F)(C1)C2;R69,2,,,
CC(C)C12CC(C(=O)NC3CN(C(=O)C(C)(C)NC(=O)OC(C)(C)C)C3)(C1)C2,CC(N(C(=O)C12CC(Cl)(C1)C2)C1CN(C(=O)C(C)(C)NC(=O)OC(C)(C)C)C1)C12CC(NC(=O)OC(C)(C)C)(C1)C2,0.478,CC(=O)C12CC(NC(=O)OC(C)(C)C)(C1)C2;CC(C)(C)OC(=O)N1CC(N)C1;R43;CC(C)(C)OC(=O)NC(C)(C)C(=O)O;O=C(O)C12CC(Cl)(C1)C2;R69,2,,,
CC(C)C12CC(C(=O)NC3CN(C(=O)C(C)(C)NC(=O)OC(C)(C)C)C3)(C1)C2,CC(N(C(=O)C12CC(Br)(C1)C2)C1CN(C(=O)C(C)(C)NC(=O)OC(C)(C)C)C1)C12CC(NC(=O)OC(C)(C)C)(C1)C2,0.478,CC(=O)C12CC(NC(=O)OC(C)(C)C)(C1)C2;CC(C)(C)OC(=O)N1CC(N)C1;R43;CC(C)(C)OC(=O)NC(C)(C)C(=O)O;O=C(O)C12CC(Br)(C1)C2;R69,2,,,
CC(C)C12CC(C(=O)NC3CN(C(=O)C(C)(C)NC(=O)OC(C)(C)C)C3)(C1)C2,CC(N(C(=O)C12CC(I)(C1)C2)C1CN(C(=O)C(C)(C)NC(=O)OC(C)(C)C)C1)C12CC(NC(=O)OC(C)(C)C)(C1)C2,0.478,CC(=O)C12CC(NC(=O)OC(C)(C)C)(C1)C2;CC(C)(C)OC(=O)N1CC(N)C1;R43;CC(C)(C)OC(=O)NC(C)(C)C(=O)O;O=C(O)C12CC(I)(C1)C2;R69,2,,,
CC(C)C12CC(C(=O)NC3CN(C(=O)C(C)(C)NC(=O)OC(C)(C)C)C3)(C1)C2,COC(=O)NC(C)(C)C(=O)NC(C)(C)C(=O)N1CCN(C(=O)C23CC(C(C)C)(C2)C3)CC1,0.475,CC(C)(C)OC(=O)NC12CC(CO)(C1)C2;CC(C)C12CC(C(=O)O)(C1)C2;CC(C)(N)C(=O)N1CCNCC1;R8;COC(=O)NC(C)(C)C(=O)O;R8,2,,,
CC(C)C12CC(C(=O)NC3CN(C(=O)C(C)(C)NC(=O)OC(C)(C)C)C3)(C1)C2,CC(N(C(=O)C12CC(C(=O)O)(C1)C2)C1CN(C(=O)C(C)(C)NC(=O)OC(C)(C)C)C1)C12CC(NC(=O)OC(C)(C)C)(C1)C2,0.471,CC(=O)C12CC(NC(=O)OC(C)(C)C)(C1)C2;CC(C)(C)OC(=O)N1CC(N)C1;R43;CC(C)(C)OC(=O)NC(C)(C)C(=O)O;O=C(O)C12CC(C(=O)O)(C1)C2;R69,2,,,
CC(C)C12CC(C(=O)NC3CN(C(=O)C(C)(C)NC(=O)OC(C)(C)C)C3)(C1)C2,CC(N(C(=O)C12CC3(F)CC(F)(CC(F)(C3)C1)C2)C1CN(C(=O)C(C)(C)NC(=O)OC(C)(C)C)C1)C12CC(NC(=O)OC(C)(C)C)(C1)C2,0.471,CC(=O)C12CC(NC(=O)OC(C)(C)C)(C1)C2;CC(C)(C)OC(=O)N1CC(N)C1;R43;CC(C)(C)OC(=O)NC(C)(C)C(=O)O;O=C(O)C12CC3(F)CC(F)(CC(F)(C3)C1)C2;R69,2,,,
CC(C)C12CC(C(=O)NC3CN(C(=O)C(C)(C)NC(=O)OC(C)(C)C)C3)(C1)C2,CC(C)(C)OC(=O)NC12CCC(C(=O)NC3CN(C(=O)OC(C)(C)C)CCN(C(=O)OC(C)(C)C)C3)(C1)C2,0.467,CC(C)(C)OC(=O)NC12CCC(C(=O)O)(C1)C2;CC(C)(C)OC(=O)N1CCN(C(=O)OC(C)(C)C)CC(N)C1;R8,1,,,
CC(C)C12CC(C(=O)NC3CN(C(=O)C(C)(C)NC(=O)OC(C)(C)C)C3)(C1)C2,CC(=O)N1CC(NC(=O)C2(NC(=O)OC(C)(C)C)CC(F)(F)C2)C1,0.466,CC(C)(C)OC(=O)NC1(C(=O)O)CC(F)(F)C1;CC(=O)N1CC(N)C1;R8,1,,,
CC(C)C12CC(C(=O)NC3CN(C(=O)C(C)(C)NC(=O)OC(C)(C)C)C3)(C1)C2,CC(N(C(=O)C12CC(C(N)C(=O)O)(C1)C2)C1CN(C(=O)C(C)(C)NC(=O)OC(C)(C)C)C1)C12CC(NC(=O)OC(C)(C)C)(C1)C2,0.465,CC(=O)C12CC(NC(=O)OC(C)(C)C)(C1)C2;CC(C)(C)OC(=O)N1CC(N)C1;R43;CC(C)(C)OC(=O)NC(C)(C)C(=O)O;NC(C(=O)O)C12CC(C(=O)O)(C1)C2;R69,2,,,
CC(C)C12CC(C(=O)NC3CN(C(=O)C(C)(C)NC(=O)OC(C)(C)C)C3)(C1)C2,CC(N(C(=O)C(N)C12CC(C(=O)O)(C1)C2)C1CN(C(=O)C(C)(C)NC(=O)OC(C)(C)C)C1)C12CC(NC(=O)OC(C)(C)C)(C1)C2,0.465,CC(=O)C12CC(NC(=O)OC(C)(C)C)(C1)C2;CC(C)(C)OC(=O)N1CC(N)C1;R43;CC(C)(C)OC(=O)NC(C)(C)C(=O)O;NC(C(=O)O)C12CC(C(=O)O)(C1)C2;R69,2,,,
CC(C)C12CC(C(=O)NC3CN(C(=O)C(C)(C)NC(=O)OC(C)(C)C)C3)(C1)C2,CCC12CC(C(=O)N(C3CN(C(=O)C(C)(C)NC(=O)OC(C)(C)C)C3)C(C)C34CC(NC(=O)OC(C)(C)C)(C3)C4)(C1)C2,0.464,CC(=O)C12CC(NC(=O)OC(C)(C)C)(C1)C2;CC(C)(C)OC(=O)N1CC(N)C1;R43;CC(C)(C)OC(=O)NC(C)(C)C(=O)O;CCC12CC(C(=O)O)(C1)C2;R69,2,,,
CC(C)C12CC(C(=O)NC3CN(C(=O)C(C)(C)NC(=O)OC(C)(C)C)C3)(C1)C2,CC(N(C(=O)C12CCC(C(=O)O)(CC1)CC2)C1CN(C(=O)C(C)(C)NC(=O)OC(C)(C)C)C1)C12CC(NC(=O)OC(C)(C)C)(C1)C2,0.464,CC(=O)C12CC(NC(=O)OC(C)(C)C)(C1)C2;CC(C)(C)OC(=O)N1CC(N)C1;R43;CC(C)(C)OC(=O)NC(C)(C)C(=O)O;O=C(O)C12CCC(C(=O)O)(CC1)CC2;R69,2,,,
CC(C)C12CC(C(=O)NC3CN(C(=O)C(C)(C)NC(=O)OC(C)(C)C)C3)(C1)C2,[2H]C([2H])([2H])C12CC(C(=O)N(C3CN(C(=O)C(C)(C)NC(=O)OC(C)(C)C)C3)C(C)C34CC(NC(=O)OC(C)(C)C)(C3)C4)(C1)C2,0.464,CC(=O)C12CC(NC(=O)OC(C)(C)C)(C1)C2;CC(C)(C)OC(=O)N1CC(N)C1;R43;CC(C)(C)OC(=O)NC(C)(C)C(=O)O;[2H]C([2H])([2H])C12CC(C(=O)O)(C1)C2;R69,2,,,
CC(C)C12CC(C(=O)NC3CN(C(=O)C(C)(C)NC(=O)OC(C)(C)C)C3)(C1)C2,COC(=O)C12CC(C(=O)N(C3CN(C(=O)C(C)(C)NC(=O)OC(C)(C)C)C3)C(C)C34CC(NC(=O)OC(C)(C)C)(C3)C4)(C1)C2,0.464,CC(=O)C12CC(NC(=O)OC(C)(C)C)(C1)C2;CC(C)(C)OC(=O)N1CC(N)C1;R43;CC(C)(C)OC(=O)NC(C)(C)C(=O)O;COC(=O)C12CC(C(=O)O)(C1)C2;R69,2,,,
CC(C)C12CC(C(=O)NC3CN(C(=O)C(C)(C)NC(=O)OC(C)(C)C)C3)(C1)C2,CC(C)(C)OC(=O)NC1(C(=O)NC2CN(C(N)=O)C2)CC(F)(F)C1,0.458,CC(C)(C)OC(=O)NC1(C(=O)O)CC(F)(F)C1;NC(=O)N1CC(N)C1;R8,1,,,
CC(C)C12CC(C(=O)NC3CN(C(=O)C(C)(C)NC(=O)OC(C)(C)C)C3)(C1)C2,CC(C)CC12CC(C(=O)N(C3CN(C(=O)C(C)(C)NC(=O)OC(C)(C)C)C3)C(C)C34CC(NC(=O)OC(C)(C)C)(C3)C4)(C1)C2,0.457,CC(=O)C12CC(NC(=O)OC(C)(C)C)(C1)C2;CC(C)(C)OC(=O)N1CC(N)C1;R43;CC(C)(C)OC(=O)NC(C)(C)C(=O)O;CC(C)CC12CC(C(=O)O)(C1)C2;R69,2,,,
CC(C)C12CC(C(=O)NC3CN(C(=O)C(C)(C)NC(=O)OC(C)(C)C)C3)(C1)C2,CC(N(C(=O)C12CCC(C(=O)O)(C1)C2)C1CN(C(=O)C(C)(C)NC(=O)OC(C)(C)C)C1)C12CC(NC(=O)OC(C)(C)C)(C1)C2,0.457,CC(=O)C12CC(NC(=O)OC(C)(C)C)(C1)C2;CC(C)(C)OC(=O)N1CC(N)C1;R43;CC(C)(C)OC(=O)NC(C)(C)C(=O)O;O=C(O)C12CCC(C(=O)O)(C1)C2;R69,2,,,
CC(C)C12CC(C(=O)NC3CN(C(=O)C(C)(C)NC(=O)OC(C)(C)C)C3)(C1)C2,CC(N(C(=O)C12CCC(C(=O)O)(CC1)C2)C1CN(C(=O)C(C)(C)NC(=O)OC(C)(C)C)C1)C12CC(NC(=O)OC(C)(C)C)(C1)C2,0.457,CC(=O)C12CC(NC(=O)OC(C)(C)C)(C1)C2;CC(C)(C)OC(=O)N1CC(N)C1;R43;CC(C)(C)OC(=O)NC(C)(C)C(=O)O;O=C(O)C12CCC(C(=O)O)(CC1)C2;R69,2,,,
CC(C)C12CC(C(=O)NC3CN(C(=O)C(C)(C)NC(=O)OC(C)(C)C)C3)(C1)C2,COC(=O)N1CC(NC(=O)C2(NC(=O)OC(C)(C)C)CC(F)(F)C2)C1,0.450,CC(C)(C)OC(=O)NC1(C(=O)O)CC(F)(F)C1;COC(=O)N1CC(N)C1;R8,1,,,
CC(C)C12CC(C(=O)NC3CN(C(=O)C(C)(C)NC(=O)OC(C)(C)C)C3)(C1)C2,CNC(=O)N1CC(NC(=O)C2(NC(=O)OC(C)(C)C)CC(F)(F)C2)C1,0.450,CC(C)(C)OC(=O)NC1(C(=O)O)CC(F)(F)C1;CNC(=O)N1CC(N)C1;R8,1,,,
CC(C)C12CC(C(=O)NC3CN(C(=O)C(C)(C)NC(=O)OC(C)(C)C)C3)(C1)C2,CC(C)C12CC(C(=O)NCC34CC(NC(=O)OC(C)(C)C)(C3)C4)(C1)C2,0.448,CC(C)(C)OC(=O)NC12CC(CN)(C1)C2;CC(C)C12CC(C(=O)O)(C1)C2;R8,1,,,
CC(C)C12CC(C(=O)NC3CN(C(=O)C(C)(C)NC(=O)OC(C)(C)C)C3)(C1)C2,CC(C)(C)OC(=O)NC1CN(C(=O)C23CC(NC(=O)OC(C)(C)C)(C2)C3)C1,0.446,CC(C)(C)OC(=O)NC12CC(C(=O)O)(C1)C2;CC(C)(C)OC(=O)NC1CNC1;R8,1,,,
CC(C)C12CC(C(=O)NC3CN(C(=O)C(C)(C)NC(=O)OC(C)(C)C)C3)(C1)C2,CCC(=O)N1CC(NC(=O)C2(NC(=O)OC(C)(C)C)CC(F)(F)C2)C1,0.443,CC(C)(C)OC(=O)NC1(C(=O)O)CC(F)(F)C1;CCC(=O)N1CC(N)C1;R8,1,,,
CC(C)C12CC(C(=O)NC3CN(C(=O)C(C)(C)NC(=O)OC(C)(C)C)C3)(C1)C2,CC(C)C12CC(C(=O)NC(C)(C)C)(C1)C2,0.438,CC(C)(C)OC(=O)NC12CC(CO)(C1)C2;CC(C)C12CC(C(=O)O)(C1)C2;CC(C)(C)N;R8,1,,,
CC(C)C12CC(C(=O)NC3CN(C(=O)C(C)(C)NC(=O)OC(C)(C)C)C3)(C1)C2,CC(C)(C)OC(=O)NC12CC(C(=O)N[C@H]3C[C@@H](NC(=O)OC(C)(C)C)C3)(C1)C2,0.436,CC(C)(C)OC(=O)NC12CC(C(=O)O)(C1)C2;CC(C)(C)OC(=O)N[C@H]1C[C@@H](N)C1;R8,1,,,
CC(C)C12CC(C(=O)NC3CN(C(=O)C(C)(C)NC(=O)OC(C)(C)C)C3)(C1)C2,CC(C)(C)OC(=O)NC12CC(C(=O)N[C@H]3CC[C@H](NC(=O)OC(C)(C)C)CC3)(C1)C2,0.436,CC(C)(C)OC(=O)NC12CC(C(=O)O)(C1)C2;CC(C)(C)OC(=O)N[C@H]1CC[C@H](N)CC1;R8,1,,,
CC(C)C12CC(C(=O)NC3CN(C(=O)C(C)(C)NC(=O)OC(C)(C)C)C3)(C1)C2,CC(C)C12CC(C(=O)NC(C)(C)C(N)=O)(C1)C2,0.431,CC(C)(C)OC(=O)NC12CC(CO)(C1)C2;CC(C)C12CC(C(=O)O)(C1)C2;CC(C)(N)C(N)=O;R8,1,,,
CC(C)C12CC(C(=O)NC3CN(C(=O)C(C)(C)NC(=O)OC(C)(C)C)C3)(C1)C2,CC(C)(C)OC(=O)NC1CN(C(=O)C23CCC(NC(=O)OC(C)(C)C)(CC2)C3)C1,0.424,CC(C)(C)OC(=O)NC12CCC(C(=O)O)(CC1)C2;CC(C)(C)OC(=O)NC1CNC1;R8,1,,,
CC(C)C12CC(C(=O)NC3CN(C(=O)C(C)(C)NC(=O)OC(C)(C)C)C3)(C1)C2,CC(C)C12CC(C(=O)N(C(C)(C)C(=O)N3CCNCC3)C(C)(C(=O)O)C(C)(C)NC(=O)OC(C)(C)C)(C1)C2,0.420,CC(C)(C)OC(=O)NC12CC(CO)(C1)C2;CC(C)C12CC(C(=O)O)(C1)C2;CC(C)(N)C(=O)N1CCNCC1;R8;CC(=O)C(C)(C)NC(=O)OC(C)(C)C;R71,2,,,
CC(C)C12CC(C(=O)NC3CN(C(=O)C(C)(C)NC(=O)OC(C)(C)C)C3)(C1)C2,CC(C)C12CC(C(=O)NC(C)(C)C(C)(C)C)(C1)C2,0.420,CC(C)(C)OC(=O)NC12CC(CO)(C1)C2;CC(C)C12CC(C(=O)O)(C1)C2;CC(C)(C)C(C)(C)N;R8,1,,,
CC(C)C12CC(C(=O)NC3CN(C(=O)C(C)(C)NC(=O)OC(C)(C)C)C3)(C1)C2,CC(C)C12CC(C(=O)NC(C)(C)C(=N)N)(C1)C2,0.415,CC(C)(C)OC(=O)NC12CC(CO)(C1)C2;CC(C)C12CC(C(=O)O)(C1)C2;CC(C)(N)C(=N)N;R8,1,,,
CC(C)C12CC(C(=O)NC3CN(C(=O)C(C)(C)NC(=O)OC(C)(C)C)C3)(C1)C2,CC(C)(C)OC(=O)NC1CN(C(=O)C23CCC(NC(=O)OC(C)(C)C)(CC2)CC3)C1,0.414,CC(C)(C)OC(=O)NC12CCC(C(=O)O)(CC1)CC2;CC(C)(C)OC(=O)NC1CNC1;R8,1,,,
CC(C)C12CC(C(=O)NC3CN(C(=O)C(C)(C)NC(=O)OC(C)(C)C)C3)(C1)C2,CC(N(C(=O)C(C)(C)NC(=O)OC(C)(C)C)C1CN(C(=O)C23CC(C(F)F)(C2)C3)C1)C12CC(NC(=O)OC(C)(C)C)(C1)C2,0.408,CC(=O)C12CC(NC(=O)OC(C)(C)C)(C1)C2;CC(C)(C)OC(=O)N1CC(N)C1;R43;CC(C)(C)OC(=O)NC(C)(C)C(=O)O;O=C(O)C12CC(C(F)F)(C1)C2;R69,2,,,
CC(C)C12CC(C(=O)NC3CN(C(=O)C(C)(C)NC(=O)OC(C)(C)C)C3)(C1)C2,CC(C)(C)OC(=O)NC(C)(C)C(=O)NC(C(=O)O)C12CC(C(=O)O)(C1)C2,0.407,CC(=O)C12CC(NC(=O)OC(C)(C)C)(C1)C2;CC(C)(C)OC(=O)N1CC(N)C1;R43;CC(C)(C)OC(=O)NC(C)(C)C(=O)O;NC(C(=O)O)C12CC(C(=O)O)(C1)C2;R8,2,,,
CC(C)C12CC(C(=O)NC3CN(C(=O)C(C)(C)NC(=O)OC(C)(C)C)C3)(C1)C2,CC(C)(C)OC(=O)NC1CN(S(=O)(=O)NC(=O)C23CC(NC(=O)OC(C)(C)C)(C2)C3)C1,0.403,CC(C)(C)OC(=O)NC12CC(C(=O)O)(C1)C2;CC(C)(C)OC(=O)NC1CN(S(N)(=O)=O)C1;R8,1,,,
CC(C)C12CC(C(=O)NC3CN(C(=O)C(C)(C)NC(=O)OC(C)(C)C)C3)(C1)C2,CC(N(C(=O)C(C)(C)NC(=O)OC(C)(C)C)C1CN(C(=O)C23CC(C)(C2)C3)C1)C12CC(NC(=O)OC(C)(C)C)(C1)C2,0.400,CC(=O)C12CC(NC(=O)OC(C)(C)C)(C1)C2;CC(C)(C)OC(=O)N1CC(N)C1;R43;CC(C)(C)OC(=O)NC(C)(C)C(=O)O;CC12CC(C(=O)O)(C1)C2;R69,2,,,
CC(C)C12CC(C(=O)NC3CN(C(=O)C(C)(C)NC(=O)OC(C)(C)C)C3)(C1)C2,CC(N(C(=O)C(C)(C)NC(=O)OC(C)(C)C)C1CN(C(=O)C23CC4(C)CC(C)(CC(C)(C4)C2)C3)C1)C12CC(NC(=O)OC(C)(C)C)(C1)C2,0.400,CC(=O)C12CC(NC(=O)OC(C)(C)C)(C1)C2;CC(C)(C)OC(=O)N1CC(N)C1;R43;CC(C)(C)OC(=O)NC(C)(C)C(=O)O;CC12CC3(C)CC(C)(C1)CC(C(=O)O)(C2)C3;R69,2,,,
CC(C)C12CC(C(=O)NC3CN(C(=O)C(C)(C)NC(=O)OC(C)(C)C)C3)(C1)C2,CC(N(C(=O)C(C)(C)NC(=O)OC(C)(C)C)C1CN(C(=O)C23CC(N)(C2)C3)C1)C12CC(NC(=O)OC(C)(C)C)(C1)C2,0.400,CC(=O)C12CC(NC(=O)OC(C)(C)C)(C1)C2;CC(C)(C)OC(=O)N1CC(N)C1;R43;CC(C)(C)OC(=O)NC(C)(C)C(=O)O;NC12CC(C(=O)O)(C1)C2;R69,2,,,
CC(C)C12CC(C(=O)NC3CN(C(=O)C(C)(C)NC(=O)OC(C)(C)C)C3)(C1)C2,CC(N(C(=O)C(C)(C)NC(=O)OC(C)(C)C)C1CN(C(=O)C2(C(C)C)CC2)C1)C12CC(NC(=O)OC(C)(C)C)(C1)C2,0.400,CC(=O)C12CC(NC(=O)OC(C)(C)C)(C1)C2;CC(C)(C)OC(=O)N1CC(N)C1;R43;CC(C)(C)OC(=O)NC(C)(C)C(=O)O;CC(C)C1(C(=O)O)CC1;R69,2,,,
CC(C)C12CC(C(=O)NC3CN(C(=O)C(C)(C)NC(=O)OC(C)(C)C)C3)(C1)C2,CC(C)(C)OC(=O)NC1CN(C(=O)C23CCCC(NC(=O)OC(C)(C)C)(CC2)C3)C1,0.397,CC(C)(C)OC(=O)NC12CCCC(C(=O)O)(CC1)C2;CC(C)(C)OC(=O)NC1CNC1;R8,1,,,
CC(C)C12CC(C(=O)NC3CN(C(=O)C(C)(C)NC(=O)OC(C)(C)C)C3)(C1)C2,CC(N(C(=O)C(C)(C)NC(=O)OC(C)(C)C)C1CN(C(=O)C23CC(C(C)(C)C)(C2)C3)C1)C12CC(NC(=O)OC(C)(C)C)(C1)C2,0.394,CC(=O)C12CC(NC(=O)OC(C)(C)C)(C1)C2;CC(C)(C)OC(=O)N1CC(N)C1;R43;CC(C)(C)OC(=O)NC(C)(C)C(=O)O;CC(C)(C)C12CC(C(=O)O)(C1)C2;R69,2,,,
CC(C)C12CC(C(=O)NC3CN(C(=O)C(C)(C)NC(=O)OC(C)(C)C)C3)(C1)C2,CC(N(C(=O)C(C)(C)NC(=O)OC(C)(C)C)C1CN(C(=O)C23CC(F)(C2)C3)C1)C12CC(NC(=O)OC(C)(C)C)(C1)C2,0.394,CC(=O)C12CC(NC(=O)OC(C)(C)C)(C1)C2;CC(C)(C)OC(=O)N1CC(N)C1;R43;CC(C)(C)OC(=O)NC(C)(C)C(=O)O;O=C(O)C12CC(F)(C1)C2;R69,2,,,
CC(C)C12CC(C(=O)NC3CN(C(=O)C(C)(C)NC(=O)OC(C)(C)C)C3)(C1)C2,CC(N(C(=O)C(C)(C)NC(=O)OC(C)(C)C)C1CN(C(=O)C23CC(Cl)(C2)C3)C1)C12CC(NC(=O)OC(C)(C)C)(C1)C2,0.394,CC(=O)C12CC(NC(=O)OC(C)(C)C)(C1)C2;CC(C)(C)OC(=O)N1CC(N)C1;R43;CC(C)(C)OC(=O)NC(C)(C)C(=O)O;O=C(O)C12CC(Cl)(C1)C2;R69,2,,,
CC(C)C12CC(C(=O)NC3CN(C(=O)C(C)(C)NC(=O)OC(C)(C)C)C3)(C1)C2,CC(N(C(=O)C(C)(C)NC(=O)OC(C)(C)C)C1CN(C(=O)C23CC(Br)(C2)C3)C1)C12CC(NC(=O)OC(C)(C)C)(C1)C2,0.394,CC(=O)C12CC(NC(=O)OC(C)(C)C)(C1)C2;CC(C)(C)OC(=O)N1CC(N)C1;R43;CC(C)(C)OC(=O)NC(C)(C)C(=O)O;O=C(O)C12CC(Br)(C1)C2;R69,2,,,
CC(C)C12CC(C(=O)NC3CN(C(=O)C(C)(C)NC(=O)OC(C)(C)C)C3)(C1)C2,CC(N(C(=O)C(C)(C)NC(=O)OC(C)(C)C)C1CN(C(=O)C23CC(I)(C2)C3)C1)C12CC(NC(=O)OC(C)(C)C)(C1)C2,0.394,CC(=O)C12CC(NC(=O)OC(C)(C)C)(C1)C2;CC(C)(C)OC(=O)N1CC(N)C1;R43;CC(C)(C)OC(=O)NC(C)(C)C(=O)O;O=C(O)C12CC(I)(C1)C2;R69,2,,,
CC(C)C12CC(C(=O)NC3CN(C(=O)C(C)(C)NC(=O)OC(C)(C)C)C3)(C1)C2,COC(=O)NC1CN(C(=O)C23CCC(NC(=O)OC(C)(C)C)(CC2)CC3)C1,0.393,CC(C)(C)OC(=O)NC12CCC(C(=O)O)(CC1)CC2;COC(=O)NC1CNC1;R8,1,,,
CC(C)C12CC(C(=O)NC3CN(C(=O)C(C)(C)NC(=O)OC(C)(C)C)C3)(C1)C2,CC(C)(C)OC(=O)N[C@H]1C[C@H](NC(=O)C23CC(NC(=O)OC(C)(C)C)(C2)C3)[C@H](NCOC(=O)C(C)(C)NC(=O)OC(C)(C)C)C1,0.391,CC(C)(C)OC(=O)NC12CC(C(=O)O)(C1)C2;CC(C)(C)OC(=O)N[C@@H]1C[C@@H](N)[C@@H](N)C1;R8;CC(C)(C)OC(=O)NC(C)(C)C(=O)OCCl;R9,2,,,
CC(C)C12CC(C(=O)NC3CN(C(=O)C(C)(C)NC(=O)OC(C)(C)C)C3)(C1)C2,CC(C)(C)OC(=O)N[C@H]1C[C@H](NCOC(=O)C(C)(C)NC(=O)OC(C)(C)C)[C@H](NC(=O)C23CC(NC(=O)OC(C)(C)C)(C2)C3)C1,0.391,CC(C)(C)OC(=O)NC12CC(C(=O)O)(C1)C2;CC(C)(C)OC(=O)N[C@@H]1C[C@@H](N)[C@@H](N)C1;R8;CC(C)(C)OC(=O)NC(C)(C)C(=O)OCCl;R9,2,,,
CC(C)C12CC(C(=O)NC3CN(C(=O)C(C)(C)NC(=O)OC(C)(C)C)C3)(C1)C2,CC(C)(C)OC(=O)NC12CC(C(=O)N[C@]3(C)C[C@H](NC(=O)OC(C)(C)C)C3)(C1)C2,0.390,CC(C)(C)OC(=O)NC12CC(C(=O)O)(C1)C2;CC(C)(C)OC(=O)N[C@H]1C[C@@](C)(N)C1;R8,1,,,
CC(C)C12CC(C(=O)NC3CN(C(=O)C(C)(C)NC(=O)OC(C)(C)C)C3)(C1)C2,CC(C)(C)OC(=O)NC12CCC(C(=O)N[C@H]3C[C@@H](NC(=O)OC(C)(C)C)C3)(C1)C2,0.390,CC(C)(C)OC(=O)NC12CCC(C(=O)O)(C1)C2;CC(C)(C)OC(=O)N[C@H]1C[C@@H](N)C1;R8,1,,,
CC(C)C12CC(C(=O)NC3CN(C(=O)C(C)(C)NC(=O)OC(C)(C)C)C3)(C1)C2,CC(C)C12CC(C(=O)OC(CCl)(C(=O)N3CC(N(C)C(=O)C(C)(C)N)C3)C34CC(NC(=O)OC(C)(C)C)(C3)C4)(C1)C2,0.390,CC(C)(C)OC(=O)NC12CC(C(=O)CCl)(C1)C2;CC(C)C12CC(C(=O)O)(C1)C2;R71;CC(C)(N)C(=O)O;CN(C(=O)OC(C)(C)C)C1CNC1;R69,2,,,
CC(C)C12CC(C(=O)NC3CN(C(=O)C(C)(C)NC(=O)OC(C)(C)C)C3)(C1)C2,CC(C)C12CC(C(=O)OC(CCl)(C(=O)N(C)C3CN(C(=O)C(C)(C)N)C3)C34CC(NC(=O)OC(C)(C)C)(C3)C4)(C1)C2,0.390,CC(C)(C)OC(=O)NC12CC(C(=O)CCl)(C1)C2;CC(C)C12CC(C(=O)O)(C1)C2;R71;CC(C)(N)C(=O)O;CN(C(=O)OC(C)(C)C)C1CNC1;R69,2,,,
CC(C)C12CC(C(=O)NC3CN(C(=O)C(C)(C)NC(=O)OC(C)(C)C)C3)(C1)C2,CC(N(C(=O)C(C)(C)NC(=O)OC(C)(C)C)C1CN(C(=O)C23CC(C(=O)O)(C2)C3)C1)C12CC(NC(=O)OC(C)(C)C)(C1)C2,0.389,CC(=O)C12CC(NC(=O)OC(C)(C)C)(C1)C2;CC(C)(C)OC(=O)N1CC(N)C1;R43;CC(C)(C)OC(=O)NC(C)(C)C(=O)O;O=C(O)C12CC(C(=O)O)(C1)C2;R69,2,,,
CC(C)C12CC(C(=O)NC3CN(C(=O)C(C)(C)NC(=O)OC(C)(C)C)C3)(C1)C2,CC(N(C(=O)C(C)(C)NC(=O)OC(C)(C)C)C1CN(C(=O)C23CC4(F)CC(F)(CC(F)(C4)C2)C3)C1)C12CC(NC(=O)OC(C)(C)C)(C1)C2,0.389,CC(=O)C12CC(NC(=O)OC(C)(C)C)(C1)C2;CC(C)(C)OC(=O)N1CC(N)C1;R43;CC(C)(C)OC(=O)NC(C)(C)C(=O)O;O=C(O)C12CC3(F)CC(F)(CC(F)(C3)C1)C2;R69,2,,,
CC(C)C12CC(C(=O)NC3CN(C(=O)C(C)(C)NC(=O)OC(C)(C)C)C3)(C1)C2,CC(C)(C)OC(=O)N[C@@H]1C[C@H](NC(=O)OC(C)(C)C)CN(C(=O)C23CCC(NC(=O)OC(C)(C)C)(CC2)C3)C1,0.387,CC(C)(C)OC(=O)NC12CCC(C(=O)O)(CC1)C2;CC(C)(C)OC(=O)N[C@@H]1CNC[C@H](NC(=O)OC(C)(C)C)C1;R8,1,,,
CC(C)C12CC(C(=O)NC3CN(C(=O)C(C)(C)NC(=O)OC(C)(C)C)C3)(C1)C2,CC(N(C(=O)C(C)(C)NC(=O)OC(C)(C)C)C1CN(C(=O)C23CC(C(N)C(=O)O)(C2)C3)C1)C12CC(NC(=O)OC(C)(C)C)(C1)C2,0.387,CC(=O)C12CC(NC(=O)OC(C)(C)C)(C1)C2;CC(C)(C)OC(=O)N1CC(N)C1;R43;CC(C)(C)OC(=O)NC(C)(C)C(=O)O;NC(C(=O)O)C12CC(C(=O)O)(C1)C2;R69,2,,,
CC(C)C12CC(C(=O)NC3CN(C(=O)C(C)(C)NC(=O)OC(C)(C)C)C3)(C1)C2,CC(N(C(=O)C(C)(C)NC(=O)OC(C)(C)C)C1CN(C(=O)C(N)C23CC(C(=O)O)(C2)C3)C1)C12CC(NC(=O)OC(C)(C)C)(C1)C2,0.387,CC(=O)C12CC(NC(=O)OC(C)(C)C)(C1)C2;CC(C)(C)OC(=O)N1CC(N)C1;R43;CC(C)(C)OC(=O)NC(C)(C)C(=O)O;NC(C(=O)O)C12CC(C(=O)O)(C1)C2;R69,2,,,
CC(C)C12CC(C(=O)NC3CN(C(=O)C(C)(C)NC(=O)OC(C)(C)C)C3)(C1)C2,CC(C)(C)OC(=O)N[C@H]1C[C@@H]1NC(=O)C12CC(NC(=O)OC(C)(C)C)(C1)C2,0.386,CC(C)(C)OC(=O)NC12CC(C(=O)O)(C1)C2;CC(C)(C)OC(=O)N[C@H]1C[C@@H]1N;R8,1,,,
CC(C)C12CC(C(=O)NC3CN(C(=O)C(C)(C)NC(=O)OC(C)(C)C)C3)(C1)C2,CCC12CC(C(=O)N3CC(N(C(=O)C(C)(C)NC(=O)OC(C)(C)C)C(C)C45CC(NC(=O)OC(C)(C)C)(C4)C5)C3)(C1)C2,0.384,CC(=O)C12CC(NC(=O)OC(C)(C)C)(C1)C2;CC(C)(C)OC(=O)N1CC(N)C1;R43;CC(C)(C)OC(=O)NC(C)(C)C(=O)O;CCC12CC(C(=O)O)(C1)C2;R69,2,,,
CC(C)C12CC(C(=O)NC3CN(C(=O)C(C)(C)NC(=O)OC(C)(C)C)C3)(C1)C2,CC(N(C(=O)C(C)(C)NC(=O)OC(C)(C)C)C1CN(C(=O)C23CCC(C(=O)O)(CC2)CC3)C1)C12CC(NC(=O)OC(C)(C)C)(C1)C2,0.384,CC(=O)C12CC(NC(=O)OC(C)(C)C)(C1)C2;CC(C)(C)OC(=O)N1CC(N)C1;R43;CC(C)(C)OC(=O)NC(C)(C)C(=O)O;O=C(O)C12CCC(C(=O)O)(CC1)CC2;R69,2,,,
CC(C)C12CC(C(=O)NC3CN(C(=O)C(C)(C)NC(=O)OC(C)(C)C)C3)(C1)C2,[2H]C([2H])([2H])C12CC(C(=O)N3CC(N(C(=O)C(C)(C)NC(=O)OC(C)(C)C)C(C)C45CC(NC(=O)OC(C)(C)C)(C4)C5)C3)(C1)C2,0.384,CC(=O)C12CC(NC(=O)OC(C)(C)C)(C1)C2;CC(C)(C)OC(=O)N1CC(N)C1;R43;CC(C)(C)OC(=O)NC(C)(C)C(=O)O;[2H]C([2H])([2H])C12CC(C(=O)O)(C1)C2;R69,2,,,
CC(C)C12CC(C(=O)NC3CN(C(=O)C(C)(C)NC(=O)OC(C)(C)C)C3)(C1)C2,COC(=O)C12CC(C(=O)N3CC(N(C(=O)C(C)(C)NC(=O)OC(C)(C)C)C(C)C45CC(NC(=O)OC(C)(C)C)(C4)C5)C3)(C1)C2,0.384,CC(=O)C12CC(NC(=O)OC(C)(C)C)(C1)C2;CC(C)(C)OC(=O)N1CC(N)C1;R43;CC(C)(C)OC(=O)NC(C)(C)C(=O)O;COC(=O)C12CC(C(=O)O)(C1)C2;R69,2,,,
CC(C)C12CC(C(=O)NC3CN(C(=O)C(C)(C)NC(=O)OC(C)(C)C)C3)(C1)C2,CC(C)(C)OC(=O)NC1C(C)(C)C(NC(=O)C23CC(NC(=O)OC(C)(C)C)(C2)C3)C1(C)C,0.379,CC(C)(C)OC(=O)NC12CC(C(=O)O)(C1)C2;CC(C)(C)OC(=O)NC1C(C)(C)C(N)C1(C)C;R8,1,,,
CC(C)c1cccc(C(=O)N[C@@H]2CCC[C@@]2(C)CNC(=O)c2cc[nH]c(=O)c2)n1,CC(C)c1cccc(C(=O)NC2CCCC2(C)COC(=O)c2cc[nH]c(=O)c2)n1,0.768,O=C(O)c1cc[nH]c(=O)c1;CC1(CO)CCCC1N;R72;CC(C)c1cccc(C(=O)O)n1;R8,2,0.750,0.919,0.717
CC(C)c1cccc(C(=O)N[C@@H]2CCC[C@@]2(C)CNC(=O)c2cc[nH]c(=O)c2)n1,CC(C)c1cccc(C(=O)OC2CCCC2(C)CNC(=O)c2cc[nH]c(=O)c2)n1,0.754,O=C(O)c1cc[nH]c(=O)c1;CC1(CN)CCCC1O;R8;CC(C)c1cccc(C(=O)O)n1;R72,2,0.710,0.937,0.561
CC(C)c1cccc(C(=O)N[C@@H]2CCC[C@@]2(C)CNC(=O)c2cc[nH]c(=O)c2)n1,CC(C)c1cccc(C(=O)OCC2(C)CCCC2NC(=O)c2cc[nH]c(=O)c2)n1,0.743,COC(=O)c1cc[nH]c(=O)c1;CC1(CO)CCCC1N;R49;CC(C)c1cccc(C(=O)O)n1;R72,2,0.721,0.762,0.623
CC(C)c1cccc(C(=O)N[C@@H]2CCC[C@@]2(C)CNC(=O)c2cc[nH]c(=O)c2)n1,CC(C)c1cccc(C(=O)NCC2(C)CCCC2OC(=O)c2cc[nH]c(=O)c2)n1,0.729,O=C(O)c1cc[nH]c(=O)c1;CC1(CN)CCCC1O;R72;CC(C)c1cccc(C(=O)O)n1;R8,2,0.683,0.773,0.648
CC(C)c1cccc(C(=O)N[C@@H]2CCC[C@@]2(C)CNC(=O)c2cc[nH]c(=O)c2)n1,CCNC(=O)C1(C)CCCC1NC(=O)c1cc[nH]c(=O)c1.CNC(=O)c1cccc(C(C)C)n1,0.703,O=C(O)c1cc[nH]c(=O)c1;CC1(C(=O)O)CCCC1N;R8;CC(C)c1cccc(C(=O)O)n1;CN1CC2(CCCNC2)OC1=O;R69,2,0.484,0.435,0.857
CC(C)c1cccc(C(=O)N[C@@H]2CCC[C@@]2(C)CNC(=O)c2cc[nH]c(=O)c2)n1,CCNC(=O)c1cccc(C(C)C)n1.CNC(=O)C1(C)CCCC1NC(=O)c1cc[nH]c(=O)c1,0.703,O=C(O)c1cc[nH]c(=O)c1;CC1(C(=O)O)CCCC1N;R8;CC(C)c1cccc(C(=O)O)n1;CN1CC2(CCCNC2)OC1=O;R69,2,0.484,0.435,0.892
CC(C)c1cccc(C(=O)N[C@@H]2CCC[C@@]2(C)CNC(=O)c2cc[nH]c(=O)c2)n1,CC(C)c1cccc(C(=O)NC2CCC2(C)COC(=O)c2cc[nH]c(=O)c2)n1,0.690,O=c1cc(CO)cc[nH]1;CC(C)c1cccc(C(=O)O)n1;CC1(CO)CCC1N;R8;O=C(O)c1cc[nH]c(=O)c1;R72,2,0.661,0.751,0.669
CC(C)c1cccc(C(=O)N[C@@H]2CCC[C@@]2(C)CNC(=O)c2cc[nH]c(=O)c2)n1,CC(C)c1cccc(C(=O)OC2(C)CCCC2NC(=O)c2cc[nH]c(=O)c2)n1,0.676,O=c1cc(CO)cc[nH]1;CC(C)c1cccc(C(=O)O)n1;CC1(O)CCCC1N;R72;COC(=O)c1cc[nH]c(=O)c1;R49,2,0.635,0.379,0.552
CC(C)c1cccc(C(=O)N[C@@H]2CCC[C@@]2(C)CNC(=O)c2cc[nH]c(=O)c2)n1,CC(C)c1cccc(C(=O)N[C@@H]2CCCC[C@@]2(C)OC(=O)c2cc[nH]c(=O)c2)n1,0.667,O=C(O)c1cc[nH]c(=O)c1;C[C@@]1(O)CCCC[C@H]1N;R72;CC(C)c1cccc(C(=O)O)n1;R8,2,0.635,0.452,0.619
CC(C)c1cccc(C(=O)N[C@@H]2CCC[C@@]2(C)CNC(=O)c2cc[nH]c(=O)c2)n1,CC(C)c1cccc(C(=O)N[C@@H]2CC[C@@]2(C)OC(=O)c2cc[nH]c(=O)c2)n1,0.648,O=c1cc(CO)cc[nH]1;CC(C)c1cccc(C(=O)O)n1;C[C@@]1(O)CC[C@H]1N;R8;O=C(O)c1cc[nH]c(=O)c1;R72,2,0.603,0.308,0.610
CC(C)c1cccc(C(=O)N[C@@H]2CCC[C@@]2(C)CNC(=O)c2cc[nH]c(=O)c2)n1,CC(C)c1cccc(C(=O)O[C@]2(C)CCCC[C@H]2NC(=O)c2cc[nH]c(=O)c2)n1,0.644,O=c1cc(CO)cc[nH]1;CC(C)c1cccc(C(=O)O)n1;C[C@@]1(O)CCCC[C@H]1N;R72;O=C(O)c1cc[nH]c(=O)c1;R8,2,,,
CC(C)c1cccc(C(=O)N[C@@H]2CCC[C@@]2(C)CNC(=O)c2cc[nH]c(=O)c2)n1,CC(C)c1cccc(C(=O)NC2CCCC2(C)CO)n1,0.631,O=C(O)c1ccc2c(=O)cc[nH]c2c1;CC(C)c1cccc(C(=O)O)n1;CC1(CO)CCCC1N;R8,1,,,
CC(C)c1cccc(C(=O)N[C@@H]2CCC[C@@]2(C)CNC(=O)c2cc[nH]c(=O)c2)n1,CC(C)c1cccc(C(=O)O[C@]2(C)CC[C@H]2NC(=O)c2cc[nH]c(=O)c2)n1,0.625,O=C(O)c1cc[nH]c(=O)c1;C[C@@]1(O)CC[C@H]1N;R8;CC(C)c1cccc(C(=O)O)n1;R72,2,,,
CC(C)c1cccc(C(=O)N[C@@H]2CCC[C@@]2(C)CNC(=O)c2cc[nH]c(=O)c2)n1,CC(C)c1cccc(C(=O)N[C@H]2CCC[C@]2(C)CN(C)C)n1,0.621,O=c1cc(CO)cc[nH]1;CC(C)c1cccc(C(=O)O)n1;CN(C)C[C@@]1(C)CCC[C@@H]1N;R8,1,,,
CC(C)c1cccc(C(=O)N[C@@H]2CCC[C@@]2(C)CNC(=O)c2cc[nH]c(=O)c2)n1,CC(C)c1cccc(C(=O)NCC2(C)CCCC2C)n1,0.591,O=c1cc(CO)cc[nH]1;CC(C)c1cccc(C(=O)O)n1;CC1CCCC1(C)CN;R8,1,,,
CC(C)c1cccc(C(=O)N[C@@H]2CCC[C@@]2(C)CNC(=O)c2cc[nH]c(=O)c2)n1,CN(C)C[C@@]1(C)CCC[C@@H]1NC(=O)c1cc[nH]c(=O)c1,0.582,O=C(O)c1cc[nH]c(=O)c1;CN(C)C[C@@]1(C)CCC[C@@H]1N;R8,1,,,
CC(C)c1cccc(C(=O)N[C@@H]2CCC[C@@]2(C)CNC(=O)c2cc[nH]c(=O)c2)n1,CC(C)c1cccc(C(=O)NC2CCCC2(C)C)n1,0.578,O=c1cc(CO)cc[nH]1;CC(C)c1cccc(C(=O)O)n1;CC1(C)CCCC1N;R8,1,,,
CC(C)c1cccc(C(=O)N[C@@H]2CCC[C@@]2(C)CNC(=O)c2cc[nH]c(=O)c2)n1,CC1(CO)CCCC1NC(=O)c1cc[nH]c(=O)c1,0.576,O=c1cc(CO)cc[nH]1;CC(C)c1cccc(C(=O)O)n1;CC1(CO)CCC1N;R72;CC1(CN)CC1;R66;CC(=O)c1ccoc1;R71;O=C(O)c1cc[nH]c(=O)c1;CC1(CO)CCCC1N;R8,4,,,
CC(C)c1cccc(C(=O)N[C@@H]2CCC[C@@]2(C)CNC(=O)c2cc[nH]c(=O)c2)n1,CC(C)c1cccc(C(=O)NC2CCCC23CCCC3)n1,0.554,O=c1cc(CO)cc[nH]1;CC(C)c1cccc(C(=O)O)n1;NC1CCCC12CCCC2;R8,1,,,
CC(C)c1cccc(C(=O)N[C@@H]2CCC[C@@]2(C)CNC(=O)c2cc[nH]c(=O)c2)n1,CC(C)c1cccc(C(=O)NC2CCCC23CCC3)n1,0.554,O=c1cc(CO)cc[nH]1;CC(C)c1cccc(C(=O)O)n1;NC1CCCC12CCC2;R8,1,,,
CC(C)c1cccc(C(=O)N[C@@H]2CCC[C@@]2(C)CNC(=O)c2cc[nH]c(=O)c2)n1,CC(C)c1cccc(C(=O)NC2CCCC23CC3)n1,0.554,O=c1cc(CO)cc[nH]1;CC(C)c1cccc(C(=O)O)n1;NC1CCCC12CC2;R8,1,,,
CC(C)c1cccc(C(=O)N[C@@H]2CCC[C@@]2(C)CNC(=O)c2cc[nH]c(=O)c2)n1,CC(C)c1cccc(C(=O)N[C@H]2CCC[C@]2(C)N(C)C)n1,0.552,O=c1cc(CO)cc[nH]1;CC(C)c1cccc(C(=O)O)n1;CN(C)[C@@]1(C)CCC[C@@H]1N;R8,1,,,
CC(C)c1cccc(C(=O)N[C@@H]2CCC[C@@]2(C)CNC(=O)c2cc[nH]c(=O)c2)n1,CC(C)c1cccc(C(=O)NC2CCCC23CCCCC3)n1,0.545,O=c1cc(CO)cc[nH]1;CC(C)c1cccc(C(=O)O)n1;NC1CCCC12CCCCC2;R8,1,,,
CC(C)c1cccc(C(=O)N[C@@H]2CCC[C@@]2(C)CNC(=O)c2cc[nH]c(=O)c2)n1,CC(C)c1cccc(C(=O)NC2CCCCC2(C)C)n1,0.545,O=c1cc(CO)cc[nH]1;CC(C)c1cccc(C(=O)O)n1;CC1(C)CCCCC1N;R8,1,,,
CC(C)c1cccc(C(=O)N[C@@H]2CCC[C@@]2(C)CNC(=O)c2cc[nH]c(=O)c2)n1,CC(C)c1cccc(C(=O)NC2CCCC2(F)F)n1,0.545,O=c1cc(CO)cc[nH]1;CC(C)c1cccc(C(=O)O)n1;NC1CCCC1(F)F;R8,1,,,
CC(C)c1cccc(C(=O)N[C@@H]2CCC[C@@]2(C)CNC(=O)c2cc[nH]c(=O)c2)n1,CC(C)c1cccc(C(=O)NC2CCCCCC2(C)C)n1,0.537,O=c1cc(CO)cc[nH]1;CC(C)c1cccc(C(=O)O)n1;CC1(C)CCCCCC1N;R8,1,,,
CC(C)c1cccc(C(=O)N[C@@H]2CCC[C@@]2(C)CNC(=O)c2cc[nH]c(=O)c2)n1,CC(C)c1cccc(C(=O)NC2CCCCC23CCCC3)n1,0.530,O=c1cc(CO)cc[nH]1;CC(C)c1cccc(C(=O)O)n1;NC1CCCCC12CCCC2;R8,1,,,
CC(C)c1cccc(C(=O)N[C@@H]2CCC[C@@]2(C)CNC(=O)c2cc[nH]c(=O)c2)n1,CC1(O)CCCC1NC(=O)c1cc[nH]c(=O)c1,0.530,O=c1cc(CO)cc[nH]1;CC(C)c1cccc(C(=O)O)n1;CC1(CO)CCC1N;R72;CC1(CN)CC1;R66;CC(=O)c1ccoc1;R71;O=C(O)c1cc[nH]c(=O)c1;CC1(O)CCCC1N;R8,4,,,
CC(C)c1cccc(C(=O)N[C@@H]2CCC[C@@]2(C)CNC(=O)c2cc[nH]c(=O)c2)n1,CC(C)c1cccc(C(=O)NC2CCC2(C)C)n1,0.523,O=c1cc(CO)cc[nH]1;CC(C)c1cccc(C(=O)O)n1;CC1(C)CCC1N;R8,1,,,
CC(C)c1cccc(C(=O)N[C@@H]2CCC[C@@]2(C)CNC(=O)c2cc[nH]c(=O)c2)n1,CC1(C)CCCC1NC(=O)c1cc[nH]c(=O)c1,0.523,O=c1cc(CO)cc[nH]1;CC(C)c1cccc(C(=O)O)n1;CC1(CO)CCC1N;R72;CC1(CN)CC1;R66;CC(=O)c1ccoc1;R71;O=C(O)c1cc[nH]c(=O)c1;CC1(C)CCCC1N;R8,4,,,
CC(C)c1cccc(C(=O)N[C@@H]2CCC[C@@]2(C)CNC(=O)c2cc[nH]c(=O)c2)n1,CN(C)[C@@]1(C)CCC[C@@H]1NC(=O)c1cc[nH]c(=O)c1,0.500,O=c1cc(CO)cc[nH]1;CC(C)c1cccc(C(=O)O)n1;CC1(CO)CCC1N;R72;CC1(CN)CC1;R66;CC(=O)c1ccoc1;R71;O=C(O)c1cc[nH]c(=O)c1;CN(C)[C@@]1(C)CCC[C@@H]1N;R8,4,,,
CC(C)c1cccc(C(=O)N[C@@H]2CCC[C@@]2(C)CNC(=O)c2cc[nH]c(=O)c2)n1,CC(C)c1cccc(C(=O)Nc2cc(C(=O)O)ccc2NC(=O)c2cc[nH]c(=O)c2)n1,0.493,O=C(O)c1ccc(O)c(O)c1;CC1(CO)CCCC1N;R8;CC(C)c1cccc(C(=O)O)n1;Nc1ccc(C(=O)O)cc1N;R8;O=C(O)c1cc[nH]c(=O)c1;R8,3,,,
CC(C)c1cccc(C(=O)N[C@@H]2CCC[C@@]2(C)CNC(=O)c2cc[nH]c(=O)c2)n1,CC(C)c1cccc(C(=O)Nc2ccc(C(=O)O)cc2NC(=O)c2cc[nH]c(=O)c2)n1,0.493,O=C(O)c1ccc(O)c(O)c1;CC1(CO)CCCC1N;R8;CC(C)c1cccc(C(=O)O)n1;Nc1ccc(C(=O)O)cc1N;R8;O=C(O)c1cc[nH]c(=O)c1;R8,3,,,
CC(C)c1cccc(C(=O)N[C@@H]2CCC[C@@]2(C)CNC(=O)c2cc[nH]c(=O)c2)n1,CC(C)c1cccc(C(=O)Nc2cc[nH]c(=O)c2)n1,0.493,Nc1cc[nH]c(=O)c1;CC(C)c1cccc(C(=O)O)n1;R8,1,,,
CC(C)c1cccc(C(=O)N[C@@H]2CCC[C@@]2(C)CNC(=O)c2cc[nH]c(=O)c2)n1,CC1(C)CCCCC1NC(=O)c1cc[nH]c(=O)c1,0.493,O=c1cc(CO)cc[nH]1;CC(C)c1cccc(C(=O)O)n1;CC1(CO)CCC1N;R72;CC1(CN)CC1;R66;CC(=O)c1ccoc1;R71;O=C(O)c1cc[nH]c(=O)c1;CC1(C)CCCCC1N;R8,4,,,
CC(C)c1cccc(C(=O)N[C@@H]2CCC[C@@]2(C)CNC(=O)c2cc[nH]c(=O)c2)n1,CC(C)c1cccc(C(=O)NCC2(C)CC2)n1,0.492,O=c1cc(CO)cc[nH]1;CC(C)c1cccc(C(=O)O)n1;CC1(CN)CC1;R8,1,,,
CC(C)c1cccc(C(=O)N[C@@H]2CCC[C@@]2(C)CNC(=O)c2cc[nH]c(=O)c2)n1,CC1(CNC(=O)c2cc[nH]c(=O)c2)CCC1,0.492,O=C(O)c1ccc(O)c(O)c1;CC1(CO)CCCC1N;R8;CC(C)c1cccc(C(=O)O)n1;Nc1ccc(C(=O)O)cc1N;R19;O=C(O)c1cc[nH]c(=O)c1;CC1(CN)CCC1;R8,3,,,
CC(C)c1cccc(C(=O)N[C@@H]2CCC[C@@]2(C)CNC(=O)c2cc[nH]c(=O)c2)n1,CC1(CNC(=O)c2cc[nH]c(=O)c2)CCCC1,0.492,O=C(O)c1ccc(O)c(O)c1;CC1(CO)CCCC1N;R8;CC(C)c1cccc(C(=O)O)n1;Nc1ccc(C(=O)O)cc1N;R19;O=C(O)c1cc[nH]c(=O)c1;CC1(CN)CCCC1;R8,3,,,
CC(C)c1cccc(C(=O)N[C@@H]2CCC[C@@]2(C)CNC(=O)c2cc[nH]c(=O)c2)n1,CC1(C)CCCCCC1NC(=O)c1cc[nH]c(=O)c1,0.485,O=c1cc(CO)cc[nH]1;CC(C)c1cccc(C(=O)O)n1;CC1(CO)CCC1N;R72;CC1(CN)CC1;R66;CC(=O)c1ccoc1;R71;O=C(O)c1cc[nH]c(=O)c1;CC1(C)CCCCCC1N;R8,4,,,
CC(C)c1cccc(C(=O)N[C@@H]2CCC[C@@]2(C)CNC(=O)c2cc[nH]c(=O)c2)n1,CC1(CNC(=O)c2cc[nH]c(=O)c2)CCCCCC1,0.485,O=C(O)c1ccc(O)c(O)c1;CC1(CO)CCCC1N;R8;CC(C)c1cccc(C(=O)O)n1;Nc1ccc(C(=O)O)cc1N;R19;O=C(O)c1cc[nH]c(=O)c1;CC1(CN)CCCCCC1;R8,3,,,
CC(C)c1cccc(C(=O)N[C@@H]2CCC[C@@]2(C)CNC(=O)c2cc[nH]c(=O)c2)n1,CC1(CNC(=O)c2cc[nH]c(=O)c2)CCCCCCC1,0.485,O=C(O)c1ccc(O)c(O)c1;CC1(CO)CCCC1N;R8;CC(C)c1cccc(C(=O)O)n1;Nc1ccc(C(=O)O)cc1N;R19;O=C(O)c1cc[nH]c(=O)c1;CC1(CN)CCCCCCC1;R8,3,,,
CC(C)c1cccc(C(=O)N[C@@H]2CCC[C@@]2(C)CNC(=O)c2cc[nH]c(=O)c2)n1,CC1(CNC(=O)c2cc[nH]c(=O)c2)CCCCC1,0.485,O=C(O)c1ccc(O)c(O)c1;CC1(CO)CCCC1N;R8;CC(C)c1cccc(C(=O)O)n1;Nc1ccc(C(=O)O)cc1N;R19;O=C(O)c1cc[nH]c(=O)c1;CC1(CN)CCCCC1;R8,3,,,
CC(C)c1cccc(C(=O)N[C@@H]2CCC[C@@]2(C)CNC(=O)c2cc[nH]c(=O)c2)n1,O=C(NC1CCCC12CCCC2)c1cc[nH]c(=O)c1,0.485,O=c1cc(CO)cc[nH]1;CC(C)c1cccc(C(=O)O)n1;CC1(CO)CCC1N;R72;CC1(CN)CC1;R66;CC(=O)c1ccoc1;R71;O=C(O)c1cc[nH]c(=O)c1;NC1CCCC12CCCC2;R8,4,,,
CC(C)c1cccc(C(=O)N[C@@H]2CCC[C@@]2(C)CNC(=O)c2cc[nH]c(=O)c2)n1,O=C(NC1CCCC12CCC2)c1cc[nH]c(=O)c1,0.485,O=c1cc(CO)cc[nH]1;CC(C)c1cccc(C(=O)O)n1;CC1(CO)CCC1N;R72;CC1(CN)CC1;R66;CC(=O)c1ccoc1;R71;O=C(O)c1cc[nH]c(=O)c1;NC1CCCC12CCC2;R8,4,,,
CC(C)c1cccc(C(=O)N[C@@H]2CCC[C@@]2(C)CNC(=O)c2cc[nH]c(=O)c2)n1,O=C(NC1CCCC12CC2)c1cc[nH]c(=O)c1,0.485,O=c1cc(CO)cc[nH]1;CC(C)c1cccc(C(=O)O)n1;CC1(CO)CCC1N;R72;CC1(CN)CC1;R66;CC(=O)c1ccoc1;R71;O=C(O)c1cc[nH]c(=O)c1;NC1CCCC12CC2;R8,4,,,
CC(C)c1cccc(C(=O)N[C@@H]2CCC[C@@]2(C)CNC(=O)c2cc[nH]c(=O)c2)n1,O=C(NC1CCCC12CCCCC2)c1cc[nH]c(=O)c1,0.478,O=c1cc(CO)cc[nH]1;CC(C)c1cccc(C(=O)O)n1;CC1(CO)CCC1N;R72;CC1(CN)CC1;R66;CC(=O)c1ccoc1;R71;O=C(O)c1cc[nH]c(=O)c1;NC1CCCC12CCCCC2;R8,4,,,
CC(C)c1cccc(C(=O)N[C@@H]2CCC[C@@]2(C)CNC(=O)c2cc[nH]c(=O)c2)n1,CC1(C)CCC1NC(=O)c1cc[nH]c(=O)c1,0.470,O=c1cc(CO)cc[nH]1;CC(C)c1cccc(C(=O)O)n1;CC1(CO)CCC1N;R72;CC1(CN)CC1;R66;CC(=O)c1ccoc1;R71;O=C(O)c1cc[nH]c(=O)c1;CC1(C)CCC1N;R8,4,,,
CC(C)c1cccc(C(=O)N[C@@H]2CCC[C@@]2(C)CNC(=O)c2cc[nH]c(=O)c2)n1,CC1(CNC(=O)c2cc[nH]c(=O)c2)CC2(CCC2)C1,0.464,O=C(O)c1ccc(O)c(O)c1;CC1(CO)CCCC1N;R8;CC(C)c1cccc(C(=O)O)n1;Nc1ccc(C(=O)O)cc1N;R19;O=C(O)c1cc[nH]c(=O)c1;CC1(CN)CC2(CCC2)C1;R8,3,,,
CC(C)c1cccc(C(=O)N[C@@H]2CCC[C@@]2(C)CNC(=O)c2cc[nH]c(=O)c2)n1,CC1(C)CCCC(C)(CNC(=O)c2cc[nH]c(=O)c2)C1,0.457,O=C(O)c1ccc(O)c(O)c1;CC1(CO)CCCC1N;R8;CC(C)c1cccc(C(=O)O)n1;Nc1ccc(C(=O)O)cc1N;R19;O=C(O)c1cc[nH]c(=O)c1;CC1(C)CCCC(C)(CN)C1;R8,3,,,
CC(C)c1cccc(C(=O)N[C@@H]2CCC[C@@]2(C)CNC(=O)c2cc[nH]c(=O)c2)n1,CCC1(CNC(=O)c2cc[nH]c(=O)c2)CCC1,0.456,O=C(O)c1ccc(O)c(O)c1;CC1(CO)CCCC1N;R8;CC(C)c1cccc(C(=O)O)n1;Nc1ccc(C(=O)O)cc1N;R19;O=C(O)c1cc[nH]c(=O)c1;CCC1(CN)CCC1;R8,3,,,
CC(C)c1cccc(C(=O)N[C@@H]2CCC[C@@]2(C)CNC(=O)c2cc[nH]c(=O)c2)n1,CC(C)c1cccc(C(=O)NC2(C)CC2)n1,0.446,O=c1cc(CO)cc[nH]1;CC(C)c1cccc(C(=O)O)n1;CC1(N)CC1;R8,1,,,
CC(C)c1cccc(C(=O)N[C@@H]2CCC[C@@]2(C)CNC(=O)c2cc[nH]c(=O)c2)n1,CC1(C)C[C@@H]1NC(=O)c1cc[nH]c(=O)c1,0.446,O=c1cc(CO)cc[nH]1;CC(C)c1cccc(C(=O)O)n1;CC1(CO)CCC1N;R72;CC1(CN)CC1;R66;CC(=O)c1ccoc1;R71;O=C(O)c1cc[nH]c(=O)c1;CC1(C)C[C@@H]1N;R8,4,,,
CC(C)c1cccc(C(=O)N[C@@H]2CCC[C@@]2(C)CNC(=O)c2cc[nH]c(=O)c2)n1,CC1(C)CCCC(NC(=O)c2cc[nH]c(=O)c2)C1,0.443,O=c1cc(CO)cc[nH]1;CC(C)c1cccc(C(=O)O)n1;CC1(CO)CCC1N;R72;CC1(CN)CC1;R66;CC(=O)c1ccoc1;R71;O=C(O)c1cc[nH]c(=O)c1;CC1(C)CCCC(N)C1;R8,4,,,
CC(C)c1cccc(C(=O)N[C@@H]2CCC[C@@]2(C)CNC(=O)c2cc[nH]c(=O)c2)n1,CC1(C)CCCC(NC(=O)c2cc[nH]c(=O)c2)CC1,0.443,O=c1cc(CO)cc[nH]1;CC(C)c1cccc(C(=O)O)n1;CC1(CO)CCC1N;R72;CC1(CN)CC1;R66;CC(=O)c1ccoc1;R71;O=C(O)c1cc[nH]c(=O)c1;CC1(C)CCCC(N)CC1;R8,4,,,
CC(C)c1cccc(C(=O)N[C@@H]2CCC[C@@]2(C)CNC(=O)c2cc[nH]c(=O)c2)n1,CN(C)C[C@@]1(C)CCC[C@@H]1NC(=O)c1ccc2c(=O)[nH]ccc2c1,0.436,O=C(O)c1ccc2c(=O)[nH]ccc2c1;CN(C)C[C@@]1(C)CCC[C@@H]1N;R8,1,,,
CC(C)c1cccc(C(=O)N[C@@H]2CCC[C@@]2(C)CNC(=O)c2cc[nH]c(=O)c2)n1,NCC1(CNC(=O)c2cc[nH]c(=O)c2)CCC1,0.435,O=C(O)c1ccc(O)c(O)c1;CC1(CO)CCCC1N;R8;CC(C)c1cccc(C(=O)O)n1;Nc1ccc(C(=O)O)cc1N;R19;O=C(O)c1cc[nH]c(=O)c1;NCC1(CN)CCC1;R8,3,,,
CC(C)c1cccc(C(=O)N[C@@H]2CCC[C@@]2(C)CNC(=O)c2cc[nH]c(=O)c2)n1,CN(C)C[C@@]1(C)CCC[C@@H]1NC(=O)c1ccc2[nH]ccc2c1,0.434,O=C(O)c1ccc2[nH]ccc2c1;CN(C)C[C@@]1(C)CCC[C@@H]1N;R8,1,,,
CC(C)c1cccc(C(=O)N[C@@H]2CCC[C@@]2(C)CNC(=O)c2cc[nH]c(=O)c2)n1,CC(C)c1cccc(C(=O)OCc2cc[nH]c(=O)c2)n1,0.431,O=C(O)c1cc(C(=O)O)cc(C(=O)O)c1;CC(C)(C)OC(=O)N[C@@H]1CCC[C@@]1(C)CN;R8;CC(C)c1cccc(C(=O)O)n1;O=c1cc(CO)cc[nH]1;R72,2,,,
CC(C)c1cccc(C(=O)N[C@@H]2CCC[C@@]2(C)CNC(=O)c2cc[nH]c(=O)c2)n1,CC1(C)CCCC(C)(C)C1NC(=O)c1cc[nH]c(=O)c1,0.426,O=c1cc(CO)cc[nH]1;CC(C)c1cccc(C(=O)O)n1;CC1(CO)CCC1N;R72;CC1(CN)CC1;R66;CC(=O)c1ccoc1;R71;O=C(O)c1cc[nH]c(=O)c1;CC1(C)CCCC(C)(C)C1N;R8,4,,,
CC(C)c1cccc(C(=O)N[C@@H]2CCC[C@@]2(C)CNC(=O)c2cc[nH]c(=O)c2)n1,CC1(C)CCC(NC(=O)c2cc[nH]c(=O)c2)CC1,0.426,O=c1cc(CO)cc[nH]1;CC(C)c1cccc(C(=O)O)n1;CC1(CO)CCC1N;R72;CC1(CN)CC1;R66;CC(=O)c1ccoc1;R71;O=C(O)c1cc[nH]c(=O)c1;CC1(C)CCC(N)CC1;R8,4,,,
CC(C)c1cccc(C(=O)N[C@@H]2CCC[C@@]2(C)CNC(=O)c2cc[nH]c(=O)c2)n1,CC1(NC(=O)c2cc[nH]c(=O)c2)CCC1,0.424,O=c1cc(CO)cc[nH]1;CC(C)c1cccc(C(=O)O)n1;CC1(CO)CCC1N;R72;CC1(CN)CC1;R66;CC(=O)c1ccoc1;R71;O=C(O)c1cc[nH]c(=O)c1;CC1(N)CCC1;R8,4,,,
CC(C)c1cccc(C(=O)N[C@@H]2CCC[C@@]2(C)CNC(=O)c2cc[nH]c(=O)c2)n1,CC1(C)CCC(C)(C)C1NC(=O)c1cc[nH]c(=O)c1,0.418,O=c1cc(CO)cc[nH]1;CC(C)c1cccc(C(=O)O)n1;CC1(CO)CCC1N;R72;CC1(CN)CC1;R66;CC(=O)c1ccoc1;R71;O=C(O)c1cc[nH]c(=O)c1;CC1(C)CCC(C)(C)C1N;R8,4,,,
CC(C)c1cccc(C(=O)N[C@@H]2CCC[C@@]2(C)CNC(=O)c2cc[nH]c(=O)c2)n1,CC1(NC(=O)c2cc[nH]c(=O)c2)CC1,0.415,O=c1cc(CO)cc[nH]1;CC(C)c1cccc(C(=O)O)n1;CC1(CO)CCC1N;R72;CC1(CN)CC1;R66;CC(=O)c1ccoc1;R71;O=C(O)c1cc[nH]c(=O)c1;CC1(N)CC1;R8,4,,,
CC(C)c1cccc(C(=O)N[C@@H]2CCC[C@@]2(C)CNC(=O)c2cc[nH]c(=O)c2)n1,CN(C)C[C@@]1(C)CCC[C@@H]1NC(=O)c1cc[nH]c1,0.411,O=C(O)c1cc[nH]c1;CN(C)C[C@@]1(C)CCC[C@@H]1N;R8,1,,,
CC(C)c1cccc(C(=O)N[C@@H]2CCC[C@@]2(C)CNC(=O)c2cc[nH]c(=O)c2)n1,CC1(C)C(NC(=O)c2cc[nH]c(=O)c2)C1(C)C,0.394,O=c1cc(CO)cc[nH]1;CC(C)c1cccc(C(=O)O)n1;CC1(CO)CCC1N;R72;CC1(CN)CC1;R66;CC(=O)c1ccoc1;R71;O=C(O)c1cc[nH]c(=O)c1;CC1(C)C(N)C1(C)C;R8,4,,,
CC(C)c1cccc(C(=O)N[C@@H]2CCC[C@@]2(C)CNC(=O)c2cc[nH]c(=O)c2)n1,O=C(NC1CCC1)c1cc[nH]c(=O)c1,0.394,O=c1cc(CO)cc[nH]1;CC(C)c1cccc(C(=O)O)n1;CC1(CO)CCC1N;R72;CC1(CN)CC1;R66;CC(=O)c1ccoc1;R71;O=C(O)c1cc[nH]c(=O)c1;NC1CCC1;R8,4,,,
CC(C)c1cccc(C(=O)N[C@@H]2CCC[C@@]2(C)CNC(=O)c2cc[nH]c(=O)c2)n1,CC(C)c1cccc(C(=O)OC(C)(C(=O)O)c2cc[nH]c(=O)c2)n1,0.385,O=C(O)c1cc(C(=O)O)cc(C(=O)O)c1;CC(C)(C)OC(=O)N[C@@H]1CCC[C@@]1(C)CN;R8;CC(C)c1cccc(C(=O)O)n1;CC(=O)c1cc[nH]c(=O)c1;R71,2,,,
CC(C)c1cccc(C(=O)N[C@@H]2CCC[C@@]2(C)CNC(=O)c2cc[nH]c(=O)c2)n1,O=C(NC1CC1)c1cc[nH]c(=O)c1,0.385,O=c1cc(CO)cc[nH]1;CC(C)c1cccc(C(=O)O)n1;CC1(CO)CCC1N;R72;CC1(CN)CC1;R66;CC(=O)c1ccoc1;R71;O=C(O)c1cc[nH]c(=O)c1;NC1CC1;R8,4,,,
CC(C)c1cccc(C(=O)N[C@@H]2CCC[C@@]2(C)CNC(=O)c2cc[nH]c(=O)c2)n1,CC(C)c1cccc(C(=O)N2c(-c3cc[nH]c(=O)c3)nc3cc(C(=O)O)ccc32)n1,0.365,O=C(O)c1ccc(O)c(O)c1;CC1(CO)CCCC1N;R8;CC(C)c1cccc(C(=O)O)n1;Nc1ccc(C(=O)O)cc1N;R8;O=C(O)c1cc[nH]c(=O)c1;R19,3,,,
CC(C)c1cccc(C(=O)N[C@@H]2CCC[C@@]2(C)CNC(=O)c2cc[nH]c(=O)c2)n1,CC(C)c1cccc(C(=O)N2c(-c3cc[nH]c(=O)c3)nc3ccc(C(=O)O)cc32)n1,0.365,O=C(O)c1ccc(O)c(O)c1;CC1(CO)CCCC1N;R8;CC(C)c1cccc(C(=O)O)n1;Nc1ccc(C(=O)O)cc1N;R8;O=C(O)c1cc[nH]c(=O)c1;R19,3,,,
CC(C)c1cccc(C(=O)N[C@@H]2CCC[C@@]2(C)CNC(=O)c2cc[nH]c(=O)c2)n1,CC(C)c1cccc(C(=O)N2CCCC3(CN(C)C(=O)O3)C2)n1,0.313,O=C(O)c1cc[nH]c(=O)c1;CC1(C(=O)O)CCCC1N;R8;CC(C)c1cccc(C(=O)O)n1;CN1CC2(CCCNC2)OC1=O;R8,2,,,
CC(C)c1cccc(C(=O)N[C@@H]2CCC[C@@]2(C)CNC(=O)c2cc[nH]c(=O)c2)n1,CC(C)c1cccc(C(=O)OCC2(C)CCC2N(C(=O)c2cccc(C(=O)Cl)c2)c2ncnc3c2ncn3CC2(C)CC2)n1,0.287,O=c1cc(CO)cc[nH]1;CC(C)c1cccc(C(=O)O)n1;CC1(CO)CCC1N;R72;CC1(CN)CC1;R66;O=C(Cl)c1cccc(C(=O)Cl)c1;R57,3,,,
CC(C)c1cccc(C(=O)N[C@@H]2CCC[C@@]2(C)CNC(=O)c2cc[nH]c(=O)c2)n1,CC(C)c1cccc(C(=O)OCC2(C)CCC2n2cnc3c(N(CC4(C)CC4)C(=O)c4cccc(C(=O)Cl)c4)ncnc32)n1,0.287,O=c1cc(CO)cc[nH]1;CC(C)c1cccc(C(=O)O)n1;CC1(CO)CCC1N;R72;CC1(CN)CC1;R66;O=C(Cl)c1cccc(C(=O)Cl)c1;R57,3,,,
CC(C)c1cccc(C(=O)N[C@@H]2CCC[C@@]2(C)CNC(=O)c2cc[nH]c(=O)c2)n1,CC(C)c1cccc(C(=O)OCC2(C)CCC2N(C(=O)c2ccncc2)c2ncnc3c2ncn3CC2(C)CC2)n1,0.283,O=c1cc(CO)cc[nH]1;CC(C)c1cccc(C(=O)O)n1;CC1(CO)CCC1N;R72;CC1(CN)CC1;R66;O=C(Cl)c1ccncc1;R57,3,,,
CC(C)c1cccc(C(=O)N[C@@H]2CCC[C@@]2(C)CNC(=O)c2cc[nH]c(=O)c2)n1,CC(C)c1cccc(C(=O)OCC2(C)CCC2n2cnc3c(N(CC4(C)CC4)C(=O)c4ccncc4)ncnc32)n1,0.283,O=c1cc(CO)cc[nH]1;CC(C)c1cccc(C(=O)O)n1;CC1(CO)CCC1N;R72;CC1(CN)CC1;R66;O=C(Cl)c1ccncc1;R57,3,,,
Cc1c[nH]c(C(=O)NCC2(F)CN(C(=O)C(C)(C)CCC#N)C2)c1,Cc1c[nH]c(C(=O)NCC2(F)COCCN(C(=O)C(C)(C)CCC#N)C2)c1,0.794,CC(C)(C)OC(=O)N1CCOCC(F)(CN)C1;R84;CC(C)(CCC#N)C(=O)O;R8;Cc1c[nH]c(C(=O)O)c1;R8,3,0.714,0.935,0.778
Cc1c[nH]c(C(=O)NCC2(F)CN(C(=O)C(C)(C)CCC#N)C2)c1,CC(C)(CCC#N)C(=O)N1CCOCC(F)(CNC(=O)c2cc(Cl)c[nH]2)C1,0.662,CC(C)(C)OC(=O)N1CCOCC(F)(CN)C1;R84;CC(C)(CCC#N)C(=O)O;R8;O=C(O)c1cc(Cl)c[nH]1;R8,3,0.714,0.935,0.654
Cc1c[nH]c(C(=O)NCC2(F)CN(C(=O)C(C)(C)CCC#N)C2)c1,CC(C)(CCC#N)C(=O)N1CCOCC(F)(CNC(=O)c2cc(F)c[nH]2)C1,0.662,CC(C)(C)OC(=O)N1CCOCC(F)(CN)C1;R84;CC(C)(CCC#N)C(=O)O;R8;O=C(O)c1cc(F)c[nH]1;R8,3,0.714,0.866,0.654
Cc1c[nH]c(C(=O)NCC2(F)CN(C(=O)C(C)(C)CCC#N)C2)c1,Cc1c[nH]c(C(=O)NCC2(F)COCCN(C(=O)C(C)(C)CCC#N)C2)cc1=O,0.657,CC(C)(C)OC(=O)N1CCOCC(F)(CN)C1;R84;CC(C)(CCC#N)C(=O)O;R8;Cc1c[nH]c(C(=O)O)cc1=O;R8,3,0.510,0.717,0.616
Cc1c[nH]c(C(=O)NCC2(F)CN(C(=O)C(C)(C)CCC#N)C2)c1,CC(C)(CCC#N)C(=O)N1CCOCC(F)(CNC(=O)c2cc(C#N)c[nH]2)C1,0.652,CC(C)(C)OC(=O)N1CCOCC(F)(CN)C1;R84;CC(C)(CCC#N)C(=O)O;R8;N#Cc1c[nH]c(C(=O)O)c1;R8,3,0.714,0.875,0.732
Cc1c[nH]c(C(=O)NCC2(F)CN(C(=O)C(C)(C)CCC#N)C2)c1,CC(C)(CCC#N)C(=O)N1CCOCC(F)(CNC(=O)c2cc(C(C)(C)C)c[nH]2)C1,0.652,CC(C)(C)OC(=O)N1CCOCC(F)(CN)C1;R84;CC(C)(CCC#N)C(=O)O;R8;CC(C)(C)c1c[nH]c(C(=O)O)c1;R8,3,0.714,0.851,0.712
Cc1c[nH]c(C(=O)NCC2(F)CN(C(=O)C(C)(C)CCC#N)C2)c1,CC(C)(CCC#N)C(=O)N1CCOCC(F)(CNC(=O)c2cc(Br)c[nH]2)C1,0.652,CC(C)(C)OC(=O)N1CCOCC(F)(CN)C1;R84;CC(C)(CCC#N)C(=O)O;R8;O=C(O)c1cc(Br)c[nH]1;R8,3,0.714,0.935,0.659
Cc1c[nH]c(C(=O)NCC2(F)CN(C(=O)C(C)(C)CCC#N)C2)c1,CC(C)(CCC#N)C(=O)N1CCOCC(F)(CNC(=O)c2cc(I)c[nH]2)C1,0.652,CC(C)(C)OC(=O)N1CCOCC(F)(CN)C1;R84;CC(C)(CCC#N)C(=O)O;R8;O=C(O)c1cc(I)c[nH]1;R8,3,0.714,0.935,0.651
Cc1c[nH]c(C(=O)NCC2(F)CN(C(=O)C(C)(C)CCC#N)C2)c1,CCc1c[nH]c(C(=O)NCC2(F)COCCN(C(=O)C(C)(C)CCC#N)C2)c1,0.643,CC(C)(C)OC(=O)N1CCOCC(F)(CN)C1;R84;CC(C)(CCC#N)C(=O)O;R8;CCc1c[nH]c(C(=O)O)c1;R8,3,0.714,0.935,0.744
Cc1c[nH]c(C(=O)NCC2(F)CN(C(=O)C(C)(C)CCC#N)C2)c1,CC(=O)c1c[nH]c(C(=O)NCC2(F)COCCN(C(=O)C(C)(C)CCC#N)C2)c1,0.643,CC(C)(C)OC(=O)N1CCOCC(F)(CN)C1;R84;CC(C)(CCC#N)C(=O)O;R8;CC(=O)c1c[nH]c(C(=O)O)c1;R8,3,0.714,0.875,0.699
Cc1c[nH]c(C(=O)NCC2(F)CN(C(=O)C(C)(C)CCC#N)C2)c1,CC(C)(CCC#N)C(=O)N1CCOCC(F)(CNC(=O)c2cc(C(F)(F)F)c[nH]2)C1,0.643,CC(C)(C)OC(=O)N1CCOCC(F)(CN)C1;R84;CC(C)(CCC#N)C(=O)O;R8;O=C(O)c1cc(C(F)(F)F)c[nH]1;R8,3,,,
Cc1c[nH]c(C(=O)NCC2(F)CN(C(=O)C(C)(C)CCC#N)C2)c1,CC(C)(CCC#N)C(=O)N1CCOCC(F)(CNC(=O)c2cc(C=O)c[nH]2)C1,0.634,CC(C)(C)OC(=O)N1CCOCC(F)(CN)C1;R84;CC(C)(CCC#N)C(=O)O;R8;O=Cc1c[nH]c(C(=O)O)c1;R8,3,,,
Cc1c[nH]c(C(=O)NCC2(F)CN(C(=O)C(C)(C)CCC#N)C2)c1,CC(C)(CCC#N)C(=O)N1CCOCC(F)(CNC(=O)c2cc(C(N)=O)c[nH]2)C1,0.634,CC(C)(C)OC(=O)N1CCOCC(F)(CN)C1;R84;CC(C)(CCC#N)C(=O)O;R8;NC(=O)c1c[nH]c(C(=O)O)c1;R8,3,,,
Cc1c[nH]c(C(=O)NCC2(F)CN(C(=O)C(C)(C)CCC#N)C2)c1,COC(=O)c1c[nH]c(C(=O)NCC2(F)COCCN(C(=O)C(C)(C)CCC#N)C2)c1,0.616,CC(C)(C)OC(=O)N1CCOCC(F)(CN)C1;R84;CC(C)(CCC#N)C(=O)O;R8;COC(=O)c1c[nH]c(C(=O)O)c1;R8,3,,,
Cc1c[nH]c(C(=O)NCC2(F)CN(C(=O)C(C)(C)CCC#N)C2)c1,CC(C)C(=O)c1c[nH]c(C(=O)NCC2(F)COCCN(C(=O)C(C)(C)CCC#N)C2)c1,0.616,CC(C)(C)OC(=O)N1CCOCC(F)(CN)C1;R84;CC(C)(CCC#N)C(=O)O;R8;CC(C)C(=O)c1c[nH]c(C(=O)O)c1;R8,3,,,
Cc1c[nH]c(C(=O)NCC2(F)CN(C(=O)C(C)(C)CCC#N)C2)c1,CC(C)(CCC#N)C(=O)N1CCOCC(F)(CNC(=O)c2cc(-c3ccccc3)c[nH]2)C1,0.616,CC(C)(C)OC(=O)N1CCOCC(F)(CN)C1;R84;CC(C)(CCC#N)C(=O)O;R8;O=C(O)c1cc(-c2ccccc2)c[nH]1;R8,3,,,
Cc1c[nH]c(C(=O)NCC2(F)CN(C(=O)C(C)(C)CCC#N)C2)c1,CC(C)(CCC#N)C(=O)N1CCOCC(F)(CNC(=O)c2cc([N+](=O)[O-])c[nH]2)C1,0.616,CC(C)(C)OC(=O)N1CCOCC(F)(CN)C1;R84;CC(C)(CCC#N)C(=O)O;R8;O=C(O)c1cc([N+](=O)[O-])c[nH]1;R8,3,,,
Cc1c[nH]c(C(=O)NCC2(F)CN(C(=O)C(C)(C)CCC#N)C2)c1,CC(C)(CCC#N)C(=O)N1CCOCC(F)(CNC(=O)c2cc(S(N)(=O)=O)c[nH]2)C1,0.616,CC(C)(C)OC(=O)N1CCOCC(F)(CN)C1;R84;CC(C)(CCC#N)C(=O)O;R8;NS(=O)(=O)c1c[nH]c(C(=O)O)c1;R8,3,,,
Cc1c[nH]c(C(=O)NCC2(F)CN(C(=O)C(C)(C)CCC#N)C2)c1,CC(C)(CCC#N)C(=O)N1CCOCC(F)(CNC(=O)c2cc(S(=O)(=O)Cl)c[nH]2)C1,0.616,CC(C)(C)OC(=O)N1CCOCC(F)(CN)C1;R84;CC(C)(CCC#N)C(=O)O;R8;O=C(O)c1cc(S(=O)(=O)Cl)c[nH]1;R8,3,,,
Cc1c[nH]c(C(=O)NCC2(F)CN(C(=O)C(C)(C)CCC#N)C2)c1,Cc1c[nH]c(C(=O)N2CCOCC(F)(CNC(=O)C(C)(C)CCC#N)C2)c1,0.614,CC(C)(C)OC(=O)N1CCOCC(F)(CN)C1;R84;CC(C)(CCC#N)C(=O)O;R8;Cc1c[nH]c(C(=O)O)c1;R8,3,,,
Cc1c[nH]c(C(=O)NCC2(F)CN(C(=O)C(C)(C)CCC#N)C2)c1,Cc1cc(C(=O)NCC2(F)COCCN(C(=O)C(C)(C)CCC#N)C2)c[nH]1,0.592,CC(C)(C)OC(=O)N1CCOCC(F)(CN)C1;R84;CC(C)(CCC#N)C(=O)O;R8;Cc1cc(C(=O)O)c[nH]1;R8,3,,,
Cc1c[nH]c(C(=O)NCC2(F)CN(C(=O)C(C)(C)CCC#N)C2)c1,CC(C)(CCC#N)C(=O)N1CCOCC(F)(CNC(=O)c2c[nH]c(C(=O)O)c2)C1,0.589,CC(C)(C)OC(=O)N1CCOCC(F)(CN)C1;R84;CC(C)(CCC#N)C(=O)O;R8;COC(=O)c1c[nH]c(C(=O)O)c1;R49,3,,,
Cc1c[nH]c(C(=O)NCC2(F)CN(C(=O)C(C)(C)CCC#N)C2)c1,Cc1cc(C)cc(C(=O)NCC2(F)COCCN(C(=O)C(C)(C)CCC#N)C2)c1,0.580,CC(C)(C)OC(=O)N1CCOCC(F)(CN)C1;R84;CC(C)(CCC#N)C(=O)O;R8;Cc1cc(C)cc(C(=O)O)c1;R8,3,,,
Cc1c[nH]c(C(=O)NCC2(F)CN(C(=O)C(C)(C)CCC#N)C2)c1,Cc1cc(C(=O)O)cc(C(=O)NCC2(F)COCCN(C(=O)C(C)(C)CCC#N)C2)c1,0.562,CC(C)(C)OC(=O)N1CCOCC(F)(CN)C1;R84;CC(C)(CCC#N)C(=O)O;R8;Cc1cc(C(=O)O)cc(C(=O)O)c1;R8,3,,,
Cc1c[nH]c(C(=O)NCC2(F)CN(C(=O)C(C)(C)CCC#N)C2)c1,CC(C)(CCC#N)C(=O)N1CCOCC(F)(CNC(=O)c2cc(C(=O)O)cc(C(=O)O)c2)C1,0.549,CC(C)(C)OC(=O)N1CCOCC(F)(CN)C1;R84;CC(C)(CCC#N)C(=O)O;R8;O=C(O)c1cc(C(=O)O)cc(C(=O)O)c1;R8,3,,,
Cc1c[nH]c(C(=O)NCC2(F)CN(C(=O)C(C)(C)CCC#N)C2)c1,CC(C)(CCC#N)C(=O)N1CCOCC(F)(CNc2c[nH]c(C(=O)O)c2)C1,0.527,CC(C)(C)OC(=O)N1CCOCC(F)(CN)C1;R84;CC(C)(CCC#N)C(=O)O;R8;O=C(O)c1cc(Cl)c[nH]1;R9,3,,,
Cc1c[nH]c(C(=O)NCC2(F)CN(C(=O)C(C)(C)CCC#N)C2)c1,CC(C)(CCC#N)C(=O)NCC1(F)COCCN(C(=O)c2cc(Cl)c[nH]2)C1,0.520,CC(C)(C)OC(=O)N1CCOCC(F)(CN)C1;R84;CC(C)(CCC#N)C(=O)O;R8;O=C(O)c1cc(Cl)c[nH]1;R8,3,,,
Cc1c[nH]c(C(=O)NCC2(F)CN(C(=O)C(C)(C)CCC#N)C2)c1,CC(C)(CCC#N)C(=O)NCC1(F)COCCN(C(=O)c2cc(F)c[nH]2)C1,0.507,CC(C)(C)OC(=O)N1CCOCC(F)(CN)C1;R84;CC(C)(CCC#N)C(=O)O;R8;O=C(O)c1cc(F)c[nH]1;R8,3,,,
Cc1c[nH]c(C(=O)NCC2(F)CN(C(=O)C(C)(C)CCC#N)C2)c1,Cc1c[nH]c(C(=O)N2CCOCC(F)(CNC(=O)C(C)(C)CCC#N)C2)cc1=O,0.506,CC(C)(C)OC(=O)N1CCOCC(F)(CN)C1;R84;CC(C)(CCC#N)C(=O)O;R8;Cc1c[nH]c(C(=O)O)cc1=O;R8,3,,,
Cc1c[nH]c(C(=O)NCC2(F)CN(C(=O)C(C)(C)CCC#N)C2)c1,CC(C)(CCC#N)C(=O)N1CCOCC(F)(CNCc2c[nH]c(C(=O)O)c2)C1,0.506,CC(C)(C)OC(=O)N1CCOCC(F)(CN)C1;R84;CC(C)(CCC#N)C(=O)O;R8;O=Cc1c[nH]c(C(=O)O)c1;R43,3,,,
Cc1c[nH]c(C(=O)NCC2(F)CN(C(=O)C(C)(C)CCC#N)C2)c1,CC(C)(CCC#N)C(=O)NCC1(F)COCCN(C(=O)c2cc(C#N)c[nH]2)C1,0.500,CC(C)(C)OC(=O)N1CCOCC(F)(CN)C1;R84;CC(C)(CCC#N)C(=O)O;R8;N#Cc1c[nH]c(C(=O)O)c1;R8,3,,,
Cc1c[nH]c(C(=O)NCC2(F)CN(C(=O)C(C)(C)CCC#N)C2)c1,CC(C)(CCC#N)C(=O)NCC1(F)COCCN(C(=O)c2cc(C(C)(C)C)c[nH]2)C1,0.500,CC(C)(C)OC(=O)N1CCOCC(F)(CN)C1;R84;CC(C)(CCC#N)C(=O)O;R8;CC(C)(C)c1c[nH]c(C(=O)O)c1;R8,3,,,
Cc1c[nH]c(C(=O)NCC2(F)CN(C(=O)C(C)(C)CCC#N)C2)c1,CC(C)(CCC#N)C(=O)NCC1(F)COCCN(C(=O)c2cc(Br)c[nH]2)C1,0.500,CC(C)(C)OC(=O)N1CCOCC(F)(CN)C1;R84;CC(C)(CCC#N)C(=O)O;R8;O=C(O)c1cc(Br)c[nH]1;R8,3,,,
Cc1c[nH]c(C(=O)NCC2(F)CN(C(=O)C(C)(C)CCC#N)C2)c1,CC(C)(CCC#N)C(=O)NCC1(F)COCCN(C(=O)c2cc(I)c[nH]2)C1,0.500,CC(C)(C)OC(=O)N1CCOCC(F)(CN)C1;R84;CC(C)(CCC#N)C(=O)O;R8;O=C(O)c1cc(I)c[nH]1;R8,3,,,
Cc1c[nH]c(C(=O)NCC2(F)CN(C(=O)C(C)(C)CCC#N)C2)c1,CC(NCC1(F)COCCN(C(=O)C(C)(C)CCC#N)C1)c1c[nH]c(C(=O)O)c1,0.494,CC(C)(C)OC(=O)N1CCOCC(F)(CN)C1;R84;CC(C)(CCC#N)C(=O)O;R8;CC(=O)c1c[nH]c(C(=O)O)c1;R43,3,,,
Cc1c[nH]c(C(=O)NCC2(F)CN(C(=O)C(C)(C)CCC#N)C2)c1,CC(C)(CCC#N)C(=O)N1CCOCC(F)(CNS(=O)(=O)c2c[nH]c(C(=O)O)c2)C1,0.494,CC(C)(C)OC(=O)N1CCOCC(F)(CN)C1;R84;CC(C)(CCC#N)C(=O)O;R8;O=C(O)c1cc(S(=O)(=O)Cl)c[nH]1;R11,3,,,
Cc1c[nH]c(C(=O)NCC2(F)CN(C(=O)C(C)(C)CCC#N)C2)c1,CCc1c[nH]c(C(=O)N2CCOCC(F)(CNC(=O)C(C)(C)CCC#N)C2)c1,0.494,CC(C)(C)OC(=O)N1CCOCC(F)(CN)C1;R84;CC(C)(CCC#N)C(=O)O;R8;CCc1c[nH]c(C(=O)O)c1;R8,3,,,
Cc1c[nH]c(C(=O)NCC2(F)CN(C(=O)C(C)(C)CCC#N)C2)c1,CC(=O)c1c[nH]c(C(=O)N2CCOCC(F)(CNC(=O)C(C)(C)CCC#N)C2)c1,0.494,CC(C)(C)OC(=O)N1CCOCC(F)(CN)C1;R84;CC(C)(CCC#N)C(=O)O;R8;CC(=O)c1c[nH]c(C(=O)O)c1;R8,3,,,
Cc1c[nH]c(C(=O)NCC2(F)CN(C(=O)C(C)(C)CCC#N)C2)c1,CC(C)(CCC#N)C(=O)NCC1(F)COCCN(C(=O)c2cc(C(F)(F)F)c[nH]2)C1,0.494,CC(C)(C)OC(=O)N1CCOCC(F)(CN)C1;R84;CC(C)(CCC#N)C(=O)O;R8;O=C(O)c1cc(C(F)(F)F)c[nH]1;R8,3,,,
Cc1c[nH]c(C(=O)NCC2(F)CN(C(=O)C(C)(C)CCC#N)C2)c1,CC(C)(CCC#N)C(=O)NCC1(F)COCCN(C(=O)c2cc(C=O)c[nH]2)C1,0.487,CC(C)(C)OC(=O)N1CCOCC(F)(CN)C1;R84;CC(C)(CCC#N)C(=O)O;R8;O=Cc1c[nH]c(C(=O)O)c1;R8,3,,,
Cc1c[nH]c(C(=O)NCC2(F)CN(C(=O)C(C)(C)CCC#N)C2)c1,CC(C)(CCC#N)C(=O)NCC1(F)COCCN(C(=O)c2cc(C(N)=O)c[nH]2)C1,0.487,CC(C)(C)OC(=O)N1CCOCC(F)(CN)C1;R84;CC(C)(CCC#N)C(=O)O;R8;NC(=O)c1c[nH]c(C(=O)O)c1;R8,3,,,
Cc1c[nH]c(C(=O)NCC2(F)CN(C(=O)C(C)(C)CCC#N)C2)c1,CC(C)(CCC#N)C(=O)NCC1(F)COCCN(C(=O)c2c[nH]c(C(=O)O)c2)C1,0.487,CC(C)(C)OC(=O)N1CCOCC(F)(CN)C1;R84;CC(C)(CCC#N)C(=O)O;R8;COC(=O)c1c[nH]c(C(=O)O)c1;R49,3,,,
Cc1c[nH]c(C(=O)NCC2(F)CN(C(=O)C(C)(C)CCC#N)C2)c1,Cc1cc(C(=O)N2CCOCC(F)(CNC(=O)C(C)(C)CCC#N)C2)c[nH]1,0.487,CC(C)(C)OC(=O)N1CCOCC(F)(CN)C1;R84;CC(C)(CCC#N)C(=O)O;R8;Cc1cc(C(=O)O)c[nH]1;R8,3,,,
Cc1c[nH]c(C(=O)NCC2(F)CN(C(=O)C(C)(C)CCC#N)C2)c1,CC(C)C(NCC1(F)COCCN(C(=O)C(C)(C)CCC#N)C1)c1c[nH]c(C(=O)O)c1,0.481,CC(C)(C)OC(=O)N1CCOCC(F)(CN)C1;R84;CC(C)(CCC#N)C(=O)O;R8;CC(C)C(=O)c1c[nH]c(C(=O)O)c1;R43,3,,,
Cc1c[nH]c(C(=O)NCC2(F)CN(C(=O)C(C)(C)CCC#N)C2)c1,COC(=O)c1c[nH]c(C(=O)N2CCOCC(F)(CNC(=O)C(C)(C)CCC#N)C2)c1,0.475,CC(C)(C)OC(=O)N1CCOCC(F)(CN)C1;R84;CC(C)(CCC#N)C(=O)O;R8;COC(=O)c1c[nH]c(C(=O)O)c1;R8,3,,,
Cc1c[nH]c(C(=O)NCC2(F)CN(C(=O)C(C)(C)CCC#N)C2)c1,CC(C)C(=O)c1c[nH]c(C(=O)N2CCOCC(F)(CNC(=O)C(C)(C)CCC#N)C2)c1,0.475,CC(C)(C)OC(=O)N1CCOCC(F)(CN)C1;R84;CC(C)(CCC#N)C(=O)O;R8;CC(C)C(=O)c1c[nH]c(C(=O)O)c1;R8,3,,,
Cc1c[nH]c(C(=O)NCC2(F)CN(C(=O)C(C)(C)CCC#N)C2)c1,CC(C)(CCC#N)C(=O)NCC1(F)COCCN(C(=O)c2cc(-c3ccccc3)c[nH]2)C1,0.475,CC(C)(C)OC(=O)N1CCOCC(F)(CN)C1;R84;CC(C)(CCC#N)C(=O)O;R8;O=C(O)c1cc(-c2ccccc2)c[nH]1;R8,3,,,
Cc1c[nH]c(C(=O)NCC2(F)CN(C(=O)C(C)(C)CCC#N)C2)c1,CC(C)(CCC#N)C(=O)NCC1(F)COCCN(C(=O)c2cc([N+](=O)[O-])c[nH]2)C1,0.475,CC(C)(C)OC(=O)N1CCOCC(F)(CN)C1;R84;CC(C)(CCC#N)C(=O)O;R8;O=C(O)c1cc([N+](=O)[O-])c[nH]1;R8,3,,,
Cc1c[nH]c(C(=O)NCC2(F)CN(C(=O)C(C)(C)CCC#N)C2)c1,CC(C)(CCC#N)C(=O)NCC1(F)COCCN(C(=O)c2cc(S(N)(=O)=O)c[nH]2)C1,0.475,CC(C)(C)OC(=O)N1CCOCC(F)(CN)C1;R84;CC(C)(CCC#N)C(=O)O;R8;NS(=O)(=O)c1c[nH]c(C(=O)O)c1;R8,3,,,
Cc1c[nH]c(C(=O)NCC2(F)CN(C(=O)C(C)(C)CCC#N)C2)c1,CC(C)(CCC#N)C(=O)NCC1(F)COCCN(C(=O)c2cc(S(=O)(=O)Cl)c[nH]2)C1,0.475,CC(C)(C)OC(=O)N1CCOCC(F)(CN)C1;R84;CC(C)(CCC#N)C(=O)O;R8;O=C(O)c1cc(S(=O)(=O)Cl)c[nH]1;R8,3,,,
Cc1c[nH]c(C(=O)NCC2(F)CN(C(=O)C(C)(C)CCC#N)C2)c1,Cc1cc(C)cc(C(=O)N2CCOCC(F)(CNC(=O)C(C)(C)CCC#N)C2)c1,0.473,CC(C)(C)OC(=O)N1CCOCC(F)(CN)C1;R84;CC(C)(CCC#N)C(=O)O;R8;Cc1cc(C)cc(C(=O)O)c1;R8,3,,,
Cc1c[nH]c(C(=O)NCC2(F)CN(C(=O)C(C)(C)CCC#N)C2)c1,Cc1cc(C(=O)O)cc(C(=O)N2CCOCC(F)(CNC(=O)C(C)(C)CCC#N)C2)c1,0.462,CC(C)(C)OC(=O)N1CCOCC(F)(CN)C1;R84;CC(C)(CCC#N)C(=O)O;R8;Cc1cc(C(=O)O)cc(C(=O)O)c1;R8,3,,,
Cc1c[nH]c(C(=O)NCC2(F)CN(C(=O)C(C)(C)CCC#N)C2)c1,CC(C)(CCC#N)C(=O)NCC1(F)COCCN(c2c[nH]c(C(=O)O)c2)C1,0.462,CC(C)(C)OC(=O)N1CCOCC(F)(CN)C1;R84;CC(C)(CCC#N)C(=O)O;R8;O=C(O)c1cc(Cl)c[nH]1;R9,3,,,
Cc1c[nH]c(C(=O)NCC2(F)CN(C(=O)C(C)(C)CCC#N)C2)c1,Cc1c[nH]c(C(=O)N2CCOCC(F)(CN(C(=O)C(C)(C)CCC#N)C(C)(C(=O)O)c3c[nH]c(C(=O)O)c3)C2)c1,0.453,CC(C)(C)OC(=O)N1CCOCC(F)(CN)C1;R84;CC(C)(CCC#N)C(=O)O;R8;CC(=O)c1c[nH]c(C(=O)O)c1;R71;Cc1c[nH]c(C(=O)O)c1;R8,4,,,
Cc1c[nH]c(C(=O)NCC2(F)CN(C(=O)C(C)(C)CCC#N)C2)c1,CC(C)(CCC#N)C(=O)NCC1(F)COCCN(Cc2c[nH]c(C(=O)O)c2)C1,0.450,CC(C)(C)OC(=O)N1CCOCC(F)(CN)C1;R84;CC(C)(CCC#N)C(=O)O;R8;O=Cc1c[nH]c(C(=O)O)c1;R43,3,,,
Cc1c[nH]c(C(=O)NCC2(F)CN(C(=O)C(C)(C)CCC#N)C2)c1,CC(C)(CCC#N)C(=O)NCC1(F)COCCN(C(=O)c2cc(C(=O)O)cc(C(=O)O)c2)C1,0.447,CC(C)(C)OC(=O)N1CCOCC(F)(CN)C1;R84;CC(C)(CCC#N)C(=O)O;R8;O=C(O)c1cc(C(=O)O)cc(C(=O)O)c1;R8,3,,,
Cc1c[nH]c(C(=O)NCC2(F)CN(C(=O)C(C)(C)CCC#N)C2)c1,CC(c1c[nH]c(C(=O)O)c1)N1CCOCC(F)(CNC(=O)C(C)(C)CCC#N)C1,0.444,CC(C)(C)OC(=O)N1CCOCC(F)(CN)C1;R84;CC(C)(CCC#N)C(=O)O;R8;CC(=O)c1c[nH]c(C(=O)O)c1;R43,3,,,
Cc1c[nH]c(C(=O)NCC2(F)CN(C(=O)C(C)(C)CCC#N)C2)c1,Cc1c[nH]c(C(=O)OCC(C)(C)CCC#N)c1,0.444,CC(C)(C)OC(=O)N1CC(F)(CN)C1;R85;CC(=O)c1c[nH]c(C(=O)O)c1;CC(C)(CCC#N)C(=O)O;R71;CCNC1CCC1;R8;Cc1c[nH]c(C(=O)O)c1;CC(C)(CO)CCC#N;R72,4,,,
Cc1c[nH]c(C(=O)NCC2(F)CN(C(=O)C(C)(C)CCC#N)C2)c1,Cc1c[nH]c(C(=O)NCCC(C)(C)C(=O)O)c1,0.443,CC(C)(C)OC(=O)N1CC(F)(CN)C1;R85;CC(=O)c1c[nH]c(C(=O)O)c1;CC(C)(CCC#N)C(=O)O;R71;CCNC1CCC1;R8;Cc1c[nH]c(C(=O)O)c1;CC(C)(CCN)C(=O)O;R8,4,,,
Cc1c[nH]c(C(=O)NCC2(F)CN(C(=O)C(C)(C)CCC#N)C2)c1,CC(C)(CCC#N)C(=O)NCC1(F)COCCN(S(=O)(=O)c2c[nH]c(C(=O)O)c2)C1,0.439,CC(C)(C)OC(=O)N1CCOCC(F)(CN)C1;R84;CC(C)(CCC#N)C(=O)O;R8;O=C(O)c1cc(S(=O)(=O)Cl)c[nH]1;R11,3,,,
Cc1c[nH]c(C(=O)NCC2(F)CN(C(=O)C(C)(C)CCC#N)C2)c1,CC(C)C(c1c[nH]c(C(=O)O)c1)N1CCOCC(F)(CNC(=O)C(C)(C)CCC#N)C1,0.429,CC(C)(C)OC(=O)N1CCOCC(F)(CN)C1;R84;CC(C)(CCC#N)C(=O)O;R8;CC(C)C(=O)c1c[nH]c(C(=O)O)c1;R43,3,,,
Cc1c[nH]c(C(=O)NCC2(F)CN(C(=O)C(C)(C)CCC#N)C2)c1,CC(C)C(C(=O)O)(c1c[nH]c(C(=O)O)c1)N1CCOCC(F)(CNC(=O)C(C)(C)CCC#N)C1,0.419,CC(C)(C)OC(=O)N1CCOCC(F)(CN)C1;R84;CC(C)(CCC#N)C(=O)O;R8;CC(C)C(=O)c1c[nH]c(C(=O)O)c1;R71,3,,,
Cc1c[nH]c(C(=O)NCC2(F)CN(C(=O)C(C)(C)CCC#N)C2)c1,Cc1c[nH]c(C(=O)OC(C)(C(=O)O)C(C)(C)CCC#N)c1,0.418,CC(C)(C)OC(=O)N1CC(F)(CN)C1;R85;Cc1c[nH]c(C(=O)O)c1;CC(=O)C(C)(C)CCC#N;R71,2,,,
Cc1c[nH]c(C(=O)NCC2(F)CN(C(=O)C(C)(C)CCC#N)C2)c1,Cc1c[nH]c(-c2nc(CCC(C)(C)C(=O)N3CCOCC(F)(CN)C3)no2)c1,0.365,CC(C)(C)OC(=O)N1CCOCC(F)(CN)C1;R84;CC(C)(CCC#N)C(=O)O;R8;Cc1c[nH]c(C(=O)O)c1;R46,3,,,
Cc1c[nH]c(C(=O)NCC2(F)CN(C(=O)C(C)(C)CCC#N)C2)c1,CC(C)(CCC(=O)c1c[nH]c(C(=O)O)c1)C(=O)N1CCOCC(F)(CN)C1,0.358,CC(C)(C)OC(=O)N1CCOCC(F)(CN)C1;R84;CC(C)(CCC#N)C(=O)O;R8;O=C(O)c1cc(Cl)c[nH]1;R97,3,,,
Cc1c[nH]c(C(=O)NCC2(F)CN(C(=O)C(C)(C)CCC#N)C2)c1,CC(C)C(C(=O)O)(c1c[nH]c(C(=O)O)c1)N(CC1(F)CNCCOC1)C(=O)C(C)(C)CCC#N,0.333,CC(C)(C)OC(=O)N1CCOCC(F)(CN)C1;R84;CC(C)(CCC#N)C(=O)O;R8;CC(C)C(=O)c1c[nH]c(C(=O)O)c1;R71,3,,,
Cc1c[nH]c(C(=O)NCC2(F)CN(C(=O)C(C)(C)CCC#N)C2)c1,Cc1c[nH]c(C(=O)OCCC(C)(C)C(=O)O)c1,0.333,CC(C)(C)OC(=O)N1CC(F)(CN)C1;R85;CC(=O)c1c[nH]c(C(=O)O)c1;CC(C)(CCC#N)C(=O)O;R71;CCNC1CCC1;R8;Cc1c[nH]c(C(=O)O)c1;CC(C)(CCCl)C(=O)O;R31,4,,,
Cc1c[nH]c(C(=O)NCC2(F)CN(C(=O)C(C)(C)CCC#N)C2)c1,CCNC(=O)c1cc(C(C)(OC(=O)C(C)(C)CCC#N)C(=O)N(CC)C2CCC2)c[nH]1.CNC(=O)c1cc(C(=O)OC)c[nH]1,0.330,CC(C)(C)OC(=O)N1CC(F)(CN)C1;R85;CC(=O)c1c[nH]c(C(=O)O)c1;CC(C)(CCC#N)C(=O)O;R71;CCNC1CCC1;R8;COC(=O)c1c[nH]c(C(=O)O)c1;CN1CC2(CCCNC2)OC1=O;R69,4,,,
Cc1c[nH]c(C(=O)NCC2(F)CN(C(=O)C(C)(C)CCC#N)C2)c1,CCN(C(=O)C(C)(OC(=O)C(C)(C)CCC#N)c1c[nH]c(C(=O)NC)c1)C1CCC1.CCNC(=O)c1cc(C(=O)OC)c[nH]1,0.330,CC(C)(C)OC(=O)N1CC(F)(CN)C1;R85;CC(=O)c1c[nH]c(C(=O)O)c1;CC(C)(CCC#N)C(=O)O;R71;CCNC1CCC1;R8;COC(=O)c1c[nH]c(C(=O)O)c1;CN1CC2(CCCNC2)OC1=O;R69,4,,,
Cc1c[nH]c(C(=O)NCC2(F)CN(C(=O)C(C)(C)CCC#N)C2)c1,Cc1c[nH]c(C(=O)OC(C)(CCC(C)(C)C(=O)O)C(=O)O)c1,0.324,CC(C)(C)OC(=O)N1CC(F)(CN)C1;R85;CC(=O)c1c[nH]c(C(=O)O)c1;CC(C)(CCC#N)C(=O)O;R71;CCNC1CCC1;R8;Cc1c[nH]c(C(=O)O)c1;CC(=O)CCC(C)(C)C(=O)O;R71,4,,,
Cc1c[nH]c(C(=O)NCC2(F)CN(C(=O)C(C)(C)CCC#N)C2)c1,Cc1c[nH]c(C(=O)OCC(C)(C)C(=O)O)c1,0.323,CC(C)(C)OC(=O)N1CC(F)(CN)C1;R85;CC(=O)c1c[nH]c(C(=O)O)c1;CC(C)(CCC#N)C(=O)O;R71;CCNC1CCC1;R8;Cc1c[nH]c(C(=O)O)c1;CC(C)(CO)C(=O)O;R72,4,,,
Cc1c[nH]c(C(=O)NCC2(F)CN(C(=O)C(C)(C)CCC#N)C2)c1,CCN(C(=O)c1cc(C(C)(OC(=O)C(C)(C)CCC#N)C(=O)NC)c[nH]1)C1CCC1.CCNC(=O)c1cc(C(=O)OC)c[nH]1,0.323,CC(C)(C)OC(=O)N1CC(F)(CN)C1;R85;CC(=O)c1c[nH]c(C(=O)O)c1;CC(C)(CCC#N)C(=O)O;R71;CCNC1CCC1;R8;COC(=O)c1c[nH]c(C(=O)O)c1;CN1CC2(CCCNC2)OC1=O;R69,4,,,
Cc1c[nH]c(C(=O)NCC2(F)CN(C(=O)C(C)(C)CCC#N)C2)c1,Cc1c[nH]c(-c2nc(CCC(C)(C)C(=O)NCC3(F)COCCN(C(C)(C(=O)O)c4c[nH]c(C(=O)O)c4)C3)no2)c1,0.320,CC(C)(C)OC(=O)N1CCOCC(F)(CN)C1;R84;CC(C)(CCC#N)C(=O)O;R8;CC(=O)c1c[nH]c(C(=O)O)c1;R71;Cc1c[nH]c(C(=O)O)c1;R46,4,,,
Cc1c[nH]c(C(=O)NCC2(F)CN(C(=O)C(C)(C)CCC#N)C2)c1,Cc1c[nH]c(-c2nc(CCC(C)(C)C(=O)NCC3(F)CNCCOC3)no2)c1,0.318,CC(C)(C)OC(=O)N1CCOCC(F)(CN)C1;R84;CC(C)(CCC#N)C(=O)O;R8;Cc1c[nH]c(C(=O)O)c1;R46,3,,,
Cc1c[nH]c(C(=O)NCC2(F)CN(C(=O)C(C)(C)CCC#N)C2)c1,CCN(C(=O)c1cc(C(C)(OC(=O)C(C)(C)CCC#N)C(=O)O)c[nH]1)C1CCN(C)CC1,0.310,CC(C)(C)OC(=O)N1CC(F)(CN)C1;R85;CC(=O)c1c[nH]c(C(=O)O)c1;CC(C)(CCC#N)C(=O)O;R71;CCNC1CCN(C)CC1;R8,3,,,
Cc1c[nH]c(C(=O)NCC2(F)CN(C(=O)C(C)(C)CCC#N)C2)c1,CCN(C(=O)C(C)(OC(=O)C(C)(C)CCC#N)c1c[nH]c(C(=O)O)c1)C1CCN(C)CC1,0.310,CC(C)(C)OC(=O)N1CC(F)(CN)C1;R85;CC(=O)c1c[nH]c(C(=O)O)c1;CC(C)(CCC#N)C(=O)O;R71;CCNC1CCN(C)CC1;R8,3,,,
Cc1c[nH]c(C(=O)NCC2(F)CN(C(=O)C(C)(C)CCC#N)C2)c1,CC(C)(CCC(=O)c1c[nH]c(C(=O)O)c1)C(=O)NCC1(F)CNCCOC1,0.310,CC(C)(C)OC(=O)N1CCOCC(F)(CN)C1;R84;CC(C)(CCC#N)C(=O)O;R8;O=C(O)c1cc(Cl)c[nH]1;R97,3,,,
Cc1c[nH]c(C(=O)NCC2(F)CN(C(=O)C(C)(C)CCC#N)C2)c1,CCNC(=O)C(C)(OC(=O)C(C)(C)CCC#N)c1c[nH]c(C(=O)N(CC)C2CCC2)c1.CNC(=O)c1cc(C(=O)OC)c[nH]1,0.309,CC(C)(C)OC(=O)N1CC(F)(CN)C1;R85;CC(=O)c1c[nH]c(C(=O)O)c1;CC(C)(CCC#N)C(=O)O;R71;CCNC1CCC1;R8;COC(=O)c1c[nH]c(C(=O)O)c1;CN1CC2(CCCNC2)OC1=O;R69,4,,,
Cc1c[nH]c(C(=O)NCC2(F)CN(C(=O)C(C)(C)CCC#N)C2)c1,Cc1c[nH]c(-c2nc(CCC(C)(C)C(=O)N3CCOCC(F)(CN)C3)no2)cc1=O,0.308,CC(C)(C)OC(=O)N1CCOCC(F)(CN)C1;R84;CC(C)(CCC#N)C(=O)O;R8;Cc1c[nH]c(C(=O)O)cc1=O;R46,3,,,
Cc1c[nH]c(C(=O)NCC2(F)CN(C(=O)C(C)(C)CCC#N)C2)c1,CC(C)CN(C(=O)c1cc(C(C)(OC(=O)C(C)(C)CCC#N)C(N)=O)c[nH]1)C1CCOCC1.CNC(=O)c1cc(Cl)c[nH]1,0.306,CC(C)(C)OC(=O)N1CC(F)(CN)C1;R85;CC(=O)c1c[nH]c(C(=O)O)c1;CC(C)(CCC#N)C(=O)O;R71;CC(C)CNC1CCOCC1;R8;O=C(O)c1cc(Cl)c[nH]1;CN1CC2(CNC2)OC1=O;R69,4,,,
Cc1c[nH]c(C(=O)NCC2(F)CN(C(=O)C(C)(C)CCC#N)C2)c1,CCN(C(=O)C(C)(OC(=O)C(C)(C)CCC#N)c1c[nH]c(C(=O)O)c1)C1CCCCCC1,0.306,CC(C)(C)OC(=O)N1CC(F)(CN)C1;R85;CC(=O)c1c[nH]c(C(=O)O)c1;CC(C)(CCC#N)C(=O)O;R71;CCNC1CCCCCC1;R8,3,,,
Cc1c[nH]c(C(=O)NCC2(F)CN(C(=O)C(C)(C)CCC#N)C2)c1,CCN(C(=O)c1cc(C(C)(OC(=O)C(C)(C)CCC#N)C(=O)O)c[nH]1)C1CCCCCC1,0.306,CC(C)(C)OC(=O)N1CC(F)(CN)C1;R85;CC(=O)c1c[nH]c(C(=O)O)c1;CC(C)(CCC#N)C(=O)O;R71;CCNC1CCCCCC1;R8,3,,,
Cc1c[nH]c(C(=O)NCC2(F)CN(C(=O)C(C)(C)CCC#N)C2)c1,CCN(C(=O)C(C)(OC(=O)C(C)(C)CCC#N)c1c[nH]c(C(=O)O)c1)C1CCCCC1,0.306,CC(C)(C)OC(=O)N1CC(F)(CN)C1;R85;CC(=O)c1c[nH]c(C(=O)O)c1;CC(C)(CCC#N)C(=O)O;R71;CCNC1CCCCC1;R8,3,,,
Cc1c[nH]c(C(=O)NCC2(F)CN(C(=O)C(C)(C)CCC#N)C2)c1,CCN(C(=O)c1cc(C(C)(OC(=O)C(C)(C)CCC#N)C(=O)O)c[nH]1)C1CCCCC1,0.306,CC(C)(C)OC(=O)N1CC(F)(CN)C1;R85;CC(=O)c1c[nH]c(C(=O)O)c1;CC(C)(CCC#N)C(=O)O;R71;CCNC1CCCCC1;R8,3,,,
Cc1c[nH]c(C(=O)NCC2(F)CN(C(=O)C(C)(C)CCC#N)C2)c1,CC(C)(CCC#N)C(=O)OC(C)(C(=O)O)c1c[nH]c(C(=O)N(C2CCOCC2)C2CC2)c1,0.306,CC(C)(C)OC(=O)N1CC(F)(CN)C1;R85;CC(=O)c1c[nH]c(C(=O)O)c1;CC(C)(CCC#N)C(=O)O;R71;C1CC(NC2CC2)CCO1;R8,3,,,
Cc1c[nH]c(C(=O)NCC2(F)CN(C(=O)C(C)(C)CCC#N)C2)c1,CC(C)(CCC#N)C(=O)OC(C)(C(=O)N(C1CCOCC1)C1CC1)c1c[nH]c(C(=O)O)c1,0.306,CC(C)(C)OC(=O)N1CC(F)(CN)C1;R85;CC(=O)c1c[nH]c(C(=O)O)c1;CC(C)(CCC#N)C(=O)O;R71;C1CC(NC2CC2)CCO1;R8,3,,,
Cc1c[nH]c(C(=O)NCC2(F)CN(C(=O)C(C)(C)CCC#N)C2)c1,CC(C)(CCC#N)C(=O)OC(C)(C(=O)N(O)C1CCOCC1)c1c[nH]c(C(=O)O)c1,0.306,CC(C)(C)OC(=O)N1CC(F)(CN)C1;R85;CC(=O)c1c[nH]c(C(=O)O)c1;CC(C)(CCC#N)C(=O)O;R71;ONC1CCOCC1;R8,3,,,
Cc1c[nH]c(C(=O)NCC2(F)CN(C(=O)C(C)(C)CCC#N)C2)c1,CC(C)(CCC#N)C(=O)OC(C)(C(=O)O)c1c[nH]c(C(=O)N(O)C2CCOCC2)c1,0.306,CC(C)(C)OC(=O)N1CC(F)(CN)C1;R85;CC(=O)c1c[nH]c(C(=O)O)c1;CC(C)(CCC#N)C(=O)O;R71;ONC1CCOCC1;R8,3,,,
Cc1c[nH]c(C(=O)NCC2(F)CN(C(=O)C(C)(C)CCC#N)C2)c1,CC(C)(CCC#N)C(=O)OC(C)(C(=O)O)c1c[nH]c(C(=O)N(CCF)C2CCOCC2)c1,0.303,CC(C)(C)OC(=O)N1CC(F)(CN)C1;R85;CC(=O)c1c[nH]c(C(=O)O)c1;CC(C)(CCC#N)C(=O)O;R71;FCCNC1CCOCC1;R8,3,,,
Cc1c[nH]c(C(=O)NCC2(F)CN(C(=O)C(C)(C)CCC#N)C2)c1,CC(C)(CCC#N)C(=O)OC(C)(C(=O)N(CCF)C1CCOCC1)c1c[nH]c(C(=O)O)c1,0.303,CC(C)(C)OC(=O)N1CC(F)(CN)C1;R85;CC(=O)c1c[nH]c(C(=O)O)c1;CC(C)(CCC#N)C(=O)O;R71;FCCNC1CCOCC1;R8,3,,,
Cc1c[nH]c(C(=O)NCC2(F)CN(C(=O)C(C)(C)CCC#N)C2)c1,CC(C)(CCC#N)C(=O)OC(C)(C(=O)O)c1c[nH]c(C(=O)N(CC(F)F)C2CCOCC2)c1,0.303,CC(C)(C)OC(=O)N1CC(F)(CN)C1;R85;CC(=O)c1c[nH]c(C(=O)O)c1;CC(C)(CCC#N)C(=O)O;R71;FC(F)CNC1CCOCC1;R8,3,,,
Cc1c[nH]c(C(=O)NCC2(F)CN(C(=O)C(C)(C)CCC#N)C2)c1,CNC(=O)c1cc(C(C)(OC(=O)C(C)(C)CCC#N)C(=O)N(CC(C)C)C2CCOCC2)c[nH]1.NC(=O)c1cc(Cl)c[nH]1,0.303,CC(C)(C)OC(=O)N1CC(F)(CN)C1;R85;CC(=O)c1c[nH]c(C(=O)O)c1;CC(C)(CCC#N)C(=O)O;R71;CC(C)CNC1CCOCC1;R8;O=C(O)c1cc(Cl)c[nH]1;CN1CC2(CNC2)OC1=O;R69,4,,,
Cc1c[nH]c(C(=O)NCC2(F)CN(C(=O)C(C)(C)CCC#N)C2)c1,CC(C)CN(C(=O)C(C)(OC(=O)C(C)(C)CCC#N)c1c[nH]c(C(N)=O)c1)C1CCOCC1.CNC(=O)c1cc(Cl)c[nH]1,0.303,CC(C)(C)OC(=O)N1CC(F)(CN)C1;R85;CC(=O)c1c[nH]c(C(=O)O)c1;CC(C)(CCC#N)C(=O)O;R71;CC(C)CNC1CCOCC1;R8;O=C(O)c1cc(Cl)c[nH]1;CN1CC2(CNC2)OC1=O;R69,4,,,
Cc1c[nH]c(C(=O)NCC2(F)CN(C(=O)C(C)(C)CCC#N)C2)c1,CCN(C(=O)c1cc(C(C)(OC(=O)C(C)(C)CCC#N)C(=O)O)c[nH]1)C1CCC(C)CC1,0.302,CC(C)(C)OC(=O)N1CC(F)(CN)C1;R85;CC(=O)c1c[nH]c(C(=O)O)c1;CC(C)(CCC#N)C(=O)O;R71;CCNC1CCC(C)CC1;R8,3,,,
Cc1c[nH]c(C(=O)NCC2(F)CN(C(=O)C(C)(C)CCC#N)C2)c1,CCN(C(=O)C(C)(OC(=O)C(C)(C)CCC#N)c1c[nH]c(C(=O)O)c1)C1CCC(C)CC1,0.302,CC(C)(C)OC(=O)N1CC(F)(CN)C1;R85;CC(=O)c1c[nH]c(C(=O)O)c1;CC(C)(CCC#N)C(=O)O;R71;CCNC1CCC(C)CC1;R8,3,,,
Cc1c[nH]c(C(=O)NCC2(F)CN(C(=O)C(C)(C)CCC#N)C2)c1,CC(C)(CCC#N)C(=O)OC(C)(C(=O)N(CC(F)F)C1CCOCC1)c1c[nH]c(C(=O)O)c1,0.300,CC(C)(C)OC(=O)N1CC(F)(CN)C1;R85;CC(=O)c1c[nH]c(C(=O)O)c1;CC(C)(CCC#N)C(=O)O;R71;FC(F)CNC1CCOCC1;R8,3,,,
Cc1c[nH]c(C(=O)NCC2(F)CN(C(=O)C(C)(C)CCC#N)C2)c1,CCN(C(=O)c1cc(C(C)(OC(=O)C(C)(C)CCC#N)C(=O)N2CCC(N(Cc3ccccc3)C(=O)c3cc(C)cc(C(=O)O)c3)CC2)c[nH]1)C1CCC1,0.298,CC(C)(C)OC(=O)N1CC(F)(CN)C1;R85;CC(=O)c1c[nH]c(C(=O)O)c1;CC(C)(CCC#N)C(=O)O;R71;CCNC1CCC1;R8;Cc1cc(C(=O)O)cc(C(=O)O)c1;CC(C)(C)OC(=O)N1CCC(NCc2ccccc2)CC1;R69,4,,,
Cc1c[nH]c(C(=O)NCC2(F)CN(C(=O)C(C)(C)CCC#N)C2)c1,Cc1c-n(C(C)(C(=O)O)C(C)(C)CCC#N)c(C(=O)O)c1,0.296,CC(C)(C)OC(=O)N1CC(F)(CN)C1;R85;Cc1c[nH]c(C(=O)O)c1;CC(=O)C(C)(C)CCC#N;R71,2,,,
Cc1c[nH]c(C(=O)NCC2(F)CN(C(=O)C(C)(C)CCC#N)C2)c1,Cc1cc(C(=O)O)-n(C(C)(C(=O)O)C(C)(C)CCC#N)c1,0.296,CC(C)(C)OC(=O)N1CC(F)(CN)C1;R85;Cc1c[nH]c(C(=O)O)c1;CC(=O)C(C)(C)CCC#N;R71,2,,,
Cc1c[nH]c(C(=O)NCC2(F)CN(C(=O)C(C)(C)CCC#N)C2)c1,CCN(C(=O)c1cc(C(C)(OC(=O)C(C)(C)CCC#N)C(=O)O)c[nH]1)C1CCOC1,0.292,CC(C)(C)OC(=O)N1CC(F)(CN)C1;R85;CC(=O)c1c[nH]c(C(=O)O)c1;CC(C)(CCC#N)C(=O)O;R71;CCNC1CCOC1;R8,3,,,
CC(C)(C)OC(=O)NC(C(=O)NCC(=O)NCCF)C(C)(F)F,CC(C)(C)OC(=O)NC(C(=O)NCC(=O)NCCF)C(C)(F)F,1.000,NCC(=O)NCCF;CC(C)(C)OC(=O)NC(C(=O)O)C(C)(F)F;R8,1,1.000,1.000,1.000
CC(C)(C)OC(=O)NC(C(=O)NCC(=O)NCCF)C(C)(F)F,CC(C)(C)OC(=O)NC(C(=O)NCC(=O)NCCF)C(C)(C)F,0.854,NCC(=O)NCCF;CC(C)(C)OC(=O)NC(C(=O)O)C(C)(C)F;R8,1,1.000,0.993,0.807
CC(C)(C)OC(=O)NC(C(=O)NCC(=O)NCCF)C(C)(F)F,CC(C)(C)OC(=O)NC(C(=O)NCC(=O)NCCF)C(F)(F)F,0.854,NCC(=O)NCCF;CC(C)(C)OC(=O)NC(C(=O)O)C(F)(F)F;R8,1,1.000,1.000,0.746
CC(C)(C)OC(=O)NC(C(=O)NCC(=O)NCCF)C(C)(F)F,CC(C)(C)OC(=O)NC(C(=O)NCC(=O)NCCF)C(C)(C)C(F)(F)F,0.833,NCC(=O)NCCF;CC(C)(C)OC(=O)NC(C(=O)O)C(C)(C)C(F)(F)F;R8,1,1.000,0.806,0.594
CC(C)(C)OC(=O)NC(C(=O)NCC(=O)NCCF)C(C)(F)F,CC(C)(C)OC(=O)N[C@H](C(=O)NCC(=O)NCCF)C(C)(C)C,0.829,NCC(=O)NCCF;CC(C)(C)OC(=O)N[C@H](C(=O)O)C(C)(C)C;R8,1,1.000,0.751,0.645
CC(C)(C)OC(=O)NC(C(=O)NCC(=O)NCCF)C(C)(F)F,CC(C)(C)OC(=O)N[C@H](C(=O)NCC(=O)NCCF)C(C)(C)O,0.791,NCC(=O)NCCF;CC(C)(C)OC(=O)N[C@H](C(=O)O)C(C)(C)O;R8,1,1.000,0.902,0.574
CC(C)(C)OC(=O)NC(C(=O)NCC(=O)NCCF)C(C)(F)F,CC(C)(C)OC(=O)NC(C(=O)NCC(=O)NCCF)C(C)(O)C(F)(F)F,0.778,NCC(=O)NCCF;CC(C)(C)OC(=O)NC(C(=O)O)C(C)(O)C(F)(F)F;R8,1,1.000,0.831,0.519
CC(C)(C)OC(=O)NC(C(=O)NCC(=O)NCCF)C(C)(F)F,COC(C)(C)C(NC(=O)OC(C)(C)C)C(=O)NCC(=O)NCCF,0.773,NCC(=O)NCCF;COC(C)(C)C(NC(=O)OC(C)(C)C)C(=O)O;R8,1,1.000,0.993,0.531
CC(C)(C)OC(=O)NC(C(=O)NCC(=O)NCCF)C(C)(F)F,CC(C)(C)OC(=O)NC(C(=O)NCC(=O)NCC(F)(F)F)C(C)(F)F,0.744,NCC(=O)NCC(F)(F)F;CC(C)(C)OC(=O)NC(C(=O)O)C(C)(F)F;R8,1,1.000,1.000,0.979
CC(C)(C)OC(=O)NC(C(=O)NCC(=O)NCCF)C(C)(F)F,CC(C)(C)OC(=O)NC(C(=O)NCC(=O)NCC(F)F)C(C)(F)F,0.727,NCC(=O)NCC(F)F;CC(C)(C)OC(=O)NC(C(=O)O)C(C)(F)F;R8,1,1.000,1.000,0.994
CC(C)(C)OC(=O)NC(C(=O)NCC(=O)NCCF)C(C)(F)F,CC(C)(C)OC(=O)NC(C(=O)NCC(=O)NO)C(C)(F)F,0.721,NCC(=O)NO;CC(C)(C)OC(=O)NC(C(=O)O)C(C)(F)F;R8,1,,,
CC(C)(C)OC(=O)NC(C(=O)NCC(=O)NCCF)C(C)(F)F,CC(NC(=O)OC(C)(C)C)C(=O)NCC(=O)NCCF,0.721,NCC(=O)NCCF;CC(NC(=O)OC(C)(C)C)C(=O)O;R8,1,,,
CC(C)(C)OC(=O)NC(C(=O)NCC(=O)NCCF)C(C)(F)F,CC(C)(C)OC(=O)N[C@@H](CF)C(=O)NCC(=O)NCCF,0.705,NCC(=O)NCCF;CC(C)(C)OC(=O)N[C@@H](CF)C(=O)O;R8,1,,,
CC(C)(C)OC(=O)NC(C(=O)NCC(=O)NCCF)C(C)(F)F,CC(C)(C)OC(=O)N[C@H](C(=O)NCC(=O)NCCF)C(F)(F)c1ccccc1,0.700,NCC(=O)NCCF;CC(C)(C)OC(=O)N[C@H](C(=O)O)C(F)(F)c1ccccc1;R8,1,,,
CC(C)(C)OC(=O)NC(C(=O)NCC(=O)NCCF)C(C)(F)F,CC(C)(C)OC(=O)NC(CC(F)(F)F)C(=O)NCC(=O)NCCF,0.696,NCC(=O)NCCF;CC(C)(C)OC(=O)NC(CC(F)(F)F)C(=O)O;R8,1,,,
CC(C)(C)OC(=O)NC(C(=O)NCC(=O)NCCF)C(C)(F)F,CC(F)(F)CC(NC(=O)OC(C)(C)C)C(=O)NCC(=O)NCCF,0.696,NCC(=O)NCCF;CC(F)(F)CC(NC(=O)OC(C)(C)C)C(=O)O;R8,1,,,
CC(C)(C)OC(=O)NC(C(=O)NCC(=O)NCCF)C(C)(F)F,CC(C)(C)OC(=O)N[C@H](C(=O)NCC(=O)NCCF)C(F)F,0.689,NCC(=O)NCCF;CC(C)(C)OC(=O)N[C@H](C(=O)O)C(F)F;R8,1,,,
CC(C)(C)OC(=O)NC(C(=O)NCC(=O)NCCF)C(C)(F)F,CC(C)(C)OC(=O)NC(C(=O)NCC(=O)NCCF)C(=O)OC(C)(C)C,0.689,NCC(=O)NCCF;CC(C)(C)OC(=O)NC(C(=O)O)C(=O)OC(C)(C)C;R8,1,,,
CC(C)(C)OC(=O)NC(C(=O)NCC(=O)NCCF)C(C)(F)F,CC(C)(C)OC(=O)NC(CC(F)(F)C(F)F)C(=O)NCC(=O)NCCF,0.688,NCC(=O)NCCF;CC(C)(C)OC(=O)NC(CC(F)(F)C(F)F)C(=O)O;R8,1,,,
CC(C)(C)OC(=O)NC(C(=O)NCC(=O)NCCF)C(C)(F)F,CC(C)(C)OC(=O)NC(C#N)C(=O)NCC(=O)NCCF,0.660,NCC(=O)NCCF;CC(C)(C)OC(=O)NC(C#N)C(=O)O;R8,1,,,
CC(C)(C)OC(=O)NC(C(=O)NCC(=O)NCCF)C(C)(F)F,CC(C)(C)OC(=O)NC(C(=O)NCC(=O)NCCO)C(C)(C)C(F)(F)F,0.660,NCC(=O)NCCO;CC(C)(C)OC(=O)NC(C(=O)O)C(C)(C)C(F)(F)F;R8,1,,,
CC(C)(C)OC(=O)NC(C(=O)NCC(=O)NCCF)C(C)(F)F,CC(C)(C)OC(=O)NC(C(=O)Cl)C(C)(F)F,0.512,NCC(=O)NCCF;CC(C)(C)OC(=O)NC(C(=O)O)C(C)(F)F;R107,1,,,
CC(C)(C)OC(=O)NC(C(=O)NCC(=O)NCCF)C(C)(F)F,CC(C)(C)OC(=O)NC(C(=O)Cl)C(C)(C)F,0.444,NCC(=O)NCCF;CC(C)(C)OC(=O)NC(C(=O)O)C(C)(C)F;R107,1,,,
CC(C)(C)OC(=O)NC(C(=O)NCC(=O)NCCF)C(C)(F)F,CC(C)(C)OC(=O)N1C(=O)N(CC(=O)NCCF)C(=O)C1C(F)(F)F,0.367,NCC(=O)NCCF;COC(=O)C(NC(=O)OC(C)(C)C)C(F)(F)F;R52,1,,,
COCC1(NC(=O)c2ccc(-n3c(C)c[nH]c3=O)cc2)CN(C(=O)[C@@H]2C[C@H]2C)C1,COCC1(NC(=O)c2ccc(-n3c(C)ccc3C)cc2)CCN(C(=O)C2CC2C)CC1,0.646,Cc1ccc(C)n1-c1ccc(C(=O)O)cc1;COCC1(N)CCNCC1;R8;CC1CC1C(=O)Cl;R57,2,0.509,0.457,0.571
COCC1(NC(=O)c2ccc(-n3c(C)c[nH]c3=O)cc2)CN(C(=O)[C@@H]2C[C@H]2C)C1,COC(=O)c1ccc(C(=O)NC2(COC(=O)c3ccc(-n4c(C)ccc4C)cc3)CN(C(=O)C3CC3C)C2)cc1,0.632,Cc1ccc(C)n1-c1ccc(C(=O)O)cc1;NC1(CO)CNC1;R72;CC1CC1C(=O)Cl;R57;COC(=O)c1ccc(C(=O)OC)cc1;R49,3,0.338,0.629,0.693
COCC1(NC(=O)c2ccc(-n3c(C)c[nH]c3=O)cc2)CN(C(=O)[C@@H]2C[C@H]2C)C1,Cc1ccc(C(=O)NC2(COC(=O)c3ccc(-n4c(C)ccc4C)cc3)CN(C(=O)C3CC3C)C2)cc1,0.618,Cc1ccc(C)n1-c1ccc(C(=O)O)cc1;NC1(CO)CNC1;R72;CC1CC1C(=O)Cl;R57;COC(=O)c1ccc(C)cc1;R49,3,0.338,0.644,0.692
COCC1(NC(=O)c2ccc(-n3c(C)c[nH]c3=O)cc2)CN(C(=O)[C@@H]2C[C@H]2C)C1,COc1ccc(C(=O)NC2(COC(=O)c3ccc(-n4c(C)ccc4C)cc3)CN(C(=O)C3CC3C)C2)cc1,0.614,Cc1ccc(C)n1-c1ccc(C(=O)O)cc1;NC1(CO)CNC1;R72;CC1CC1C(=O)Cl;R57;COC(=O)c1ccc(OC)cc1;R49,3,0.338,0.672,0.679
COCC1(NC(=O)c2ccc(-n3c(C)c[nH]c3=O)cc2)CN(C(=O)[C@@H]2C[C@H]2C)C1,CNc1ccc(C(=O)NC2(COC(=O)c3ccc(-n4c(C)ccc4C)cc3)CN(C(=O)C3CC3C)C2)cc1,0.614,Cc1ccc(C)n1-c1ccc(C(=O)O)cc1;NC1(CO)CNC1;R72;CC1CC1C(=O)Cl;R57;CNc1ccc(C(=O)OC)cc1;R49,3,0.338,0.608,0.685
COCC1(NC(=O)c2ccc(-n3c(C)c[nH]c3=O)cc2)CN(C(=O)[C@@H]2C[C@H]2C)C1,Cc1ccc(C)n1-c1ccc(C(=O)NC2(CO)CN(C(=O)C3CC3C)C2)cc1,0.609,Cc1ccc(C)n1-c1ccc(C(=O)O)cc1;NC1(CO)CNC1;R8;CC1CC1C(=O)Cl;R57,2,0.640,0.775,0.729
COCC1(NC(=O)c2ccc(-n3c(C)c[nH]c3=O)cc2)CN(C(=O)[C@@H]2C[C@H]2C)C1,CC(=O)c1ccc(C(=O)NC2(COC(=O)c3ccc(-n4c(C)ccc4C)cc3)CN(C(=O)C3CC3C)C2)cc1,0.609,Cc1ccc(C)n1-c1ccc(C(=O)O)cc1;NC1(CO)CNC1;R72;CC1CC1C(=O)Cl;R57;COC(=O)c1ccc(C(C)=O)cc1;R49,3,0.338,0.627,0.682
COCC1(NC(=O)c2ccc(-n3c(C)c[nH]c3=O)cc2)CN(C(=O)[C@@H]2C[C@H]2C)C1,Cc1ccc(C)n1-c1ccc(C(=O)OCC2(NC(=O)c3ccccc3)CN(C(=O)C3CC3C)C2)cc1,0.609,Cc1ccc(C)n1-c1ccc(C(=O)O)cc1;NC1(CO)CNC1;R72;CC1CC1C(=O)Cl;R57;COC(=O)c1ccccc1;R49,3,0.338,0.626,0.698
COCC1(NC(=O)c2ccc(-n3c(C)c[nH]c3=O)cc2)CN(C(=O)[C@@H]2C[C@H]2C)C1,Cc1ccc(C)n1-c1ccc(C(=O)OCC2(NC(=O)c3ccc(C(=O)Cl)cc3)CN(C(=O)C3CC3C)C2)cc1,0.609,Cc1ccc(C)n1-c1ccc(C(=O)O)cc1;NC1(CO)CNC1;R72;CC1CC1C(=O)Cl;R57;COC(=O)c1ccc(C(=O)Cl)cc1;R49,3,0.338,0.627,0.679
COCC1(NC(=O)c2ccc(-n3c(C)c[nH]c3=O)cc2)CN(C(=O)[C@@H]2C[C@H]2C)C1,COCC1(NC(=O)c2ccc(NC3(COC(=O)c4ccc(-n5c(C)ccc5C)cc4)CN(C(=O)C4CC4C)C3)cc2)CC1,0.608,Cc1ccc(C)n1-c1ccc(C(=O)O)cc1;NC1(CO)CNC1;R72;CC1CC1C(=O)Cl;R57;COC(=O)c1ccc(Cl)cc1;R103;COCC1(N)CC1;R49,4,0.389,0.450,0.602
COCC1(NC(=O)c2ccc(-n3c(C)c[nH]c3=O)cc2)CN(C(=O)[C@@H]2C[C@H]2C)C1,Cc1ccc(C)n1-c1ccc(C(=O)OCC2(NC(=O)c3ccc(C(N)=S)cc3)CN(C(=O)C3CC3C)C2)cc1,0.606,Cc1ccc(C)n1-c1ccc(C(=O)O)cc1;NC1(CO)CNC1;R72;CC1CC1C(=O)Cl;R57;COC(=O)c1ccc(C(N)=S)cc1;R49,3,,,
COCC1(NC(=O)c2ccc(-n3c(C)c[nH]c3=O)cc2)CN(C(=O)[C@@H]2C[C@H]2C)C1,Cc1ccc(C)n1-c1ccc(C(=O)OCC2(NC(=O)c3ccc(C(=O)O)cc3)CN(C(=O)C3CC3C)C2)cc1,0.600,Cc1ccc(C)n1-c1ccc(C(=O)O)cc1;NC1(CO)CNC1;R72;CC1CC1C(=O)Cl;R57;COC(=O)c1ccc(C(=O)O)cc1;R49,3,,,
COCC1(NC(=O)c2ccc(-n3c(C)c[nH]c3=O)cc2)CN(C(=O)[C@@H]2C[C@H]2C)C1,Cc1ccc(C)n1-c1ccc(C(=O)OCC2(NC(=O)c3ccc(O)cc3)CN(C(=O)C3CC3C)C2)cc1,0.600,Cc1ccc(C)n1-c1ccc(C(=O)O)cc1;NC1(CO)CNC1;R72;CC1CC1C(=O)Cl;R57;COC(=O)c1ccc(O)cc1;R49,3,,,
COCC1(NC(=O)c2ccc(-n3c(C)c[nH]c3=O)cc2)CN(C(=O)[C@@H]2C[C@H]2C)C1,Cc1ccc(C)n1-c1ccc(C(=O)OCC2(NC(=O)c3ccc(C(N)=O)cc3)CN(C(=O)C3CC3C)C2)cc1,0.600,Cc1ccc(C)n1-c1ccc(C(=O)O)cc1;NC1(CO)CNC1;R72;CC1CC1C(=O)Cl;R57;COC(=O)c1ccc(C(N)=O)cc1;R49,3,,,
COCC1(NC(=O)c2ccc(-n3c(C)c[nH]c3=O)cc2)CN(C(=O)[C@@H]2C[C@H]2C)C1,Cc1ccc(C)n1-c1ccc(C(=O)OCC2(NC(=O)c3ccc(I)cc3)CN(C(=O)C3CC3C)C2)cc1,0.600,Cc1ccc(C)n1-c1ccc(C(=O)O)cc1;NC1(CO)CNC1;R72;CC1CC1C(=O)Cl;R57;COC(=O)c1ccc(I)cc1;R49,3,,,
COCC1(NC(=O)c2ccc(-n3c(C)c[nH]c3=O)cc2)CN(C(=O)[C@@H]2C[C@H]2C)C1,Cc1ccc(C)n1-c1ccc(C(=O)OCC2(NC(=O)c3ccc(N)cc3)CN(C(=O)C3CC3C)C2)cc1,0.600,Cc1ccc(C)n1-c1ccc(C(=O)O)cc1;NC1(CO)CNC1;R72;CC1CC1C(=O)Cl;R57;COC(=O)c1ccc(N)cc1;R49,3,,,
COCC1(NC(=O)c2ccc(-n3c(C)c[nH]c3=O)cc2)CN(C(=O)[C@@H]2C[C@H]2C)C1,Cc1ccc(C)n1-c1ccc(C(=O)OCC2(NC(=O)c3ccc(Cl)cc3)CN(C(=O)C3CC3C)C2)cc1,0.600,Cc1ccc(C)n1-c1ccc(C(=O)O)cc1;NC1(CO)CNC1;R72;CC1CC1C(=O)Cl;R57;COC(=O)c1ccc(Cl)cc1;R49,3,,,
COCC1(NC(=O)c2ccc(-n3c(C)c[nH]c3=O)cc2)CN(C(=O)[C@@H]2C[C@H]2C)C1,Cc1ccc(C)n1-c1ccc(C(=O)OCC2(NC(=O)c3ccc(Br)cc3)CN(C(=O)C3CC3C)C2)cc1,0.600,Cc1ccc(C)n1-c1ccc(C(=O)O)cc1;NC1(CO)CNC1;R72;CC1CC1C(=O)Cl;R57;COC(=O)c1ccc(Br)cc1;R49,3,,,
COCC1(NC(=O)c2ccc(-n3c(C)c[nH]c3=O)cc2)CN(C(=O)[C@@H]2C[C@H]2C)C1,Cc1ccc(C)n1-c1ccc(C(=O)OCC2(NC(=O)c3ccc(F)cc3)CN(C(=O)C3CC3C)C2)cc1,0.600,Cc1ccc(C)n1-c1ccc(C(=O)O)cc1;NC1(CO)CNC1;R72;CC1CC1C(=O)Cl;R57;COC(=O)c1ccc(F)cc1;R49,3,,,
COCC1(NC(=O)c2ccc(-n3c(C)c[nH]c3=O)cc2)CN(C(=O)[C@@H]2C[C@H]2C)C1,CCc1ccc(C(=O)NC2(COC(=O)c3ccc(-n4c(C)ccc4C)cc3)CN(C(=O)C3CC3C)C2)cc1,0.600,Cc1ccc(C)n1-c1ccc(C(=O)O)cc1;NC1(CO)CNC1;R72;CC1CC1C(=O)Cl;R57;CCc1ccc(C(=O)OC)cc1;R49,3,,,
COCC1(NC(=O)c2ccc(-n3c(C)c[nH]c3=O)cc2)CN(C(=O)[C@@H]2C[C@H]2C)C1,COCC1(NC(=O)c2ccc(NC3(COC(=O)c4ccc(-n5c(C)ccc5C)cc4)CN(C(=O)C4CC4C)C3)cc2)CCC1,0.592,Cc1ccc(C)n1-c1ccc(C(=O)O)cc1;NC1(CO)CNC1;R72;CC1CC1C(=O)Cl;R57;COC(=O)c1ccc(Cl)cc1;R103;COCC1(N)CCC1;R49,4,,,
COCC1(NC(=O)c2ccc(-n3c(C)c[nH]c3=O)cc2)CN(C(=O)[C@@H]2C[C@H]2C)C1,COCC1(NC(=O)c2ccc(NC3(COC(=O)c4ccc(-n5c(C)ccc5C)cc4)CN(C(=O)C4CC4C)C3)cc2)CCCC1,0.592,Cc1ccc(C)n1-c1ccc(C(=O)O)cc1;NC1(CO)CNC1;R72;CC1CC1C(=O)Cl;R57;COC(=O)c1ccc(Cl)cc1;R103;COCC1(N)CCCC1;R49,4,,,
COCC1(NC(=O)c2ccc(-n3c(C)c[nH]c3=O)cc2)CN(C(=O)[C@@H]2C[C@H]2C)C1,Cc1ccc(C)n1-c1ccc(C(=O)OCC2(NC(=O)c3ccncc3)CN(C(=O)C3CC3C)C2)cc1,0.592,Cc1ccc(C)n1-c1ccc(C(=O)O)cc1;NC1(CO)CNC1;R72;CC1CC1C(=O)Cl;R57;COC(=O)c1ccncc1;R49,3,,,
COCC1(NC(=O)c2ccc(-n3c(C)c[nH]c3=O)cc2)CN(C(=O)[C@@H]2C[C@H]2C)C1,CCC(=O)c1ccc(C(=O)NC2(COC(=O)c3ccc(-n4c(C)ccc4C)cc3)CN(C(=O)C3CC3C)C2)cc1,0.592,Cc1ccc(C)n1-c1ccc(C(=O)O)cc1;NC1(CO)CNC1;R72;CC1CC1C(=O)Cl;R57;CCC(=O)c1ccc(C(=O)OC)cc1;R49,3,,,
COCC1(NC(=O)c2ccc(-n3c(C)c[nH]c3=O)cc2)CN(C(=O)[C@@H]2C[C@H]2C)C1,Cc1ccc(C)n1-c1ccc(C(=O)OCC2(NC(=O)c3ccc(C=O)cc3)CN(C(=O)C3CC3C)C2)cc1,0.583,Cc1ccc(C)n1-c1ccc(C(=O)O)cc1;NC1(CO)CNC1;R72;CC1CC1C(=O)Cl;R57;COC(=O)c1ccc(C=O)cc1;R49,3,,,
COCC1(NC(=O)c2ccc(-n3c(C)c[nH]c3=O)cc2)CN(C(=O)[C@@H]2C[C@H]2C)C1,Cc1ccc(C)n1-c1ccc(C(=O)OCC2(NC(=O)c3ccc(C(=N)N)cc3)CN(C(=O)C3CC3C)C2)cc1,0.583,Cc1ccc(C)n1-c1ccc(C(=O)O)cc1;NC1(CO)CNC1;R72;CC1CC1C(=O)Cl;R57;COC(=O)c1ccc(C(=N)N)cc1;R49,3,,,
COCC1(NC(=O)c2ccc(-n3c(C)c[nH]c3=O)cc2)CN(C(=O)[C@@H]2C[C@H]2C)C1,Cc1ccc(C)n1-c1ccc(C(=O)OCC2(NC(=O)c3ccc(C(C)(C)C)cc3)CN(C(=O)C3CC3C)C2)cc1,0.583,Cc1ccc(C)n1-c1ccc(C(=O)O)cc1;NC1(CO)CNC1;R72;CC1CC1C(=O)Cl;R57;COC(=O)c1ccc(C(C)(C)C)cc1;R49,3,,,
COCC1(NC(=O)c2ccc(-n3c(C)c[nH]c3=O)cc2)CN(C(=O)[C@@H]2C[C@H]2C)C1,COCC1(NC(=O)c2ccc(C(C)NC3(COC(=O)c4ccc(-n5c(C)ccc5C)cc4)CN(C(=O)C4CC4C)C3)cc2)CC1,0.577,Cc1ccc(C)n1-c1ccc(C(=O)O)cc1;NC1(CO)CNC1;R72;CC1CC1C(=O)Cl;R57;COC(=O)c1ccc(C(C)=O)cc1;R43;COCC1(N)CC1;R49,4,,,
COCC1(NC(=O)c2ccc(-n3c(C)c[nH]c3=O)cc2)CN(C(=O)[C@@H]2C[C@H]2C)C1,COCC1(NC(=O)c2ccc(C(C)NC3(COC(=O)c4ccc(-n5c(C)ccc5C)cc4)CN(C(=O)C4CC4C)C3)cc2)CC(=O)C1,0.575,Cc1ccc(C)n1-c1ccc(C(=O)O)cc1;NC1(CO)CNC1;R72;CC1CC1C(=O)Cl;R57;COC(=O)c1ccc(C(C)=O)cc1;R43;COCC1(N)CC(=O)C1;R49,4,,,
COCC1(NC(=O)c2ccc(-n3c(C)c[nH]c3=O)cc2)CN(C(=O)[C@@H]2C[C@H]2C)C1,COCC1(NC(=O)c2ccc(C(C)NC3(COC(=O)c4ccc(-n5c(C)ccc5C)cc4)CN(C(=O)C4CC4C)C3)cc2)CCC1,0.562,Cc1ccc(C)n1-c1ccc(C(=O)O)cc1;NC1(CO)CNC1;R72;CC1CC1C(=O)Cl;R57;COC(=O)c1ccc(C(C)=O)cc1;R43;COCC1(N)CCC1;R49,4,,,
COCC1(NC(=O)c2ccc(-n3c(C)c[nH]c3=O)cc2)CN(C(=O)[C@@H]2C[C@H]2C)C1,COCC1(NC(=O)c2ccc(C(C)NC3(COC(=O)c4ccc(-n5c(C)ccc5C)cc4)CN(C(=O)C4CC4C)C3)cc2)CCCC1,0.562,Cc1ccc(C)n1-c1ccc(C(=O)O)cc1;NC1(CO)CNC1;R72;CC1CC1C(=O)Cl;R57;COC(=O)c1ccc(C(C)=O)cc1;R43;COCC1(N)CCCC1;R49,4,,,
COCC1(NC(=O)c2ccc(-n3c(C)c[nH]c3=O)cc2)CN(C(=O)[C@@H]2C[C@H]2C)C1,COCC1(NC(=O)c2ccc(C(C)NC3(COC(=O)c4ccc(-n5c(C)ccc5C)cc4)CN(C(=O)C4CC4C)C3)cc2)CC=CC1,0.562,Cc1ccc(C)n1-c1ccc(C(=O)O)cc1;NC1(CO)CNC1;R72;CC1CC1C(=O)Cl;R57;COC(=O)c1ccc(C(C)=O)cc1;R43;COCC1(N)CC=CC1;R49,4,,,
COCC1(NC(=O)c2ccc(-n3c(C)c[nH]c3=O)cc2)CN(C(=O)[C@@H]2C[C@H]2C)C1,CCC(NC1(COC(=O)c2ccc(-n3c(C)ccc3C)cc2)CN(C(=O)C2CC2C)C1)c1ccc(C(=O)NC2(COC)CC2)cc1,0.562,Cc1ccc(C)n1-c1ccc(C(=O)O)cc1;NC1(CO)CNC1;R72;CC1CC1C(=O)Cl;R57;CCC(=O)c1ccc(C(=O)OC)cc1;R43;COCC1(N)CC1;R49,4,,,
COCC1(NC(=O)c2ccc(-n3c(C)c[nH]c3=O)cc2)CN(C(=O)[C@@H]2C[C@H]2C)C1,COCC1(NC(=O)c2ccc(C(C)NC3(COC(=O)c4ccc(-n5c(C)ccc5C)cc4)CN(C(=O)C4CC4C)C3)cc2)CCNCC1,0.561,Cc1ccc(C)n1-c1ccc(C(=O)O)cc1;NC1(CO)CNC1;R72;CC1CC1C(=O)Cl;R57;COC(=O)c1ccc(C(C)=O)cc1;R43;COCC1(N)CCNCC1;R49,4,,,
COCC1(NC(=O)c2ccc(-n3c(C)c[nH]c3=O)cc2)CN(C(=O)[C@@H]2C[C@H]2C)C1,COCC1(NC(=O)c2ccc(CNC3(COC(=O)c4ccc(-n5c(C)ccc5C)cc4)CN(C(=O)C4CC4C)C3)cc2)CN(C(=O)OC(C)(C)C)C1,0.561,Cc1ccc(C)n1-c1ccc(C(=O)O)cc1;NC1(CO)CNC1;R72;CC1CC1C(=O)Cl;R57;COC(=O)c1ccc(C=O)cc1;R43;COCC1(N)CN(C(=O)OC(C)(C)C)C1;R49,4,,,
COCC1(NC(=O)c2ccc(-n3c(C)c[nH]c3=O)cc2)CN(C(=O)[C@@H]2C[C@H]2C)C1,COCC1(NC(=O)c2ccc(C(C)NC3(COC(=O)c4ccc(-n5c(C)ccc5C)cc4)CN(C(=O)C4CC4C)C3)cc2)COC1,0.556,Cc1ccc(C)n1-c1ccc(C(=O)O)cc1;NC1(CO)CNC1;R72;CC1CC1C(=O)Cl;R57;COC(=O)c1ccc(C(C)=O)cc1;R43;COCC1(N)COC1;R49,4,,,
COCC1(NC(=O)c2ccc(-n3c(C)c[nH]c3=O)cc2)CN(C(=O)[C@@H]2C[C@H]2C)C1,COCC1(NC(=O)c2ccc(C(C)NC3(COC(=O)c4ccc(-n5c(C)ccc5C)cc4)CN(C(=O)C4CC4C)C3)cc2)CCCCC1,0.556,Cc1ccc(C)n1-c1ccc(C(=O)O)cc1;NC1(CO)CNC1;R72;CC1CC1C(=O)Cl;R57;COC(=O)c1ccc(C(C)=O)cc1;R43;COCC1(N)CCCCC1;R49,4,,,
COCC1(NC(=O)c2ccc(-n3c(C)c[nH]c3=O)cc2)CN(C(=O)[C@@H]2C[C@H]2C)C1,COCC1(NC(=O)c2ccc(C(C)NC3(COC(=O)c4ccc(-n5c(C)ccc5C)cc4)CN(C(=O)C4CC4C)C3)cc2)CCCCCC1,0.556,Cc1ccc(C)n1-c1ccc(C(=O)O)cc1;NC1(CO)CNC1;R72;CC1CC1C(=O)Cl;R57;COC(=O)c1ccc(C(C)=O)cc1;R43;COCC1(N)CCCCCC1;R49,4,,,
COCC1(NC(=O)c2ccc(-n3c(C)c[nH]c3=O)cc2)CN(C(=O)[C@@H]2C[C@H]2C)C1,COCC1(NC(=O)c2ccc(C(C)NC3(COC(=O)c4ccc(-n5c(C)ccc5C)cc4)CN(C(=O)C4CC4C)C3)cc2)CC(F)(F)C1,0.556,Cc1ccc(C)n1-c1ccc(C(=O)O)cc1;NC1(CO)CNC1;R72;CC1CC1C(=O)Cl;R57;COC(=O)c1ccc(C(C)=O)cc1;R43;COCC1(N)CC(F)(F)C1;R49,4,,,
COCC1(NC(=O)c2ccc(-n3c(C)c[nH]c3=O)cc2)CN(C(=O)[C@@H]2C[C@H]2C)C1,COCC1(NC(=O)c2ccc(C(C)NC3(COC(=O)c4ccc(-n5c(C)ccc5C)cc4)CN(C(=O)C4CC4C)C3)cc2)CC(OC)(OC)C1,0.556,Cc1ccc(C)n1-c1ccc(C(=O)O)cc1;NC1(CO)CNC1;R72;CC1CC1C(=O)Cl;R57;COC(=O)c1ccc(C(C)=O)cc1;R43;COCC1(N)CC(OC)(OC)C1;R49,4,,,
COCC1(NC(=O)c2ccc(-n3c(C)c[nH]c3=O)cc2)CN(C(=O)[C@@H]2C[C@H]2C)C1,COCC1(NC(=O)c2ccc(N(C)C(=O)NC3(COC(=O)c4ccc(-n5c(C)ccc5C)cc4)CN(C(=O)C4CC4C)C3)cc2)CN(C(=O)OC(C)(C)C)C1,0.548,Cc1ccc(C)n1-c1ccc(C(=O)O)cc1;NC1(CO)CNC1;R72;CC1CC1C(=O)Cl;R57;CNc1ccc(C(=O)OC)cc1;R36;COCC1(N)CN(C(=O)OC(C)(C)C)C1;R49,4,,,
COCC1(NC(=O)c2ccc(-n3c(C)c[nH]c3=O)cc2)CN(C(=O)[C@@H]2C[C@H]2C)C1,Cc1ccc(C)n1-c1ccc(C(=O)NC2(C)CN(C(=O)C3CC3C)C2)cc1,0.547,Cc1ccc(C)n1-c1ccc(C(=O)O)cc1;CC1(N)CNC1;R8;CC1CC1C(=O)Cl;R57,2,,,
COCC1(NC(=O)c2ccc(-n3c(C)c[nH]c3=O)cc2)CN(C(=O)[C@@H]2C[C@H]2C)C1,CCOC(=O)c1cc(C)n(c2ccc(C(=O)NC3(COC(=O)c4ccc(-n5c(C)ccc5C)cc4)CN(C(=O)C4CC4C)C3)cc2)c1,0.545,Cc1ccc(C)n1-c1ccc(C(=O)O)cc1;NC1(CO)CNC1;R72;CC1CC1C(=O)Cl;R57;COC(=O)c1ccc(B(O)O)cc1;R49;CCOC(=O)c1c[nH]c(C)c1;R99,4,,,
COCC1(NC(=O)c2ccc(-n3c(C)c[nH]c3=O)cc2)CN(C(=O)[C@@H]2C[C@H]2C)C1,COCC1(NC(=O)c2ccc(C(C)NC3(COC(=O)c4ccc(-n5c(C)ccc5C)cc4)CN(C(=O)C4CC4C)C3)cc2)CCOCC1,0.542,Cc1ccc(C)n1-c1ccc(C(=O)O)cc1;NC1(CO)CNC1;R72;CC1CC1C(=O)Cl;R57;COC(=O)c1ccc(C(C)=O)cc1;R43;COCC1(N)CCOCC1;R49,4,,,
COCC1(NC(=O)c2ccc(-n3c(C)c[nH]c3=O)cc2)CN(C(=O)[C@@H]2C[C@H]2C)C1,COCC1(NC(=O)C(C)(C(C)=O)N(N)c2ccc(C(=O)NC3(COC(=O)c4ccc(-n5c(C)ccc5C)cc4)CN(C(=O)C4CC4C)C3)cc2)CC1,0.541,Cc1ccc(C)n1-c1ccc(C(=O)O)cc1;NC1(CO)CNC1;R72;CC1CC1C(=O)Cl;R57;COC(=O)c1ccc(NN)cc1;R49;CC(=O)C(C)=O;R71;COCC1(N)CC1;R8,5,,,
COCC1(NC(=O)c2ccc(-n3c(C)c[nH]c3=O)cc2)CN(C(=O)[C@@H]2C[C@H]2C)C1,COCC1(NC(=O)C(C)(C(=O)O)N(N)c2ccc(C(=O)NC3(COC(=O)c4ccc(-n5c(C)ccc5C)cc4)CN(C(=O)C4CC4C)C3)cc2)CC1,0.535,Cc1ccc(C)n1-c1ccc(C(=O)O)cc1;NC1(CO)CNC1;R72;CC1CC1C(=O)Cl;R57;COC(=O)c1ccc(NN)cc1;R49;CC(=O)C(=O)O;R71;COCC1(N)CC1;R8,5,,,
COCC1(NC(=O)c2ccc(-n3c(C)c[nH]c3=O)cc2)CN(C(=O)[C@@H]2C[C@H]2C)C1,COCC1(NC(=O)C(C)(C(C)=O)N(N)c2ccc(C(=O)NC3(COC(=O)c4ccc(-n5c(C)ccc5C)cc4)CN(C(=O)C4CC4C)C3)cc2)CCNCC1,0.528,Cc1ccc(C)n1-c1ccc(C(=O)O)cc1;NC1(CO)CNC1;R72;CC1CC1C(=O)Cl;R57;COC(=O)c1ccc(NN)cc1;R49;CC(=O)C(C)=O;R71;COCC1(N)CCNCC1;R8,5,,,
COCC1(NC(=O)c2ccc(-n3c(C)c[nH]c3=O)cc2)CN(C(=O)[C@@H]2C[C@H]2C)C1,COCC1(NC(=O)c2ccc(N3CC(COC(=O)c4ccc(-n5c(C)ccc5C)cc4)(NC(=O)C4CC4C)C3)cc2)CC1,0.526,Cc1ccc(C)n1-c1ccc(C(=O)O)cc1;NC1(CO)CNC1;R72;CC1CC1C(=O)Cl;R57;COC(=O)c1ccc(Cl)cc1;R103;COCC1(N)CC1;R49,4,,,
COCC1(NC(=O)c2ccc(-n3c(C)c[nH]c3=O)cc2)CN(C(=O)[C@@H]2C[C@H]2C)C1,COCC1(NC(=O)C(C)(C(=O)O)N(N)c2ccc(C(=O)NC3(COC(=O)c4ccc(-n5c(C)ccc5C)cc4)CN(C(=O)C4CC4C)C3)cc2)CCC1,0.523,Cc1ccc(C)n1-c1ccc(C(=O)O)cc1;NC1(CO)CNC1;R72;CC1CC1C(=O)Cl;R57;COC(=O)c1ccc(NN)cc1;R49;CC(=O)C(=O)O;R71;COCC1(N)CCC1;R8,5,,,
COCC1(NC(=O)c2ccc(-n3c(C)c[nH]c3=O)cc2)CN(C(=O)[C@@H]2C[C@H]2C)C1,COCC1(NC(=O)C(C)(C(=O)O)N(N)c2ccc(C(=O)NC3(COC(=O)c4ccc(-n5c(C)ccc5C)cc4)CN(C(=O)C4CC4C)C3)cc2)CCCC1,0.523,Cc1ccc(C)n1-c1ccc(C(=O)O)cc1;NC1(CO)CNC1;R72;CC1CC1C(=O)Cl;R57;COC(=O)c1ccc(NN)cc1;R49;CC(=O)C(=O)O;R71;COCC1(N)CCCC1;R8,5,,,
COCC1(NC(=O)c2ccc(-n3c(C)c[nH]c3=O)cc2)CN(C(=O)[C@@H]2C[C@H]2C)C1,COCC1(NC(=O)C(C)(C(=O)O)N(N)c2ccc(C(=O)NC3(COC(=O)c4ccc(-n5c(C)ccc5C)cc4)CN(C(=O)C4CC4C)C3)cc2)CC=CC1,0.523,Cc1ccc(C)n1-c1ccc(C(=O)O)cc1;NC1(CO)CNC1;R72;CC1CC1C(=O)Cl;R57;COC(=O)c1ccc(NN)cc1;R49;CC(=O)C(=O)O;R71;COCC1(N)CC=CC1;R8,5,,,
COCC1(NC(=O)c2ccc(-n3c(C)c[nH]c3=O)cc2)CN(C(=O)[C@@H]2C[C@H]2C)C1,COCC1(NC(=O)C(C)(C(=O)O)N(N)c2ccc(C(=O)NC3(COC(=O)c4ccc(-n5c(C)ccc5C)cc4)CN(C(=O)C4CC4C)C3)cc2)CCNCC1,0.522,Cc1ccc(C)n1-c1ccc(C(=O)O)cc1;NC1(CO)CNC1;R72;CC1CC1C(=O)Cl;R57;COC(=O)c1ccc(NN)cc1;R49;CC(=O)C(=O)O;R71;COCC1(N)CCNCC1;R8,5,,,
COCC1(NC(=O)c2ccc(-n3c(C)c[nH]c3=O)cc2)CN(C(=O)[C@@H]2C[C@H]2C)C1,COCC1(NC(=O)c2ccc(-n3c(C)ccc3C)cc2)CC(OC(=O)C2CC2C)(C(=O)O)C1,0.521,Cc1ccc(C)n1-c1ccc(C(=O)O)cc1;COCC1(N)CC(=O)C1;R8;CC1CC1C(=O)O;R71,2,,,
COCC1(NC(=O)c2ccc(-n3c(C)c[nH]c3=O)cc2)CN(C(=O)[C@@H]2C[C@H]2C)C1,COCC12CC(NC(=O)c3ccc(C(C)NC4(COC(=O)c5ccc(-n6c(C)ccc6C)cc5)CN(C(=O)C5CC5C)C4)cc3)(C1)C2,0.518,Cc1ccc(C)n1-c1ccc(C(=O)O)cc1;NC1(CO)CNC1;R72;CC1CC1C(=O)Cl;R57;COC(=O)c1ccc(C(C)=O)cc1;R43;COCC12CC(N)(C1)C2;R49,4,,,
COCC1(NC(=O)c2ccc(-n3c(C)c[nH]c3=O)cc2)CN(C(=O)[C@@H]2C[C@H]2C)C1,COCC1(COC)CN(C(=O)C(C)(C(C)=O)N(N)c2ccc(C(=O)NC3(COC(=O)c4ccc(-n5c(C)ccc5C)cc4)CN(C(=O)C4CC4C)C3)cc2)C1,0.517,Cc1ccc(C)n1-c1ccc(C(=O)O)cc1;NC1(CO)CNC1;R72;CC1CC1C(=O)Cl;R57;COC(=O)c1ccc(NN)cc1;R49;CC(=O)C(C)=O;R71;COCC1(COC)CNC1;R8,5,,,
COCC1(NC(=O)c2ccc(-n3c(C)c[nH]c3=O)cc2)CN(C(=O)[C@@H]2C[C@H]2C)C1,COCC1(NC(=O)C(C)(C(=O)O)N(N)c2ccc(C(=O)NC3(COC(=O)c4ccc(-n5c(C)ccc5C)cc4)CN(C(=O)C4CC4C)C3)cc2)COC1,0.517,Cc1ccc(C)n1-c1ccc(C(=O)O)cc1;NC1(CO)CNC1;R72;CC1CC1C(=O)Cl;R57;COC(=O)c1ccc(NN)cc1;R49;CC(=O)C(=O)O;R71;COCC1(N)COC1;R8,5,,,
COCC1(NC(=O)c2ccc(-n3c(C)c[nH]c3=O)cc2)CN(C(=O)[C@@H]2C[C@H]2C)C1,COCC1(NC(=O)C(C)(C(=O)O)N(N)c2ccc(C(=O)NC3(COC(=O)c4ccc(-n5c(C)ccc5C)cc4)CN(C(=O)C4CC4C)C3)cc2)CCCCC1,0.517,Cc1ccc(C)n1-c1ccc(C(=O)O)cc1;NC1(CO)CNC1;R72;CC1CC1C(=O)Cl;R57;COC(=O)c1ccc(NN)cc1;R49;CC(=O)C(=O)O;R71;COCC1(N)CCCCC1;R8,5,,,
COCC1(NC(=O)c2ccc(-n3c(C)c[nH]c3=O)cc2)CN(C(=O)[C@@H]2C[C@H]2C)C1,COCC1(NC(=O)C(C)(C(=O)O)N(N)c2ccc(C(=O)NC3(COC(=O)c4ccc(-n5c(C)ccc5C)cc4)CN(C(=O)C4CC4C)C3)cc2)CCCCCC1,0.517,Cc1ccc(C)n1-c1ccc(C(=O)O)cc1;NC1(CO)CNC1;R72;CC1CC1C(=O)Cl;R57;COC(=O)c1ccc(NN)cc1;R49;CC(=O)C(=O)O;R71;COCC1(N)CCCCCC1;R8,5,,,
COCC1(NC(=O)c2ccc(-n3c(C)c[nH]c3=O)cc2)CN(C(=O)[C@@H]2C[C@H]2C)C1,COCC1(NC(=O)c2ccc(N3CC(COC(=O)c4ccc(-n5c(C)ccc5C)cc4)(NC(=O)C4CC4C)C3)cc2)CCC1,0.513,Cc1ccc(C)n1-c1ccc(C(=O)O)cc1;NC1(CO)CNC1;R72;CC1CC1C(=O)Cl;R57;COC(=O)c1ccc(Cl)cc1;R103;COCC1(N)CCC1;R49,4,,,
COCC1(NC(=O)c2ccc(-n3c(C)c[nH]c3=O)cc2)CN(C(=O)[C@@H]2C[C@H]2C)C1,COCC1(NC(=O)c2ccc(N3CC(COC(=O)c4ccc(-n5c(C)ccc5C)cc4)(NC(=O)C4CC4C)C3)cc2)CCCC1,0.513,Cc1ccc(C)n1-c1ccc(C(=O)O)cc1;NC1(CO)CNC1;R72;CC1CC1C(=O)Cl;R57;COC(=O)c1ccc(Cl)cc1;R103;COCC1(N)CCCC1;R49,4,,,
COCC1(NC(=O)c2ccc(-n3c(C)c[nH]c3=O)cc2)CN(C(=O)[C@@H]2C[C@H]2C)C1,COCC1(COC)CN(C(=O)C(C)(C(=O)O)N(N)c2ccc(C(=O)NC3(COC(=O)c4ccc(-n5c(C)ccc5C)cc4)CN(C(=O)C4CC4C)C3)cc2)C1,0.511,Cc1ccc(C)n1-c1ccc(C(=O)O)cc1;NC1(CO)CNC1;R72;CC1CC1C(=O)Cl;R57;COC(=O)c1ccc(NN)cc1;R49;CC(=O)C(=O)O;R71;COCC1(COC)CNC1;R8,5,,,
COCC1(NC(=O)c2ccc(-n3c(C)c[nH]c3=O)cc2)CN(C(=O)[C@@H]2C[C@H]2C)C1,COCC1(C)CN(C(=O)C(C)(C(C)=O)N(N)c2ccc(C(=O)NC3(COC(=O)c4ccc(-n5c(C)ccc5C)cc4)CN(C(=O)C4CC4C)C3)cc2)C1,0.511,Cc1ccc(C)n1-c1ccc(C(=O)O)cc1;NC1(CO)CNC1;R72;CC1CC1C(=O)Cl;R57;COC(=O)c1ccc(NN)cc1;R49;CC(=O)C(C)=O;R71;COCC1(C)CNC1;R8,5,,,
COCC1(NC(=O)c2ccc(-n3c(C)c[nH]c3=O)cc2)CN(C(=O)[C@@H]2C[C@H]2C)C1,COCC1(C)CN(C(=O)C(C)(C(=O)O)N(N)c2ccc(C(=O)NC3(COC(=O)c4ccc(-n5c(C)ccc5C)cc4)CN(C(=O)C4CC4C)C3)cc2)C1,0.506,Cc1ccc(C)n1-c1ccc(C(=O)O)cc1;NC1(CO)CNC1;R72;CC1CC1C(=O)Cl;R57;COC(=O)c1ccc(NN)cc1;R49;CC(=O)C(=O)O;R71;COCC1(C)CNC1;R8,5,,,
COCC1(NC(=O)c2ccc(-n3c(C)c[nH]c3=O)cc2)CN(C(=O)[C@@H]2C[C@H]2C)C1,COC[C@@]1(C)CN(C(=O)C(C)(C(=O)O)N(N)c2ccc(C(=O)NC3(COC(=O)c4ccc(-n5c(C)ccc5C)cc4)CN(C(=O)C4CC4C)C3)cc2)C[C@@]1(C)COC,0.506,Cc1ccc(C)n1-c1ccc(C(=O)O)cc1;NC1(CO)CNC1;R72;CC1CC1C(=O)Cl;R57;COC(=O)c1ccc(NN)cc1;R49;CC(=O)C(=O)O;R71;COC[C@]1(C)CNC[C@]1(C)COC;R8,5,,,
COCC1(NC(=O)c2ccc(-n3c(C)c[nH]c3=O)cc2)CN(C(=O)[C@@H]2C[C@H]2C)C1,COCC1(OC)CN(C(=O)C(C)(C(=O)O)N(N)c2ccc(C(=O)NC3(COC(=O)c4ccc(-n5c(C)ccc5C)cc4)CN(C(=O)C4CC4C)C3)cc2)C1,0.506,Cc1ccc(C)n1-c1ccc(C(=O)O)cc1;NC1(CO)CNC1;R72;CC1CC1C(=O)Cl;R57;COC(=O)c1ccc(NN)cc1;R49;CC(=O)C(=O)O;R71;COCC1(OC)CNC1;R8,5,,,
COCC1(NC(=O)c2ccc(-n3c(C)c[nH]c3=O)cc2)CN(C(=O)[C@@H]2C[C@H]2C)C1,COCC1(NC(=O)C(C)(C(=O)O)N(N)c2ccc(C(=O)NC3(COC(=O)c4ccc(-n5c(C)ccc5C)cc4)CN(C(=O)C4CC4C)C3)cc2)CCOCC1,0.505,Cc1ccc(C)n1-c1ccc(C(=O)O)cc1;NC1(CO)CNC1;R72;CC1CC1C(=O)Cl;R57;COC(=O)c1ccc(NN)cc1;R49;CC(=O)C(=O)O;R71;COCC1(N)CCOCC1;R8,5,,,
COCC1(NC(=O)c2ccc(-n3c(C)c[nH]c3=O)cc2)CN(C(=O)[C@@H]2C[C@H]2C)C1,COC(=O)c1ccc(NC2(COC(=O)c3ccc(-n4c(C)ccc4C)cc3)CN(C(=O)C3CC3C)C2)cc1,0.500,Cc1ccc(C)n1-c1ccc(C(=O)O)cc1;NC1(CO)CNC1;R72;CC1CC1C(=O)Cl;R57;COC(=O)c1ccc(Br)cc1;R9,3,,,
COCC1(NC(=O)c2ccc(-n3c(C)c[nH]c3=O)cc2)CN(C(=O)[C@@H]2C[C@H]2C)C1,Cc1ccc(C)n1-c1ccc(C(=O)OCC2(NC(C)c3ccc(C(=O)NC4(CO)CNC4)cc3)CN(C(=O)C3CC3C)C2)cc1,0.500,Cc1ccc(C)n1-c1ccc(C(=O)O)cc1;NC1(CO)CNC1;R72;CC1CC1C(=O)Cl;R57;COC(=O)c1ccc(C(C)=O)cc1;R43;NC1(CO)CNC1;R49,4,,,
COCC1(NC(=O)c2ccc(-n3c(C)c[nH]c3=O)cc2)CN(C(=O)[C@@H]2C[C@H]2C)C1,COCC1(N(C)C)CN(C(=O)C(C)(C(=O)O)N(N)c2ccc(C(=O)NC3(COC(=O)c4ccc(-n5c(C)ccc5C)cc4)CN(C(=O)C4CC4C)C3)cc2)C1,0.500,Cc1ccc(C)n1-c1ccc(C(=O)O)cc1;NC1(CO)CNC1;R72;CC1CC1C(=O)Cl;R57;COC(=O)c1ccc(NN)cc1;R49;CC(=O)C(=O)O;R71;COCC1(N(C)C)CNC1;R8,5,,,
COCC1(NC(=O)c2ccc(-n3c(C)c[nH]c3=O)cc2)CN(C(=O)[C@@H]2C[C@H]2C)C1,COCC1(N)CCN(C(=O)C(C)(C(C)=O)N(N)c2ccc(C(=O)NC3(COC(=O)c4ccc(-n5c(C)ccc5C)cc4)CN(C(=O)C4CC4C)C3)cc2)CC1,0.495,Cc1ccc(C)n1-c1ccc(C(=O)O)cc1;NC1(CO)CNC1;R72;CC1CC1C(=O)Cl;R57;COC(=O)c1ccc(NN)cc1;R49;CC(=O)C(C)=O;R71;COCC1(N)CCNCC1;R8,5,,,
COCC1(NC(=O)c2ccc(-n3c(C)c[nH]c3=O)cc2)CN(C(=O)[C@@H]2C[C@H]2C)C1,Cc1ccc(C)n1-c1ccc(C(=O)OCC2(NC(C)c3ccc(C(=O)NC4(C)CNC4)cc3)CN(C(=O)C3CC3C)C2)cc1,0.494,Cc1ccc(C)n1-c1ccc(C(=O)O)cc1;NC1(CO)CNC1;R72;CC1CC1C(=O)Cl;R57;COC(=O)c1ccc(C(C)=O)cc1;R43;CC1(N)CNC1;R49,4,,,
COCC1(NC(=O)c2ccc(-n3c(C)c[nH]c3=O)cc2)CN(C(=O)[C@@H]2C[C@H]2C)C1,COCC1(NC(=O)c2ccc(-n3c(C)ccc3C)cc2)CCN(C(C)[C@H]2C[C@@H]2C)CC1,0.493,Cc1ccc(C)n1-c1ccc(C(=O)O)cc1;COCC1(N)CCNCC1;R8;CC(=O)[C@H]1C[C@@H]1C;R43,2,,,
COCC1(NC(=O)c2ccc(-n3c(C)c[nH]c3=O)cc2)CN(C(=O)[C@@H]2C[C@H]2C)C1,Cc1c[nH]c(=O)n1-c1ccc(C(=O)NC2(C(=O)O)CN(C(=O)OC(C)(C)C)C2)cc1,0.493,Cc1ccc(C)n1-c1ccc(N)cc1;COCC1(N)CN(C(=O)OC(C)(C)C)C1;R38;CC1CC1C(=O)O;CC(=O)c1ccc(C(=O)O)cc1;R71;CC(C)(C)OC(=O)N1CC(N)(C(=O)O)C1;Cc1c[nH]c(=O)n1-c1ccc(C(=O)O)cc1;R8,3,,,
COCC1(NC(=O)c2ccc(-n3c(C)c[nH]c3=O)cc2)CN(C(=O)[C@@H]2C[C@H]2C)C1,COCC1(NC(=O)c2ccc(C(C)N(C(=O)NC3(CO)CNC3)C3(COC(=O)c4ccc(-n5c(C)ccc5C)cc4)CN(C(=O)C4CC4C)C3)cc2)CC1,0.489,Cc1ccc(C)n1-c1ccc(C(=O)O)cc1;NC1(CO)CNC1;R72;CC1CC1C(=O)Cl;R57;COC(=O)c1ccc(C(C)=O)cc1;R43;NC1(CO)CNC1;R36;COCC1(N)CC1;R49,5,,,
COCC1(NC(=O)c2ccc(-n3c(C)c[nH]c3=O)cc2)CN(C(=O)[C@@H]2C[C@H]2C)C1,COCC1(N)CCN(C(=O)C(C)(C(=O)O)N(N)c2ccc(C(=O)NC3(COC(=O)c4ccc(-n5c(C)ccc5C)cc4)CN(C(=O)C4CC4C)C3)cc2)CC1,0.489,Cc1ccc(C)n1-c1ccc(C(=O)O)cc1;NC1(CO)CNC1;R72;CC1CC1C(=O)Cl;R57;COC(=O)c1ccc(NN)cc1;R49;CC(=O)C(=O)O;R71;COCC1(N)CCNCC1;R8,5,,,
COCC1(NC(=O)c2ccc(-n3c(C)c[nH]c3=O)cc2)CN(C(=O)[C@@H]2C[C@H]2C)C1,COCC1(NC(=O)C(=O)N(C(C)c2ccc(C(=O)NC3(COC)CC3)cc2)C2(COC(=O)c3ccc(-n4c(C)ccc4C)cc3)CN(C(=O)C3CC3C)C2)CC=CC1,0.489,Cc1ccc(C)n1-c1ccc(C(=O)O)cc1;NC1(CO)CNC1;R72;CC1CC1C(=O)Cl;R57;COC(=O)c1ccc(C(C)=O)cc1;R43;COCC1(N)CC=CC1;R38;COCC1(N)CC1;R49,5,,,
COCC1(NC(=O)c2ccc(-n3c(C)c[nH]c3=O)cc2)CN(C(=O)[C@@H]2C[C@H]2C)C1,COCC1(NC(=O)c2ccc(CN3CC(COC(=O)c4ccc(-n5c(C)ccc5C)cc4)(NC(=O)C4CC4C)C3)cc2)CN(C(=O)OC(C)(C)C)C1,0.488,Cc1ccc(C)n1-c1ccc(C(=O)O)cc1;NC1(CO)CNC1;R72;CC1CC1C(=O)Cl;R57;COC(=O)c1ccc(C=O)cc1;R43;COCC1(N)CN(C(=O)OC(C)(C)C)C1;R49,4,,,
COCC1(NC(=O)c2ccc(-n3c(C)c[nH]c3=O)cc2)CN(C(=O)[C@@H]2C[C@H]2C)C1,COCC1(NC(=O)c2ccc(C(C)N3CC(COC(=O)c4ccc(-n5c(C)ccc5C)cc4)(NC(=O)C4CC4C)C3)cc2)CC(=O)C1,0.488,Cc1ccc(C)n1-c1ccc(C(=O)O)cc1;NC1(CO)CNC1;R72;CC1CC1C(=O)Cl;R57;COC(=O)c1ccc(C(C)=O)cc1;R43;COCC1(N)CC(=O)C1;R49,4,,,
COCC1(NC(=O)c2ccc(-n3c(C)c[nH]c3=O)cc2)CN(C(=O)[C@@H]2C[C@H]2C)C1,COCC1(NC(=O)c2ccc(C(C)N3CC(COC(=O)c4ccc(-n5c(C)ccc5C)cc4)(NC(=O)C4CC4C)C3)cc2)CC1,0.488,Cc1ccc(C)n1-c1ccc(C(=O)O)cc1;NC1(CO)CNC1;R72;CC1CC1C(=O)Cl;R57;COC(=O)c1ccc(C(C)=O)cc1;R43;COCC1(N)CC1;R49,4,,,
COCC1(NC(=O)c2ccc(-n3c(C)c[nH]c3=O)cc2)CN(C(=O)[C@@H]2C[C@H]2C)C1,COCC1(NC(=O)C2CC2C)CCN(C(=O)c2ccc(-n3c(C)ccc3C)cc2)CC1,0.486,Cc1ccc(C)n1-c1ccc(C(=O)O)cc1;COCC1(N)CCNCC1;R8;CC1CC1C(=O)Cl;R57,2,,,
COCC1(NC(=O)c2ccc(-n3c(C)c[nH]c3=O)cc2)CN(C(=O)[C@@H]2C[C@H]2C)C1,COCC1(NC(=O)c2ccc(C(C)N(C(=O)C(=O)NC3(CO)CNC3)C3(COC(=O)c4ccc(-n5c(C)ccc5C)cc4)CN(C(=O)C4CC4C)C3)cc2)CC1,0.479,Cc1ccc(C)n1-c1ccc(C(=O)O)cc1;NC1(CO)CNC1;R72;CC1CC1C(=O)Cl;R57;COC(=O)c1ccc(C(C)=O)cc1;R43;NC1(CO)CNC1;R38;COCC1(N)CC1;R49,5,,,
COCC1(NC(=O)c2ccc(-n3c(C)c[nH]c3=O)cc2)CN(C(=O)[C@@H]2C[C@H]2C)C1,COCC1(NC(=O)c2ccc(C(C)N(C(=O)NC3(CO)CNC3)C3(COC(=O)c4ccc(-n5c(C)ccc5C)cc4)CN(C(=O)C4CC4C)C3)cc2)CCC1,0.479,Cc1ccc(C)n1-c1ccc(C(=O)O)cc1;NC1(CO)CNC1;R72;CC1CC1C(=O)Cl;R57;COC(=O)c1ccc(C(C)=O)cc1;R43;NC1(CO)CNC1;R36;COCC1(N)CCC1;R49,5,,,
COCC1(NC(=O)c2ccc(-n3c(C)c[nH]c3=O)cc2)CN(C(=O)[C@@H]2C[C@H]2C)C1,COCC1(NC(=O)c2ccc(C(C)N(C(=O)NC3(CO)CNC3)C3(COC(=O)c4ccc(-n5c(C)ccc5C)cc4)CN(C(=O)C4CC4C)C3)cc2)CCCC1,0.479,Cc1ccc(C)n1-c1ccc(C(=O)O)cc1;NC1(CO)CNC1;R72;CC1CC1C(=O)Cl;R57;COC(=O)c1ccc(C(C)=O)cc1;R43;NC1(CO)CNC1;R36;COCC1(N)CCCC1;R49,5,,,
COCC1(NC(=O)c2ccc(-n3c(C)c[nH]c3=O)cc2)CN(C(=O)[C@@H]2C[C@H]2C)C1,COCC1(NC(=O)C(=O)N(C(C)c2ccc(C(=O)NC3(COC)CCNCC3)cc2)C2(COC(=O)c3ccc(-n4c(C)ccc4C)cc3)CN(C(=O)C3CC3C)C2)CC=CC1,0.479,Cc1ccc(C)n1-c1ccc(C(=O)O)cc1;NC1(CO)CNC1;R72;CC1CC1C(=O)Cl;R57;COC(=O)c1ccc(C(C)=O)cc1;R43;COCC1(N)CC=CC1;R38;COCC1(N)CCNCC1;R49,5,,,
COCC1(NC(=O)c2ccc(-n3c(C)c[nH]c3=O)cc2)CN(C(=O)[C@@H]2C[C@H]2C)C1,Cc1ccc(C)n1-c1ccc(C(=O)OCC2(NC(=O)c3ccc(N(N)C(C)(C(=O)O)C(=O)NC4(C)CNC4)cc3)CN(C(=O)C3CC3C)C2)cc1,0.478,Cc1ccc(C)n1-c1ccc(C(=O)O)cc1;NC1(CO)CNC1;R72;CC1CC1C(=O)Cl;R57;COC(=O)c1ccc(NN)cc1;R49;CC(=O)C(=O)O;R71;CC1(N)CNC1;R8,5,,,
COCC1(NC(=O)c2ccc(-n3c(C)c[nH]c3=O)cc2)CN(C(=O)[C@@H]2C[C@H]2C)C1,Cc1ccc(C)n1-c1ccc(C(=O)OCC2(NC(=O)c3ccc(N(N)C(C)(C(=O)O)C(=O)N4CC(C)(C)C4)cc3)CN(C(=O)C3CC3C)C2)cc1,0.477,Cc1ccc(C)n1-c1ccc(C(=O)O)cc1;NC1(CO)CNC1;R72;CC1CC1C(=O)Cl;R57;COC(=O)c1ccc(NN)cc1;R49;CC(=O)C(=O)O;R71;CC1(C)CNC1;R8,5,,,
COCC1(NC(=O)c2ccc(-n3c(C)c[nH]c3=O)cc2)CN(C(=O)[C@@H]2C[C@H]2C)C1,COCC1(NC(=O)c2ccc(C(C)N3CC(COC(=O)c4ccc(-n5c(C)ccc5C)cc4)(NC(=O)C4CC4C)C3)cc2)CCNCC1,0.477,Cc1ccc(C)n1-c1ccc(C(=O)O)cc1;NC1(CO)CNC1;R72;CC1CC1C(=O)Cl;R57;COC(=O)c1ccc(C(C)=O)cc1;R43;COCC1(N)CCNCC1;R49,4,,,
COCC1(NC(=O)c2ccc(-n3c(C)c[nH]c3=O)cc2)CN(C(=O)[C@@H]2C[C@H]2C)C1,COCC1(NC(=O)c2ccc(C(C)N3CC(COC(=O)c4ccc(-n5c(C)ccc5C)cc4)(NC(=O)C4CC4C)C3)cc2)CCC1,0.476,Cc1ccc(C)n1-c1ccc(C(=O)O)cc1;NC1(CO)CNC1;R72;CC1CC1C(=O)Cl;R57;COC(=O)c1ccc(C(C)=O)cc1;R43;COCC1(N)CCC1;R49,4,,,
COCC1(NC(=O)c2ccc(-n3c(C)c[nH]c3=O)cc2)CN(C(=O)[C@@H]2C[C@H]2C)C1,COCC1(NC(=O)c2ccc(C(C)N3CC(COC(=O)c4ccc(-n5c(C)ccc5C)cc4)(NC(=O)C4CC4C)C3)cc2)CCCC1,0.476,Cc1ccc(C)n1-c1ccc(C(=O)O)cc1;NC1(CO)CNC1;R72;CC1CC1C(=O)Cl;R57;COC(=O)c1ccc(C(C)=O)cc1;R43;COCC1(N)CCCC1;R49,4,,,
COCC1(NC(=O)c2ccc(-n3c(C)c[nH]c3=O)cc2)CN(C(=O)[C@@H]2C[C@H]2C)C1,COCC1(NC(=O)c2ccc(C(C)N3CC(COC(=O)c4ccc(-n5c(C)ccc5C)cc4)(NC(=O)C4CC4C)C3)cc2)CC=CC1,0.476,Cc1ccc(C)n1-c1ccc(C(=O)O)cc1;NC1(CO)CNC1;R72;CC1CC1C(=O)Cl;R57;COC(=O)c1ccc(C(C)=O)cc1;R43;COCC1(N)CC=CC1;R49,4,,,
COCC1(NC(=O)c2ccc(-n3c(C)c[nH]c3=O)cc2)CN(C(=O)[C@@H]2C[C@H]2C)C1,COCC1(NC(=O)c2ccc(C(C)N3CC(COC(=O)c4ccc(-n5c(C)ccc5C)cc4)(NC(=O)C4CC4C)C3)cc2)CCCCC1,0.476,Cc1ccc(C)n1-c1ccc(C(=O)O)cc1;NC1(CO)CNC1;R72;CC1CC1C(=O)Cl;R57;COC(=O)c1ccc(C(C)=O)cc1;R43;COCC1(N)CCCCC1;R49,4,,,
COCC1(NC(=O)c2ccc(-n3c(C)c[nH]c3=O)cc2)CN(C(=O)[C@@H]2C[C@H]2C)C1,COCC1(NC(=O)c2ccc(C(C)N3CC(COC(=O)c4ccc(-n5c(C)ccc5C)cc4)(NC(=O)C4CC4C)C3)cc2)CCCCCC1,0.476,Cc1ccc(C)n1-c1ccc(C(=O)O)cc1;NC1(CO)CNC1;R72;CC1CC1C(=O)Cl;R57;COC(=O)c1ccc(C(C)=O)cc1;R43;COCC1(N)CCCCCC1;R49,4,,,
COCC1(NC(=O)c2ccc(-n3c(C)c[nH]c3=O)cc2)CN(C(=O)[C@@H]2C[C@H]2C)C1,CCC(c1ccc(C(=O)NC2(COC)CC2)cc1)N1CC(COC(=O)c2ccc(-n3c(C)ccc3C)cc2)(NC(=O)C2CC2C)C1,0.476,Cc1ccc(C)n1-c1ccc(C(=O)O)cc1;NC1(CO)CNC1;R72;CC1CC1C(=O)Cl;R57;CCC(=O)c1ccc(C(=O)OC)cc1;R43;COCC1(N)CC1;R49,4,,,
COCC1(NC(=O)c2ccc(-n3c(C)c[nH]c3=O)cc2)CN(C(=O)[C@@H]2C[C@H]2C)C1,COCC1(NC(=O)c2ccc(C(C)N(C(=O)NC3(CO)CNC3)C3(COC(=O)c4ccc(-n5c(C)ccc5C)cc4)CN(C(=O)C4CC4C)C3)cc2)CCCCC1,0.474,Cc1ccc(C)n1-c1ccc(C(=O)O)cc1;NC1(CO)CNC1;R72;CC1CC1C(=O)Cl;R57;COC(=O)c1ccc(C(C)=O)cc1;R43;NC1(CO)CNC1;R36;COCC1(N)CCCCC1;R49,5,,,
COCC1(NC(=O)c2ccc(-n3c(C)c[nH]c3=O)cc2)CN(C(=O)[C@@H]2C[C@H]2C)C1,COCC1(NC(=O)c2ccc(C(C)N(C(=O)NC3(CO)CNC3)C3(COC(=O)c4ccc(-n5c(C)ccc5C)cc4)CN(C(=O)C4CC4C)C3)cc2)CCCCCC1,0.474,Cc1ccc(C)n1-c1ccc(C(=O)O)cc1;NC1(CO)CNC1;R72;CC1CC1C(=O)Cl;R57;COC(=O)c1ccc(C(C)=O)cc1;R43;NC1(CO)CNC1;R36;COCC1(N)CCCCCC1;R49,5,,,
COCC1(NC(=O)c2ccc(-n3c(C)c[nH]c3=O)cc2)CN(C(=O)[C@@H]2C[C@H]2C)C1,COCC1(NC(=O)c2ccc(C(C)N(C(=O)C(=O)N3CC(N)(CO)C3)C3(COC(=O)c4ccc(-n5c(C)ccc5C)cc4)CN(C(=O)C4CC4C)C3)cc2)CC1,0.473,Cc1ccc(C)n1-c1ccc(C(=O)O)cc1;NC1(CO)CNC1;R72;CC1CC1C(=O)Cl;R57;COC(=O)c1ccc(C(C)=O)cc1;R43;NC1(CO)CNC1;R38;COCC1(N)CC1;R49,5,,,
COCC1(NC(=O)c2ccc(-n3c(C)c[nH]c3=O)cc2)CN(C(=O)[C@@H]2C[C@H]2C)C1,Cc1ccc(C)n1-c1ccc(C(=O)OCC2(NC(=O)c3ccc(N(N)C(C)(C(=O)O)C(=O)NC4(CO)CNC4)cc3)CN(C(=O)C3CC3C)C2)cc1,0.473,Cc1ccc(C)n1-c1ccc(C(=O)O)cc1;NC1(CO)CNC1;R72;CC1CC1C(=O)Cl;R57;COC(=O)c1ccc(NN)cc1;R49;CC(=O)C(=O)O;R71;NC1(CO)CNC1;R8,5,,,
COCC1(NC(=O)c2ccc(-n3c(C)c[nH]c3=O)cc2)CN(C(=O)[C@@H]2C[C@H]2C)C1,Cc1ccc(C)n1-c1ccc(C(=O)OCC2(NC(=O)c3ccc(N(N)C(C)(C(=O)O)C(=O)N4CC(C)(N)C4)cc3)CN(C(=O)C3CC3C)C2)cc1,0.472,Cc1ccc(C)n1-c1ccc(C(=O)O)cc1;NC1(CO)CNC1;R72;CC1CC1C(=O)Cl;R57;COC(=O)c1ccc(NN)cc1;R49;CC(=O)C(=O)O;R71;CC1(N)CNC1;R8,5,,,
COCC1(NC(=O)c2ccc(-n3c(C)c[nH]c3=O)cc2)CN(C(=O)[C@@H]2C[C@H]2C)C1,Cc1ccc(C)n1-c1ccc(C(=O)OCC2(N)CN(C(=O)C3CC3C)C2)cc1,0.471,Cc1ccc(C)n1-c1ccc(C(=O)O)cc1;NC1(CO)CNC1;R72;CC1CC1C(=O)Cl;R9,2,,,
COCC1(NC(=O)c2ccc(-n3c(C)c[nH]c3=O)cc2)CN(C(=O)[C@@H]2C[C@H]2C)C1,Cc1c[nH]c(=O)n1-c1ccc(C(C)NC(=O)C2CC2C)cc1,0.471,Cc1ccc(C)n1-c1ccc(N)cc1;COCC1(N)CN(C(=O)OC(C)(C)C)C1;R38;CC1CC1C(=O)O;Cc1c[nH]c(=O)n1-c1ccc(C(C)N)cc1;R8,2,,,
